product_id,product_name,brand,category_id,seller_id,list_price,weight_kg,is_discontinued
P000001,Rivage Gourde Ultra,Rivage,CAT023,S0081,49.91,0.828,false
P000002,Bexon Haltères Compact,Bexon,CAT025,S0088,117.02,1.776,false
P000003,Cirrus Webcam Nomade,Cirrus,CAT010,S0011,89.11,9.632,false
P000004,Lumen Sneakers Nomade,Lumen,CAT016,S0234,55.26,4.449,false
P000005,Ivory Trottinette Pro,Ivory,CAT028,S0425,161.87,11.076,false
P000006,Bexon Chaussures de trail Pro,Bexon,CAT026,S0051,73.25,1.770,false
P000007,Bexon Eau de toilette Essentiel,Bexon,CAT021,S0294,93.37,3.311,false
P000008,Alvora Filtre à air Classic,Alvora,CAT039,S0181,41.35,5.312,false
P000009,Lumen Shampooing Ultra,Lumen,CAT021,S0210,68.46,1.217,true
P000010,Pallas Filtre à air Classic,Pallas,CAT038,S0061,5.40,4.221,false
P000011,Orbit Perceuse Ultra,Orbit,CAT039,S0599,48.28,3.340,true
P000012,Rivage Enceinte Ultra,Rivage,CAT007,S0393,154.89,11.795,false
P000013,Delvia Roman Premium,Delvia,CAT034,S0160,56.27,3.490,false
P000014,Fjord Chargeur Pro,Fjord,CAT007,S0066,158.13,2.706,false
P000015,Rivage Montre connectée Classic,Rivage,CAT008,S0471,40.76,4.670,false
P000016,Granit Puzzle Ultra,Granit,CAT030,S0572,61.67,11.194,false
P000017,Bexon Palette Pro,Bexon,CAT022,S0355,161.65,8.831,false
P000018,Pallas Sac de sport Essentiel,Pallas,CAT025,S0506,48.43,4.194,false
P000019,Bexon Nettoyant jantes Éco,Bexon,CAT038,S0167,249.60,11.912,false
P000020,Granit Arrosoir Classic,Granit,CAT005,S0592,57.18,9.894,false
P000021,Juniper Cube éducatif XL,Juniper,CAT031,S0326,28.26,9.837,false
P000022,Bexon Écharpe Ultra,Bexon,CAT017,S0310,112.36,0.635,false
P000023,Alvora Montre XL,Alvora,CAT016,S0081,53.03,7.583,false
P000024,Windrow Cube éducatif Ultra,Windrow,CAT030,S0427,19.82,5.954,false
P000025,Orbit Cube éducatif Pro,Orbit,CAT028,S0260,186.42,6.877,true
P000026,Kestrel Roman Signature,Kestrel,CAT032,S0586,27.93,10.795,true
P000027,Terra Ceinture Compact,Terra,CAT017,S0469,203.23,6.836,false
P000028,Windrow Puzzle Compact,Windrow,CAT029,S0498,174.94,11.432,false
P000029,Orbit Chemise XL,Orbit,CAT016,S0370,80.05,0.077,false
P000030,Orbit Bouilloire Premium,Orbit,CAT003,S0565,37.18,5.200,false
P000031,Ivory Jeu de plateau Premium,Ivory,CAT030,S0480,92.27,7.917,false
P000032,Solstice Nettoyant jantes Signature,Solstice,CAT036,S0166,46.57,6.381,false
P000033,Nordis Roman Classic,Nordis,CAT034,S0209,62.79,10.677,false
P000034,Zephyr Webcam Nomade,Zephyr,CAT008,S0587,32.99,8.325,false
P000035,Delvia Crème hydratante Compact,Delvia,CAT020,S0430,62.40,1.461,false
P000036,Solstice Gourde Essentiel,Solstice,CAT023,S0319,39.16,4.610,false
P000037,Alvora Eau de toilette Classic,Alvora,CAT019,S0574,50.23,5.526,false
P000038,Delvia Shampooing Essentiel,Delvia,CAT021,S0296,5.78,11.353,false
P000039,Rivage Jeu de plateau Premium,Rivage,CAT029,S0328,207.94,7.124,false
P000040,Bexon Tapis de yoga Essentiel,Bexon,CAT024,S0067,16.06,2.551,false
P000041,Lumen Montre connectée Éco,Lumen,CAT008,S0255,115.55,9.341,false
P000042,Ember Coffret BD Premium,Ember,CAT033,S0154,34.02,9.341,false
P000043,Nordis Sérum Éco,Nordis,CAT019,S0156,29.56,1.829,false
P000044,Juniper Poêle Classic,Juniper,CAT005,S0556,52.40,10.972,false
P000045,Rivage Perceuse Premium,Rivage,CAT036,S0149,89.73,3.687,false
P000046,Orbit Nettoyant jantes Éco,Orbit,CAT037,S0296,92.84,8.351,false
P000047,Solstice Shampooing Nomade,Solstice,CAT021,S0047,186.15,0.217,false
P000048,Delvia Webcam Compact,Delvia,CAT011,S0190,80.92,4.797,false
P000049,Quartz Sérum Ultra,Quartz,CAT020,S0152,34.92,6.418,false
P000050,Halcyon Étagère Nomade,Halcyon,CAT005,S0195,35.52,3.347,false
P000051,Pallas Webcam Pro,Pallas,CAT008,S0562,69.13,5.717,false
P000052,Granit Enceinte Ultra,Granit,CAT009,S0383,96.48,7.273,false
P000053,Fjord Manuel Éco,Fjord,CAT034,S0146,133.41,3.191,false
P000054,Juniper Gourde Nomade,Juniper,CAT023,S0095,87.62,2.608,false
P000055,Cirrus Filtre à air Éco,Cirrus,CAT037,S0557,25.03,10.128,false
P000056,Quartz Peluche Essentiel,Quartz,CAT030,S0418,231.30,7.674,false
P000057,Bexon Bâche Nomade,Bexon,CAT037,S0101,138.31,9.411,false
P000058,Terra Webcam Premium,Terra,CAT011,S0581,83.20,5.397,true
P000059,Halcyon Sérum Signature,Halcyon,CAT021,S0235,282.90,9.645,false
P000060,Kestrel Palette Signature,Kestrel,CAT019,S0095,43.61,5.329,false
P000061,Pallas Sac à main Éco,Pallas,CAT013,S0491,79.59,9.851,true
P000062,Ember Filtre à air Premium,Ember,CAT037,S0099,106.01,1.449,false
P000063,Cirrus Coffret BD Compact,Cirrus,CAT032,S0577,58.64,10.894,false
P000064,Ivory Housse de couette Premium,Ivory,CAT001,S0199,6.47,8.306,false
P000065,Windrow Shampooing Pro,Windrow,CAT021,S0526,279.10,2.687,false
P000066,Quartz Nettoyant jantes Compact,Quartz,CAT039,S0588,56.18,4.924,false
P000067,Vertex Shampooing Pro,Vertex,CAT021,S0217,85.75,10.064,true
P000068,Fjord Crème hydratante Classic,Fjord,CAT019,S0504,146.37,10.753,false
P000069,Granit Sac de sport Classic,Granit,CAT027,S0057,131.11,4.092,false
P000070,Lumen Bouilloire Compact,Lumen,CAT002,S0452,29.30,8.286,false
P000071,Nordis Souris Classic,Nordis,CAT009,S0402,50.66,4.814,false
P000072,Windrow Montre connectée Essentiel,Windrow,CAT008,S0468,250.54,7.970,false
P000073,Vertex Veste Premium,Vertex,CAT017,S0515,49.87,7.936,false
P000074,Fjord Cube éducatif Éco,Fjord,CAT029,S0338,39.81,3.195,false
P000075,Fjord Figurine Signature,Fjord,CAT030,S0247,11.97,1.367,false
P000076,Alvora Peluche Pro,Alvora,CAT031,S0386,163.53,7.062,true
P000077,Ember Bâche Signature,Ember,CAT037,S0280,70.29,2.409,false
P000078,Orbit Chargeur Premium,Orbit,CAT010,S0222,73.13,1.573,false
P000079,Windrow Shampooing XL,Windrow,CAT020,S0466,72.64,8.536,false
P000080,Orbit Tapis de yoga Essentiel,Orbit,CAT023,S0187,39.64,7.070,false
P000081,Nordis Sneakers Signature,Nordis,CAT016,S0011,20.62,2.538,false
P000082,Zephyr Ceinture Éco,Zephyr,CAT015,S0321,85.19,7.553,false
P000083,Kestrel Gourde Nomade,Kestrel,CAT023,S0192,72.42,6.966,false
P000084,Alvora Palette Signature,Alvora,CAT020,S0460,125.07,5.963,true
P000085,Pallas Nettoyant jantes Nomade,Pallas,CAT037,S0224,236.65,9.044,false
P000086,Alvora Montre connectée XL,Alvora,CAT007,S0499,49.85,9.606,false
P000087,Meridian Jeu de plateau Premium,Meridian,CAT030,S0492,56.19,1.219,false
P000088,Zephyr Étagère Essentiel,Zephyr,CAT005,S0127,20.80,0.602,false
P000089,Delvia Montre connectée Nomade,Delvia,CAT011,S0171,145.73,11.838,false
P000090,Zephyr Brosse Essentiel,Zephyr,CAT018,S0460,68.21,0.220,false
P000091,Kestrel Bâche Éco,Kestrel,CAT036,S0047,88.80,0.144,false
P000092,Terra Bâche Classic,Terra,CAT037,S0340,108.41,7.081,false
P000093,Fjord Chaussures de trail Compact,Fjord,CAT026,S0109,186.54,7.771,false
P000094,Windrow Cube éducatif Essentiel,Windrow,CAT031,S0106,26.49,9.948,true
P000095,Ivory Casque vélo Éco,Ivory,CAT024,S0326,89.26,11.477,false
P000096,Delvia Manuel Signature,Delvia,CAT032,S0177,44.95,11.725,false
P000097,Ursa Enceinte Premium,Ursa,CAT012,S0483,30.57,11.276,false
P000098,Rivage Chemise Compact,Rivage,CAT015,S0445,45.30,6.591,false
P000099,Meridian Cube éducatif Classic,Meridian,CAT030,S0510,47.06,6.092,true
P000100,Nordis Puzzle Essentiel,Nordis,CAT031,S0019,76.31,4.458,false
P000101,Cirrus Bâche Ultra,Cirrus,CAT038,S0102,65.68,4.431,false
P000102,Delvia Perceuse Pro,Delvia,CAT038,S0436,27.64,10.055,false
P000103,Bexon Manuel Éco,Bexon,CAT032,S0116,26.07,4.960,false
P000104,Pallas Gourde Nomade,Pallas,CAT026,S0001,96.11,0.273,false
P000105,Bexon Puzzle Éco,Bexon,CAT031,S0110,49.76,6.174,false
P000106,Ivory Trottinette Signature,Ivory,CAT030,S0274,74.34,8.909,false
P000107,Cirrus Lampe Ultra,Cirrus,CAT005,S0551,14.46,9.068,false
P000108,Terra Arrosoir Essentiel,Terra,CAT003,S0174,101.69,8.817,false
P000109,Kestrel Perceuse Classic,Kestrel,CAT037,S0175,32.33,7.389,false
P000110,Zephyr Coffret BD Compact,Zephyr,CAT034,S0017,67.47,11.664,false
P000111,Quartz Puzzle Ultra,Quartz,CAT031,S0439,23.30,2.391,false
P000112,Rivage Beau livre Ultra,Rivage,CAT032,S0113,59.98,4.999,false
P000113,Quartz Roman Classic,Quartz,CAT035,S0169,45.29,7.795,false
P000114,Quartz Tapis de yoga Éco,Quartz,CAT027,S0295,16.51,5.367,false
P000115,Delvia Crème hydratante XL,Delvia,CAT018,S0541,78.55,2.143,false
P000116,Ursa Perceuse Essentiel,Ursa,CAT039,S0111,80.78,7.369,false
P000117,Rivage Lampe Éco,Rivage,CAT002,S0466,51.59,4.318,false
P000118,Nordis Tapis de yoga Pro,Nordis,CAT024,S0097,24.02,5.041,false
P000119,Fjord Nettoyant jantes Nomade,Fjord,CAT039,S0242,59.72,3.758,false
P000120,Meridian Sac de sport Nomade,Meridian,CAT027,S0088,32.59,7.736,false
P000121,Nordis Haltères Classic,Nordis,CAT024,S0095,238.34,10.430,true
P000122,Vertex Sac de sport Essentiel,Vertex,CAT024,S0120,10.81,5.888,true
P000123,Kestrel Casque vélo Classic,Kestrel,CAT023,S0479,176.50,7.286,false
P000124,Ivory Coffret BD Premium,Ivory,CAT032,S0307,26.30,2.778,false
P000125,Ursa Sneakers Premium,Ursa,CAT015,S0301,60.92,8.552,false
P000126,Rivage Casque vélo Signature,Rivage,CAT024,S0525,23.11,6.609,false
P000127,Alvora Gourde Signature,Alvora,CAT023,S0254,180.27,1.663,true
P000128,Orbit Casque Signature,Orbit,CAT007,S0469,168.59,10.586,false
P000129,Granit Chargeur Pro,Granit,CAT009,S0150,50.83,6.421,false
P000130,Windrow Écharpe Essentiel,Windrow,CAT014,S0441,93.68,4.682,false
P000131,Granit Jeu de plateau Compact,Granit,CAT030,S0477,24.44,9.798,true
P000132,Granit Figurine Pro,Granit,CAT028,S0492,92.12,5.637,false
P000133,Windrow Perceuse Classic,Windrow,CAT039,S0250,178.06,11.251,false
P000134,Lumen Bâche Signature,Lumen,CAT038,S0046,45.49,10.069,false
P000135,Rivage Lampe Essentiel,Rivage,CAT001,S0061,16.47,0.061,false
P000136,Lumen Eau de toilette Éco,Lumen,CAT020,S0547,51.52,11.644,false
P000137,Delvia Chargeur Essentiel,Delvia,CAT011,S0255,50.59,8.037,false
P000138,Terra Set de couverts Signature,Terra,CAT003,S0540,30.99,8.017,false
P000139,Pallas Puzzle Ultra,Pallas,CAT031,S0558,27.94,0.882,false
P000140,Quartz Nettoyant jantes Classic,Quartz,CAT039,S0046,68.36,3.589,false
P000141,Cirrus Chargeur Pro,Cirrus,CAT012,S0435,129.26,10.517,false
P000142,Ember Shampooing Essentiel,Ember,CAT019,S0027,5.49,3.255,false
P000143,Bexon Peluche Éco,Bexon,CAT030,S0389,29.62,7.790,false
P000144,Rivage Shampooing Éco,Rivage,CAT020,S0027,102.54,8.703,false
P000145,Windrow Montre connectée XL,Windrow,CAT012,S0248,19.33,8.080,true
P000146,Granit Chaussures de trail Premium,Granit,CAT023,S0478,158.78,10.343,false
P000147,Vertex Sérum Compact,Vertex,CAT019,S0136,6.94,9.925,false
P000148,Juniper Gourde Pro,Juniper,CAT027,S0299,176.32,3.129,false
P000149,Pallas Eau de toilette Compact,Pallas,CAT019,S0352,7.15,10.246,false
P000150,Windrow Cube éducatif Éco,Windrow,CAT031,S0191,154.45,3.213,false
P000151,Cirrus Trottinette Classic,Cirrus,CAT030,S0082,42.22,4.302,false
P000152,Halcyon Housse de couette Ultra,Halcyon,CAT006,S0158,64.62,3.502,false
P000153,Vertex Roman Premium,Vertex,CAT035,S0233,164.45,3.598,false
P000154,Halcyon Sérum Signature,Halcyon,CAT021,S0062,51.63,8.813,false
P000155,Bexon Chargeur Signature,Bexon,CAT007,S0354,162.26,4.091,false
P000156,Fjord Manuel Essentiel,Fjord,CAT035,S0155,30.13,1.332,false
P000157,Windrow Manuel XL,Windrow,CAT034,S0559,41.34,2.635,false
P000158,Quartz Ceinture XL,Quartz,CAT017,S0056,146.40,1.499,false
P000159,Terra Arrosoir Premium,Terra,CAT005,S0483,46.67,1.331,false
P000160,Halcyon Ceinture Compact,Halcyon,CAT015,S0074,57.41,3.138,false
P000161,Quartz Tapis de yoga Signature,Quartz,CAT027,S0354,131.37,7.684,false
P000162,Quartz Set de couverts Essentiel,Quartz,CAT004,S0337,60.05,2.579,false
P000163,Kestrel Enceinte Ultra,Kestrel,CAT012,S0565,264.44,10.506,false
P000164,Ursa Clavier Ultra,Ursa,CAT008,S0329,31.67,5.641,false
P000165,Orbit Souris Premium,Orbit,CAT007,S0383,90.73,9.037,false
P000166,Delvia Palette Nomade,Delvia,CAT020,S0296,105.64,6.058,false
P000167,Halcyon Casque vélo Essentiel,Halcyon,CAT023,S0525,35.64,3.987,false
P000168,Terra Chargeur Essentiel,Terra,CAT009,S0439,31.81,11.920,false
P000169,Juniper Crème hydratante Essentiel,Juniper,CAT021,S0519,62.10,4.676,true
P000170,Delvia Vinyle Compact,Delvia,CAT034,S0570,33.74,8.860,true
P000171,Zephyr Lampe Classic,Zephyr,CAT003,S0283,47.81,4.663,false
P000172,Ivory Puzzle Pro,Ivory,CAT030,S0289,99.42,10.590,false
P000173,Alvora Bâche Essentiel,Alvora,CAT039,S0468,73.15,0.939,false
P000174,Pallas Enceinte Classic,Pallas,CAT011,S0030,46.45,3.114,false
P000175,Nordis Bouilloire Essentiel,Nordis,CAT004,S0396,72.69,5.485,false
P000176,Ursa Perceuse Ultra,Ursa,CAT037,S0033,11.19,8.492,false
P000177,Windrow Brosse Nomade,Windrow,CAT022,S0443,31.56,4.625,false
P000178,Nordis Vinyle Signature,Nordis,CAT033,S0379,50.40,4.094,false
P000179,Alvora Arrosoir Premium,Alvora,CAT004,S0378,23.65,0.558,false
P000180,Kestrel Roman Essentiel,Kestrel,CAT033,S0406,84.23,1.093,false
P000181,Fjord Puzzle Classic,Fjord,CAT028,S0312,62.19,5.251,false
P000182,Kestrel Casque vélo Éco,Kestrel,CAT026,S0502,64.30,6.901,false
P000183,Ursa Tapis de yoga Classic,Ursa,CAT023,S0252,69.32,9.827,false
P000184,Terra Souris Classic,Terra,CAT009,S0259,93.82,4.520,false
P000185,Ursa Clé à cliquet Essentiel,Ursa,CAT039,S0292,18.21,4.046,false
P000186,Granit Perceuse Essentiel,Granit,CAT039,S0284,66.84,5.937,false
P000187,Windrow Housse de couette Essentiel,Windrow,CAT006,S0199,38.18,6.565,false
P000188,Terra Shampooing Compact,Terra,CAT021,S0526,113.50,11.062,true
P000189,Kestrel Roman Premium,Kestrel,CAT034,S0320,141.28,9.534,true
P000190,Windrow Figurine Pro,Windrow,CAT028,S0260,149.31,11.544,false
P000191,Ivory Sac à main Premium,Ivory,CAT013,S0413,40.58,2.250,false
P000192,Lumen Poêle XL,Lumen,CAT002,S0573,132.36,5.094,false
P000193,Fjord Webcam Classic,Fjord,CAT007,S0550,54.74,10.107,false
P000194,Orbit Bouilloire Essentiel,Orbit,CAT004,S0221,25.29,3.270,false
P000195,Kestrel Sac à main XL,Kestrel,CAT014,S0138,282.12,10.600,false
P000196,Ivory Casque Classic,Ivory,CAT008,S0248,31.64,5.075,false
P000197,Ember Coffret BD Premium,Ember,CAT034,S0209,12.14,7.650,true
P000198,Ember Montre Nomade,Ember,CAT017,S0182,90.38,4.382,false
P000199,Pallas Chargeur Pro,Pallas,CAT009,S0393,126.01,7.956,false
P000200,Nordis Sac de sport Nomade,Nordis,CAT023,S0119,60.67,3.103,false
P000201,Nordis Écharpe Compact,Nordis,CAT015,S0272,84.94,1.795,false
P000202,Quartz Housse de couette Éco,Quartz,CAT005,S0145,17.98,7.432,true
P000203,Windrow Arrosoir Classic,Windrow,CAT001,S0518,54.31,6.489,false
P000204,Kestrel Roman Classic,Kestrel,CAT035,S0482,197.14,1.729,false
P000205,Orbit Filtre à air Éco,Orbit,CAT038,S0397,79.42,7.720,false
P000206,Delvia Manuel Pro,Delvia,CAT033,S0207,17.44,1.669,false
P000207,Ember Bâche Compact,Ember,CAT037,S0090,114.57,8.710,false
P000208,Ursa Étagère Nomade,Ursa,CAT005,S0199,60.38,3.101,false
P000209,Ember Beau livre Éco,Ember,CAT035,S0369,68.49,8.192,false
P000210,Halcyon Bouilloire Nomade,Halcyon,CAT001,S0178,73.42,7.619,false
P000211,Lumen Coffret BD Essentiel,Lumen,CAT033,S0060,54.04,10.318,false
P000212,Juniper Roman Ultra,Juniper,CAT034,S0358,74.79,5.246,true
P000213,Fjord Clavier Classic,Fjord,CAT010,S0499,45.79,10.432,false
P000214,Juniper Montre connectée Premium,Juniper,CAT011,S0471,75.39,9.951,true
P000215,Ivory Beau livre Ultra,Ivory,CAT035,S0267,38.26,4.937,false
P000216,Bexon Eau de toilette Signature,Bexon,CAT020,S0300,65.88,10.621,true
P000217,Alvora Chaussures de trail Pro,Alvora,CAT024,S0379,147.37,11.220,false
P000218,Pallas Montre connectée Éco,Pallas,CAT012,S0590,75.71,3.977,false
P000219,Quartz Gourde Pro,Quartz,CAT025,S0478,22.47,9.626,true
P000220,Nordis Crème hydratante Signature,Nordis,CAT020,S0200,92.33,4.153,false
P000221,Ursa Perceuse Essentiel,Ursa,CAT038,S0341,229.91,6.391,false
P000222,Pallas Palette Nomade,Pallas,CAT021,S0030,132.11,1.663,false
P000223,Windrow Tapis de yoga XL,Windrow,CAT023,S0254,81.31,7.313,false
P000224,Fjord Beau livre Ultra,Fjord,CAT034,S0535,27.21,4.369,false
P000225,Delvia Bâche Nomade,Delvia,CAT037,S0210,17.07,10.239,false
P000226,Halcyon Peluche Signature,Halcyon,CAT031,S0406,14.73,7.683,false
P000227,Halcyon Montre Compact,Halcyon,CAT014,S0170,75.26,2.409,false
P000228,Ivory Clé à cliquet Essentiel,Ivory,CAT038,S0132,9.16,1.672,false
P000229,Windrow Roman Classic,Windrow,CAT032,S0417,165.70,6.642,false
P000230,Kestrel Beau livre Compact,Kestrel,CAT032,S0517,39.02,1.483,false
P000231,Alvora Trottinette Premium,Alvora,CAT030,S0511,57.72,3.359,false
P000232,Granit Chaussures de trail Nomade,Granit,CAT023,S0169,45.98,3.109,false
P000233,Kestrel Haltères Classic,Kestrel,CAT027,S0524,73.75,6.855,false
P000234,Zephyr Filtre à air Premium,Zephyr,CAT037,S0387,91.50,1.141,false
P000235,Fjord Webcam Signature,Fjord,CAT012,S0230,43.31,10.369,false
P000236,Windrow Chargeur Signature,Windrow,CAT009,S0430,69.22,0.943,false
P000237,Vertex Housse de couette Premium,Vertex,CAT005,S0589,45.25,5.539,false
P000238,Granit Coffret BD Éco,Granit,CAT032,S0137,31.92,4.318,false
P000239,Fjord Cube éducatif Éco,Fjord,CAT028,S0151,87.21,6.090,false
P000240,Zephyr Sneakers Compact,Zephyr,CAT017,S0243,38.26,2.717,false
P000241,Halcyon Chargeur Ultra,Halcyon,CAT011,S0437,36.02,1.571,false
P000242,Zephyr Bâche Pro,Zephyr,CAT039,S0394,149.76,0.069,false
P000243,Orbit Clé à cliquet Compact,Orbit,CAT039,S0542,94.44,0.670,false
P000244,Halcyon Filtre à air Premium,Halcyon,CAT036,S0044,156.72,0.998,false
P000245,Quartz Brosse Signature,Quartz,CAT019,S0267,64.15,10.725,false
P000246,Juniper Poêle Premium,Juniper,CAT003,S0130,11.90,1.374,false
P000247,Vertex Bouilloire Signature,Vertex,CAT002,S0519,152.53,5.045,false
P000248,Terra Montre Éco,Terra,CAT013,S0515,107.79,1.640,false
P000249,Delvia Crème hydratante Nomade,Delvia,CAT018,S0505,22.49,9.442,false
P000250,Ivory Beau livre Classic,Ivory,CAT033,S0490,93.23,1.550,false
P000251,Bexon Filtre à air Éco,Bexon,CAT036,S0155,65.11,7.980,false
P000252,Quartz Casque vélo Pro,Quartz,CAT026,S0490,43.78,4.644,false
P000253,Rivage Vinyle Pro,Rivage,CAT033,S0170,44.76,5.728,false
P000254,Cirrus Shampooing Classic,Cirrus,CAT019,S0505,13.24,4.480,false
P000255,Lumen Set de couverts Essentiel,Lumen,CAT002,S0407,45.99,4.619,false
P000256,Orbit Jeu de plateau Nomade,Orbit,CAT031,S0006,83.06,8.319,false
P000257,Vertex Nettoyant jantes Premium,Vertex,CAT037,S0069,9.17,10.696,false
P000258,Delvia Casque vélo Compact,Delvia,CAT024,S0220,81.95,11.005,false
P000259,Fjord Figurine XL,Fjord,CAT029,S0257,263.93,6.188,false
P000260,Ember Roman Pro,Ember,CAT034,S0327,147.85,5.643,false
P000261,Solstice Étagère Essentiel,Solstice,CAT004,S0158,195.26,8.648,false
P000262,Juniper Enceinte Classic,Juniper,CAT007,S0339,283.55,7.868,false
P000263,Ember Lampe Classic,Ember,CAT002,S0390,78.85,10.311,false
P000264,Vertex Casque vélo Éco,Vertex,CAT026,S0566,27.50,0.646,false
P000265,Orbit Sérum Éco,Orbit,CAT022,S0533,81.76,3.249,false
P000266,Kestrel Sérum Pro,Kestrel,CAT022,S0526,47.73,5.198,false
P000267,Solstice Manuel Ultra,Solstice,CAT035,S0233,58.53,10.209,false
P000268,Fjord Poêle Ultra,Fjord,CAT006,S0358,23.33,5.394,false
P000269,Zephyr Housse de couette Essentiel,Zephyr,CAT001,S0006,8.58,2.646,true
P000270,Delvia Jeu de plateau Premium,Delvia,CAT031,S0180,104.00,5.610,false
P000271,Halcyon Shampooing Éco,Halcyon,CAT019,S0473,16.77,7.511,false
P000272,Rivage Roman XL,Rivage,CAT033,S0386,8.79,6.158,false
P000273,Cirrus Gourde Signature,Cirrus,CAT026,S0280,91.25,3.748,false
P000274,Alvora Chaussures de trail Compact,Alvora,CAT026,S0043,50.02,1.601,false
P000275,Quartz Coffret BD Ultra,Quartz,CAT032,S0019,66.80,0.344,false
P000276,Cirrus Eau de toilette Éco,Cirrus,CAT019,S0364,84.94,2.533,false
P000277,Orbit Eau de toilette Compact,Orbit,CAT018,S0424,21.23,3.425,false
P000278,Bexon Shampooing Signature,Bexon,CAT020,S0195,136.27,4.432,true
P000279,Pallas Eau de toilette Compact,Pallas,CAT019,S0516,26.54,7.219,false
P000280,Halcyon Chaussures de trail Éco,Halcyon,CAT025,S0574,8.72,2.566,false
P000281,Meridian Shampooing Pro,Meridian,CAT018,S0531,178.94,9.492,false
P000282,Delvia Chargeur Compact,Delvia,CAT008,S0329,179.55,8.627,false
P000283,Solstice Crème hydratante Ultra,Solstice,CAT020,S0504,53.59,4.816,false
P000284,Delvia Manuel Premium,Delvia,CAT035,S0285,73.04,6.314,false
P000285,Cirrus Trottinette Classic,Cirrus,CAT028,S0264,121.47,10.226,false
P000286,Cirrus Ceinture Classic,Cirrus,CAT015,S0456,41.71,8.455,false
P000287,Terra Arrosoir Ultra,Terra,CAT005,S0215,29.73,8.154,true
P000288,Ember Manuel Compact,Ember,CAT033,S0306,23.62,1.706,false
P000289,Windrow Arrosoir Ultra,Windrow,CAT003,S0573,49.03,6.496,false
P000290,Windrow Bâche Premium,Windrow,CAT037,S0013,178.00,1.801,true
P000291,Ember Arrosoir XL,Ember,CAT006,S0144,16.96,4.040,false
P000292,Zephyr Palette Nomade,Zephyr,CAT021,S0132,124.50,10.451,false
P000293,Terra Sérum Nomade,Terra,CAT021,S0493,23.66,0.093,false
P000294,Alvora Nettoyant jantes Signature,Alvora,CAT037,S0435,16.59,10.817,false
P000295,Terra Étagère Compact,Terra,CAT002,S0360,103.00,6.964,false
P000296,Fjord Chaussures de trail Nomade,Fjord,CAT025,S0185,5.77,6.212,false
P000297,Windrow Vinyle Premium,Windrow,CAT032,S0570,70.43,3.700,false
P000298,Zephyr Haltères Compact,Zephyr,CAT026,S0395,54.33,5.662,false
P000299,Cirrus Housse de couette Ultra,Cirrus,CAT003,S0199,22.53,4.159,false
P000300,Solstice Montre connectée Classic,Solstice,CAT011,S0587,8.80,11.495,false
P000301,Kestrel Clavier Premium,Kestrel,CAT008,S0048,80.52,1.549,false
P000302,Pallas Brosse Ultra,Pallas,CAT018,S0355,80.64,6.102,false
P000303,Ember Chaussures de trail Signature,Ember,CAT026,S0039,211.54,8.856,false
P000304,Delvia Eau de toilette Nomade,Delvia,CAT019,S0345,47.22,10.585,false
P000305,Meridian Casque vélo Pro,Meridian,CAT023,S0120,107.24,9.157,false
P000306,Zephyr Tapis de yoga Essentiel,Zephyr,CAT024,S0525,89.78,7.614,false
P000307,Vertex Trottinette Pro,Vertex,CAT028,S0388,182.95,11.263,false
P000308,Bexon Gourde Nomade,Bexon,CAT026,S0536,69.08,6.056,false
P000309,Lumen Tapis de yoga Éco,Lumen,CAT026,S0184,7.49,7.344,false
P000310,Cirrus Beau livre Nomade,Cirrus,CAT033,S0568,177.25,10.500,false
P000311,Lumen Cube éducatif Nomade,Lumen,CAT030,S0467,73.43,3.349,false
P000312,Windrow Manuel Premium,Windrow,CAT033,S0169,46.00,6.314,false
P000313,Ivory Brosse XL,Ivory,CAT020,S0223,155.17,6.310,false
P000314,Orbit Chemise Essentiel,Orbit,CAT013,S0440,41.64,2.196,false
P000315,Ursa Enceinte Éco,Ursa,CAT007,S0499,200.24,6.840,false
P000316,Cirrus Eau de toilette Classic,Cirrus,CAT021,S0194,51.09,5.627,false
P000317,Ember Lampe XL,Ember,CAT002,S0251,30.45,9.325,false
P000318,Kestrel Beau livre Nomade,Kestrel,CAT035,S0135,57.55,7.796,false
P000319,Quartz Sac à main XL,Quartz,CAT016,S0315,25.24,2.508,false
P000320,Kestrel Étagère XL,Kestrel,CAT005,S0265,94.18,0.173,false
P000321,Solstice Clé à cliquet Essentiel,Solstice,CAT039,S0216,138.48,2.431,false
P000322,Rivage Nettoyant jantes Classic,Rivage,CAT037,S0241,229.30,10.430,false
P000323,Ursa Puzzle Classic,Ursa,CAT031,S0401,13.44,5.689,false
P000324,Solstice Filtre à air Ultra,Solstice,CAT038,S0167,185.21,3.518,false
P000325,Zephyr Peluche Essentiel,Zephyr,CAT030,S0461,87.73,5.865,false
P000326,Meridian Écharpe Compact,Meridian,CAT015,S0278,83.22,0.743,true
P000327,Bexon Jeu de plateau Essentiel,Bexon,CAT030,S0082,125.93,9.374,false
P000328,Nordis Coffret BD Nomade,Nordis,CAT035,S0392,106.61,1.604,false
P000329,Rivage Bouilloire Essentiel,Rivage,CAT001,S0449,79.33,11.678,false
P000330,Meridian Coffret BD Pro,Meridian,CAT033,S0450,92.91,7.953,false
P000331,Ivory Casque vélo Classic,Ivory,CAT024,S0086,15.44,5.736,false
P000332,Kestrel Cube éducatif Compact,Kestrel,CAT031,S0180,74.81,11.684,false
P000333,Bexon Casque vélo Compact,Bexon,CAT027,S0569,36.14,10.685,false
P000334,Orbit Coffret BD Essentiel,Orbit,CAT035,S0517,67.04,7.053,false
P000335,Vertex Sac à main Premium,Vertex,CAT016,S0059,35.60,2.124,false
P000336,Cirrus Puzzle Classic,Cirrus,CAT029,S0527,12.30,5.569,false
P000337,Fjord Roman Signature,Fjord,CAT034,S0060,5.50,8.815,false
P000338,Granit Webcam Éco,Granit,CAT012,S0437,120.47,5.560,false
P000339,Alvora Montre Classic,Alvora,CAT013,S0321,54.35,2.580,false
P000340,Pallas Beau livre Éco,Pallas,CAT033,S0098,198.44,6.519,true
P000341,Windrow Haltères Classic,Windrow,CAT026,S0428,48.25,9.605,false
P000342,Fjord Arrosoir Classic,Fjord,CAT003,S0446,66.24,3.962,false
P000343,Ivory Enceinte Compact,Ivory,CAT011,S0532,34.16,9.106,false
P000344,Zephyr Écharpe Signature,Zephyr,CAT013,S0515,88.30,11.925,false
P000345,Ember Webcam Éco,Ember,CAT007,S0451,69.21,0.114,false
P000346,Granit Bâche Pro,Granit,CAT037,S0034,25.13,1.318,false
P000347,Meridian Enceinte Premium,Meridian,CAT009,S0038,13.16,10.464,true
P000348,Granit Beau livre Signature,Granit,CAT035,S0026,140.02,0.942,false
P000349,Meridian Puzzle Compact,Meridian,CAT029,S0078,58.56,8.353,false
P000350,Alvora Eau de toilette Premium,Alvora,CAT019,S0268,33.61,7.133,false
P000351,Orbit Brosse Premium,Orbit,CAT022,S0214,123.48,11.285,false
P000352,Granit Trottinette Nomade,Granit,CAT030,S0008,30.54,6.505,false
P000353,Delvia Roman Signature,Delvia,CAT032,S0362,56.84,2.041,false
P000354,Ivory Webcam Classic,Ivory,CAT010,S0071,53.46,7.630,false
P000355,Pallas Set de couverts Éco,Pallas,CAT002,S0420,27.84,2.383,false
P000356,Granit Sac à main Essentiel,Granit,CAT017,S0444,29.35,6.915,false
P000357,Solstice Palette Pro,Solstice,CAT018,S0338,47.26,7.199,false
P000358,Ember Bâche XL,Ember,CAT037,S0055,8.14,9.029,false
P000359,Fjord Brosse XL,Fjord,CAT020,S0062,110.81,7.355,false
P000360,Ember Brosse Pro,Ember,CAT019,S0027,144.37,10.853,true
P000361,Cirrus Jeu de plateau Compact,Cirrus,CAT029,S0520,85.21,0.308,false
P000362,Nordis Clé à cliquet Pro,Nordis,CAT037,S0394,66.53,5.805,false
P000363,Ursa Brosse Signature,Ursa,CAT018,S0163,48.65,10.956,false
P000364,Windrow Manuel Ultra,Windrow,CAT035,S0399,36.35,7.146,false
P000365,Lumen Clavier Signature,Lumen,CAT012,S0142,72.83,0.283,false
P000366,Terra Gourde Éco,Terra,CAT027,S0086,16.19,5.719,false
P000367,Juniper Crème hydratante Nomade,Juniper,CAT018,S0367,102.15,10.406,false
P000368,Alvora Vinyle Compact,Alvora,CAT032,S0116,27.68,8.007,false
P000369,Bexon Shampooing Nomade,Bexon,CAT018,S0460,37.40,8.749,false
P000370,Terra Webcam XL,Terra,CAT009,S0537,153.53,2.732,true
P000371,Lumen Écharpe Essentiel,Lumen,CAT017,S0024,17.34,4.619,false
P000372,Juniper Montre Nomade,Juniper,CAT015,S0028,275.60,9.567,false
P000373,Orbit Puzzle Signature,Orbit,CAT028,S0418,18.79,6.509,false
P000374,Cirrus Figurine XL,Cirrus,CAT028,S0205,57.18,9.944,false
P000375,Fjord Enceinte Pro,Fjord,CAT010,S0095,103.03,1.833,false
P000376,Solstice Enceinte XL,Solstice,CAT012,S0142,35.99,2.399,false
P000377,Granit Sneakers Éco,Granit,CAT013,S0413,75.77,1.598,false
P000378,Ember Poêle Éco,Ember,CAT001,S0277,134.60,11.367,false
P000379,Halcyon Webcam Essentiel,Halcyon,CAT007,S0071,61.60,11.848,false
P000380,Ivory Enceinte Signature,Ivory,CAT010,S0532,121.27,1.044,false
P000381,Solstice Sneakers Compact,Solstice,CAT015,S0365,92.37,9.774,false
P000382,Pallas Sérum Compact,Pallas,CAT018,S0236,65.23,4.925,false
P000383,Ivory Cube éducatif Nomade,Ivory,CAT030,S0572,23.26,1.218,false
P000384,Ivory Montre Ultra,Ivory,CAT015,S0107,27.27,5.714,false
P000385,Ember Set de couverts Premium,Ember,CAT005,S0589,44.86,0.076,false
P000386,Orbit Crème hydratante Premium,Orbit,CAT019,S0195,64.38,3.215,false
P000387,Zephyr Chemise Compact,Zephyr,CAT016,S0031,70.32,5.190,false
P000388,Halcyon Brosse XL,Halcyon,CAT018,S0300,92.55,10.802,false
P000389,Windrow Lampe Compact,Windrow,CAT003,S0483,48.58,10.547,false
P000390,Cirrus Casque vélo Premium,Cirrus,CAT027,S0169,58.05,9.920,false
P000391,Nordis Gourde Classic,Nordis,CAT024,S0039,237.36,5.673,false
P000392,Pallas Puzzle XL,Pallas,CAT031,S0461,116.93,0.612,false
P000393,Windrow Souris Essentiel,Windrow,CAT007,S0140,78.29,6.942,false
P000394,Granit Beau livre Classic,Granit,CAT035,S0014,42.95,8.862,false
P000395,Ivory Coffret BD XL,Ivory,CAT032,S0137,14.28,4.170,false
P000396,Juniper Figurine Ultra,Juniper,CAT028,S0506,18.63,8.036,false
P000397,Vertex Puzzle Classic,Vertex,CAT030,S0161,13.80,5.201,false
P000398,Ember Étagère Ultra,Ember,CAT001,S0025,24.38,1.242,false
P000399,Juniper Chargeur Compact,Juniper,CAT012,S0121,11.53,6.877,false
P000400,Zephyr Bâche Premium,Zephyr,CAT037,S0384,39.46,2.054,false
P000401,Kestrel Sérum Compact,Kestrel,CAT019,S0552,81.60,6.972,false
P000402,Pallas Filtre à air XL,Pallas,CAT036,S0034,30.41,8.647,false
P000403,Delvia Sac à main Pro,Delvia,CAT013,S0508,104.96,9.788,false
P000404,Cirrus Tapis de yoga Compact,Cirrus,CAT023,S0104,119.15,1.100,false
P000405,Kestrel Étagère Classic,Kestrel,CAT006,S0556,68.64,9.316,false
P000406,Zephyr Clavier XL,Zephyr,CAT007,S0569,213.02,0.471,false
P000407,Ivory Brosse Essentiel,Ivory,CAT019,S0136,15.64,2.873,false
P000408,Meridian Puzzle XL,Meridian,CAT031,S0391,91.38,11.529,true
P000409,Juniper Jeu de plateau Signature,Juniper,CAT029,S0078,55.24,2.340,false
P000410,Pallas Clavier Ultra,Pallas,CAT011,S0539,116.15,4.491,false
P000411,Granit Figurine Éco,Granit,CAT030,S0430,44.39,2.889,false
P000412,Terra Sneakers Nomade,Terra,CAT017,S0440,81.13,0.619,false
P000413,Orbit Filtre à air XL,Orbit,CAT037,S0542,39.76,7.578,false
P000414,Windrow Chaussures de trail Premium,Windrow,CAT023,S0095,49.51,0.333,false
P000415,Nordis Housse de couette Essentiel,Nordis,CAT001,S0161,185.45,9.805,false
P000416,Orbit Peluche Premium,Orbit,CAT030,S0206,71.04,0.972,false
P000417,Terra Arrosoir Nomade,Terra,CAT001,S0459,6.77,5.367,false
P000418,Zephyr Peluche Ultra,Zephyr,CAT028,S0414,65.16,3.688,false
P000419,Zephyr Sac de sport Ultra,Zephyr,CAT026,S0297,95.51,5.901,false
P000420,Terra Set de couverts Pro,Terra,CAT006,S0483,36.20,8.989,false
P000421,Terra Lampe Nomade,Terra,CAT006,S0307,38.18,7.667,false
P000422,Delvia Brosse Pro,Delvia,CAT020,S0462,68.09,7.464,false
P000423,Alvora Palette Compact,Alvora,CAT021,S0323,14.59,8.652,false
P000424,Quartz Chaussures de trail Ultra,Quartz,CAT024,S0256,77.58,0.196,true
P000425,Granit Étagère Éco,Granit,CAT001,S0114,50.79,7.166,false
P000426,Cirrus Clavier Ultra,Cirrus,CAT009,S0534,177.66,2.399,false
P000427,Juniper Crème hydratante Ultra,Juniper,CAT020,S0552,83.93,11.153,false
P000428,Nordis Eau de toilette Classic,Nordis,CAT021,S0266,18.89,6.407,false
P000429,Kestrel Casque Essentiel,Kestrel,CAT009,S0065,47.05,3.625,false
P000430,Granit Arrosoir Classic,Granit,CAT002,S0247,32.27,4.965,false
P000431,Ursa Arrosoir Signature,Ursa,CAT006,S0173,41.70,1.269,false
P000432,Granit Ceinture Éco,Granit,CAT015,S0342,66.62,8.931,false
P000433,Kestrel Sérum Compact,Kestrel,CAT021,S0062,68.37,10.070,false
P000434,Windrow Sac de sport Compact,Windrow,CAT026,S0186,189.90,1.757,false
P000435,Fjord Haltères Pro,Fjord,CAT023,S0432,12.06,0.187,false
P000436,Alvora Ceinture Éco,Alvora,CAT016,S0384,213.56,4.113,false
P000437,Vertex Roman Nomade,Vertex,CAT032,S0164,82.98,6.339,false
P000438,Granit Peluche Premium,Granit,CAT029,S0244,10.03,7.889,false
P000439,Meridian Montre connectée XL,Meridian,CAT010,S0056,199.32,2.988,false
P000440,Granit Housse de couette Éco,Granit,CAT002,S0575,61.05,3.483,false
P000441,Bexon Clavier XL,Bexon,CAT012,S0166,86.25,5.943,false
P000442,Rivage Haltères Premium,Rivage,CAT027,S0330,126.65,8.490,false
P000443,Nordis Souris Pro,Nordis,CAT008,S0346,71.07,9.556,false
P000444,Terra Haltères Nomade,Terra,CAT023,S0187,82.25,3.606,false
P000445,Windrow Housse de couette XL,Windrow,CAT006,S0527,25.76,1.138,false
P000446,Nordis Bouilloire Compact,Nordis,CAT005,S0036,72.81,6.727,false
P000447,Halcyon Beau livre Pro,Halcyon,CAT035,S0576,88.75,11.423,false
P000448,Lumen Chemise Premium,Lumen,CAT015,S0220,40.85,7.615,false
P000449,Halcyon Lampe Essentiel,Halcyon,CAT005,S0302,74.17,3.834,false
P000450,Delvia Sneakers Premium,Delvia,CAT017,S0544,22.34,1.494,false
P000451,Quartz Casque vélo Nomade,Quartz,CAT026,S0560,85.16,4.010,false
P000452,Ursa Coffret BD XL,Ursa,CAT035,S0431,37.97,5.930,false
P000453,Delvia Enceinte Éco,Delvia,CAT011,S0066,231.73,8.592,false
P000454,Ember Sérum Pro,Ember,CAT018,S0271,210.14,0.483,false
P000455,Rivage Manuel Signature,Rivage,CAT034,S0566,70.11,0.098,false
P000456,Solstice Clavier Ultra,Solstice,CAT007,S0071,161.69,9.834,true
P000457,Kestrel Manuel Nomade,Kestrel,CAT033,S0154,27.88,0.320,false
P000458,Rivage Étagère Éco,Rivage,CAT001,S0336,172.10,10.784,false
P000459,Granit Crème hydratante Premium,Granit,CAT018,S0202,80.78,8.587,false
P000460,Bexon Vinyle Signature,Bexon,CAT032,S0078,29.67,0.861,false
P000461,Fjord Vinyle XL,Fjord,CAT033,S0325,67.69,11.079,false
P000462,Pallas Montre connectée Essentiel,Pallas,CAT012,S0537,20.43,3.833,true
P000463,Rivage Vinyle XL,Rivage,CAT035,S0032,73.73,4.664,false
P000464,Terra Sac de sport XL,Terra,CAT027,S0184,87.82,8.359,false
P000465,Juniper Perceuse Premium,Juniper,CAT038,S0387,11.15,5.707,false
P000466,Delvia Puzzle Essentiel,Delvia,CAT028,S0260,8.06,10.273,false
P000467,Juniper Chemise Compact,Juniper,CAT016,S0080,77.72,4.143,false
P000468,Orbit Vinyle Compact,Orbit,CAT034,S0320,32.05,2.428,false
P000469,Quartz Cube éducatif Nomade,Quartz,CAT030,S0589,59.85,5.692,false
P000470,Rivage Jeu de plateau Ultra,Rivage,CAT031,S0241,55.01,4.017,false
P000471,Nordis Arrosoir Nomade,Nordis,CAT002,S0306,67.50,3.186,false
P000472,Alvora Vinyle Essentiel,Alvora,CAT033,S0406,182.52,7.964,false
P000473,Granit Étagère Premium,Granit,CAT002,S0162,111.45,0.974,false
P000474,Meridian Clé à cliquet Éco,Meridian,CAT036,S0293,81.76,2.013,false
P000475,Windrow Beau livre Ultra,Windrow,CAT034,S0139,269.89,1.909,false
P000476,Windrow Montre Classic,Windrow,CAT015,S0197,94.80,6.883,false
P000477,Fjord Brosse Ultra,Fjord,CAT018,S0488,94.97,8.242,false
P000478,Orbit Enceinte Premium,Orbit,CAT011,S0346,50.08,7.977,false
P000479,Ember Housse de couette Signature,Ember,CAT006,S0518,9.27,7.546,false
P000480,Solstice Eau de toilette Premium,Solstice,CAT021,S0505,127.93,0.906,true
P000481,Ember Manuel Premium,Ember,CAT034,S0304,63.64,5.011,false
P000482,Ivory Montre Éco,Ivory,CAT015,S0143,94.87,5.785,false
P000483,Vertex Webcam Nomade,Vertex,CAT008,S0419,7.56,10.221,false
P000484,Quartz Shampooing Classic,Quartz,CAT020,S0505,139.26,10.973,false
P000485,Bexon Bâche Compact,Bexon,CAT038,S0034,103.43,9.879,false
P000486,Windrow Roman Classic,Windrow,CAT033,S0063,76.84,1.678,false
P000487,Ivory Coffret BD Signature,Ivory,CAT033,S0359,83.47,7.855,false
P000488,Terra Veste Nomade,Terra,CAT014,S0584,89.40,8.161,false
P000489,Meridian Jeu de plateau Signature,Meridian,CAT031,S0389,157.55,6.280,false
P000490,Kestrel Roman Nomade,Kestrel,CAT033,S0504,101.81,8.373,false
P000491,Zephyr Clé à cliquet Classic,Zephyr,CAT038,S0388,28.20,0.838,false
P000492,Juniper Haltères Ultra,Juniper,CAT024,S0299,74.81,11.422,false
P000493,Ivory Set de couverts Premium,Ivory,CAT003,S0114,34.44,4.699,false
P000494,Ember Jeu de plateau Signature,Ember,CAT029,S0500,92.02,1.825,false
P000495,Delvia Brosse Classic,Delvia,CAT021,S0296,166.83,9.302,false
P000496,Delvia Casque Compact,Delvia,CAT010,S0248,176.94,6.264,false
P000497,Alvora Tapis de yoga Nomade,Alvora,CAT027,S0299,84.86,9.670,false
P000498,Meridian Casque vélo Pro,Meridian,CAT026,S0566,79.69,5.522,false
P000499,Meridian Écharpe Éco,Meridian,CAT014,S0365,73.63,10.306,false
P000500,Meridian Palette Signature,Meridian,CAT018,S0588,55.25,9.304,false
P000501,Fjord Nettoyant jantes XL,Fjord,CAT036,S0415,68.23,5.022,false
P000502,Kestrel Montre Pro,Kestrel,CAT014,S0575,32.74,4.028,false
P000503,Juniper Nettoyant jantes Compact,Juniper,CAT036,S0106,78.02,9.747,true
P000504,Cirrus Sac de sport XL,Cirrus,CAT026,S0252,63.59,6.028,false
P000505,Rivage Enceinte Essentiel,Rivage,CAT012,S0600,6.04,8.625,false
P000506,Alvora Nettoyant jantes Pro,Alvora,CAT039,S0571,94.96,2.522,false
P000507,Windrow Haltères Signature,Windrow,CAT025,S0037,59.35,0.675,false
P000508,Cirrus Filtre à air Éco,Cirrus,CAT036,S0538,42.89,11.339,false
P000509,Meridian Casque vélo Ultra,Meridian,CAT025,S0050,109.64,8.639,false
P000510,Ivory Bouilloire Classic,Ivory,CAT003,S0096,68.50,7.710,true
P000511,Quartz Clavier Compact,Quartz,CAT007,S0550,184.74,5.955,false
P000512,Pallas Beau livre Ultra,Pallas,CAT035,S0211,71.05,1.359,false
P000513,Kestrel Bâche XL,Kestrel,CAT037,S0181,37.90,10.766,false
P000514,Quartz Étagère Nomade,Quartz,CAT002,S0083,42.78,7.878,false
P000515,Cirrus Jeu de plateau Nomade,Cirrus,CAT030,S0430,72.63,10.803,false
P000516,Bexon Lampe Nomade,Bexon,CAT003,S0363,64.79,0.197,false
P000517,Lumen Chemise XL,Lumen,CAT013,S0596,92.02,9.315,false
P000518,Pallas Nettoyant jantes Premium,Pallas,CAT036,S0106,87.16,2.461,false
P000519,Terra Sac à main XL,Terra,CAT017,S0365,112.58,8.131,false
P000520,Cirrus Coffret BD Ultra,Cirrus,CAT034,S0509,13.62,0.440,false
P000521,Zephyr Veste Nomade,Zephyr,CAT013,S0422,40.68,5.884,false
P000522,Bexon Webcam Essentiel,Bexon,CAT010,S0439,179.28,5.520,false
P000523,Granit Palette XL,Granit,CAT020,S0105,64.45,6.376,false
P000524,Alvora Shampooing Compact,Alvora,CAT020,S0268,41.63,6.034,false
P000525,Quartz Arrosoir Essentiel,Quartz,CAT001,S0398,41.73,1.119,false
P000526,Halcyon Housse de couette Essentiel,Halcyon,CAT002,S0466,22.80,5.832,true
P000527,Solstice Écharpe Compact,Solstice,CAT014,S0107,33.24,6.998,false
P000528,Meridian Coffret BD XL,Meridian,CAT033,S0525,58.55,4.735,false
P000529,Ursa Clé à cliquet Signature,Ursa,CAT036,S0448,16.58,10.286,false
P000530,Delvia Étagère Ultra,Delvia,CAT005,S0483,63.03,1.887,false
P000531,Meridian Sac à main Essentiel,Meridian,CAT013,S0074,14.77,9.711,false
P000532,Halcyon Filtre à air Nomade,Halcyon,CAT038,S0436,64.14,8.238,false
P000533,Ivory Bouilloire Essentiel,Ivory,CAT002,S0418,113.46,4.588,false
P000534,Granit Tapis de yoga Éco,Granit,CAT023,S0263,62.79,10.275,false
P000535,Alvora Nettoyant jantes Essentiel,Alvora,CAT036,S0240,60.88,6.623,false
P000536,Pallas Chaussures de trail Pro,Pallas,CAT024,S0566,125.98,3.812,false
P000537,Ember Souris XL,Ember,CAT008,S0367,18.51,7.988,true
P000538,Alvora Tapis de yoga Pro,Alvora,CAT023,S0095,89.10,8.578,false
P000539,Kestrel Eau de toilette Signature,Kestrel,CAT020,S0200,76.89,11.096,false
P000540,Vertex Set de couverts Ultra,Vertex,CAT001,S0514,63.10,9.996,false
P000541,Kestrel Perceuse Premium,Kestrel,CAT037,S0286,90.71,4.995,false
P000542,Windrow Shampooing Essentiel,Windrow,CAT021,S0292,18.78,2.909,false
P000543,Cirrus Chaussures de trail Éco,Cirrus,CAT027,S0039,61.66,8.706,true
P000544,Quartz Shampooing Signature,Quartz,CAT021,S0204,24.35,4.523,true
P000545,Rivage Set de couverts Pro,Rivage,CAT004,S0483,89.54,11.078,false
P000546,Kestrel Poêle Essentiel,Kestrel,CAT002,S0381,18.70,1.548,false
P000547,Ursa Clé à cliquet Compact,Ursa,CAT039,S0391,65.95,10.778,false
P000548,Ivory Filtre à air Essentiel,Ivory,CAT038,S0394,129.83,4.592,false
P000549,Delvia Perceuse Pro,Delvia,CAT036,S0593,15.86,9.034,false
P000550,Fjord Clavier Signature,Fjord,CAT011,S0495,84.88,10.590,false
P000551,Bexon Puzzle Ultra,Bexon,CAT030,S0500,178.87,7.711,false
P000552,Zephyr Roman Essentiel,Zephyr,CAT032,S0557,25.38,1.445,false
P000553,Orbit Étagère Nomade,Orbit,CAT001,S0196,87.40,5.326,false
P000554,Pallas Écharpe Premium,Pallas,CAT013,S0250,19.31,5.215,false
P000555,Nordis Chaussures de trail Essentiel,Nordis,CAT024,S0263,51.69,11.173,false
P000556,Juniper Gourde Essentiel,Juniper,CAT027,S0451,22.22,11.144,false
P000557,Bexon Figurine Premium,Bexon,CAT029,S0510,38.91,0.160,false
P000558,Windrow Sac de sport Nomade,Windrow,CAT023,S0546,140.27,11.590,false
P000559,Juniper Clé à cliquet XL,Juniper,CAT038,S0293,84.19,7.729,false
P000560,Lumen Roman Compact,Lumen,CAT035,S0342,9.74,9.669,false
P000561,Cirrus Chemise Classic,Cirrus,CAT016,S0453,27.51,2.134,false
P000562,Granit Nettoyant jantes Pro,Granit,CAT036,S0336,31.48,9.881,false
P000563,Ember Haltères Compact,Ember,CAT023,S0051,261.47,3.040,false
P000564,Ember Vinyle Nomade,Ember,CAT032,S0402,41.78,1.422,false
P000565,Granit Montre Pro,Granit,CAT013,S0164,84.30,4.530,false
P000566,Lumen Bâche Premium,Lumen,CAT038,S0099,60.97,4.449,false
P000567,Rivage Chargeur Premium,Rivage,CAT008,S0143,65.16,8.552,false
P000568,Nordis Casque Ultra,Nordis,CAT012,S0146,91.30,6.432,false
P000569,Rivage Webcam Nomade,Rivage,CAT009,S0026,20.00,3.971,false
P000570,Zephyr Vinyle Premium,Zephyr,CAT034,S0576,178.44,6.357,false
P000571,Pallas Manuel Premium,Pallas,CAT032,S0116,68.33,10.574,false
P000572,Rivage Écharpe Signature,Rivage,CAT017,S0068,284.81,11.680,false
P000573,Solstice Coffret BD Premium,Solstice,CAT035,S0320,71.87,9.473,false
P000574,Nordis Sneakers Nomade,Nordis,CAT015,S0211,147.01,1.307,false
P000575,Lumen Poêle XL,Lumen,CAT006,S0436,15.14,8.545,false
P000576,Lumen Lampe Éco,Lumen,CAT006,S0564,24.09,5.176,false
P000577,Nordis Arrosoir Nomade,Nordis,CAT004,S0093,67.59,8.187,false
P000578,Meridian Vinyle Nomade,Meridian,CAT034,S0258,87.42,4.736,false
P000579,Windrow Sérum Premium,Windrow,CAT019,S0426,66.04,5.506,true
P000580,Bexon Haltères Compact,Bexon,CAT025,S0374,65.08,4.892,false
P000581,Ember Sac de sport XL,Ember,CAT027,S0465,10.75,0.094,false
P000582,Pallas Coffret BD Ultra,Pallas,CAT032,S0116,122.15,1.129,false
P000583,Rivage Brosse Essentiel,Rivage,CAT022,S0202,23.78,2.369,false
P000584,Nordis Eau de toilette XL,Nordis,CAT021,S0493,127.83,8.014,false
P000585,Meridian Chaussures de trail Éco,Meridian,CAT026,S0079,265.72,3.195,false
P000586,Lumen Gourde XL,Lumen,CAT024,S0597,82.80,2.699,false
P000587,Vertex Sérum Classic,Vertex,CAT020,S0273,77.72,7.988,false
P000588,Zephyr Crème hydratante Premium,Zephyr,CAT019,S0048,33.08,6.277,false
P000589,Ursa Puzzle Classic,Ursa,CAT030,S0005,53.98,1.334,false
P000590,Terra Chargeur Signature,Terra,CAT010,S0587,200.39,5.186,false
P000591,Quartz Vinyle Premium,Quartz,CAT034,S0417,71.28,9.204,false
P000592,Kestrel Brosse Signature,Kestrel,CAT019,S0451,14.71,10.293,false
P000593,Quartz Lampe Essentiel,Quartz,CAT004,S0539,16.20,4.498,true
P000594,Solstice Palette Pro,Solstice,CAT021,S0416,57.54,1.839,false
P000595,Cirrus Écharpe Pro,Cirrus,CAT013,S0138,33.17,3.507,false
P000596,Kestrel Figurine Classic,Kestrel,CAT031,S0534,12.81,8.926,false
P000597,Granit Set de couverts Nomade,Granit,CAT001,S0089,12.94,6.067,false
P000598,Ursa Sac de sport Nomade,Ursa,CAT024,S0295,63.15,5.014,false
P000599,Vertex Haltères Premium,Vertex,CAT026,S0254,65.03,3.646,false
P000600,Meridian Montre Nomade,Meridian,CAT016,S0258,82.12,7.849,false
P000601,Bexon Trottinette Pro,Bexon,CAT028,S0191,18.01,3.390,false
P000602,Windrow Casque vélo Classic,Windrow,CAT024,S0187,64.30,11.184,false
P000603,Cirrus Cube éducatif XL,Cirrus,CAT031,S0244,59.09,11.446,true
P000604,Pallas Beau livre Éco,Pallas,CAT033,S0313,39.13,3.541,false
P000605,Orbit Puzzle Éco,Orbit,CAT028,S0383,59.81,3.896,false
P000606,Cirrus Beau livre Signature,Cirrus,CAT035,S0577,50.46,3.310,false
P000607,Bexon Chaussures de trail Essentiel,Bexon,CAT027,S0021,34.38,0.863,false
P000608,Rivage Jeu de plateau Premium,Rivage,CAT029,S0253,64.38,1.389,true
P000609,Kestrel Puzzle Signature,Kestrel,CAT030,S0260,16.67,2.743,false
P000610,Alvora Peluche Ultra,Alvora,CAT030,S0543,238.70,3.632,false
P000611,Meridian Vinyle Nomade,Meridian,CAT034,S0598,92.34,8.965,false
P000612,Quartz Crème hydratante XL,Quartz,CAT021,S0062,40.28,6.679,false
P000613,Lumen Shampooing Ultra,Lumen,CAT018,S0101,61.67,11.130,false
P000614,Orbit Ceinture Compact,Orbit,CAT016,S0197,83.90,1.994,false
P000615,Ember Montre Nomade,Ember,CAT017,S0197,72.83,1.948,false
P000616,Ember Clé à cliquet XL,Ember,CAT036,S0391,91.49,6.559,false
P000617,Granit Palette Compact,Granit,CAT020,S0171,76.15,5.689,false
P000618,Juniper Cube éducatif Classic,Juniper,CAT031,S0446,266.32,10.541,false
P000619,Nordis Clé à cliquet Compact,Nordis,CAT037,S0131,57.93,4.643,false
P000620,Pallas Housse de couette XL,Pallas,CAT003,S0040,51.00,9.485,false
P000621,Zephyr Bâche Éco,Zephyr,CAT037,S0003,142.49,7.625,false
P000622,Kestrel Ceinture Nomade,Kestrel,CAT014,S0046,20.17,1.526,true
P000623,Quartz Montre connectée Nomade,Quartz,CAT007,S0587,103.23,1.138,false
P000624,Vertex Nettoyant jantes Ultra,Vertex,CAT038,S0261,176.98,6.312,false
P000625,Windrow Coffret BD Classic,Windrow,CAT034,S0309,53.41,10.872,false
P000626,Ursa Jeu de plateau Compact,Ursa,CAT028,S0543,68.11,11.353,false
P000627,Pallas Housse de couette Éco,Pallas,CAT003,S0006,19.89,9.798,false
P000628,Cirrus Enceinte Ultra,Cirrus,CAT008,S0188,29.83,3.757,false
P000629,Juniper Lampe Ultra,Juniper,CAT002,S0376,53.32,2.782,false
P000630,Ursa Clavier Premium,Ursa,CAT012,S0147,41.90,3.784,false
P000631,Cirrus Veste Classic,Cirrus,CAT017,S0584,67.85,4.557,false
P000632,Meridian Chemise Signature,Meridian,CAT016,S0371,229.36,0.726,false
P000633,Ursa Clavier Nomade,Ursa,CAT010,S0140,53.57,4.338,false
P000634,Ember Roman Signature,Ember,CAT034,S0124,120.26,11.082,false
P000635,Granit Vinyle Ultra,Granit,CAT035,S0322,7.22,4.986,false
P000636,Delvia Sac de sport Compact,Delvia,CAT024,S0502,34.21,2.255,false
P000637,Ivory Chargeur Ultra,Ivory,CAT008,S0329,35.53,11.957,false
P000638,Cirrus Casque vélo Nomade,Cirrus,CAT025,S0119,154.36,9.790,false
P000639,Solstice Peluche Compact,Solstice,CAT028,S0081,83.97,8.080,false
P000640,Zephyr Jeu de plateau Ultra,Zephyr,CAT029,S0288,36.95,1.915,false
P000641,Alvora Palette Pro,Alvora,CAT018,S0194,102.95,0.386,false
P000642,Pallas Manuel Pro,Pallas,CAT032,S0446,161.80,1.358,false
P000643,Delvia Vinyle Pro,Delvia,CAT033,S0496,33.32,6.747,false
P000644,Fjord Jeu de plateau Compact,Fjord,CAT029,S0215,87.25,8.831,false
P000645,Quartz Montre Essentiel,Quartz,CAT017,S0087,51.40,6.761,false
P000646,Granit Chargeur Classic,Granit,CAT011,S0367,93.01,8.622,false
P000647,Nordis Coffret BD Signature,Nordis,CAT032,S0110,181.91,1.702,false
P000648,Ursa Chaussures de trail Compact,Ursa,CAT024,S0185,22.91,9.219,false
P000649,Rivage Haltères Signature,Rivage,CAT027,S0299,219.40,10.359,false
P000650,Nordis Sac de sport Premium,Nordis,CAT026,S0374,77.94,6.423,false
P000651,Juniper Tapis de yoga XL,Juniper,CAT024,S0263,21.59,8.418,false
P000652,Fjord Peluche Nomade,Fjord,CAT028,S0274,210.57,5.084,false
P000653,Granit Set de couverts Nomade,Granit,CAT003,S0025,87.65,6.006,false
P000654,Terra Casque Pro,Terra,CAT007,S0494,68.19,10.159,false
P000655,Solstice Tapis de yoga Ultra,Solstice,CAT024,S0432,71.66,3.002,false
P000656,Solstice Crème hydratante Premium,Solstice,CAT021,S0128,50.40,7.405,false
P000657,Kestrel Peluche Signature,Kestrel,CAT028,S0082,199.21,7.141,false
P000658,Nordis Nettoyant jantes Classic,Nordis,CAT037,S0348,23.82,0.483,false
P000659,Windrow Filtre à air Ultra,Windrow,CAT039,S0387,267.44,6.270,false
P000660,Windrow Clé à cliquet Signature,Windrow,CAT039,S0549,65.68,3.102,false
P000661,Lumen Housse de couette Classic,Lumen,CAT002,S0221,48.31,7.699,false
P000662,Bexon Coffret BD Compact,Bexon,CAT033,S0425,90.66,1.451,false
P000663,Terra Roman Nomade,Terra,CAT033,S0586,41.95,1.548,false
P000664,Delvia Jeu de plateau Ultra,Delvia,CAT030,S0180,116.07,4.927,false
P000665,Ursa Casque vélo Ultra,Ursa,CAT026,S0351,101.74,10.464,false
P000666,Rivage Shampooing XL,Rivage,CAT018,S0002,47.67,7.110,false
P000667,Lumen Cube éducatif Nomade,Lumen,CAT031,S0082,71.09,1.193,true
P000668,Zephyr Coffret BD Premium,Zephyr,CAT032,S0174,91.65,11.560,false
P000669,Windrow Étagère XL,Windrow,CAT006,S0516,45.22,0.780,false
P000670,Fjord Crème hydratante Ultra,Fjord,CAT020,S0368,38.69,7.562,false
P000671,Alvora Trottinette Ultra,Alvora,CAT029,S0477,66.16,8.889,false
P000672,Bexon Haltères Ultra,Bexon,CAT023,S0030,48.92,7.231,false
P000673,Quartz Haltères Compact,Quartz,CAT024,S0299,88.60,2.942,false
P000674,Vertex Shampooing XL,Vertex,CAT020,S0424,82.66,9.477,false
P000675,Alvora Écharpe Premium,Alvora,CAT014,S0544,77.10,3.901,false
P000676,Granit Chargeur Nomade,Granit,CAT011,S0255,12.56,0.123,false
P000677,Bexon Cube éducatif Signature,Bexon,CAT028,S0534,49.46,11.890,false
P000678,Terra Housse de couette Classic,Terra,CAT001,S0190,19.02,1.708,false
P000679,Ursa Chemise Premium,Ursa,CAT014,S0440,177.81,6.851,false
P000680,Bexon Crème hydratante Signature,Bexon,CAT018,S0443,76.82,8.628,false
P000681,Meridian Palette XL,Meridian,CAT018,S0161,37.14,1.541,false
P000682,Ember Webcam Premium,Ember,CAT008,S0494,189.10,10.326,false
P000683,Rivage Casque vélo Essentiel,Rivage,CAT024,S0432,35.74,6.707,false
P000684,Zephyr Ceinture Éco,Zephyr,CAT013,S0321,128.25,2.107,false
P000685,Bexon Manuel Premium,Bexon,CAT032,S0137,59.89,8.217,true
P000686,Vertex Veste XL,Vertex,CAT016,S0011,87.70,5.151,false
P000687,Solstice Ceinture Nomade,Solstice,CAT016,S0182,74.00,5.939,false
P000688,Quartz Écharpe XL,Quartz,CAT016,S0231,7.71,3.722,false
P000689,Rivage Casque Ultra,Rivage,CAT011,S0290,46.58,2.154,false
P000690,Halcyon Roman Éco,Halcyon,CAT034,S0031,62.41,6.391,false
P000691,Windrow Filtre à air XL,Windrow,CAT039,S0334,15.07,7.418,false
P000692,Ember Coffret BD Éco,Ember,CAT034,S0255,51.55,8.056,false
P000693,Ursa Écharpe XL,Ursa,CAT017,S0375,89.68,0.552,false
P000694,Alvora Eau de toilette Signature,Alvora,CAT019,S0462,170.80,8.394,false
P000695,Granit Haltères Premium,Granit,CAT023,S0001,11.88,4.953,false
P000696,Cirrus Sérum Signature,Cirrus,CAT019,S0253,126.81,1.645,false
P000697,Alvora Cube éducatif Essentiel,Alvora,CAT028,S0206,44.20,10.940,false
P000698,Fjord Coffret BD Essentiel,Fjord,CAT032,S0509,230.30,0.305,false
P000699,Solstice Sneakers XL,Solstice,CAT015,S0234,53.54,11.472,false
P000700,Pallas Palette Premium,Pallas,CAT019,S0507,11.10,6.141,false
P000701,Alvora Figurine Classic,Alvora,CAT031,S0372,77.82,3.691,false
P000702,Halcyon Eau de toilette Éco,Halcyon,CAT022,S0217,68.95,1.438,false
P000703,Pallas Shampooing Nomade,Pallas,CAT019,S0217,40.05,0.502,false
P000704,Kestrel Arrosoir Pro,Kestrel,CAT005,S0316,27.03,11.451,false
P000705,Windrow Brosse Pro,Windrow,CAT019,S0182,40.02,7.567,false
P000706,Cirrus Eau de toilette Nomade,Cirrus,CAT019,S0113,184.37,6.425,false
P000707,Granit Lampe XL,Granit,CAT006,S0209,23.63,8.203,false
P000708,Juniper Jeu de plateau Pro,Juniper,CAT028,S0191,137.17,9.018,false
P000709,Bexon Montre Compact,Bexon,CAT016,S0234,13.96,8.929,false
P000710,Ember Chargeur Compact,Ember,CAT009,S0230,5.69,10.163,false
P000711,Halcyon Clé à cliquet Pro,Halcyon,CAT036,S0404,29.28,8.270,false
P000712,Kestrel Filtre à air Ultra,Kestrel,CAT038,S0391,64.14,3.868,false
P000713,Zephyr Jeu de plateau XL,Zephyr,CAT031,S0059,170.55,6.924,false
P000714,Delvia Clé à cliquet Essentiel,Delvia,CAT037,S0034,60.61,7.292,false
P000715,Juniper Bâche XL,Juniper,CAT037,S0407,70.73,4.761,false
P000716,Orbit Chemise XL,Orbit,CAT016,S0124,71.75,0.615,false
P000717,Ember Shampooing Nomade,Ember,CAT022,S0132,130.99,9.851,false
P000718,Quartz Manuel Éco,Quartz,CAT033,S0577,54.82,6.633,false
P000719,Ivory Shampooing Classic,Ivory,CAT021,S0200,55.48,7.108,false
P000720,Zephyr Eau de toilette Premium,Zephyr,CAT019,S0236,146.28,11.163,false
P000721,Alvora Sneakers Ultra,Alvora,CAT015,S0324,66.30,0.944,false
P000722,Vertex Cube éducatif Essentiel,Vertex,CAT029,S0205,82.92,7.587,false
P000723,Halcyon Clavier Nomade,Halcyon,CAT009,S0056,62.81,4.776,false
P000724,Vertex Brosse Essentiel,Vertex,CAT020,S0002,48.39,6.221,false
P000725,Bexon Nettoyant jantes Nomade,Bexon,CAT037,S0308,28.77,1.992,false
P000726,Bexon Beau livre XL,Bexon,CAT035,S0262,32.12,9.518,false
P000727,Meridian Jeu de plateau Éco,Meridian,CAT030,S0151,60.49,7.155,false
P000728,Meridian Puzzle Éco,Meridian,CAT030,S0534,60.41,7.030,false
P000729,Ivory Shampooing Compact,Ivory,CAT022,S0364,118.16,9.542,false
P000730,Halcyon Sac à main Nomade,Halcyon,CAT015,S0170,107.14,10.836,false
P000731,Lumen Roman Compact,Lumen,CAT035,S0203,84.91,2.395,false
P000732,Pallas Bouilloire Premium,Pallas,CAT005,S0417,82.07,0.353,true
P000733,Vertex Vinyle Compact,Vertex,CAT035,S0598,17.87,7.467,false
P000734,Juniper Écharpe Pro,Juniper,CAT016,S0293,48.22,3.160,false
P000735,Vertex Écharpe XL,Vertex,CAT016,S0365,15.48,3.588,false
P000736,Meridian Haltères Premium,Meridian,CAT024,S0220,26.61,9.612,false
P000737,Lumen Clavier Éco,Lumen,CAT010,S0442,120.34,0.224,false
P000738,Terra Tapis de yoga Ultra,Terra,CAT024,S0254,77.69,8.034,false
P000739,Solstice Roman Nomade,Solstice,CAT035,S0304,168.82,7.864,false
P000740,Quartz Clé à cliquet Nomade,Quartz,CAT038,S0542,76.92,9.485,false
P000741,Lumen Sac à main Compact,Lumen,CAT013,S0282,75.85,7.234,false
P000742,Zephyr Set de couverts Pro,Zephyr,CAT004,S0009,38.94,11.885,false
P000743,Orbit Peluche Éco,Orbit,CAT029,S0497,11.54,4.730,false
P000744,Quartz Tapis de yoga XL,Quartz,CAT024,S0395,26.22,5.748,false
P000745,Zephyr Nettoyant jantes Signature,Zephyr,CAT037,S0089,173.93,6.708,false
P000746,Terra Roman Signature,Terra,CAT032,S0095,140.68,7.665,false
P000747,Delvia Chargeur Premium,Delvia,CAT008,S0230,201.88,5.279,false
P000748,Rivage Perceuse Éco,Rivage,CAT037,S0155,200.64,0.138,false
P000749,Vertex Webcam Pro,Vertex,CAT010,S0439,22.31,6.044,false
P000750,Quartz Bouilloire Essentiel,Quartz,CAT006,S0272,34.32,7.852,false
P000751,Fjord Écharpe Nomade,Fjord,CAT016,S0182,17.85,5.549,false
P000752,Ivory Bouilloire Nomade,Ivory,CAT001,S0548,132.44,9.674,false
P000753,Ursa Nettoyant jantes Nomade,Ursa,CAT036,S0090,67.13,11.492,false
P000754,Delvia Sac à main Ultra,Delvia,CAT013,S0130,63.42,8.569,false
P000755,Orbit Trottinette Essentiel,Orbit,CAT028,S0338,28.44,11.975,true
P000756,Vertex Roman Nomade,Vertex,CAT033,S0577,282.75,1.006,false
P000757,Quartz Casque Compact,Quartz,CAT011,S0030,65.59,3.677,false
P000758,Nordis Puzzle Signature,Nordis,CAT030,S0521,7.40,9.479,false
P000759,Granit Set de couverts Nomade,Granit,CAT001,S0514,79.01,2.182,false
P000760,Granit Vinyle Ultra,Granit,CAT033,S0227,89.38,8.370,false
P000761,Solstice Nettoyant jantes Classic,Solstice,CAT039,S0053,27.24,5.618,false
P000762,Granit Cube éducatif Pro,Granit,CAT030,S0244,88.87,4.540,false
P000763,Pallas Bâche Ultra,Pallas,CAT039,S0013,163.48,11.549,false
P000764,Delvia Cube éducatif Compact,Delvia,CAT028,S0201,145.87,10.917,false
P000765,Orbit Lampe Ultra,Orbit,CAT002,S0516,63.54,3.667,false
P000766,Cirrus Étagère Compact,Cirrus,CAT001,S0042,59.47,5.016,false
P000767,Meridian Chemise Éco,Meridian,CAT015,S0107,20.09,1.323,false
P000768,Lumen Peluche Pro,Lumen,CAT029,S0427,190.23,4.059,false
P000769,Vertex Shampooing Classic,Vertex,CAT020,S0460,20.19,0.565,false
P000770,Ember Casque Essentiel,Ember,CAT011,S0280,52.00,7.389,false
P000771,Meridian Casque Premium,Meridian,CAT009,S0255,22.53,9.641,false
P000772,Rivage Clé à cliquet Nomade,Rivage,CAT036,S0023,27.39,7.042,false
P000773,Ivory Poêle Premium,Ivory,CAT001,S0083,271.60,1.610,false
P000774,Meridian Figurine Essentiel,Meridian,CAT028,S0210,183.84,0.931,false
P000775,Orbit Brosse Compact,Orbit,CAT018,S0202,108.68,0.056,false
P000776,Juniper Jeu de plateau Essentiel,Juniper,CAT031,S0388,45.77,11.255,false
P000777,Bexon Tapis de yoga Premium,Bexon,CAT024,S0297,53.89,5.940,false
P000778,Lumen Écharpe Classic,Lumen,CAT014,S0303,75.61,7.930,false
P000779,Orbit Gourde Éco,Orbit,CAT026,S0156,93.71,4.771,false
P000780,Terra Eau de toilette Pro,Terra,CAT019,S0100,60.80,3.897,false
P000781,Nordis Chargeur Ultra,Nordis,CAT007,S0189,13.47,2.744,false
P000782,Terra Sac à main Nomade,Terra,CAT015,S0354,89.45,5.653,false
P000783,Vertex Tapis de yoga Signature,Vertex,CAT026,S0079,19.20,3.481,false
P000784,Bexon Perceuse Éco,Bexon,CAT039,S0172,30.63,1.112,false
P000785,Meridian Lampe Signature,Meridian,CAT006,S0251,95.99,1.942,false
P000786,Delvia Bâche Pro,Delvia,CAT038,S0380,53.80,7.886,false
P000787,Meridian Sérum XL,Meridian,CAT021,S0447,65.07,10.400,false
P000788,Quartz Set de couverts Essentiel,Quartz,CAT003,S0573,51.81,9.078,false
P000789,Terra Gourde Nomade,Terra,CAT027,S0295,70.70,4.324,false
P000790,Cirrus Clavier Éco,Cirrus,CAT010,S0276,4.75,2.799,false
P000791,Solstice Bâche Nomade,Solstice,CAT038,S0542,22.35,4.842,false
P000792,Juniper Bouilloire Classic,Juniper,CAT006,S0009,70.81,4.431,false
P000793,Vertex Brosse Compact,Vertex,CAT019,S0273,17.95,5.404,false
P000794,Pallas Filtre à air Classic,Pallas,CAT039,S0542,80.02,3.906,false
P000795,Ember Figurine XL,Ember,CAT028,S0401,60.14,4.058,true
P000796,Orbit Tapis de yoga Classic,Orbit,CAT026,S0502,92.26,1.807,false
P000797,Delvia Chargeur XL,Delvia,CAT010,S0451,12.52,5.866,false
P000798,Ursa Perceuse Classic,Ursa,CAT036,S0568,63.91,1.800,false
P000799,Granit Palette Classic,Granit,CAT022,S0136,83.14,11.907,false
P000800,Ursa Puzzle Classic,Ursa,CAT031,S0257,93.13,9.398,false
P000801,Zephyr Peluche Premium,Zephyr,CAT031,S0206,45.47,5.351,false
P000802,Ursa Webcam Essentiel,Ursa,CAT007,S0539,59.25,1.820,false
P000803,Solstice Chaussures de trail XL,Solstice,CAT027,S0186,74.15,8.419,true
P000804,Ember Casque vélo XL,Ember,CAT024,S0208,7.84,9.144,false
P000805,Terra Sac à main Compact,Terra,CAT016,S0064,37.12,9.251,true
P000806,Granit Arrosoir Ultra,Granit,CAT005,S0396,33.35,11.241,false
P000807,Kestrel Puzzle Éco,Kestrel,CAT030,S0458,104.16,8.853,false
P000808,Ember Lampe Signature,Ember,CAT006,S0283,64.19,11.534,false
P000809,Windrow Sac à main Nomade,Windrow,CAT014,S0080,22.39,10.909,false
P000810,Pallas Housse de couette Nomade,Pallas,CAT004,S0317,122.64,1.353,false
P000811,Terra Eau de toilette Compact,Terra,CAT019,S0447,67.96,1.066,false
P000812,Ursa Peluche Classic,Ursa,CAT028,S0482,12.24,3.242,false
P000813,Fjord Clavier Éco,Fjord,CAT010,S0035,70.57,7.753,false
P000814,Fjord Sneakers Classic,Fjord,CAT013,S0024,64.43,9.842,true
P000815,Fjord Souris Éco,Fjord,CAT007,S0486,56.78,5.199,false
P000816,Bexon Souris XL,Bexon,CAT007,S0230,274.94,8.635,true
P000817,Kestrel Shampooing Pro,Kestrel,CAT018,S0145,130.93,0.528,false
P000818,Delvia Shampooing Pro,Delvia,CAT019,S0136,54.03,0.169,true
P000819,Orbit Arrosoir Pro,Orbit,CAT002,S0189,243.63,9.062,false
P000820,Zephyr Manuel Premium,Zephyr,CAT032,S0336,31.35,8.040,false
P000821,Delvia Manuel Premium,Delvia,CAT033,S0496,127.66,2.456,false
P000822,Granit Puzzle Compact,Granit,CAT030,S0219,14.17,7.669,false
P000823,Orbit Chemise Éco,Orbit,CAT013,S0508,214.29,2.552,false
P000824,Cirrus Sneakers Ultra,Cirrus,CAT013,S0203,79.71,0.655,false
P000825,Delvia Bâche XL,Delvia,CAT039,S0299,132.08,1.217,false
P000826,Pallas Roman Classic,Pallas,CAT034,S0004,20.39,3.963,false
P000827,Kestrel Gourde Pro,Kestrel,CAT027,S0330,134.34,5.161,false
P000828,Ivory Eau de toilette Essentiel,Ivory,CAT022,S0434,25.46,6.504,false
P000829,Halcyon Casque vélo Nomade,Halcyon,CAT023,S0502,195.56,8.821,false
P000830,Alvora Haltères Éco,Alvora,CAT027,S0156,39.86,0.160,false
P000831,Cirrus Sac à main Classic,Cirrus,CAT013,S0565,204.56,11.859,false
P000832,Kestrel Chargeur Ultra,Kestrel,CAT008,S0562,57.17,9.722,false
P000833,Quartz Souris Signature,Quartz,CAT012,S0435,134.11,9.138,false
P000834,Quartz Chargeur Nomade,Quartz,CAT011,S0495,78.89,4.385,false
P000835,Meridian Vinyle Pro,Meridian,CAT032,S0203,34.97,10.612,false
P000836,Delvia Poêle Premium,Delvia,CAT004,S0372,50.99,8.762,false
P000837,Bexon Eau de toilette Compact,Bexon,CAT019,S0434,253.64,5.045,false
P000838,Ember Gourde Éco,Ember,CAT024,S0546,162.24,5.390,false
P000839,Juniper Chargeur Ultra,Juniper,CAT011,S0255,161.29,2.983,false
P000840,Alvora Beau livre Signature,Alvora,CAT035,S0290,173.66,10.473,false
P000841,Juniper Crème hydratante XL,Juniper,CAT021,S0022,136.66,9.179,true
P000842,Meridian Jeu de plateau Ultra,Meridian,CAT028,S0207,18.19,1.038,false
P000843,Cirrus Filtre à air Ultra,Cirrus,CAT038,S0216,86.34,9.980,false
P000844,Halcyon Eau de toilette Signature,Halcyon,CAT021,S0135,183.98,10.271,false
P000845,Lumen Clavier Nomade,Lumen,CAT012,S0481,77.16,0.577,true
P000846,Pallas Écharpe Nomade,Pallas,CAT013,S0234,14.72,8.908,false
P000847,Solstice Casque vélo XL,Solstice,CAT023,S0231,190.04,5.210,false
P000848,Bexon Gourde XL,Bexon,CAT026,S0566,112.86,3.770,false
P000849,Kestrel Eau de toilette Nomade,Kestrel,CAT018,S0291,79.02,9.516,false
P000850,Meridian Casque vélo Classic,Meridian,CAT025,S0043,57.98,4.196,false
P000851,Kestrel Manuel Essentiel,Kestrel,CAT034,S0311,47.56,4.231,false
P000852,Vertex Crème hydratante Éco,Vertex,CAT018,S0186,87.97,11.074,true
P000853,Solstice Gourde Classic,Solstice,CAT025,S0208,32.42,0.055,false
P000854,Alvora Peluche Classic,Alvora,CAT028,S0288,132.17,0.914,false
P000855,Fjord Vinyle Ultra,Fjord,CAT035,S0227,15.60,8.432,false
P000856,Terra Roman Pro,Terra,CAT032,S0053,81.54,5.625,false
P000857,Lumen Gourde Classic,Lumen,CAT024,S0576,43.94,4.534,false
P000858,Bexon Chaussures de trail Compact,Bexon,CAT024,S0095,41.10,9.221,false
P000859,Kestrel Lampe Ultra,Kestrel,CAT001,S0247,139.23,0.456,false
P000860,Lumen Roman Compact,Lumen,CAT035,S0014,97.77,1.141,false
P000861,Fjord Montre Pro,Fjord,CAT014,S0064,64.83,10.919,false
P000862,Juniper Chaussures de trail Éco,Juniper,CAT024,S0097,130.37,6.893,true
P000863,Delvia Perceuse Pro,Delvia,CAT039,S0553,42.43,4.742,false
P000864,Rivage Montre Premium,Rivage,CAT016,S0282,78.01,1.511,false
P000865,Orbit Poêle Compact,Orbit,CAT005,S0358,202.82,1.495,false
P000866,Terra Brosse Nomade,Terra,CAT020,S0045,36.22,10.109,false
P000867,Ember Webcam Éco,Ember,CAT009,S0329,54.33,4.801,false
P000868,Cirrus Manuel Premium,Cirrus,CAT035,S0213,66.14,3.232,false
P000869,Kestrel Eau de toilette Ultra,Kestrel,CAT020,S0219,20.17,8.154,false
P000870,Bexon Beau livre Nomade,Bexon,CAT032,S0337,21.49,10.742,false
P000871,Lumen Sneakers Classic,Lumen,CAT015,S0354,84.02,10.887,true
P000872,Ember Enceinte Pro,Ember,CAT011,S0512,137.74,6.818,false
P000873,Cirrus Jeu de plateau Éco,Cirrus,CAT030,S0083,62.82,2.657,false
P000874,Fjord Sac à main Essentiel,Fjord,CAT017,S0422,56.11,4.757,false
P000875,Delvia Cube éducatif Compact,Delvia,CAT030,S0372,41.81,9.777,false
P000876,Kestrel Ceinture XL,Kestrel,CAT015,S0059,35.06,8.796,false
P000877,Halcyon Ceinture Compact,Halcyon,CAT017,S0523,166.44,9.910,false
P000878,Solstice Roman Nomade,Solstice,CAT033,S0183,89.55,5.794,false
P000879,Terra Poêle Nomade,Terra,CAT001,S0573,83.84,11.498,false
P000880,Lumen Eau de toilette Compact,Lumen,CAT022,S0062,74.72,8.516,false
P000881,Cirrus Chargeur Essentiel,Cirrus,CAT011,S0583,78.18,10.482,false
P000882,Nordis Gourde XL,Nordis,CAT024,S0295,125.28,5.998,false
P000883,Ivory Eau de toilette Signature,Ivory,CAT022,S0029,54.39,10.491,true
P000884,Kestrel Sac à main Éco,Kestrel,CAT017,S0182,58.49,10.060,false
P000885,Ember Coffret BD Compact,Ember,CAT032,S0320,59.93,10.956,false
P000886,Windrow Coffret BD Essentiel,Windrow,CAT035,S0467,9.51,4.820,true
P000887,Orbit Enceinte Éco,Orbit,CAT012,S0512,283.23,2.002,false
P000888,Kestrel Sérum XL,Kestrel,CAT018,S0541,127.77,2.627,false
P000889,Windrow Haltères Nomade,Windrow,CAT024,S0279,31.15,10.490,false
P000890,Vertex Clé à cliquet Ultra,Vertex,CAT037,S0033,12.57,8.620,false
P000891,Quartz Étagère Essentiel,Quartz,CAT002,S0090,151.81,0.947,false
P000892,Halcyon Crème hydratante Classic,Halcyon,CAT018,S0176,15.48,8.516,false
P000893,Nordis Ceinture Premium,Nordis,CAT016,S0164,6.57,0.602,false
P000894,Kestrel Casque XL,Kestrel,CAT012,S0056,9.04,10.600,false
P000895,Ember Trottinette Nomade,Ember,CAT030,S0389,9.08,9.827,false
P000896,Juniper Casque Essentiel,Juniper,CAT012,S0117,200.00,3.502,false
P000897,Kestrel Figurine Essentiel,Kestrel,CAT031,S0520,83.98,9.821,false
P000898,Meridian Manuel XL,Meridian,CAT032,S0509,62.60,7.552,false
P000899,Meridian Clé à cliquet Ultra,Meridian,CAT039,S0286,18.33,3.551,false
P000900,Ember Étagère Premium,Ember,CAT002,S0265,11.49,7.719,false
P000901,Meridian Eau de toilette Pro,Meridian,CAT019,S0103,21.91,6.427,false
P000902,Fjord Trottinette XL,Fjord,CAT029,S0527,156.62,0.443,false
P000903,Zephyr Eau de toilette Classic,Zephyr,CAT020,S0488,17.51,10.645,false
P000904,Fjord Puzzle Éco,Fjord,CAT031,S0594,42.35,0.364,false
P000905,Halcyon Puzzle Compact,Halcyon,CAT031,S0458,166.09,3.298,true
P000906,Juniper Sac à main Classic,Juniper,CAT016,S0454,47.01,3.063,false
P000907,Delvia Perceuse Compact,Delvia,CAT037,S0238,109.41,8.347,false
P000908,Terra Casque Classic,Terra,CAT010,S0554,6.63,1.787,false
P000909,Nordis Arrosoir Ultra,Nordis,CAT002,S0548,27.02,10.288,true
P000910,Solstice Shampooing Pro,Solstice,CAT022,S0536,93.79,7.219,false
P000911,Juniper Beau livre Pro,Juniper,CAT034,S0146,60.49,11.369,false
P000912,Fjord Arrosoir Premium,Fjord,CAT002,S0009,75.56,5.137,false
P000913,Alvora Tapis de yoga Classic,Alvora,CAT023,S0252,37.74,11.808,false
P000914,Alvora Casque vélo Pro,Alvora,CAT024,S0267,84.32,11.956,false
P000915,Meridian Eau de toilette Premium,Meridian,CAT018,S0200,90.85,10.631,false
P000916,Kestrel Casque vélo Nomade,Kestrel,CAT026,S0051,273.68,11.849,false
P000917,Ursa Clavier Signature,Ursa,CAT010,S0495,21.33,3.713,false
P000918,Fjord Casque vélo Éco,Fjord,CAT026,S0233,32.31,10.208,false
P000919,Alvora Palette Signature,Alvora,CAT021,S0489,25.67,4.528,false
P000920,Alvora Clavier Signature,Alvora,CAT010,S0383,135.19,6.818,false
P000921,Halcyon Lampe Nomade,Halcyon,CAT003,S0551,26.60,5.312,false
P000922,Juniper Figurine Ultra,Juniper,CAT031,S0280,118.88,8.935,false
P000923,Ivory Clavier Signature,Ivory,CAT012,S0442,30.28,2.774,false
P000924,Delvia Chemise Pro,Delvia,CAT017,S0508,29.17,6.662,false
P000925,Delvia Clavier Ultra,Delvia,CAT009,S0383,90.37,4.852,false
P000926,Granit Étagère Nomade,Granit,CAT006,S0158,62.40,0.703,false
P000927,Pallas Trottinette Signature,Pallas,CAT029,S0600,39.74,5.125,false
P000928,Cirrus Étagère Éco,Cirrus,CAT003,S0006,71.41,7.388,false
P000929,Fjord Set de couverts Nomade,Fjord,CAT002,S0564,55.80,11.239,false
P000930,Alvora Figurine Éco,Alvora,CAT029,S0183,35.35,9.708,false
P000931,Granit Puzzle Nomade,Granit,CAT030,S0021,19.90,2.022,false
P000932,Pallas Palette Classic,Pallas,CAT021,S0424,27.18,3.496,false
P000933,Cirrus Trottinette Pro,Cirrus,CAT029,S0149,15.39,9.800,false
P000934,Nordis Perceuse Signature,Nordis,CAT038,S0034,136.12,2.498,false
P000935,Kestrel Beau livre Pro,Kestrel,CAT034,S0092,9.23,4.293,false
P000936,Orbit Arrosoir Signature,Orbit,CAT001,S0161,11.98,2.196,false
P000937,Halcyon Beau livre Compact,Halcyon,CAT032,S0304,92.31,11.589,false
P000938,Solstice Perceuse Essentiel,Solstice,CAT039,S0450,18.08,5.390,false
P000939,Rivage Sneakers Ultra,Rivage,CAT016,S0454,38.77,8.797,false
P000940,Ivory Sérum Éco,Ivory,CAT021,S0176,4.84,0.354,false
P000941,Windrow Lampe XL,Windrow,CAT002,S0323,24.41,11.480,false
P000942,Fjord Sérum Signature,Fjord,CAT022,S0163,21.42,0.627,false
P000943,Halcyon Figurine Éco,Halcyon,CAT028,S0129,81.56,9.442,false
P000944,Ursa Trottinette Essentiel,Ursa,CAT030,S0215,81.99,5.323,false
P000945,Cirrus Sac de sport Ultra,Cirrus,CAT025,S0256,177.77,8.863,false
P000946,Alvora Casque vélo Classic,Alvora,CAT026,S0479,55.71,0.554,false
P000947,Bexon Palette Signature,Bexon,CAT018,S0041,179.33,5.101,false
P000948,Meridian Bâche Classic,Meridian,CAT038,S0106,128.92,4.561,true
P000949,Juniper Shampooing Éco,Juniper,CAT019,S0236,121.16,11.090,false
P000950,Zephyr Webcam Éco,Zephyr,CAT008,S0500,18.01,3.555,false
P000951,Ember Nettoyant jantes Nomade,Ember,CAT036,S0357,38.62,8.427,false
P000952,Cirrus Brosse Premium,Cirrus,CAT018,S0236,63.78,6.485,false
P000953,Vertex Palette Signature,Vertex,CAT020,S0460,80.09,3.966,false
P000954,Halcyon Set de couverts Éco,Halcyon,CAT002,S0483,53.68,3.210,false
P000955,Solstice Manuel Premium,Solstice,CAT032,S0465,153.86,9.781,false
P000956,Fjord Nettoyant jantes Signature,Fjord,CAT037,S0210,14.83,0.254,false
P000957,Granit Palette Classic,Granit,CAT019,S0352,61.47,6.538,false
P000958,Zephyr Chaussures de trail Premium,Zephyr,CAT024,S0097,113.77,6.536,false
P000959,Lumen Filtre à air Compact,Lumen,CAT039,S0397,142.63,0.743,false
P000960,Bexon Sneakers Signature,Bexon,CAT013,S0563,43.38,7.468,false
P000961,Rivage Montre Signature,Rivage,CAT013,S0212,142.92,6.247,false
P000962,Orbit Chargeur Classic,Orbit,CAT011,S0276,61.97,4.395,false
P000963,Orbit Brosse Ultra,Orbit,CAT021,S0120,5.33,2.584,false
P000964,Bexon Cube éducatif Pro,Bexon,CAT029,S0395,171.94,11.820,false
P000965,Terra Veste Pro,Terra,CAT015,S0237,72.02,9.263,true
P000966,Zephyr Perceuse XL,Zephyr,CAT037,S0340,189.45,7.664,false
P000967,Ursa Chargeur Nomade,Ursa,CAT007,S0590,58.71,7.424,false
P000968,Granit Jeu de plateau Premium,Granit,CAT030,S0005,19.71,4.280,true
P000969,Solstice Casque vélo XL,Solstice,CAT027,S0081,140.79,10.987,false
P000970,Terra Eau de toilette Classic,Terra,CAT019,S0352,231.13,6.234,true
P000971,Vertex Bouilloire Compact,Vertex,CAT003,S0092,61.20,5.754,false
P000972,Granit Peluche Essentiel,Granit,CAT029,S0137,55.77,10.903,false
P000973,Nordis Sérum Compact,Nordis,CAT019,S0323,189.52,2.137,false
P000974,Zephyr Sneakers Éco,Zephyr,CAT017,S0481,29.23,4.870,false
P000975,Pallas Manuel Ultra,Pallas,CAT032,S0362,5.75,9.818,true
P000976,Ivory Sac de sport Signature,Ivory,CAT027,S0097,58.92,6.213,false
P000977,Delvia Set de couverts Nomade,Delvia,CAT001,S0036,16.25,6.874,false
P000978,Solstice Jeu de plateau Essentiel,Solstice,CAT031,S0123,166.87,1.962,false
P000979,Halcyon Chemise Compact,Halcyon,CAT013,S0575,31.50,2.230,false
P000980,Windrow Perceuse Signature,Windrow,CAT036,S0071,12.19,8.688,false
P000981,Delvia Set de couverts Pro,Delvia,CAT002,S0548,55.19,5.571,false
P000982,Pallas Montre XL,Pallas,CAT013,S0234,271.78,2.262,false
P000983,Ember Tapis de yoga Classic,Ember,CAT023,S0597,129.19,2.969,false
P000984,Nordis Filtre à air Signature,Nordis,CAT037,S0547,67.61,2.527,false
P000985,Delvia Filtre à air Premium,Delvia,CAT039,S0133,108.88,1.366,false
P000986,Ursa Peluche Classic,Ursa,CAT030,S0451,135.86,4.864,false
P000987,Windrow Montre Signature,Windrow,CAT015,S0282,72.46,0.191,false
P000988,Alvora Puzzle Éco,Alvora,CAT029,S0149,60.48,6.088,false
P000989,Quartz Beau livre Ultra,Quartz,CAT033,S0406,12.51,6.381,false
P000990,Ember Set de couverts Pro,Ember,CAT005,S0196,68.56,3.625,false
P000991,Zephyr Bâche Compact,Zephyr,CAT036,S0261,104.12,0.536,false
P000992,Nordis Arrosoir Pro,Nordis,CAT005,S0579,243.80,0.390,false
P000993,Fjord Bâche Premium,Fjord,CAT038,S0564,55.52,1.004,false
P000994,Terra Clavier Classic,Terra,CAT011,S0013,65.96,3.967,false
P000995,Meridian Puzzle XL,Meridian,CAT031,S0408,20.55,5.918,false
P000996,Solstice Vinyle Nomade,Solstice,CAT034,S0510,33.52,6.849,false
P000997,Ember Haltères Premium,Ember,CAT026,S0214,22.22,6.891,true
P000998,Nordis Bâche Signature,Nordis,CAT037,S0090,122.51,11.128,false
P000999,Alvora Haltères XL,Alvora,CAT023,S0395,92.07,8.480,false
P001000,Kestrel Sac de sport Essentiel,Kestrel,CAT026,S0320,73.65,7.387,false
P001001,Cirrus Brosse Premium,Cirrus,CAT021,S0041,164.59,3.204,false
P001002,Quartz Coffret BD XL,Quartz,CAT033,S0345,121.64,10.518,false
P001003,Solstice Gourde Pro,Solstice,CAT027,S0051,12.11,0.988,false
P001004,Alvora Enceinte Compact,Alvora,CAT010,S0367,40.53,9.003,true
P001005,Pallas Set de couverts Premium,Pallas,CAT005,S0350,32.03,4.579,false
P001006,Pallas Gourde Classic,Pallas,CAT026,S0067,29.68,7.149,false
P001007,Meridian Veste Nomade,Meridian,CAT014,S0031,94.19,7.784,false
P001008,Juniper Figurine Compact,Juniper,CAT031,S0414,55.79,2.655,false
P001009,Rivage Gourde Signature,Rivage,CAT025,S0286,18.96,6.278,false
P001010,Quartz Sac à main Signature,Quartz,CAT017,S0291,149.19,0.266,false
P001011,Zephyr Beau livre Compact,Zephyr,CAT032,S0392,167.01,5.728,false
P001012,Ursa Housse de couette XL,Ursa,CAT005,S0245,162.16,11.748,false
P001013,Cirrus Crème hydratante Classic,Cirrus,CAT018,S0463,244.34,9.451,false
P001014,Granit Cube éducatif Nomade,Granit,CAT030,S0401,73.52,3.479,false
P001015,Granit Cube éducatif Ultra,Granit,CAT030,S0534,266.48,5.944,true
P001016,Fjord Perceuse Nomade,Fjord,CAT037,S0538,27.43,5.190,false
P001017,Rivage Webcam Pro,Rivage,CAT011,S0066,93.10,2.946,false
P001018,Delvia Vinyle Éco,Delvia,CAT033,S0361,62.12,1.810,false
P001019,Halcyon Gourde Classic,Halcyon,CAT026,S0428,54.53,2.712,false
P001020,Alvora Palette Ultra,Alvora,CAT022,S0041,28.97,6.152,false
P001021,Cirrus Étagère Ultra,Cirrus,CAT005,S0493,35.90,3.662,false
P001022,Nordis Webcam Compact,Nordis,CAT009,S0537,66.16,11.975,false
P001023,Ivory Puzzle Signature,Ivory,CAT031,S0600,191.22,9.897,false
P001024,Delvia Nettoyant jantes Ultra,Delvia,CAT037,S0111,27.02,5.698,false
P001025,Meridian Roman Éco,Meridian,CAT032,S0362,55.69,8.671,false
P001026,Meridian Coffret BD Classic,Meridian,CAT033,S0450,174.62,4.293,false
P001027,Solstice Bâche Éco,Solstice,CAT037,S0286,27.39,11.404,false
P001028,Terra Casque vélo Pro,Terra,CAT025,S0524,28.11,1.056,false
P001029,Granit Cube éducatif Signature,Granit,CAT031,S0572,217.35,9.864,false
P001030,Fjord Puzzle Premium,Fjord,CAT031,S0461,8.92,1.009,false
P001031,Windrow Gourde Signature,Windrow,CAT027,S0185,88.40,7.316,false
P001032,Kestrel Jeu de plateau Premium,Kestrel,CAT028,S0480,68.31,6.233,false
P001033,Kestrel Coffret BD Premium,Kestrel,CAT032,S0530,93.82,9.837,false
P001034,Windrow Filtre à air Classic,Windrow,CAT037,S0314,148.82,8.794,false
P001035,Kestrel Beau livre Classic,Kestrel,CAT035,S0223,49.53,8.294,false
P001036,Quartz Sneakers Éco,Quartz,CAT015,S0502,80.53,5.486,false
P001037,Solstice Perceuse Pro,Solstice,CAT038,S0537,95.00,11.007,false
P001038,Ember Nettoyant jantes Premium,Ember,CAT039,S0334,18.90,9.586,false
P001039,Alvora Chemise Compact,Alvora,CAT016,S0130,73.79,1.759,false
P001040,Alvora Arrosoir XL,Alvora,CAT001,S0306,94.27,8.081,false
P001041,Halcyon Chaussures de trail Premium,Halcyon,CAT025,S0109,13.18,4.356,false
P001042,Kestrel Chargeur Classic,Kestrel,CAT011,S0150,136.17,7.458,false
P001043,Orbit Clavier XL,Orbit,CAT011,S0222,170.19,11.208,false
P001044,Cirrus Shampooing Classic,Cirrus,CAT022,S0433,28.88,11.585,false
P001045,Cirrus Housse de couette XL,Cirrus,CAT003,S0483,68.73,1.612,false
P001046,Pallas Veste Premium,Pallas,CAT016,S0544,157.32,5.997,false
P001047,Cirrus Gourde Compact,Cirrus,CAT025,S0400,169.54,0.713,false
P001048,Orbit Écharpe Compact,Orbit,CAT016,S0155,29.49,3.309,false
P001049,Nordis Eau de toilette XL,Nordis,CAT019,S0219,41.33,3.422,false
P001050,Ivory Webcam XL,Ivory,CAT007,S0439,60.15,5.341,true
P001051,Ivory Montre XL,Ivory,CAT017,S0250,33.37,4.373,false
P001052,Zephyr Coffret BD XL,Zephyr,CAT034,S0320,78.42,11.572,false
P001053,Granit Ceinture Signature,Granit,CAT014,S0064,77.77,3.939,false
P001054,Bexon Clé à cliquet Éco,Bexon,CAT037,S0055,49.20,2.742,false
P001055,Pallas Coffret BD Éco,Pallas,CAT035,S0183,79.77,11.009,false
P001056,Granit Perceuse XL,Granit,CAT036,S0111,99.42,1.454,false
P001057,Juniper Montre connectée Nomade,Juniper,CAT009,S0468,155.10,7.262,false
P001058,Quartz Chemise Essentiel,Quartz,CAT017,S0130,55.24,1.057,false
P001059,Terra Coffret BD Signature,Terra,CAT032,S0401,109.45,8.522,false
P001060,Solstice Chaussures de trail Pro,Solstice,CAT025,S0350,35.31,9.426,false
P001061,Kestrel Roman Classic,Kestrel,CAT033,S0223,16.87,9.987,false
P001062,Terra Montre Signature,Terra,CAT013,S0031,37.68,11.559,false
P001063,Juniper Ceinture Nomade,Juniper,CAT014,S0282,39.27,0.695,false
P001064,Bexon Peluche Compact,Bexon,CAT029,S0257,74.05,2.130,false
P001065,Vertex Casque Éco,Vertex,CAT007,S0393,12.41,3.391,false
P001066,Alvora Sérum Nomade,Alvora,CAT022,S0236,93.87,7.994,false
P001067,Delvia Puzzle Classic,Delvia,CAT030,S0373,80.83,1.356,false
P001068,Alvora Souris Essentiel,Alvora,CAT012,S0248,94.87,5.553,false
P001069,Lumen Ceinture Nomade,Lumen,CAT015,S0170,76.38,2.663,false
P001070,Orbit Tapis de yoga Ultra,Orbit,CAT024,S0506,144.92,0.373,false
P001071,Solstice Enceinte Pro,Solstice,CAT009,S0500,24.44,11.128,false
P001072,Windrow Souris Compact,Windrow,CAT012,S0514,51.64,9.807,false
P001073,Solstice Poêle Premium,Solstice,CAT006,S0071,192.34,7.552,false
P001074,Ivory Brosse Signature,Ivory,CAT021,S0582,17.61,2.215,false
P001075,Alvora Webcam Compact,Alvora,CAT012,S0194,67.98,3.522,false
P001076,Ivory Tapis de yoga Essentiel,Ivory,CAT026,S0037,67.74,4.148,true
P001077,Nordis Vinyle Pro,Nordis,CAT035,S0098,84.63,4.193,false
P001078,Solstice Tapis de yoga Compact,Solstice,CAT025,S0546,41.77,0.684,false
P001079,Delvia Chaussures de trail Compact,Delvia,CAT024,S0319,45.45,10.265,false
P001080,Halcyon Brosse Classic,Halcyon,CAT022,S0145,17.31,4.129,false
P001081,Vertex Casque vélo XL,Vertex,CAT023,S0057,35.79,2.115,false
P001082,Rivage Perceuse XL,Rivage,CAT036,S0065,137.63,3.270,false
P001083,Pallas Sac à main Ultra,Pallas,CAT014,S0117,34.54,7.018,false
P001084,Nordis Tapis de yoga Compact,Nordis,CAT023,S0474,36.42,0.773,false
P001085,Nordis Sneakers Nomade,Nordis,CAT016,S0028,124.62,7.370,false
P001086,Fjord Filtre à air Nomade,Fjord,CAT036,S0528,284.06,10.909,false
P001087,Meridian Lampe Classic,Meridian,CAT006,S0140,167.31,4.275,false
P001088,Alvora Sneakers Ultra,Alvora,CAT017,S0024,52.40,10.609,false
P001089,Orbit Tapis de yoga Nomade,Orbit,CAT025,S0279,154.12,8.890,false
P001090,Nordis Manuel Premium,Nordis,CAT034,S0411,94.53,9.396,false
P001091,Zephyr Nettoyant jantes Éco,Zephyr,CAT038,S0464,21.26,0.574,false
P001092,Alvora Lampe Classic,Alvora,CAT006,S0375,39.73,4.841,false
P001093,Granit Vinyle Essentiel,Granit,CAT034,S0063,31.26,2.096,false
P001094,Ember Casque Premium,Ember,CAT009,S0259,88.69,6.463,true
P001095,Bexon Chargeur Classic,Bexon,CAT012,S0481,167.85,11.794,false
P001096,Zephyr Écharpe Essentiel,Zephyr,CAT014,S0028,58.76,8.405,false
P001097,Cirrus Enceinte Classic,Cirrus,CAT010,S0569,31.91,11.872,false
P001098,Fjord Lampe Premium,Fjord,CAT005,S0302,210.53,11.840,false
P001099,Halcyon Palette Nomade,Halcyon,CAT022,S0289,242.01,4.392,false
P001100,Zephyr Housse de couette Compact,Zephyr,CAT001,S0589,12.57,8.145,false
P001101,Windrow Housse de couette XL,Windrow,CAT005,S0126,123.48,5.477,false
P001102,Solstice Figurine Ultra,Solstice,CAT029,S0196,186.81,9.329,true
P001103,Lumen Trottinette Éco,Lumen,CAT028,S0330,9.30,7.853,false
P001104,Orbit Sac de sport Nomade,Orbit,CAT027,S0208,52.58,9.046,false
P001105,Rivage Sac à main Éco,Rivage,CAT014,S0212,20.49,4.101,false
P001106,Pallas Beau livre Classic,Pallas,CAT034,S0545,128.21,9.562,false
P001107,Zephyr Bâche Compact,Zephyr,CAT036,S0022,181.79,10.930,true
P001108,Kestrel Enceinte Signature,Kestrel,CAT007,S0486,56.06,11.470,false
P001109,Lumen Chargeur Ultra,Lumen,CAT007,S0276,36.65,11.804,false
P001110,Windrow Ceinture XL,Windrow,CAT015,S0456,6.07,11.593,false
P001111,Orbit Roman Premium,Orbit,CAT035,S0026,70.97,2.156,false
P001112,Meridian Trottinette Classic,Meridian,CAT029,S0549,73.16,6.725,false
P001113,Bexon Manuel Compact,Bexon,CAT035,S0472,55.72,9.522,false
P001114,Ursa Enceinte Pro,Ursa,CAT009,S0243,17.71,11.332,false
P001115,Quartz Filtre à air Nomade,Quartz,CAT039,S0384,34.38,2.577,false
P001116,Fjord Set de couverts Signature,Fjord,CAT005,S0093,36.39,10.404,false
P001117,Vertex Figurine Nomade,Vertex,CAT028,S0274,25.15,5.802,true
P001118,Vertex Brosse Éco,Vertex,CAT019,S0195,44.31,11.576,false
P001119,Lumen Gourde Nomade,Lumen,CAT026,S0582,48.87,7.095,false
P001120,Ivory Bouilloire Pro,Ivory,CAT001,S0089,75.68,9.299,true
P001121,Kestrel Arrosoir Nomade,Kestrel,CAT006,S0490,86.40,1.671,false
P001122,Rivage Roman Nomade,Rivage,CAT034,S0577,200.38,11.128,false
P001123,Delvia Sac de sport Classic,Delvia,CAT023,S0033,165.61,7.399,false
P001124,Granit Nettoyant jantes XL,Granit,CAT036,S0058,136.12,9.042,false
P001125,Juniper Brosse Compact,Juniper,CAT022,S0595,118.41,5.152,false
P001126,Rivage Clavier Essentiel,Rivage,CAT012,S0071,29.74,7.215,false
P001127,Quartz Coffret BD Premium,Quartz,CAT035,S0141,115.83,5.344,false
P001128,Granit Chaussures de trail XL,Granit,CAT027,S0325,36.05,8.928,false
P001129,Bexon Veste Premium,Bexon,CAT017,S0024,75.71,4.117,false
P001130,Vertex Manuel Pro,Vertex,CAT032,S0358,188.86,2.813,false
P001131,Alvora Gourde Ultra,Alvora,CAT027,S0330,216.77,0.711,false
P001132,Quartz Souris Nomade,Quartz,CAT008,S0421,280.77,2.018,false
P001133,Delvia Veste Nomade,Delvia,CAT015,S0375,76.24,3.775,true
P001134,Orbit Filtre à air Classic,Orbit,CAT037,S0330,64.82,4.078,false
P001135,Windrow Montre Essentiel,Windrow,CAT017,S0074,20.61,10.634,false
P001136,Cirrus Clé à cliquet Premium,Cirrus,CAT038,S0542,56.31,11.407,false
P001137,Ivory Jeu de plateau Ultra,Ivory,CAT031,S0366,61.75,11.476,false
P001138,Orbit Cube éducatif Premium,Orbit,CAT030,S0591,13.47,10.256,false
P001139,Ivory Lampe Essentiel,Ivory,CAT001,S0178,39.15,7.986,false
P001140,Cirrus Sneakers Essentiel,Cirrus,CAT016,S0250,31.63,1.853,false
P001141,Alvora Roman Éco,Alvora,CAT035,S0211,182.43,10.035,false
P001142,Zephyr Enceinte Ultra,Zephyr,CAT011,S0066,184.94,2.525,true
P001143,Terra Brosse XL,Terra,CAT020,S0318,57.41,8.254,false
P001144,Ember Cube éducatif XL,Ember,CAT029,S0274,69.56,7.262,false
P001145,Kestrel Coffret BD Signature,Kestrel,CAT032,S0318,268.85,0.333,false
P001146,Cirrus Set de couverts XL,Cirrus,CAT002,S0316,101.90,2.228,false
P001147,Halcyon Poêle XL,Halcyon,CAT005,S0564,17.67,4.084,false
P001148,Ivory Perceuse Premium,Ivory,CAT036,S0528,69.01,11.437,false
P001149,Rivage Peluche Ultra,Rivage,CAT030,S0597,109.63,2.278,false
P001150,Bexon Bouilloire Ultra,Bexon,CAT005,S0514,83.65,10.134,false
P001151,Nordis Gourde XL,Nordis,CAT027,S0256,120.99,0.106,false
P001152,Pallas Sneakers XL,Pallas,CAT014,S0545,38.84,3.043,false
P001153,Ursa Bâche XL,Ursa,CAT038,S0397,75.63,7.805,false
P001154,Alvora Eau de toilette Signature,Alvora,CAT019,S0145,187.51,10.945,false
P001155,Zephyr Veste Premium,Zephyr,CAT015,S0107,146.47,2.606,false
P001156,Nordis Webcam Signature,Nordis,CAT012,S0512,94.89,1.605,false
P001157,Windrow Shampooing Premium,Windrow,CAT022,S0576,68.55,7.261,false
P001158,Halcyon Montre Éco,Halcyon,CAT013,S0064,270.59,11.245,false
P001159,Orbit Coffret BD Nomade,Orbit,CAT034,S0496,74.72,1.074,false
P001160,Terra Arrosoir Nomade,Terra,CAT006,S0025,75.47,7.762,false
P001161,Bexon Eau de toilette Éco,Bexon,CAT020,S0455,34.49,7.165,false
P001162,Bexon Roman Pro,Bexon,CAT032,S0397,60.43,9.953,false
P001163,Pallas Tapis de yoga Pro,Pallas,CAT027,S0385,22.17,1.069,false
P001164,Vertex Crème hydratante Éco,Vertex,CAT019,S0217,69.75,2.464,false
P001165,Vertex Jeu de plateau Pro,Vertex,CAT028,S0461,42.45,1.841,false
P001166,Cirrus Crème hydratante Compact,Cirrus,CAT021,S0555,16.37,2.883,false
P001167,Alvora Perceuse Compact,Alvora,CAT038,S0238,33.72,8.728,false
P001168,Juniper Étagère Essentiel,Juniper,CAT001,S0519,68.05,1.241,false
P001169,Zephyr Lampe Classic,Zephyr,CAT003,S0329,89.48,10.532,false
P001170,Granit Sneakers Nomade,Granit,CAT015,S0441,77.32,10.128,false
P001171,Zephyr Montre Éco,Zephyr,CAT014,S0523,229.90,2.729,false
P001172,Pallas Puzzle Pro,Pallas,CAT030,S0257,32.83,5.793,false
P001173,Fjord Jeu de plateau Premium,Fjord,CAT028,S0549,33.67,9.524,false
P001174,Meridian Housse de couette Compact,Meridian,CAT001,S0452,256.08,8.565,false
P001175,Ivory Sac à main Premium,Ivory,CAT015,S0179,187.21,6.635,false
P001176,Orbit Nettoyant jantes Classic,Orbit,CAT036,S0007,60.88,3.099,false
P001177,Rivage Shampooing Classic,Rivage,CAT018,S0253,46.81,8.316,false
P001178,Delvia Ceinture Compact,Delvia,CAT017,S0365,54.24,1.029,false
P001179,Vertex Set de couverts XL,Vertex,CAT004,S0302,57.91,5.875,false
P001180,Orbit Chemise Signature,Orbit,CAT017,S0565,25.84,2.600,false
P001181,Lumen Bâche Compact,Lumen,CAT038,S0553,90.95,9.001,false
P001182,Alvora Eau de toilette Signature,Alvora,CAT022,S0505,48.48,11.727,false
P001183,Granit Arrosoir Premium,Granit,CAT002,S0360,22.93,4.876,false
P001184,Windrow Chargeur Pro,Windrow,CAT007,S0448,151.30,2.403,false
P001185,Rivage Webcam Premium,Rivage,CAT008,S0532,92.61,7.940,false
P001186,Bexon Vinyle Nomade,Bexon,CAT035,S0110,21.95,6.720,false
P001187,Fjord Sac à main Classic,Fjord,CAT017,S0179,56.51,1.765,true
P001188,Granit Trottinette Nomade,Granit,CAT031,S0328,42.63,11.259,false
P001189,Fjord Enceinte Nomade,Fjord,CAT007,S0231,93.25,5.751,false
P001190,Granit Poêle Compact,Granit,CAT002,S0122,105.51,3.015,false
P001191,Orbit Enceinte Éco,Orbit,CAT010,S0459,165.18,5.911,false
P001192,Ursa Poêle Pro,Ursa,CAT002,S0592,19.23,8.836,false
P001193,Quartz Set de couverts Signature,Quartz,CAT003,S0006,38.05,7.629,false
P001194,Meridian Chargeur Nomade,Meridian,CAT009,S0581,65.87,5.253,false
P001195,Nordis Set de couverts Éco,Nordis,CAT002,S0302,68.31,1.418,false
P001196,Juniper Bouilloire Essentiel,Juniper,CAT005,S0397,55.30,5.639,false
P001197,Solstice Casque vélo XL,Solstice,CAT027,S0403,87.37,11.826,true
P001198,Halcyon Vinyle Pro,Halcyon,CAT032,S0082,5.58,9.696,false
P001199,Fjord Filtre à air Essentiel,Fjord,CAT038,S0033,214.71,2.578,false
P001200,Fjord Tapis de yoga Compact,Fjord,CAT024,S0528,61.89,10.381,true
P001201,Halcyon Sneakers Nomade,Halcyon,CAT015,S0228,7.97,4.034,true
P001202,Solstice Puzzle Essentiel,Solstice,CAT028,S0470,76.90,4.274,false
P001203,Rivage Coffret BD Signature,Rivage,CAT033,S0053,31.00,1.466,false
P001204,Zephyr Eau de toilette XL,Zephyr,CAT021,S0052,24.88,5.911,true
P001205,Halcyon Casque Éco,Halcyon,CAT009,S0065,58.58,1.776,false
P001206,Ursa Lampe Nomade,Ursa,CAT001,S0420,187.01,4.561,false
P001207,Alvora Bouilloire Signature,Alvora,CAT006,S0025,15.29,5.364,false
P001208,Fjord Lampe Essentiel,Fjord,CAT004,S0089,210.43,10.079,false
P001209,Quartz Coffret BD Premium,Quartz,CAT033,S0224,65.39,6.412,false
P001210,Zephyr Montre Signature,Zephyr,CAT017,S0444,41.85,5.342,false
P001211,Kestrel Sac à main Essentiel,Kestrel,CAT016,S0197,42.30,4.263,false
P001212,Lumen Cube éducatif Ultra,Lumen,CAT028,S0591,22.70,11.932,false
P001213,Juniper Coffret BD Éco,Juniper,CAT032,S0304,11.54,8.942,false
P001214,Terra Beau livre Premium,Terra,CAT033,S0392,52.46,0.356,false
P001215,Terra Étagère Pro,Terra,CAT004,S0199,127.05,8.751,false
P001216,Quartz Set de couverts Signature,Quartz,CAT002,S0158,158.94,6.151,false
P001217,Bexon Nettoyant jantes Signature,Bexon,CAT037,S0007,70.51,10.069,false
P001218,Rivage Nettoyant jantes Signature,Rivage,CAT038,S0216,199.97,1.833,false
P001219,Cirrus Étagère Nomade,Cirrus,CAT001,S0407,46.03,7.917,false
P001220,Terra Peluche Pro,Terra,CAT031,S0304,62.41,10.022,false
P001221,Meridian Housse de couette Premium,Meridian,CAT002,S0112,228.52,6.186,false
P001222,Lumen Set de couverts Essentiel,Lumen,CAT001,S0475,91.25,2.435,false
P001223,Meridian Filtre à air Compact,Meridian,CAT036,S0048,23.22,11.119,false
P001224,Ivory Gourde Signature,Ivory,CAT027,S0088,87.22,8.615,true
P001225,Cirrus Peluche Classic,Cirrus,CAT031,S0205,10.09,4.157,false
P001226,Quartz Coffret BD Classic,Quartz,CAT034,S0104,56.24,9.721,false
P001227,Ivory Poêle Compact,Ivory,CAT006,S0306,85.50,9.314,true
P001228,Fjord Souris XL,Fjord,CAT008,S0222,39.80,2.267,false
P001229,Meridian Chemise Compact,Meridian,CAT017,S0331,16.33,3.609,false
P001230,Quartz Cube éducatif Classic,Quartz,CAT030,S0385,81.08,10.878,true
P001231,Rivage Montre Signature,Rivage,CAT013,S0403,42.03,3.520,false
P001232,Ember Sérum XL,Ember,CAT021,S0101,25.24,2.068,false
P001233,Ivory Palette Premium,Ivory,CAT021,S0453,34.22,10.664,false
P001234,Nordis Souris Ultra,Nordis,CAT008,S0512,87.30,11.341,false
P001235,Ember Chargeur Compact,Ember,CAT010,S0009,65.75,8.221,true
P001236,Solstice Sac de sport Éco,Solstice,CAT024,S0376,5.13,10.652,false
P001237,Quartz Nettoyant jantes Classic,Quartz,CAT039,S0571,94.50,4.757,false
P001238,Halcyon Jeu de plateau Éco,Halcyon,CAT031,S0372,137.94,10.885,false
P001239,Granit Shampooing Pro,Granit,CAT022,S0200,54.08,3.582,false
P001240,Terra Housse de couette Premium,Terra,CAT005,S0127,21.80,10.130,false
P001241,Nordis Set de couverts XL,Nordis,CAT003,S0083,68.49,9.939,false
P001242,Meridian Sneakers Signature,Meridian,CAT015,S0465,104.55,1.935,false
P001243,Terra Manuel XL,Terra,CAT034,S0267,84.27,0.482,false
P001244,Granit Roman Éco,Granit,CAT035,S0116,23.12,4.494,false
P001245,Halcyon Housse de couette Pro,Halcyon,CAT002,S0277,15.24,0.844,false
P001246,Halcyon Beau livre Ultra,Halcyon,CAT034,S0139,277.44,1.762,false
P001247,Rivage Coffret BD Ultra,Rivage,CAT034,S0315,130.01,9.032,false
P001248,Nordis Coffret BD Nomade,Nordis,CAT033,S0282,172.71,10.795,false
P001249,Halcyon Ceinture Éco,Halcyon,CAT013,S0044,51.73,1.708,false
P001250,Quartz Brosse Classic,Quartz,CAT021,S0122,152.42,5.566,false
P001251,Zephyr Tapis de yoga Premium,Zephyr,CAT027,S0560,163.35,10.423,false
P001252,Alvora Sneakers Pro,Alvora,CAT017,S0282,37.18,8.939,false
P001253,Quartz Crème hydratante Éco,Quartz,CAT018,S0580,36.24,9.064,false
P001254,Quartz Chemise Premium,Quartz,CAT016,S0059,63.23,7.708,true
P001255,Halcyon Casque vélo Compact,Halcyon,CAT026,S0395,68.02,7.828,false
P001256,Meridian Bâche Compact,Meridian,CAT037,S0251,64.82,4.320,false
P001257,Rivage Figurine Signature,Rivage,CAT030,S0149,81.68,4.172,false
P001258,Fjord Peluche Ultra,Fjord,CAT031,S0510,18.54,0.173,false
P001259,Bexon Crème hydratante Pro,Bexon,CAT019,S0113,82.91,7.136,false
P001260,Vertex Sérum Premium,Vertex,CAT019,S0049,224.97,9.524,false
P001261,Ivory Cube éducatif Signature,Ivory,CAT030,S0591,54.65,10.257,false
P001262,Solstice Tapis de yoga Premium,Solstice,CAT027,S0103,55.99,2.860,false
P001263,Windrow Écharpe XL,Windrow,CAT013,S0545,7.20,1.193,false
P001264,Delvia Sérum Nomade,Delvia,CAT018,S0049,77.03,2.646,false
P001265,Pallas Vinyle Compact,Pallas,CAT035,S0053,52.27,2.654,false
P001266,Juniper Set de couverts Pro,Juniper,CAT006,S0487,25.44,2.377,false
P001267,Ursa Gourde Ultra,Ursa,CAT023,S0088,58.06,3.738,false
P001268,Terra Set de couverts Éco,Terra,CAT006,S0206,19.51,7.151,false
P001269,Windrow Vinyle Essentiel,Windrow,CAT035,S0028,81.68,11.921,true
P001270,Zephyr Peluche Ultra,Zephyr,CAT031,S0179,9.05,2.527,false
P001271,Solstice Étagère Essentiel,Solstice,CAT005,S0046,91.60,11.738,false
P001272,Ursa Sneakers Ultra,Ursa,CAT013,S0080,69.48,7.942,false
P001273,Kestrel Casque vélo Ultra,Kestrel,CAT027,S0042,57.48,2.945,false
P001274,Solstice Bouilloire Essentiel,Solstice,CAT006,S0274,116.86,5.371,false
P001275,Ivory Sérum Compact,Ivory,CAT019,S0540,59.59,1.207,false
P001276,Meridian Housse de couette Compact,Meridian,CAT004,S0393,13.89,10.172,false
P001277,Nordis Jeu de plateau Éco,Nordis,CAT028,S0337,25.20,7.954,false
P001278,Rivage Sérum Classic,Rivage,CAT019,S0318,234.81,5.062,false
P001279,Nordis Sérum Nomade,Nordis,CAT018,S0102,5.82,9.424,false
P001280,Lumen Figurine Nomade,Lumen,CAT028,S0446,50.32,4.880,false
P001281,Lumen Trottinette Essentiel,Lumen,CAT028,S0520,46.33,10.338,false
P001282,Delvia Beau livre Pro,Delvia,CAT034,S0116,168.19,5.340,false
P001283,Cirrus Sneakers Signature,Cirrus,CAT013,S0347,61.50,9.474,false
P001284,Halcyon Arrosoir Premium,Halcyon,CAT004,S0350,79.86,4.224,false
P001285,Ivory Roman Nomade,Ivory,CAT034,S0060,151.14,5.780,false
P001286,Vertex Trottinette Essentiel,Vertex,CAT029,S0550,53.82,8.516,false
P001287,Cirrus Souris Signature,Cirrus,CAT008,S0065,206.74,7.599,false
P001288,Halcyon Chaussures de trail Premium,Halcyon,CAT023,S0263,54.72,4.470,false
P001289,Nordis Bouilloire Classic,Nordis,CAT003,S0008,36.81,1.591,false
P001290,Windrow Clé à cliquet Éco,Windrow,CAT037,S0240,83.33,4.182,false
P001291,Juniper Poêle XL,Juniper,CAT002,S0036,35.41,4.162,false
P001292,Meridian Lampe Éco,Meridian,CAT005,S0226,29.13,10.947,false
P001293,Alvora Chargeur Classic,Alvora,CAT011,S0038,133.47,4.162,false
P001294,Nordis Beau livre Premium,Nordis,CAT034,S0325,126.18,4.200,false
P001295,Kestrel Set de couverts Éco,Kestrel,CAT004,S0212,39.86,4.439,false
P001296,Halcyon Perceuse Pro,Halcyon,CAT038,S0305,52.21,8.710,false
P001297,Ember Set de couverts XL,Ember,CAT006,S0409,27.33,8.875,true
P001298,Vertex Eau de toilette Nomade,Vertex,CAT020,S0443,92.39,9.909,false
P001299,Ivory Palette Nomade,Ivory,CAT019,S0237,75.50,7.598,false
P001300,Granit Brosse Signature,Granit,CAT022,S0318,79.70,0.383,false
P001301,Terra Puzzle Compact,Terra,CAT031,S0005,87.31,10.496,false
P001302,Orbit Montre Essentiel,Orbit,CAT017,S0555,79.20,2.767,false
P001303,Vertex Palette Essentiel,Vertex,CAT021,S0489,74.75,1.068,false
P001304,Bexon Crème hydratante Classic,Bexon,CAT021,S0533,53.96,11.031,false
P001305,Ivory Manuel Premium,Ivory,CAT032,S0359,39.67,2.617,false
P001306,Bexon Manuel XL,Bexon,CAT033,S0476,159.98,3.587,false
P001307,Meridian Étagère Pro,Meridian,CAT005,S0189,105.20,8.428,false
P001308,Solstice Bouilloire Ultra,Solstice,CAT006,S0083,79.57,9.984,false
P001309,Pallas Sérum Nomade,Pallas,CAT020,S0507,18.22,11.984,true
P001310,Meridian Sérum Compact,Meridian,CAT018,S0076,14.69,3.482,false
P001311,Fjord Manuel Pro,Fjord,CAT035,S0583,284.69,9.425,false
P001312,Bexon Cube éducatif Signature,Bexon,CAT030,S0260,15.18,11.005,true
P001313,Rivage Trottinette Éco,Rivage,CAT030,S0461,114.75,11.780,true
P001314,Zephyr Bâche Premium,Zephyr,CAT038,S0348,58.06,2.380,false
P001315,Solstice Haltères Essentiel,Solstice,CAT026,S0306,35.29,4.484,false
P001316,Juniper Brosse XL,Juniper,CAT020,S0100,28.49,10.499,false
P001317,Bexon Tapis de yoga Ultra,Bexon,CAT023,S0233,167.63,0.115,false
P001318,Alvora Beau livre Signature,Alvora,CAT034,S0469,20.41,5.915,false
P001319,Juniper Trottinette Éco,Juniper,CAT030,S0280,51.08,11.828,false
P001320,Nordis Crème hydratante Pro,Nordis,CAT019,S0273,15.06,9.184,false
P001321,Zephyr Chargeur Nomade,Zephyr,CAT012,S0029,52.62,5.830,false
P001322,Quartz Filtre à air Classic,Quartz,CAT039,S0542,70.52,8.110,false
P001323,Vertex Souris Compact,Vertex,CAT007,S0567,61.01,2.474,false
P001324,Zephyr Lampe Pro,Zephyr,CAT006,S0466,83.29,3.039,false
P001325,Orbit Chaussures de trail Essentiel,Orbit,CAT025,S0031,84.13,0.751,false
P001326,Nordis Set de couverts Pro,Nordis,CAT002,S0529,30.31,9.674,false
P001327,Halcyon Chaussures de trail Essentiel,Halcyon,CAT023,S0088,84.31,2.657,false
P001328,Lumen Lampe Classic,Lumen,CAT005,S0522,209.37,1.770,false
P001329,Delvia Gourde Ultra,Delvia,CAT026,S0330,46.99,4.329,false
P001330,Meridian Clé à cliquet XL,Meridian,CAT038,S0023,79.62,6.645,false
P001331,Bexon Montre Ultra,Bexon,CAT013,S0410,7.88,4.599,false
P001332,Vertex Lampe Premium,Vertex,CAT003,S0502,106.69,3.163,false
P001333,Ivory Veste Éco,Ivory,CAT016,S0469,251.18,7.832,false
P001334,Ursa Sérum Nomade,Ursa,CAT018,S0105,82.83,11.552,false
P001335,Halcyon Chaussures de trail XL,Halcyon,CAT023,S0490,52.14,11.172,false
P001336,Ursa Filtre à air Compact,Ursa,CAT038,S0571,37.39,6.375,false
P001337,Vertex Roman Premium,Vertex,CAT032,S0298,63.28,2.084,false
P001338,Orbit Beau livre Compact,Orbit,CAT034,S0491,92.24,5.221,false
P001339,Terra Vinyle Compact,Terra,CAT034,S0467,43.50,9.012,false
P001340,Vertex Figurine Signature,Vertex,CAT029,S0206,63.15,0.965,false
P001341,Ivory Chemise XL,Ivory,CAT015,S0434,250.71,4.881,false
P001342,Terra Clé à cliquet XL,Terra,CAT036,S0268,71.22,2.054,false
P001343,Rivage Sérum Essentiel,Rivage,CAT021,S0552,91.90,8.159,false
P001344,Zephyr Peluche Ultra,Zephyr,CAT030,S0386,50.10,11.106,false
P001345,Zephyr Nettoyant jantes Signature,Zephyr,CAT036,S0443,46.09,1.269,false
P001346,Rivage Palette Premium,Rivage,CAT020,S0126,123.26,5.993,false
P001347,Alvora Tapis de yoga Signature,Alvora,CAT023,S0331,5.55,3.123,false
P001348,Nordis Poêle Éco,Nordis,CAT005,S0518,72.68,7.184,false
P001349,Bexon Tapis de yoga Premium,Bexon,CAT027,S0043,79.39,11.379,false
P001350,Alvora Bouilloire Signature,Alvora,CAT001,S0352,67.77,1.764,false
P001351,Vertex Nettoyant jantes Premium,Vertex,CAT038,S0099,9.67,1.838,false
P001352,Ember Filtre à air Premium,Ember,CAT037,S0166,82.69,11.097,false
P001353,Juniper Figurine Compact,Juniper,CAT031,S0149,70.58,1.783,false
P001354,Bexon Eau de toilette Compact,Bexon,CAT019,S0273,52.30,10.554,false
P001355,Halcyon Chargeur Classic,Halcyon,CAT008,S0578,81.15,11.978,false
P001356,Halcyon Perceuse XL,Halcyon,CAT038,S0111,60.01,1.672,false
P001357,Cirrus Crème hydratante Premium,Cirrus,CAT019,S0595,36.92,10.458,false
P001358,Rivage Vinyle Premium,Rivage,CAT033,S0139,166.00,11.651,false
P001359,Granit Sac à main XL,Granit,CAT016,S0464,122.30,11.309,false
P001360,Quartz Souris Signature,Quartz,CAT007,S0013,50.09,9.789,false
P001361,Halcyon Arrosoir Éco,Halcyon,CAT006,S0420,8.37,8.631,false
P001362,Halcyon Montre Ultra,Halcyon,CAT017,S0399,65.63,4.130,false
P001363,Cirrus Beau livre Classic,Cirrus,CAT035,S0016,195.15,5.586,false
P001364,Halcyon Écharpe Nomade,Halcyon,CAT013,S0117,96.78,5.474,false
P001365,Alvora Sac de sport Signature,Alvora,CAT024,S0490,17.12,6.520,false
P001366,Terra Tapis de yoga Signature,Terra,CAT027,S0187,53.17,8.004,false
P001367,Cirrus Beau livre Nomade,Cirrus,CAT034,S0004,10.86,9.614,false
P001368,Quartz Jeu de plateau Signature,Quartz,CAT029,S0180,75.59,10.792,false
P001369,Solstice Tapis de yoga Nomade,Solstice,CAT024,S0557,86.27,4.875,false
P001370,Halcyon Chaussures de trail Nomade,Halcyon,CAT024,S0057,28.82,11.768,false
P001371,Lumen Casque Signature,Lumen,CAT009,S0468,97.43,11.375,false
P001372,Delvia Tapis de yoga Premium,Delvia,CAT023,S0507,151.46,8.334,false
P001373,Vertex Roman Classic,Vertex,CAT035,S0467,31.97,2.388,false
P001374,Lumen Montre connectée Premium,Lumen,CAT007,S0230,64.38,9.365,false
P001375,Halcyon Poêle Signature,Halcyon,CAT006,S0535,54.97,8.010,false
P001376,Vertex Shampooing Essentiel,Vertex,CAT020,S0122,145.12,11.397,true
P001377,Kestrel Arrosoir Signature,Kestrel,CAT004,S0340,20.28,1.501,false
P001378,Terra Bouilloire Compact,Terra,CAT005,S0083,34.11,7.660,false
P001379,Ember Perceuse XL,Ember,CAT038,S0166,38.41,1.813,true
P001380,Delvia Clavier Classic,Delvia,CAT007,S0035,43.63,10.174,false
P001381,Fjord Sac à main Ultra,Fjord,CAT017,S0182,71.73,1.518,true
P001382,Fjord Montre connectée Ultra,Fjord,CAT007,S0249,250.58,8.058,true
P001383,Pallas Enceinte Éco,Pallas,CAT009,S0248,70.78,1.782,false
P001384,Meridian Roman Éco,Meridian,CAT035,S0379,47.25,2.893,false
P001385,Cirrus Housse de couette Éco,Cirrus,CAT002,S0390,22.08,5.015,false
P001386,Ivory Bouilloire Signature,Ivory,CAT001,S0008,14.05,10.824,false
P001387,Kestrel Chemise XL,Kestrel,CAT016,S0453,47.40,4.413,false
P001388,Delvia Roman XL,Delvia,CAT035,S0267,54.67,5.352,false
P001389,Ursa Figurine Signature,Ursa,CAT029,S0510,17.04,10.330,false
P001390,Terra Lampe Ultra,Terra,CAT003,S0350,53.23,6.637,false
P001391,Juniper Enceinte Ultra,Juniper,CAT011,S0206,85.87,7.480,true
P001392,Kestrel Perceuse Nomade,Kestrel,CAT037,S0305,14.52,4.702,false
P001393,Rivage Vinyle Nomade,Rivage,CAT035,S0104,197.25,1.244,false
P001394,Granit Sérum Classic,Granit,CAT019,S0533,159.28,4.173,false
P001395,Alvora Manuel Nomade,Alvora,CAT034,S0320,44.57,1.260,false
P001396,Quartz Vinyle Premium,Quartz,CAT035,S0489,98.44,9.331,false
P001397,Ivory Housse de couette Classic,Ivory,CAT001,S0468,91.83,2.812,false
P001398,Juniper Poêle XL,Juniper,CAT001,S0061,124.63,2.506,false
P001399,Rivage Casque vélo Nomade,Rivage,CAT025,S0597,16.83,4.451,false
P001400,Rivage Perceuse Essentiel,Rivage,CAT038,S0448,195.10,8.481,false
P001401,Cirrus Shampooing Ultra,Cirrus,CAT020,S0214,73.93,11.368,false
P001402,Ivory Casque vélo Essentiel,Ivory,CAT027,S0226,90.65,5.479,false
P001403,Pallas Filtre à air Pro,Pallas,CAT038,S0436,46.93,5.584,false
P001404,Bexon Beau livre Premium,Bexon,CAT032,S0570,222.73,8.001,false
P001405,Lumen Ceinture Classic,Lumen,CAT016,S0059,6.91,7.414,false
P001406,Vertex Nettoyant jantes Éco,Vertex,CAT037,S0167,16.78,0.552,false
P001407,Rivage Perceuse Essentiel,Rivage,CAT037,S0340,115.12,8.097,false
P001408,Granit Clavier Nomade,Granit,CAT008,S0091,42.05,8.068,true
P001409,Vertex Roman Éco,Vertex,CAT035,S0313,26.46,2.423,false
P001410,Nordis Sérum Ultra,Nordis,CAT022,S0364,56.57,5.996,false
P001411,Kestrel Puzzle Pro,Kestrel,CAT029,S0470,104.90,5.603,false
P001412,Ivory Nettoyant jantes Ultra,Ivory,CAT036,S0275,44.30,7.631,false
P001413,Cirrus Manuel Ultra,Cirrus,CAT033,S0450,59.22,11.884,false
P001414,Windrow Set de couverts Éco,Windrow,CAT006,S0316,202.85,8.319,false
P001415,Ivory Perceuse XL,Ivory,CAT037,S0391,70.17,0.140,false
P001416,Cirrus Étagère Éco,Cirrus,CAT002,S0089,72.27,11.811,false
P001417,Pallas Montre Premium,Pallas,CAT013,S0453,58.30,9.963,false
P001418,Quartz Gourde Premium,Quartz,CAT023,S0193,172.00,1.148,true
P001419,Ursa Arrosoir XL,Ursa,CAT001,S0127,164.23,11.244,false
P001420,Cirrus Ceinture Compact,Cirrus,CAT014,S0563,41.51,9.189,false
P001421,Zephyr Poêle Pro,Zephyr,CAT006,S0127,65.31,5.216,false
P001422,Fjord Palette XL,Fjord,CAT020,S0235,155.73,11.624,false
P001423,Quartz Set de couverts XL,Quartz,CAT002,S0199,45.87,4.082,false
P001424,Orbit Cube éducatif Essentiel,Orbit,CAT029,S0372,246.50,1.962,false
P001425,Ursa Trottinette Signature,Ursa,CAT031,S0059,9.67,5.328,true
P001426,Pallas Trottinette Classic,Pallas,CAT031,S0543,145.51,0.256,false
P001427,Terra Roman Classic,Terra,CAT035,S0270,58.57,4.136,false
P001428,Orbit Poêle Nomade,Orbit,CAT001,S0283,78.00,9.566,false
P001429,Solstice Montre connectée Premium,Solstice,CAT009,S0066,58.34,2.598,false
P001430,Kestrel Chargeur Pro,Kestrel,CAT007,S0468,92.13,9.639,true
P001431,Halcyon Clavier XL,Halcyon,CAT010,S0310,207.38,1.357,false
P001432,Juniper Chaussures de trail Pro,Juniper,CAT025,S0327,48.72,6.371,false
P001433,Fjord Eau de toilette Compact,Fjord,CAT021,S0194,70.30,4.640,false
P001434,Ivory Set de couverts XL,Ivory,CAT005,S0500,171.18,1.606,false
P001435,Rivage Gourde Compact,Rivage,CAT024,S0109,9.74,10.156,false
P001436,Ursa Coffret BD XL,Ursa,CAT033,S0084,27.26,4.178,false
P001437,Ursa Perceuse Nomade,Ursa,CAT036,S0200,23.32,0.313,false
P001438,Granit Cube éducatif Premium,Granit,CAT028,S0063,152.26,9.928,false
P001439,Bexon Set de couverts Pro,Bexon,CAT005,S0522,92.32,7.513,false
P001440,Halcyon Roman Classic,Halcyon,CAT033,S0177,165.25,4.115,false
P001441,Kestrel Palette Classic,Kestrel,CAT018,S0541,31.25,8.137,false
P001442,Orbit Haltères Pro,Orbit,CAT023,S0250,140.34,6.462,false
P001443,Meridian Jeu de plateau Signature,Meridian,CAT028,S0105,21.50,2.677,false
P001444,Cirrus Puzzle Premium,Cirrus,CAT028,S0210,85.41,2.293,false
P001445,Cirrus Cube éducatif Classic,Cirrus,CAT030,S0600,83.76,6.687,false
P001446,Zephyr Sac à main Pro,Zephyr,CAT013,S0198,58.44,2.691,false
P001447,Ivory Chargeur Pro,Ivory,CAT010,S0150,4.64,0.524,false
P001448,Quartz Tapis de yoga Signature,Quartz,CAT027,S0331,103.12,10.428,false
P001449,Orbit Bouilloire Éco,Orbit,CAT005,S0061,17.02,2.228,false
P001450,Zephyr Jeu de plateau XL,Zephyr,CAT029,S0337,12.40,5.542,false
P001451,Juniper Puzzle Signature,Juniper,CAT029,S0151,53.97,9.220,true
P001452,Bexon Enceinte Compact,Bexon,CAT011,S0581,34.00,11.092,false
P001453,Granit Clavier XL,Granit,CAT011,S0383,32.55,3.992,false
P001454,Bexon Webcam Classic,Bexon,CAT008,S0550,233.13,11.965,false
P001455,Bexon Clé à cliquet Signature,Bexon,CAT036,S0241,33.80,10.017,false
P001456,Nordis Webcam Éco,Nordis,CAT010,S0539,18.07,7.490,false
P001457,Delvia Montre XL,Delvia,CAT015,S0360,239.76,11.499,false
P001458,Windrow Enceinte Éco,Windrow,CAT011,S0255,30.18,8.615,false
P001459,Halcyon Filtre à air Premium,Halcyon,CAT039,S0023,142.80,9.055,true
P001460,Lumen Chargeur Classic,Lumen,CAT011,S0494,86.45,8.924,false
P001461,Fjord Filtre à air Éco,Fjord,CAT036,S0085,79.53,10.870,false
P001462,Solstice Écharpe Compact,Solstice,CAT013,S0596,104.37,9.542,false
P001463,Solstice Shampooing Essentiel,Solstice,CAT022,S0300,177.40,6.911,false
P001464,Granit Chaussures de trail Ultra,Granit,CAT027,S0490,19.33,3.566,false
P001465,Ember Casque Éco,Ember,CAT007,S0196,274.48,0.419,false
P001466,Cirrus Set de couverts Premium,Cirrus,CAT002,S0600,20.28,8.880,false
P001467,Lumen Gourde Pro,Lumen,CAT027,S0263,30.51,5.448,false
P001468,Vertex Filtre à air XL,Vertex,CAT038,S0305,132.76,1.173,false
P001469,Granit Montre connectée Classic,Granit,CAT009,S0230,107.47,0.767,false
P001470,Solstice Manuel XL,Solstice,CAT035,S0307,28.63,8.527,false
P001471,Ursa Coffret BD Compact,Ursa,CAT034,S0290,54.36,11.271,false
P001472,Nordis Jeu de plateau Classic,Nordis,CAT030,S0517,88.08,11.923,false
P001473,Zephyr Perceuse Premium,Zephyr,CAT036,S0090,49.26,4.593,false
P001474,Pallas Écharpe Nomade,Pallas,CAT016,S0180,97.84,2.727,false
P001475,Windrow Shampooing Essentiel,Windrow,CAT019,S0568,68.79,9.773,false
P001476,Meridian Crème hydratante Compact,Meridian,CAT022,S0595,35.34,3.464,false
P001477,Ember Eau de toilette Compact,Ember,CAT018,S0100,20.63,0.705,false
P001478,Alvora Sac de sport Classic,Alvora,CAT023,S0476,38.16,2.925,false
P001479,Nordis Montre connectée Premium,Nordis,CAT008,S0074,34.76,1.660,false
P001480,Orbit Coffret BD Signature,Orbit,CAT035,S0322,84.88,2.188,false
P001481,Ursa Bâche Nomade,Ursa,CAT036,S0119,223.24,3.717,false
P001482,Solstice Beau livre Signature,Solstice,CAT034,S0146,24.65,1.874,false
P001483,Ember Lampe Pro,Ember,CAT003,S0350,65.90,1.904,false
P001484,Delvia Shampooing Nomade,Delvia,CAT018,S0294,209.73,1.499,false
P001485,Terra Montre Éco,Terra,CAT013,S0210,61.76,2.588,false
P001486,Ursa Trottinette Pro,Ursa,CAT030,S0387,42.90,0.449,false
P001487,Delvia Vinyle Pro,Delvia,CAT034,S0154,76.43,4.116,false
P001488,Ivory Crème hydratante Pro,Ivory,CAT019,S0292,53.36,2.081,false
P001489,Bexon Figurine Signature,Bexon,CAT030,S0534,76.33,9.923,false
P001490,Terra Montre Essentiel,Terra,CAT014,S0170,113.09,0.958,false
P001491,Ursa Brosse Signature,Ursa,CAT018,S0094,101.61,8.660,false
P001492,Delvia Cube éducatif Classic,Delvia,CAT029,S0341,11.85,4.048,false
P001493,Windrow Puzzle Essentiel,Windrow,CAT028,S0437,100.39,11.823,false
P001494,Fjord Cube éducatif Pro,Fjord,CAT031,S0201,107.46,10.298,false
P001495,Halcyon Cube éducatif Signature,Halcyon,CAT031,S0274,166.45,3.098,false
P001496,Pallas Chemise Compact,Pallas,CAT015,S0440,9.63,2.860,false
P001497,Rivage Peluche Pro,Rivage,CAT028,S0152,91.83,8.550,false
P001498,Zephyr Filtre à air XL,Zephyr,CAT039,S0219,26.99,7.666,false
P001499,Orbit Enceinte Premium,Orbit,CAT007,S0512,10.34,8.072,false
P001500,Halcyon Roman XL,Halcyon,CAT035,S0562,75.29,11.570,false
P001501,Fjord Montre connectée Premium,Fjord,CAT011,S0439,25.98,4.279,false
P001502,Rivage Gourde Premium,Rivage,CAT025,S0374,91.21,5.634,false
P001503,Ember Étagère Essentiel,Ember,CAT005,S0281,42.76,4.760,false
P001504,Ember Arrosoir Signature,Ember,CAT001,S0158,193.63,5.960,false
P001505,Ember Bâche Essentiel,Ember,CAT037,S0484,48.35,11.447,false
P001506,Cirrus Eau de toilette Pro,Cirrus,CAT022,S0505,61.03,3.647,false
P001507,Zephyr Peluche Nomade,Zephyr,CAT028,S0372,40.09,4.724,false
P001508,Delvia Shampooing Essentiel,Delvia,CAT020,S0239,5.68,11.957,false
P001509,Orbit Jeu de plateau Essentiel,Orbit,CAT028,S0151,80.31,7.766,false
P001510,Lumen Haltères Pro,Lumen,CAT024,S0201,229.17,4.352,false
P001511,Terra Manuel Nomade,Terra,CAT034,S0417,82.78,3.493,false
P001512,Meridian Sac de sport Essentiel,Meridian,CAT027,S0076,145.87,4.462,false
P001513,Alvora Poêle Éco,Alvora,CAT002,S0522,31.71,1.699,false
P001514,Quartz Figurine Compact,Quartz,CAT030,S0520,103.95,10.273,false
P001515,Juniper Montre Signature,Juniper,CAT013,S0124,24.17,7.988,false
P001516,Windrow Manuel Essentiel,Windrow,CAT032,S0110,61.73,6.960,false
P001517,Solstice Shampooing Pro,Solstice,CAT020,S0041,24.00,1.048,false
P001518,Pallas Clé à cliquet XL,Pallas,CAT036,S0332,80.10,7.453,false
P001519,Zephyr Perceuse Éco,Zephyr,CAT037,S0340,139.87,4.586,false
P001520,Nordis Chargeur Signature,Nordis,CAT012,S0583,35.36,10.187,false
P001521,Alvora Manuel Éco,Alvora,CAT033,S0433,81.25,11.649,false
P001522,Ivory Manuel Essentiel,Ivory,CAT034,S0262,31.70,10.672,false
P001523,Pallas Clé à cliquet Compact,Pallas,CAT038,S0353,26.35,7.877,false
P001524,Bexon Sérum Nomade,Bexon,CAT021,S0115,181.81,1.653,false
P001525,Quartz Casque Pro,Quartz,CAT009,S0259,27.27,8.126,true
P001526,Cirrus Coffret BD XL,Cirrus,CAT033,S0139,91.46,3.771,false
P001527,Juniper Enceinte Essentiel,Juniper,CAT009,S0512,88.01,2.508,false
P001528,Pallas Peluche Premium,Pallas,CAT029,S0170,103.00,1.676,false
P001529,Halcyon Perceuse XL,Halcyon,CAT036,S0085,53.20,11.077,false
P001530,Juniper Perceuse Compact,Juniper,CAT039,S0191,79.99,3.373,false
P001531,Ursa Webcam Nomade,Ursa,CAT010,S0001,85.69,8.231,false
P001532,Zephyr Montre XL,Zephyr,CAT014,S0024,76.69,9.697,false
P001533,Windrow Poêle Signature,Windrow,CAT005,S0417,158.37,8.256,false
P001534,Quartz Beau livre Compact,Quartz,CAT032,S0209,273.41,6.465,false
P001535,Zephyr Sneakers Classic,Zephyr,CAT013,S0469,268.15,6.576,false
P001536,Cirrus Ceinture Ultra,Cirrus,CAT015,S0508,54.31,1.321,false
P001537,Pallas Shampooing Compact,Pallas,CAT018,S0462,218.59,7.320,true
P001538,Vertex Casque XL,Vertex,CAT007,S0045,85.00,7.392,false
P001539,Granit Clé à cliquet Essentiel,Granit,CAT036,S0309,180.72,0.669,false
P001540,Kestrel Sérum Éco,Kestrel,CAT021,S0352,35.66,11.897,false
P001541,Juniper Roman Pro,Juniper,CAT034,S0122,21.19,8.654,false
P001542,Meridian Chemise Compact,Meridian,CAT017,S0453,39.76,1.128,false
P001543,Delvia Sérum Ultra,Delvia,CAT022,S0186,54.59,6.147,false
P001544,Bexon Roman Premium,Bexon,CAT035,S0570,18.45,0.962,true
P001545,Solstice Jeu de plateau XL,Solstice,CAT030,S0280,35.41,11.183,false
P001546,Quartz Sac de sport Pro,Quartz,CAT023,S0525,79.56,2.338,true
P001547,Quartz Sneakers XL,Quartz,CAT013,S0579,125.25,5.802,false
P001548,Bexon Casque vélo Essentiel,Bexon,CAT027,S0200,169.28,2.022,true
P001549,Fjord Peluche Classic,Fjord,CAT030,S0386,165.44,4.850,true
P001550,Solstice Bouilloire Classic,Solstice,CAT005,S0587,175.53,4.184,false
P001551,Delvia Chemise Compact,Delvia,CAT017,S0011,74.32,1.255,false
P001552,Granit Ceinture Classic,Granit,CAT014,S0450,42.84,7.367,false
P001553,Quartz Sneakers Classic,Quartz,CAT016,S0423,59.87,1.890,false
P001554,Zephyr Figurine Signature,Zephyr,CAT029,S0401,55.12,7.166,false
P001555,Granit Souris Signature,Granit,CAT009,S0056,22.66,4.079,false
P001556,Cirrus Souris XL,Cirrus,CAT010,S0066,41.13,11.070,false
P001557,Fjord Set de couverts Classic,Fjord,CAT002,S0513,78.96,6.711,false
P001558,Fjord Clé à cliquet Ultra,Fjord,CAT038,S0380,14.36,8.542,false
P001559,Nordis Bouilloire XL,Nordis,CAT003,S0403,60.35,1.301,false
P001560,Nordis Filtre à air Compact,Nordis,CAT036,S0198,269.59,2.518,false
P001561,Lumen Gourde Classic,Lumen,CAT025,S0468,74.27,3.033,false
P001562,Ivory Beau livre Compact,Ivory,CAT033,S0579,62.60,1.878,false
P001563,Terra Housse de couette Premium,Terra,CAT004,S0092,11.33,9.801,false
P001564,Nordis Coffret BD Signature,Nordis,CAT033,S0156,67.94,3.627,true
P001565,Meridian Sneakers Premium,Meridian,CAT015,S0344,5.82,5.958,false
P001566,Delvia Montre Ultra,Delvia,CAT017,S0237,84.01,6.617,false
P001567,Delvia Roman Premium,Delvia,CAT032,S0313,80.90,8.867,false
P001568,Juniper Housse de couette Compact,Juniper,CAT001,S0487,37.76,0.824,false
P001569,Granit Jeu de plateau Classic,Granit,CAT030,S0427,189.82,1.013,false
P001570,Kestrel Haltères Signature,Kestrel,CAT025,S0051,104.03,10.036,false
P001571,Zephyr Haltères Pro,Zephyr,CAT027,S0400,44.56,10.376,false
P001572,Pallas Puzzle Pro,Pallas,CAT028,S0388,80.08,11.284,false
P001573,Terra Eau de toilette Signature,Terra,CAT022,S0236,81.04,10.756,false
P001574,Granit Figurine Signature,Granit,CAT029,S0274,171.53,9.671,false
P001575,Halcyon Webcam Pro,Halcyon,CAT007,S0393,184.94,3.356,false
P001576,Nordis Chargeur Compact,Nordis,CAT007,S0045,48.59,8.951,false
P001577,Ivory Casque Éco,Ivory,CAT010,S0147,70.98,10.901,false
P001578,Fjord Manuel Essentiel,Fjord,CAT033,S0307,61.79,6.103,false
P001579,Granit Souris Compact,Granit,CAT009,S0486,57.53,9.686,false
P001580,Ember Beau livre Nomade,Ember,CAT032,S0497,71.80,10.843,false
P001581,Orbit Lampe Premium,Orbit,CAT001,S0444,35.91,1.024,false
P001582,Ember Ceinture Compact,Ember,CAT016,S0365,40.91,0.593,false
P001583,Granit Clé à cliquet Ultra,Granit,CAT037,S0166,145.60,7.625,false
P001584,Ursa Filtre à air Essentiel,Ursa,CAT039,S0293,10.29,7.479,false
P001585,Rivage Poêle Nomade,Rivage,CAT006,S0445,105.23,5.642,false
P001586,Granit Montre connectée XL,Granit,CAT008,S0055,17.29,3.554,false
P001587,Terra Cube éducatif Pro,Terra,CAT031,S0269,143.84,6.570,false
P001588,Nordis Montre connectée Ultra,Nordis,CAT010,S0532,223.49,10.303,false
P001589,Pallas Clavier Ultra,Pallas,CAT008,S0143,72.62,9.787,true
P001590,Lumen Nettoyant jantes Pro,Lumen,CAT039,S0224,48.99,6.713,false
P001591,Windrow Crème hydratante XL,Windrow,CAT021,S0194,86.11,6.492,false
P001592,Halcyon Palette Pro,Halcyon,CAT021,S0460,63.55,7.978,false
P001593,Windrow Set de couverts Pro,Windrow,CAT004,S0114,238.71,8.174,false
P001594,Juniper Beau livre XL,Juniper,CAT034,S0440,55.84,7.689,false
P001595,Granit Clavier XL,Granit,CAT010,S0459,141.23,7.427,false
P001596,Orbit Souris Signature,Orbit,CAT008,S0522,86.92,1.315,false
P001597,Pallas Palette Essentiel,Pallas,CAT019,S0300,87.21,11.015,false
P001598,Orbit Souris XL,Orbit,CAT010,S0248,126.34,2.465,false
P001599,Meridian Brosse Classic,Meridian,CAT021,S0105,50.85,5.282,false
P001600,Terra Clé à cliquet Nomade,Terra,CAT039,S0448,35.25,5.724,false
P001601,Pallas Perceuse Signature,Pallas,CAT037,S0275,4.70,10.155,false
P001602,Vertex Haltères Signature,Vertex,CAT023,S0535,83.28,11.883,true
P001603,Granit Gourde Compact,Granit,CAT025,S0287,88.91,11.789,false
P001604,Solstice Écharpe Nomade,Solstice,CAT014,S0454,81.11,1.010,false
P001605,Solstice Clé à cliquet Signature,Solstice,CAT038,S0210,44.26,5.026,false
P001606,Kestrel Beau livre Essentiel,Kestrel,CAT035,S0010,163.49,11.841,false
P001607,Lumen Clé à cliquet Signature,Lumen,CAT039,S0078,94.85,5.811,false
P001608,Nordis Arrosoir Premium,Nordis,CAT002,S0409,129.59,7.299,false
P001609,Delvia Ceinture Éco,Delvia,CAT014,S0315,74.91,6.549,false
P001610,Juniper Cube éducatif Ultra,Juniper,CAT029,S0408,44.61,0.737,true
P001611,Quartz Ceinture Compact,Quartz,CAT014,S0059,64.05,4.417,false
P001612,Ivory Roman XL,Ivory,CAT032,S0177,110.60,3.914,false
P001613,Juniper Enceinte Signature,Juniper,CAT007,S0412,82.15,11.438,true
P001614,Fjord Bâche Pro,Fjord,CAT036,S0313,26.79,8.073,false
P001615,Granit Roman Classic,Granit,CAT035,S0504,56.17,11.137,false
P001616,Pallas Eau de toilette Compact,Pallas,CAT021,S0022,169.25,10.477,false
P001617,Windrow Peluche Compact,Windrow,CAT031,S0558,78.29,3.277,false
P001618,Ivory Ceinture Premium,Ivory,CAT016,S0584,58.63,8.499,false
P001619,Orbit Eau de toilette Signature,Orbit,CAT022,S0574,54.98,6.163,false
P001620,Vertex Figurine Premium,Vertex,CAT029,S0164,20.56,5.253,false
P001621,Halcyon Perceuse Ultra,Halcyon,CAT037,S0394,80.35,9.273,false
P001622,Fjord Montre Compact,Fjord,CAT015,S0584,87.62,0.656,false
P001623,Halcyon Coffret BD Signature,Halcyon,CAT035,S0247,100.97,0.412,false
P001624,Halcyon Peluche Éco,Halcyon,CAT029,S0244,48.60,0.818,false
P001625,Orbit Set de couverts XL,Orbit,CAT006,S0378,88.64,11.571,false
P001626,Delvia Bouilloire Premium,Delvia,CAT001,S0265,71.05,1.226,true
P001627,Nordis Veste Éco,Nordis,CAT014,S0555,164.51,11.133,false
P001628,Halcyon Beau livre Nomade,Halcyon,CAT035,S0063,8.67,4.414,false
P001629,Pallas Webcam Essentiel,Pallas,CAT012,S0419,77.60,10.992,false
P001630,Vertex Jeu de plateau Éco,Vertex,CAT028,S0129,129.39,10.618,true
P001631,Pallas Jeu de plateau Ultra,Pallas,CAT028,S0549,26.91,10.015,false
P001632,Solstice Coffret BD Signature,Solstice,CAT033,S0063,57.03,7.172,false
P001633,Juniper Bâche XL,Juniper,CAT036,S0468,30.14,8.711,false
P001634,Pallas Clavier Éco,Pallas,CAT008,S0015,10.55,8.485,false
P001635,Pallas Sneakers Essentiel,Pallas,CAT016,S0498,39.95,9.113,false
P001636,Ember Perceuse Nomade,Ember,CAT039,S0055,7.15,3.267,false
P001637,Halcyon Poêle Essentiel,Halcyon,CAT005,S0350,226.75,1.455,false
P001638,Alvora Clavier Éco,Alvora,CAT011,S0530,82.61,7.894,false
P001639,Pallas Arrosoir Éco,Pallas,CAT005,S0024,89.49,9.578,false
P001640,Ember Arrosoir Pro,Ember,CAT004,S0061,179.34,10.007,false
P001641,Rivage Chemise XL,Rivage,CAT016,S0454,74.97,1.270,false
P001642,Rivage Poêle Signature,Rivage,CAT003,S0168,58.51,7.560,false
P001643,Windrow Cube éducatif XL,Windrow,CAT031,S0215,28.15,3.343,false
P001644,Ember Sérum Ultra,Ember,CAT019,S0488,55.47,7.145,false
P001645,Bexon Clavier Signature,Bexon,CAT010,S0091,150.54,8.867,true
P001646,Zephyr Clé à cliquet Signature,Zephyr,CAT039,S0017,42.24,2.607,false
P001647,Windrow Palette Pro,Windrow,CAT020,S0165,45.25,1.918,false
P001648,Vertex Clavier Essentiel,Vertex,CAT009,S0035,30.01,2.487,false
P001649,Orbit Webcam Classic,Orbit,CAT009,S0532,52.58,7.133,false
P001650,Rivage Sac de sport Essentiel,Rivage,CAT025,S0004,148.52,6.604,false
P001651,Rivage Shampooing Pro,Rivage,CAT021,S0493,46.10,2.616,false
P001652,Ember Écharpe Nomade,Ember,CAT017,S0371,65.16,0.210,false
P001653,Alvora Souris Premium,Alvora,CAT010,S0512,65.62,10.247,false
P001654,Delvia Lampe Signature,Delvia,CAT004,S0453,11.32,6.613,true
P001655,Vertex Shampooing Ultra,Vertex,CAT018,S0077,22.98,3.524,false
P001656,Fjord Casque vélo Nomade,Fjord,CAT026,S0157,209.31,2.612,false
P001657,Delvia Enceinte Compact,Delvia,CAT010,S0248,37.23,11.330,false
P001658,Bexon Palette Éco,Bexon,CAT020,S0192,248.55,0.247,false
P001659,Lumen Shampooing Pro,Lumen,CAT018,S0334,8.75,2.283,false
P001660,Juniper Poêle Nomade,Juniper,CAT001,S0363,78.63,5.698,false
P001661,Fjord Haltères XL,Fjord,CAT026,S0192,80.80,6.380,false
P001662,Fjord Webcam Pro,Fjord,CAT007,S0065,82.51,6.641,false
P001663,Vertex Puzzle Nomade,Vertex,CAT031,S0148,39.72,6.174,true
P001664,Ursa Eau de toilette Essentiel,Ursa,CAT019,S0296,10.86,7.991,false
P001665,Ember Casque vélo XL,Ember,CAT024,S0208,23.07,2.506,false
P001666,Zephyr Crème hydratante Signature,Zephyr,CAT021,S0273,25.84,6.081,false
P001667,Nordis Manuel Premium,Nordis,CAT034,S0161,73.18,2.973,false
P001668,Delvia Manuel Nomade,Delvia,CAT033,S0096,87.78,0.751,true
P001669,Zephyr Cube éducatif Ultra,Zephyr,CAT030,S0386,159.15,10.541,true
P001670,Alvora Housse de couette Nomade,Alvora,CAT004,S0268,73.77,8.599,false
P001671,Alvora Eau de toilette Nomade,Alvora,CAT020,S0101,32.60,4.456,false
P001672,Quartz Chargeur Essentiel,Quartz,CAT011,S0335,109.38,4.004,false
P001673,Ursa Sneakers Essentiel,Ursa,CAT016,S0565,65.75,8.045,false
P001674,Granit Arrosoir Classic,Granit,CAT001,S0592,61.15,7.944,false
P001675,Lumen Bouilloire Nomade,Lumen,CAT006,S0239,11.59,10.771,false
P001676,Bexon Palette Compact,Bexon,CAT018,S0482,54.37,2.546,false
P001677,Quartz Peluche Classic,Quartz,CAT029,S0129,34.18,6.491,false
P001678,Rivage Coffret BD XL,Rivage,CAT033,S0139,62.84,10.455,false
P001679,Delvia Étagère Premium,Delvia,CAT001,S0349,46.29,6.859,false
P001680,Delvia Gourde XL,Delvia,CAT023,S0351,164.50,5.174,false
P001681,Ivory Eau de toilette Compact,Ivory,CAT018,S0318,55.27,6.673,true
P001682,Bexon Puzzle Classic,Bexon,CAT028,S0427,56.97,0.754,false
P001683,Terra Étagère Pro,Terra,CAT001,S0522,23.33,8.524,false
P001684,Windrow Bâche Essentiel,Windrow,CAT039,S0229,226.67,2.064,false
P001685,Zephyr Trottinette Nomade,Zephyr,CAT031,S0598,63.87,6.535,false
P001686,Ivory Roman XL,Ivory,CAT033,S0133,83.04,4.546,false
P001687,Ember Montre Compact,Ember,CAT016,S0589,51.90,8.823,false
P001688,Rivage Roman Pro,Rivage,CAT032,S0517,19.28,8.869,false
P001689,Windrow Manuel Signature,Windrow,CAT032,S0322,86.73,5.029,false
P001690,Granit Palette Ultra,Granit,CAT022,S0100,274.12,9.573,false
P001691,Bexon Figurine Ultra,Bexon,CAT028,S0313,20.85,9.130,false
P001692,Lumen Trottinette Signature,Lumen,CAT031,S0427,72.95,5.190,false
P001693,Halcyon Enceinte Pro,Halcyon,CAT010,S0374,55.98,3.472,false
P001694,Pallas Sac de sport Essentiel,Pallas,CAT026,S0256,227.89,3.296,false
P001695,Cirrus Figurine Premium,Cirrus,CAT031,S0250,23.72,5.553,false
P001696,Halcyon Souris Pro,Halcyon,CAT008,S0512,37.17,3.611,false
P001697,Granit Brosse Premium,Granit,CAT022,S0165,8.49,6.371,false
P001698,Meridian Montre connectée Compact,Meridian,CAT011,S0045,94.63,6.900,false
P001699,Fjord Gourde Signature,Fjord,CAT025,S0428,19.66,0.725,false
P001700,Ivory Crème hydratante Signature,Ivory,CAT021,S0463,105.62,10.756,false
P001701,Kestrel Palette Nomade,Kestrel,CAT020,S0521,146.43,0.590,false
P001702,Delvia Perceuse Compact,Delvia,CAT037,S0133,40.54,3.898,false
P001703,Juniper Poêle Ultra,Juniper,CAT006,S0114,241.37,3.012,false
P001704,Solstice Chargeur Premium,Solstice,CAT009,S0569,90.12,1.893,false
P001705,Fjord Bouilloire Ultra,Fjord,CAT006,S0183,86.33,9.320,false
P001706,Solstice Étagère Premium,Solstice,CAT006,S0336,63.81,11.325,false
P001707,Windrow Vinyle Nomade,Windrow,CAT034,S0225,39.08,1.985,false
P001708,Bexon Webcam Ultra,Bexon,CAT009,S0142,63.06,7.998,false
P001709,Windrow Casque vélo Pro,Windrow,CAT027,S0050,92.72,8.084,false
P001710,Granit Nettoyant jantes Premium,Granit,CAT037,S0131,173.67,8.383,false
P001711,Juniper Chaussures de trail XL,Juniper,CAT025,S0252,56.66,7.011,false
P001712,Cirrus Tapis de yoga Nomade,Cirrus,CAT027,S0011,67.53,2.099,false
P001713,Solstice Gourde Signature,Solstice,CAT023,S0187,89.91,3.518,true
P001714,Cirrus Chaussures de trail Essentiel,Cirrus,CAT023,S0432,54.65,5.621,false
P001715,Lumen Étagère Classic,Lumen,CAT004,S0239,107.37,7.087,false
P001716,Rivage Sneakers Classic,Rivage,CAT017,S0347,44.55,11.322,false
P001717,Pallas Chemise Nomade,Pallas,CAT014,S0555,42.87,7.432,false
P001718,Windrow Casque vélo Ultra,Windrow,CAT025,S0478,146.55,11.829,true
P001719,Lumen Manuel XL,Lumen,CAT035,S0262,59.06,6.685,false
P001720,Granit Ceinture Éco,Granit,CAT015,S0211,86.15,7.761,false
P001721,Kestrel Poêle XL,Kestrel,CAT003,S0421,65.64,0.714,true
P001722,Cirrus Montre Ultra,Cirrus,CAT017,S0441,39.05,11.342,false
P001723,Fjord Poêle Ultra,Fjord,CAT001,S0148,79.33,3.373,true
P001724,Solstice Webcam Premium,Solstice,CAT012,S0437,25.82,7.513,false
P001725,Meridian Manuel Pro,Meridian,CAT032,S0060,46.25,2.177,false
P001726,Ursa Casque vélo Classic,Ursa,CAT025,S0157,78.66,9.451,false
P001727,Kestrel Cube éducatif Nomade,Kestrel,CAT030,S0404,44.99,10.343,false
P001728,Solstice Sac à main Nomade,Solstice,CAT017,S0011,152.59,2.167,false
P001729,Juniper Sac de sport Classic,Juniper,CAT024,S0474,90.29,11.094,false
P001730,Juniper Bouilloire Compact,Juniper,CAT001,S0061,22.14,2.269,false
P001731,Bexon Bâche Compact,Bexon,CAT038,S0111,206.88,8.101,false
P001732,Vertex Beau livre Signature,Vertex,CAT034,S0573,45.73,5.434,false
P001733,Kestrel Brosse Premium,Kestrel,CAT019,S0460,65.49,1.424,false
P001734,Halcyon Eau de toilette Classic,Halcyon,CAT022,S0353,94.24,7.643,false
P001735,Rivage Haltères Nomade,Rivage,CAT025,S0351,70.09,3.254,false
P001736,Windrow Puzzle Compact,Windrow,CAT031,S0373,39.56,11.938,false
P001737,Quartz Jeu de plateau Ultra,Quartz,CAT028,S0457,25.30,4.007,false
P001738,Nordis Souris XL,Nordis,CAT009,S0171,117.13,3.834,false
P001739,Granit Crème hydratante Classic,Granit,CAT021,S0434,79.49,6.026,false
P001740,Orbit Ceinture Pro,Orbit,CAT016,S0074,91.16,4.755,true
P001741,Bexon Casque vélo Éco,Bexon,CAT026,S0185,48.23,2.378,false
P001742,Ember Beau livre Classic,Ember,CAT034,S0467,136.22,2.741,false
P001743,Juniper Brosse Ultra,Juniper,CAT018,S0062,27.10,10.488,false
P001744,Solstice Bouilloire Premium,Solstice,CAT002,S0277,175.70,9.667,false
P001745,Lumen Cube éducatif Classic,Lumen,CAT028,S0360,57.26,8.521,false
P001746,Juniper Perceuse Ultra,Juniper,CAT038,S0169,87.56,9.258,false
P001747,Vertex Beau livre Ultra,Vertex,CAT035,S0586,58.73,2.044,false
P001748,Ember Beau livre Essentiel,Ember,CAT034,S0190,79.98,4.171,true
P001749,Rivage Clavier Éco,Rivage,CAT008,S0332,28.51,2.573,false
P001750,Ember Clé à cliquet Ultra,Ember,CAT036,S0433,8.74,11.205,false
P001751,Delvia Ceinture Nomade,Delvia,CAT014,S0170,50.48,10.047,false
P001752,Ivory Crème hydratante Compact,Ivory,CAT019,S0582,44.19,6.724,false
P001753,Juniper Roman Ultra,Juniper,CAT034,S0177,48.88,9.349,false
P001754,Alvora Roman Classic,Alvora,CAT034,S0019,58.29,3.218,false
P001755,Vertex Casque Signature,Vertex,CAT008,S0259,90.91,11.546,false
P001756,Granit Manuel Signature,Granit,CAT032,S0026,51.15,10.891,false
P001757,Ivory Palette Nomade,Ivory,CAT019,S0542,84.10,4.113,false
P001758,Rivage Webcam Premium,Rivage,CAT011,S0140,76.38,1.642,false
P001759,Pallas Montre Éco,Pallas,CAT016,S0228,17.99,2.749,false
P001760,Solstice Puzzle Essentiel,Solstice,CAT029,S0219,6.23,1.552,false
P001761,Quartz Figurine Nomade,Quartz,CAT029,S0600,84.63,6.474,false
P001762,Lumen Montre connectée Ultra,Lumen,CAT008,S0419,43.21,8.831,false
P001763,Zephyr Arrosoir Classic,Zephyr,CAT006,S0474,83.54,4.941,false
P001764,Kestrel Housse de couette XL,Kestrel,CAT006,S0378,11.98,10.963,false
P001765,Lumen Veste Premium,Lumen,CAT014,S0130,81.24,0.871,false
P001766,Quartz Figurine XL,Quartz,CAT028,S0461,34.35,10.451,false
P001767,Terra Eau de toilette Premium,Terra,CAT021,S0312,20.79,1.100,false
P001768,Kestrel Sérum Nomade,Kestrel,CAT019,S0383,37.31,0.368,false
P001769,Delvia Shampooing Classic,Delvia,CAT019,S0482,16.21,11.371,false
P001770,Granit Sneakers Compact,Granit,CAT013,S0444,4.79,10.737,false
P001771,Pallas Enceinte XL,Pallas,CAT008,S0476,87.71,7.405,false
P001772,Orbit Nettoyant jantes Compact,Orbit,CAT036,S0007,90.39,4.882,false
P001773,Nordis Beau livre Pro,Nordis,CAT034,S0053,16.02,4.521,false
P001774,Solstice Jeu de plateau Éco,Solstice,CAT030,S0010,91.60,6.026,false
P001775,Cirrus Poêle Ultra,Cirrus,CAT005,S0277,74.49,9.095,false
P001776,Rivage Casque vélo Compact,Rivage,CAT025,S0580,100.49,5.664,false
P001777,Windrow Webcam Compact,Windrow,CAT008,S0292,13.04,7.933,true
P001778,Halcyon Montre connectée Compact,Halcyon,CAT012,S0117,70.36,11.816,false
P001779,Lumen Set de couverts Nomade,Lumen,CAT002,S0475,89.35,7.166,true
P001780,Halcyon Brosse Éco,Halcyon,CAT020,S0504,141.71,6.696,false
P001781,Zephyr Figurine Pro,Zephyr,CAT030,S0104,15.47,5.899,false
P001782,Orbit Bâche Essentiel,Orbit,CAT037,S0397,25.09,8.639,false
P001783,Delvia Peluche Signature,Delvia,CAT031,S0328,68.05,6.143,false
P001784,Granit Filtre à air Pro,Granit,CAT037,S0001,67.00,8.546,false
P001785,Vertex Cube éducatif Compact,Vertex,CAT030,S0388,48.12,5.177,false
P001786,Delvia Beau livre Essentiel,Delvia,CAT033,S0320,63.72,8.742,false
P001787,Meridian Coffret BD Signature,Meridian,CAT032,S0325,68.68,9.909,false
P001788,Solstice Poêle Premium,Solstice,CAT003,S0118,67.55,5.195,true
P001789,Ivory Sneakers Nomade,Ivory,CAT013,S0243,27.02,7.616,false
P001790,Ivory Roman Pro,Ivory,CAT032,S0290,128.08,5.656,false
P001791,Juniper Sac de sport Éco,Juniper,CAT026,S0297,94.99,8.834,false
P001792,Fjord Chemise Premium,Fjord,CAT015,S0003,261.66,4.214,false
P001793,Solstice Housse de couette Pro,Solstice,CAT003,S0278,81.55,4.202,false
P001794,Kestrel Shampooing Classic,Kestrel,CAT019,S0555,16.43,7.427,false
P001795,Pallas Étagère Signature,Pallas,CAT002,S0551,87.80,6.924,false
P001796,Bexon Figurine Classic,Bexon,CAT030,S0274,53.18,10.052,true
P001797,Juniper Roman Classic,Juniper,CAT034,S0174,248.18,7.019,false
P001798,Meridian Poêle Éco,Meridian,CAT004,S0251,73.69,5.422,false
P001799,Meridian Clé à cliquet Nomade,Meridian,CAT036,S0509,92.41,4.190,false
P001800,Halcyon Ceinture Classic,Halcyon,CAT015,S0472,62.98,5.687,false
P001801,Lumen Shampooing Compact,Lumen,CAT021,S0463,35.76,5.288,true
P001802,Ursa Crème hydratante Essentiel,Ursa,CAT022,S0597,134.45,4.583,false
P001803,Terra Filtre à air Essentiel,Terra,CAT037,S0242,44.17,4.582,false
P001804,Nordis Coffret BD Éco,Nordis,CAT035,S0517,37.64,9.055,false
P001805,Vertex Montre Compact,Vertex,CAT017,S0107,16.92,10.087,false
P001806,Pallas Veste Signature,Pallas,CAT013,S0291,58.48,6.240,false
P001807,Terra Clavier Ultra,Terra,CAT009,S0511,132.65,1.764,false
P001808,Rivage Haltères Compact,Rivage,CAT025,S0039,31.38,9.831,true
P001809,Rivage Arrosoir Pro,Rivage,CAT002,S0127,127.27,8.418,false
P001810,Solstice Manuel Classic,Solstice,CAT033,S0019,84.40,5.002,false
P001811,Lumen Palette Classic,Lumen,CAT021,S0022,188.57,7.252,false
P001812,Zephyr Sac de sport Éco,Zephyr,CAT026,S0186,25.98,10.729,false
P001813,Delvia Lampe Nomade,Delvia,CAT003,S0190,113.78,5.119,false
P001814,Ivory Poêle Éco,Ivory,CAT005,S0251,73.48,2.306,false
P001815,Bexon Montre XL,Bexon,CAT014,S0582,135.05,1.393,false
P001816,Ursa Palette Essentiel,Ursa,CAT018,S0599,102.14,11.657,false
P001817,Nordis Roman Essentiel,Nordis,CAT035,S0221,173.30,6.343,false
P001818,Bexon Jeu de plateau Pro,Bexon,CAT030,S0274,42.50,7.207,false
P001819,Fjord Filtre à air Classic,Fjord,CAT037,S0090,22.82,6.491,false
P001820,Ember Peluche Éco,Ember,CAT031,S0561,33.80,6.975,false
P001821,Orbit Sac de sport Ultra,Orbit,CAT027,S0109,214.85,4.668,true
P001822,Nordis Veste Compact,Nordis,CAT015,S0282,65.37,11.908,false
P001823,Pallas Clé à cliquet Signature,Pallas,CAT039,S0242,103.61,11.755,true
P001824,Rivage Beau livre Compact,Rivage,CAT035,S0598,19.60,2.813,false
P001825,Pallas Casque Premium,Pallas,CAT012,S0590,123.20,4.177,false
P001826,Rivage Beau livre Pro,Rivage,CAT035,S0467,54.89,8.197,false
P001827,Ember Chaussures de trail Premium,Ember,CAT026,S0230,50.07,8.216,false
P001828,Alvora Tapis de yoga XL,Alvora,CAT026,S0184,73.66,5.888,true
P001829,Rivage Sac à main Compact,Rivage,CAT016,S0370,156.08,3.872,false
P001830,Ivory Crème hydratante Ultra,Ivory,CAT022,S0426,129.65,9.042,false
P001831,Terra Roman XL,Terra,CAT032,S0298,214.24,4.883,false
P001832,Rivage Chaussures de trail Ultra,Rivage,CAT027,S0088,213.42,9.050,false
P001833,Vertex Set de couverts Éco,Vertex,CAT006,S0398,76.23,11.428,false
P001834,Ember Étagère Éco,Ember,CAT003,S0009,115.85,5.718,false
P001835,Halcyon Coffret BD Premium,Halcyon,CAT032,S0154,84.68,3.027,false
P001836,Solstice Étagère XL,Solstice,CAT001,S0356,9.74,2.657,false
P001837,Zephyr Arrosoir Compact,Zephyr,CAT002,S0516,64.86,10.615,false
P001838,Vertex Haltères Classic,Vertex,CAT023,S0256,68.95,2.958,false
P001839,Ember Chaussures de trail Classic,Ember,CAT025,S0566,88.11,2.906,false
P001840,Zephyr Perceuse Éco,Zephyr,CAT036,S0023,47.57,6.748,false
P001841,Solstice Figurine Ultra,Solstice,CAT028,S0355,23.81,6.778,false
P001842,Windrow Poêle Nomade,Windrow,CAT001,S0006,236.11,2.201,false
P001843,Juniper Ceinture Signature,Juniper,CAT016,S0234,181.15,9.147,false
P001844,Juniper Peluche Pro,Juniper,CAT030,S0244,14.44,2.259,false
P001845,Delvia Filtre à air Premium,Delvia,CAT038,S0367,25.86,11.768,false
P001846,Meridian Chargeur Classic,Meridian,CAT007,S0231,89.99,6.632,false
P001847,Solstice Webcam Signature,Solstice,CAT011,S0393,45.76,5.977,false
P001848,Windrow Roman Pro,Windrow,CAT034,S0547,179.58,6.687,false
P001849,Kestrel Gourde Premium,Kestrel,CAT025,S0037,134.95,2.963,false
P001850,Ursa Trottinette Signature,Ursa,CAT028,S0134,35.19,0.955,false
P001851,Bexon Figurine Premium,Bexon,CAT028,S0461,47.34,5.318,false
P001852,Bexon Bouilloire Ultra,Bexon,CAT005,S0407,84.78,1.677,false
P001853,Ember Poêle Éco,Ember,CAT004,S0317,230.79,10.785,false
P001854,Ember Manuel Nomade,Ember,CAT033,S0116,21.32,1.553,false
P001855,Orbit Enceinte Classic,Orbit,CAT011,S0039,83.84,0.521,false
P001856,Nordis Clé à cliquet Essentiel,Nordis,CAT039,S0167,81.36,8.391,false
P001857,Cirrus Filtre à air XL,Cirrus,CAT037,S0484,33.53,0.519,false
P001858,Cirrus Perceuse Signature,Cirrus,CAT039,S0166,39.33,4.740,false
P001859,Halcyon Manuel Signature,Halcyon,CAT034,S0073,76.41,9.124,false
P001860,Juniper Casque XL,Juniper,CAT011,S0035,32.52,4.108,false
P001861,Terra Nettoyant jantes Pro,Terra,CAT037,S0394,72.00,0.150,false
P001862,Vertex Vinyle Pro,Vertex,CAT033,S0509,69.05,11.079,false
P001863,Cirrus Bâche Compact,Cirrus,CAT039,S0593,63.72,2.276,false
P001864,Juniper Sac de sport Ultra,Juniper,CAT023,S0105,80.08,6.037,false
P001865,Pallas Set de couverts Ultra,Pallas,CAT002,S0190,261.87,4.371,false
P001866,Ivory Veste Éco,Ivory,CAT016,S0058,262.01,4.668,false
P001867,Vertex Casque vélo XL,Vertex,CAT024,S0525,54.37,2.056,false
P001868,Zephyr Jeu de plateau Compact,Zephyr,CAT031,S0296,86.26,6.696,false
P001869,Zephyr Palette Nomade,Zephyr,CAT022,S0062,21.05,3.871,false
P001870,Quartz Enceinte Pro,Quartz,CAT011,S0339,136.47,11.616,false
P001871,Ember Peluche Essentiel,Ember,CAT030,S0018,46.48,9.229,false
P001872,Ember Bâche Premium,Ember,CAT038,S0568,94.07,1.703,false
P001873,Ivory Chaussures de trail Pro,Ivory,CAT025,S0233,61.25,2.008,false
P001874,Nordis Coffret BD Essentiel,Nordis,CAT035,S0509,63.66,6.859,false
P001875,Cirrus Nettoyant jantes Ultra,Cirrus,CAT038,S0240,85.02,10.597,true
P001876,Meridian Montre connectée Nomade,Meridian,CAT012,S0419,59.29,1.438,false
P001877,Ember Lampe Ultra,Ember,CAT006,S0452,30.52,9.277,false
P001878,Juniper Sérum XL,Juniper,CAT022,S0488,24.57,1.202,false
P001879,Solstice Chaussures de trail Compact,Solstice,CAT027,S0001,17.28,2.768,false
P001880,Bexon Ceinture Classic,Bexon,CAT016,S0291,56.80,0.192,false
P001881,Orbit Clavier Signature,Orbit,CAT008,S0013,33.16,5.117,false
P001882,Fjord Housse de couette Éco,Fjord,CAT001,S0265,20.27,5.795,false
P001883,Pallas Palette Nomade,Pallas,CAT018,S0165,47.91,4.311,false
P001884,Juniper Arrosoir Premium,Juniper,CAT003,S0092,29.07,4.486,false
P001885,Terra Chemise Pro,Terra,CAT015,S0596,56.67,9.906,true
P001886,Meridian Haltères Signature,Meridian,CAT023,S0523,28.46,4.923,false
P001887,Orbit Vinyle Essentiel,Orbit,CAT035,S0362,156.22,6.185,false
P001888,Meridian Puzzle Ultra,Meridian,CAT030,S0269,48.36,9.401,false
P001889,Granit Brosse Nomade,Granit,CAT019,S0049,66.81,7.470,false
P001890,Ivory Palette Éco,Ivory,CAT022,S0080,57.96,3.874,false
P001891,Vertex Chaussures de trail Éco,Vertex,CAT025,S0385,70.00,11.610,false
P001892,Zephyr Chargeur Essentiel,Zephyr,CAT007,S0575,185.41,3.715,false
P001893,Cirrus Sérum Classic,Cirrus,CAT019,S0433,26.80,10.313,false
P001894,Rivage Peluche XL,Rivage,CAT030,S0569,24.24,10.618,false
P001895,Solstice Set de couverts Essentiel,Solstice,CAT001,S0454,29.77,8.114,false
P001896,Vertex Bouilloire Premium,Vertex,CAT003,S0579,88.28,3.035,false
P001897,Bexon Coffret BD Essentiel,Bexon,CAT035,S0399,90.87,3.617,false
P001898,Ember Sac à main Éco,Ember,CAT015,S0058,32.32,9.412,false
P001899,Rivage Montre connectée Classic,Rivage,CAT011,S0512,67.13,9.115,false
P001900,Rivage Haltères XL,Rivage,CAT026,S0568,98.77,6.741,false
P001901,Juniper Peluche XL,Juniper,CAT031,S0457,63.93,10.502,false
P001902,Ursa Gourde Ultra,Ursa,CAT027,S0236,45.36,11.635,false
P001903,Delvia Poêle Signature,Delvia,CAT006,S0363,45.67,10.471,false
P001904,Cirrus Beau livre Classic,Cirrus,CAT033,S0399,65.29,3.201,false
P001905,Bexon Puzzle Éco,Bexon,CAT029,S0260,77.15,6.108,false
P001906,Alvora Enceinte XL,Alvora,CAT010,S0532,281.35,4.343,false
P001907,Halcyon Brosse Pro,Halcyon,CAT020,S0165,28.06,11.743,false
P001908,Halcyon Nettoyant jantes Premium,Halcyon,CAT039,S0397,60.70,10.093,false
P001909,Ivory Beau livre Premium,Ivory,CAT033,S0104,191.17,10.303,false
P001910,Zephyr Filtre à air Classic,Zephyr,CAT039,S0023,37.11,1.729,false
P001911,Alvora Set de couverts Essentiel,Alvora,CAT003,S0449,128.86,4.270,false
P001912,Ember Brosse Ultra,Ember,CAT021,S0476,67.36,3.887,false
P001913,Vertex Casque Essentiel,Vertex,CAT007,S0580,89.88,8.448,false
P001914,Solstice Sérum Premium,Solstice,CAT021,S0536,74.51,9.611,false
P001915,Lumen Brosse Classic,Lumen,CAT021,S0296,18.94,11.599,false
P001916,Delvia Nettoyant jantes Pro,Delvia,CAT037,S0484,86.31,0.534,false
P001917,Pallas Tapis de yoga Nomade,Pallas,CAT024,S0407,13.97,10.936,false
P001918,Juniper Figurine Compact,Juniper,CAT030,S0134,153.31,2.337,false
P001919,Fjord Brosse Essentiel,Fjord,CAT019,S0433,90.03,5.552,false
P001920,Ursa Webcam Éco,Ursa,CAT008,S0249,12.08,11.308,false
P001921,Windrow Figurine Ultra,Windrow,CAT029,S0269,112.45,9.508,false
P001922,Rivage Crème hydratante Compact,Rivage,CAT020,S0035,266.75,8.993,false
P001923,Orbit Lampe Signature,Orbit,CAT002,S0382,185.79,3.800,false
P001924,Halcyon Trottinette XL,Halcyon,CAT031,S0418,54.83,8.557,false
P001925,Cirrus Filtre à air Ultra,Cirrus,CAT038,S0106,155.08,2.671,false
P001926,Juniper Puzzle Pro,Juniper,CAT031,S0015,38.16,2.823,false
P001927,Ursa Eau de toilette Signature,Ursa,CAT022,S0455,284.42,3.538,false
P001928,Quartz Clé à cliquet Essentiel,Quartz,CAT039,S0348,34.64,3.187,false
P001929,Vertex Enceinte Compact,Vertex,CAT009,S0038,5.96,7.993,false
P001930,Fjord Arrosoir Essentiel,Fjord,CAT005,S0093,18.79,7.118,false
P001931,Kestrel Webcam Éco,Kestrel,CAT011,S0566,38.10,1.925,false
P001932,Halcyon Set de couverts Classic,Halcyon,CAT001,S0265,104.54,9.960,false
P001933,Ursa Shampooing Ultra,Ursa,CAT018,S0062,77.89,4.469,false
P001934,Meridian Webcam Classic,Meridian,CAT007,S0581,13.86,8.893,false
P001935,Alvora Arrosoir Signature,Alvora,CAT002,S0162,7.30,10.991,false
P001936,Quartz Ceinture Pro,Quartz,CAT016,S0456,21.60,1.948,false
P001937,Meridian Perceuse Classic,Meridian,CAT037,S0553,11.97,4.886,false
P001938,Cirrus Sneakers Compact,Cirrus,CAT017,S0024,30.96,8.474,true
P001939,Juniper Chaussures de trail XL,Juniper,CAT023,S0097,226.97,7.982,false
P001940,Quartz Manuel XL,Quartz,CAT034,S0174,61.44,1.963,false
P001941,Ivory Chemise Signature,Ivory,CAT016,S0370,132.92,2.145,false
P001942,Meridian Clé à cliquet Pro,Meridian,CAT039,S0503,15.34,4.306,false
P001943,Kestrel Jeu de plateau Éco,Kestrel,CAT029,S0498,68.82,1.605,false
P001944,Vertex Gourde Premium,Vertex,CAT025,S0474,122.22,5.329,false
P001945,Windrow Webcam Signature,Windrow,CAT008,S0078,8.74,11.966,false
P001946,Quartz Casque vélo Essentiel,Quartz,CAT023,S0109,68.30,0.471,false
P001947,Bexon Beau livre Premium,Bexon,CAT032,S0343,123.69,6.222,false
P001948,Alvora Eau de toilette Ultra,Alvora,CAT021,S0077,213.09,1.991,false
P001949,Ursa Bâche Éco,Ursa,CAT039,S0302,81.86,8.318,false
P001950,Alvora Gourde Compact,Alvora,CAT026,S0001,29.62,4.142,false
P001951,Orbit Palette Éco,Orbit,CAT019,S0230,77.40,11.032,false
P001952,Solstice Ceinture Classic,Solstice,CAT013,S0472,55.33,4.110,false
P001953,Lumen Crème hydratante XL,Lumen,CAT022,S0062,142.04,7.181,false
P001954,Lumen Écharpe XL,Lumen,CAT017,S0410,260.24,5.514,true
P001955,Solstice Ceinture Ultra,Solstice,CAT016,S0575,37.98,3.558,false
P001956,Terra Poêle Signature,Terra,CAT004,S0162,50.28,11.147,false
P001957,Pallas Crème hydratante Éco,Pallas,CAT018,S0435,53.47,11.918,false
P001958,Solstice Bouilloire Signature,Solstice,CAT001,S0173,16.26,11.435,false
P001959,Ember Poêle Éco,Ember,CAT001,S0540,74.43,11.409,false
P001960,Ivory Écharpe XL,Ivory,CAT014,S0370,73.90,11.333,false
P001961,Ember Arrosoir Pro,Ember,CAT003,S0012,97.43,10.863,false
P001962,Fjord Eau de toilette Éco,Fjord,CAT021,S0122,69.45,5.128,false
P001963,Meridian Clavier Nomade,Meridian,CAT010,S0030,265.75,4.216,false
P001964,Ivory Puzzle Signature,Ivory,CAT029,S0288,163.00,3.929,false
P001965,Ursa Palette Pro,Ursa,CAT020,S0160,254.75,1.690,false
P001966,Delvia Chemise Premium,Delvia,CAT016,S0068,79.51,10.887,false
P001967,Orbit Figurine Ultra,Orbit,CAT028,S0205,58.90,6.663,false
P001968,Ursa Arrosoir Éco,Ursa,CAT001,S0573,25.15,11.052,false
P001969,Delvia Roman Essentiel,Delvia,CAT032,S0517,99.81,10.467,false
P001970,Quartz Peluche XL,Quartz,CAT031,S0280,229.92,7.788,false
P001971,Windrow Veste Signature,Windrow,CAT016,S0258,98.78,11.330,false
P001972,Pallas Souris Classic,Pallas,CAT007,S0110,51.58,4.203,false
P001973,Ivory Tapis de yoga Nomade,Ivory,CAT027,S0049,67.90,2.038,false
P001974,Halcyon Chemise Signature,Halcyon,CAT014,S0440,39.43,10.258,false
P001975,Quartz Casque vélo Essentiel,Quartz,CAT023,S0403,49.70,10.389,false
P001976,Delvia Tapis de yoga XL,Delvia,CAT023,S0257,119.73,3.880,false
P001977,Ivory Sac de sport Signature,Ivory,CAT024,S0563,143.09,3.610,false
P001978,Fjord Lampe Essentiel,Fjord,CAT005,S0302,5.59,1.217,false
P001979,Ember Casque vélo Essentiel,Ember,CAT026,S0021,88.14,7.024,false
P001980,Alvora Housse de couette Éco,Alvora,CAT006,S0221,52.54,11.821,false
P001981,Delvia Sérum Éco,Delvia,CAT019,S0049,7.94,0.308,false
P001982,Ivory Beau livre Classic,Ivory,CAT034,S0137,86.78,9.873,false
P001983,Ivory Coffret BD Classic,Ivory,CAT032,S0304,78.73,2.571,false
P001984,Meridian Nettoyant jantes Compact,Meridian,CAT037,S0268,175.24,11.991,false
P001985,Solstice Vinyle Compact,Solstice,CAT034,S0052,74.80,4.108,false
P001986,Cirrus Casque Premium,Cirrus,CAT008,S0248,85.25,11.715,false
P001987,Ivory Peluche Signature,Ivory,CAT028,S0005,65.61,3.355,true
P001988,Pallas Palette Ultra,Pallas,CAT020,S0517,56.87,11.881,false
P001989,Kestrel Sac de sport Compact,Kestrel,CAT025,S0485,53.69,4.900,false
P001990,Lumen Casque vélo Éco,Lumen,CAT024,S0385,15.87,1.024,false
P001991,Fjord Eau de toilette Classic,Fjord,CAT022,S0103,73.33,8.974,false
P001992,Vertex Lampe Premium,Vertex,CAT005,S0356,70.76,0.644,false
P001993,Alvora Shampooing Ultra,Alvora,CAT019,S0574,160.63,8.352,false
P001994,Halcyon Casque vélo Ultra,Halcyon,CAT023,S0017,199.89,5.318,false
P001995,Fjord Montre connectée Signature,Fjord,CAT011,S0056,19.56,7.514,false
P001996,Ursa Shampooing Classic,Ursa,CAT020,S0052,68.04,10.399,true
P001997,Ivory Set de couverts Compact,Ivory,CAT004,S0283,21.77,11.228,false
P001998,Fjord Bouilloire Éco,Fjord,CAT001,S0579,69.95,11.963,true
P001999,Orbit Puzzle Éco,Orbit,CAT030,S0152,238.68,4.271,false
P002000,Ember Chaussures de trail Classic,Ember,CAT026,S0566,74.14,5.046,true
P002001,Cirrus Clavier Ultra,Cirrus,CAT012,S0590,29.63,0.472,true
P002002,Pallas Filtre à air Signature,Pallas,CAT036,S0055,89.54,9.855,false
P002003,Juniper Cube éducatif Éco,Juniper,CAT030,S0461,122.70,6.067,false
P002004,Meridian Trottinette Éco,Meridian,CAT031,S0527,87.49,8.790,true
P002005,Ivory Sac de sport Éco,Ivory,CAT027,S0156,68.06,0.769,false
P002006,Cirrus Vinyle Signature,Cirrus,CAT033,S0318,66.65,7.057,true
P002007,Granit Ceinture Éco,Granit,CAT013,S0282,256.03,9.487,false
P002008,Pallas Gourde Classic,Pallas,CAT024,S0292,22.33,4.441,false
P002009,Granit Jeu de plateau Signature,Granit,CAT031,S0215,39.41,8.184,false
P002010,Zephyr Enceinte Premium,Zephyr,CAT008,S0578,64.47,7.536,false
P002011,Fjord Tapis de yoga Éco,Fjord,CAT023,S0184,75.65,1.130,false
P002012,Vertex Lampe Premium,Vertex,CAT005,S0178,46.44,11.604,false
P002013,Quartz Puzzle Éco,Quartz,CAT029,S0196,13.63,0.649,false
P002014,Vertex Eau de toilette Éco,Vertex,CAT020,S0352,35.57,9.600,true
P002015,Nordis Nettoyant jantes Pro,Nordis,CAT037,S0389,30.03,4.030,false
P002016,Pallas Sac de sport Pro,Pallas,CAT027,S0050,33.66,6.992,false
P002017,Delvia Sac de sport Signature,Delvia,CAT027,S0299,60.24,10.610,false
P002018,Ember Vinyle Compact,Ember,CAT034,S0517,29.48,3.428,false
P002019,Ivory Sérum Premium,Ivory,CAT019,S0462,63.52,10.173,false
P002020,Delvia Montre connectée Signature,Delvia,CAT012,S0105,91.55,2.797,false
P002021,Quartz Tapis de yoga Classic,Quartz,CAT025,S0012,62.04,10.870,false
P002022,Ivory Chargeur Signature,Ivory,CAT008,S0276,158.48,4.917,false
P002023,Rivage Puzzle Premium,Rivage,CAT028,S0010,73.62,7.916,false
P002024,Nordis Nettoyant jantes Éco,Nordis,CAT039,S0085,22.18,3.401,false
P002025,Windrow Poêle XL,Windrow,CAT006,S0522,51.70,7.394,false
P002026,Zephyr Haltères Ultra,Zephyr,CAT025,S0330,17.27,8.440,false
P002027,Zephyr Ceinture Nomade,Zephyr,CAT015,S0531,66.29,9.604,false
P002028,Delvia Cube éducatif Ultra,Delvia,CAT031,S0386,198.65,8.304,false
P002029,Meridian Bâche Essentiel,Meridian,CAT036,S0189,89.13,4.670,false
P002030,Kestrel Figurine Compact,Kestrel,CAT029,S0185,58.33,1.882,false
P002031,Meridian Housse de couette Pro,Meridian,CAT003,S0278,140.13,4.734,false
P002032,Ursa Nettoyant jantes XL,Ursa,CAT039,S0034,97.63,2.705,false
P002033,Pallas Roman Pro,Pallas,CAT035,S0450,5.93,5.090,true
P002034,Orbit Lampe Premium,Orbit,CAT003,S0376,55.61,2.958,true
P002035,Juniper Figurine Signature,Juniper,CAT028,S0244,131.65,5.679,false
P002036,Granit Webcam Compact,Granit,CAT008,S0292,67.51,9.133,false
P002037,Kestrel Écharpe XL,Kestrel,CAT017,S0170,39.01,5.793,true
P002038,Fjord Set de couverts Compact,Fjord,CAT001,S0452,6.37,1.900,false
P002039,Windrow Puzzle Ultra,Windrow,CAT030,S0426,83.87,0.201,false
P002040,Bexon Peluche Signature,Bexon,CAT029,S0280,39.36,8.031,false
P002041,Juniper Manuel Premium,Juniper,CAT035,S0509,117.64,4.757,false
P002042,Halcyon Écharpe Classic,Halcyon,CAT015,S0294,89.01,10.569,false
P002043,Zephyr Figurine Essentiel,Zephyr,CAT031,S0274,122.86,11.555,false
P002044,Alvora Chemise Éco,Alvora,CAT016,S0030,77.61,8.886,false
P002045,Solstice Chaussures de trail Pro,Solstice,CAT023,S0370,233.03,3.832,false
P002046,Solstice Shampooing Classic,Solstice,CAT018,S0327,99.60,2.383,false
P002047,Ivory Filtre à air Essentiel,Ivory,CAT036,S0598,151.59,5.344,false
P002048,Fjord Puzzle Ultra,Fjord,CAT029,S0527,28.23,5.905,false
P002049,Nordis Roman Éco,Nordis,CAT035,S0164,71.61,7.190,false
P002050,Solstice Bâche Éco,Solstice,CAT037,S0542,57.91,9.429,false
P002051,Vertex Shampooing Ultra,Vertex,CAT021,S0582,10.87,11.562,false
P002052,Vertex Sérum Pro,Vertex,CAT019,S0595,87.09,11.999,false
P002053,Zephyr Gourde Essentiel,Zephyr,CAT027,S0252,37.20,8.665,true
P002054,Lumen Beau livre Classic,Lumen,CAT033,S0547,32.19,8.405,false
P002055,Ursa Étagère Classic,Ursa,CAT003,S0190,94.34,10.661,false
P002056,Ursa Chemise Compact,Ursa,CAT016,S0024,49.76,9.404,false
P002057,Kestrel Nettoyant jantes Nomade,Kestrel,CAT038,S0085,59.15,4.063,false
P002058,Ivory Lampe Classic,Ivory,CAT002,S0277,202.93,3.696,false
P002059,Vertex Clé à cliquet Ultra,Vertex,CAT038,S0072,94.90,5.053,false
P002060,Delvia Chargeur Ultra,Delvia,CAT007,S0442,70.21,3.966,true
P002061,Juniper Casque vélo Éco,Juniper,CAT024,S0119,40.52,10.920,false
P002062,Solstice Palette Pro,Solstice,CAT022,S0426,19.00,0.128,false
P002063,Kestrel Peluche Pro,Kestrel,CAT030,S0408,36.38,1.127,false
P002064,Solstice Chemise Nomade,Solstice,CAT017,S0545,13.72,4.644,false
P002065,Bexon Nettoyant jantes Ultra,Bexon,CAT036,S0542,274.13,3.678,false
P002066,Kestrel Cube éducatif Ultra,Kestrel,CAT029,S0591,19.62,5.633,false
P002067,Delvia Jeu de plateau Éco,Delvia,CAT031,S0337,183.30,10.292,false
P002068,Rivage Bouilloire Ultra,Rivage,CAT006,S0006,21.47,6.479,false
P002069,Orbit Chargeur Éco,Orbit,CAT008,S0582,91.89,2.364,false
P002070,Meridian Lampe Compact,Meridian,CAT004,S0378,37.31,5.230,false
P002071,Ursa Sac de sport Ultra,Ursa,CAT026,S0198,136.86,7.089,false
P002072,Nordis Beau livre Pro,Nordis,CAT033,S0168,32.91,9.130,false
P002073,Fjord Sac à main Signature,Fjord,CAT014,S0565,71.07,5.881,false
P002074,Halcyon Clavier Signature,Halcyon,CAT009,S0171,26.66,6.375,true
P002075,Quartz Puzzle Premium,Quartz,CAT029,S0494,147.24,0.053,true
P002076,Alvora Tapis de yoga Premium,Alvora,CAT027,S0432,197.78,10.571,false
P002077,Halcyon Housse de couette XL,Halcyon,CAT002,S0158,79.89,5.334,false
P002078,Cirrus Tapis de yoga XL,Cirrus,CAT025,S0525,38.60,0.072,false
P002079,Alvora Chemise Ultra,Alvora,CAT015,S0074,154.45,3.548,false
P002080,Pallas Étagère Premium,Pallas,CAT006,S0051,30.50,0.496,false
P002081,Solstice Perceuse Pro,Solstice,CAT037,S0023,176.38,10.267,false
P002082,Fjord Set de couverts Essentiel,Fjord,CAT004,S0564,179.64,11.651,false
P002083,Ursa Vinyle XL,Ursa,CAT035,S0559,9.58,10.605,true
P002084,Bexon Crème hydratante Ultra,Bexon,CAT019,S0200,9.82,2.405,false
P002085,Lumen Brosse Éco,Lumen,CAT021,S0466,105.65,8.478,false
P002086,Bexon Jeu de plateau Éco,Bexon,CAT029,S0300,23.75,9.776,false
P002087,Ivory Arrosoir Ultra,Ivory,CAT006,S0061,13.86,2.942,false
P002088,Pallas Montre Éco,Pallas,CAT014,S0197,16.26,11.228,false
P002089,Bexon Sac de sport Pro,Bexon,CAT027,S0295,224.70,10.082,false
P002090,Ursa Peluche Signature,Ursa,CAT031,S0260,243.33,6.859,false
P002091,Nordis Tapis de yoga Compact,Nordis,CAT025,S0120,18.37,7.712,true
P002092,Ursa Clavier Éco,Ursa,CAT010,S0045,204.71,1.863,false
P002093,Nordis Poêle Pro,Nordis,CAT005,S0114,211.29,1.717,true
P002094,Ursa Bâche Pro,Ursa,CAT036,S0353,34.65,9.810,false
P002095,Terra Beau livre Nomade,Terra,CAT033,S0290,21.82,10.001,false
P002096,Delvia Trottinette Ultra,Delvia,CAT028,S0520,276.94,7.243,false
P002097,Vertex Souris Essentiel,Vertex,CAT010,S0038,25.04,4.006,false
P002098,Meridian Sac de sport Essentiel,Meridian,CAT025,S0177,38.50,3.000,false
P002099,Halcyon Chaussures de trail XL,Halcyon,CAT026,S0524,59.23,2.811,false
P002100,Vertex Sneakers Éco,Vertex,CAT017,S0367,80.91,0.066,false
P002101,Alvora Chargeur Éco,Alvora,CAT011,S0590,6.66,1.159,false
P002102,Quartz Haltères Ultra,Quartz,CAT024,S0184,17.13,1.910,false
P002103,Orbit Eau de toilette Compact,Orbit,CAT019,S0273,70.92,8.662,true
P002104,Granit Nettoyant jantes Pro,Granit,CAT036,S0017,22.98,3.918,false
P002105,Cirrus Set de couverts Éco,Cirrus,CAT004,S0496,94.58,10.494,false
P002106,Lumen Filtre à air Classic,Lumen,CAT038,S0243,67.78,9.868,true
P002107,Windrow Tapis de yoga Ultra,Windrow,CAT027,S0192,67.08,4.552,false
P002108,Orbit Ceinture Nomade,Orbit,CAT016,S0064,171.17,0.889,false
P002109,Meridian Roman Pro,Meridian,CAT035,S0467,69.96,2.545,false
P002110,Lumen Brosse Nomade,Lumen,CAT018,S0062,54.85,4.482,false
P002111,Ember Coffret BD Compact,Ember,CAT033,S0290,74.85,3.040,false
P002112,Zephyr Sérum XL,Zephyr,CAT019,S0062,238.21,1.388,false
P002113,Alvora Montre Pro,Alvora,CAT013,S0531,62.60,11.892,false
P002114,Ivory Haltères Classic,Ivory,CAT023,S0470,32.44,1.922,false
P002115,Vertex Arrosoir Compact,Vertex,CAT001,S0281,260.29,4.850,false
P002116,Quartz Sac à main Éco,Quartz,CAT016,S0171,15.67,0.981,false
P002117,Ursa Clé à cliquet Premium,Ursa,CAT038,S0353,50.92,10.255,false
P002118,Lumen Bouilloire Essentiel,Lumen,CAT002,S0234,45.11,10.225,false
P002119,Solstice Housse de couette XL,Solstice,CAT005,S0083,53.88,7.002,false
P002120,Delvia Chargeur Essentiel,Delvia,CAT012,S0016,81.06,6.383,false
P002121,Quartz Arrosoir Ultra,Quartz,CAT002,S0227,63.25,3.498,false
P002122,Ember Vinyle Nomade,Ember,CAT032,S0501,92.01,4.180,false
P002123,Granit Peluche Compact,Granit,CAT031,S0288,81.87,11.228,false
P002124,Halcyon Enceinte XL,Halcyon,CAT008,S0176,23.40,6.864,false
P002125,Fjord Vinyle Compact,Fjord,CAT032,S0137,175.78,9.653,false
P002126,Ivory Clé à cliquet Premium,Ivory,CAT038,S0593,190.29,1.565,true
P002127,Zephyr Sac de sport Compact,Zephyr,CAT026,S0088,71.12,10.427,true
P002128,Halcyon Haltères Ultra,Halcyon,CAT023,S0119,120.82,11.459,false
P002129,Nordis Eau de toilette XL,Nordis,CAT020,S0533,22.71,10.597,false
P002130,Ivory Housse de couette XL,Ivory,CAT006,S0501,29.39,1.804,false
P002131,Kestrel Puzzle Essentiel,Kestrel,CAT029,S0206,108.68,3.331,false
P002132,Quartz Palette Classic,Quartz,CAT019,S0323,84.10,3.221,false
P002133,Lumen Ceinture Nomade,Lumen,CAT016,S0003,94.66,3.692,true
P002134,Ursa Sac de sport XL,Ursa,CAT025,S0175,25.52,7.420,false
P002135,Delvia Sac à main Ultra,Delvia,CAT014,S0080,76.79,3.723,false
P002136,Ember Figurine Compact,Ember,CAT029,S0457,162.94,6.286,true
P002137,Zephyr Clavier Pro,Zephyr,CAT008,S0248,7.98,11.358,false
P002138,Meridian Souris Compact,Meridian,CAT011,S0268,28.04,3.965,true
P002139,Vertex Sneakers Essentiel,Vertex,CAT015,S0197,28.44,7.437,false
P002140,Ursa Trottinette Ultra,Ursa,CAT030,S0257,59.16,2.063,false
P002141,Rivage Vinyle Signature,Rivage,CAT033,S0570,93.00,11.988,false
P002142,Lumen Filtre à air XL,Lumen,CAT036,S0568,21.21,3.608,false
P002143,Kestrel Poêle Nomade,Kestrel,CAT003,S0221,138.98,2.454,false
P002144,Nordis Ceinture Ultra,Nordis,CAT014,S0438,161.60,11.435,false
P002145,Alvora Casque vélo Premium,Alvora,CAT023,S0297,121.92,9.105,false
P002146,Nordis Gourde Premium,Nordis,CAT023,S0331,69.08,6.427,false
P002147,Windrow Perceuse Essentiel,Windrow,CAT039,S0172,81.41,0.094,false
P002148,Orbit Filtre à air XL,Orbit,CAT038,S0261,77.87,5.399,false
P002149,Bexon Casque vélo XL,Bexon,CAT027,S0232,93.84,1.484,false
P002150,Fjord Housse de couette Éco,Fjord,CAT004,S0092,38.27,5.228,false
P002151,Ivory Crème hydratante Classic,Ivory,CAT020,S0582,48.16,1.766,false
P002152,Alvora Brosse Nomade,Alvora,CAT022,S0041,33.47,7.839,false
P002153,Juniper Coffret BD Compact,Juniper,CAT033,S0304,189.53,5.085,false
P002154,Granit Casque Signature,Granit,CAT011,S0066,39.73,11.392,false
P002155,Cirrus Souris Compact,Cirrus,CAT011,S0056,205.68,1.749,false
P002156,Terra Écharpe Ultra,Terra,CAT014,S0272,40.64,9.473,false
P002157,Alvora Perceuse Classic,Alvora,CAT036,S0341,177.18,3.831,false
P002158,Granit Chargeur Éco,Granit,CAT007,S0285,29.92,10.089,true
P002159,Kestrel Nettoyant jantes Pro,Kestrel,CAT036,S0224,85.47,10.517,false
P002160,Lumen Cube éducatif Compact,Lumen,CAT028,S0211,150.18,2.752,false
P002161,Bexon Chaussures de trail Éco,Bexon,CAT025,S0295,9.51,4.212,false
P002162,Nordis Cube éducatif Ultra,Nordis,CAT028,S0381,13.11,10.837,false
P002163,Pallas Enceinte Signature,Pallas,CAT007,S0511,49.21,9.032,false
P002164,Halcyon Webcam Classic,Halcyon,CAT010,S0468,21.14,9.847,false
P002165,Pallas Chemise Éco,Pallas,CAT016,S0124,30.09,9.504,false
P002166,Pallas Perceuse Signature,Pallas,CAT038,S0332,15.33,1.572,true
P002167,Ivory Poêle Éco,Ivory,CAT006,S0363,36.03,3.518,false
P002168,Quartz Chaussures de trail Pro,Quartz,CAT027,S0479,86.44,0.425,false
P002169,Fjord Roman Signature,Fjord,CAT033,S0183,55.90,2.298,false
P002170,Bexon Coffret BD Nomade,Bexon,CAT032,S0320,271.75,6.630,false
P002171,Lumen Ceinture Pro,Lumen,CAT013,S0342,18.50,6.896,false
P002172,Ursa Montre Compact,Ursa,CAT013,S0301,51.99,2.609,false
P002173,Ivory Palette Pro,Ivory,CAT022,S0368,89.79,10.580,false
P002174,Windrow Sérum Premium,Windrow,CAT020,S0090,69.65,2.999,false
P002175,Quartz Étagère Ultra,Quartz,CAT005,S0475,179.17,3.016,false
P002176,Terra Casque vélo Classic,Terra,CAT026,S0097,33.30,0.478,false
P002177,Rivage Trottinette Premium,Rivage,CAT030,S0391,120.45,3.537,false
P002178,Zephyr Jeu de plateau Pro,Zephyr,CAT029,S0182,216.02,6.407,false
P002179,Vertex Crème hydratante Compact,Vertex,CAT020,S0195,37.94,1.438,false
P002180,Cirrus Shampooing XL,Cirrus,CAT018,S0447,59.50,0.127,false
P002181,Juniper Puzzle Ultra,Juniper,CAT028,S0315,76.58,9.123,false
P002182,Cirrus Chargeur Classic,Cirrus,CAT011,S0485,87.52,6.840,false
P002183,Alvora Figurine Signature,Alvora,CAT031,S0435,66.64,2.952,false
P002184,Cirrus Nettoyant jantes Essentiel,Cirrus,CAT036,S0224,192.44,5.258,false
P002185,Windrow Clavier Nomade,Windrow,CAT011,S0143,70.59,5.884,false
P002186,Terra Sérum Nomade,Terra,CAT018,S0247,94.84,0.854,false
P002187,Lumen Beau livre Essentiel,Lumen,CAT035,S0392,45.40,1.519,false
P002188,Kestrel Bouilloire Classic,Kestrel,CAT002,S0185,181.92,1.422,true
P002189,Lumen Lampe Essentiel,Lumen,CAT004,S0358,76.53,2.504,false
P002190,Kestrel Tapis de yoga Compact,Kestrel,CAT025,S0192,57.57,1.655,false
P002191,Ursa Perceuse Pro,Ursa,CAT039,S0284,104.99,1.304,false
P002192,Orbit Beau livre Classic,Orbit,CAT032,S0478,161.06,7.875,false
P002193,Halcyon Gourde Nomade,Halcyon,CAT023,S0012,87.11,4.758,false
P002194,Orbit Casque Classic,Orbit,CAT008,S0249,37.61,2.425,false
P002195,Bexon Tapis de yoga Signature,Bexon,CAT023,S0351,32.61,11.434,false
P002196,Ivory Étagère Éco,Ivory,CAT001,S0114,60.91,2.439,false
P002197,Orbit Brosse XL,Orbit,CAT021,S0219,93.90,8.752,false
P002198,Fjord Sérum Classic,Fjord,CAT018,S0576,37.50,0.820,false
P002199,Ivory Roman Ultra,Ivory,CAT034,S0358,19.61,9.693,false
P002200,Ember Peluche XL,Ember,CAT028,S0010,59.35,10.300,false
P002201,Ivory Sac à main Pro,Ivory,CAT017,S0263,22.28,2.741,false
P002202,Bexon Gourde Éco,Bexon,CAT026,S0525,41.66,11.204,false
P002203,Quartz Filtre à air Nomade,Quartz,CAT036,S0210,11.99,3.342,false
P002204,Terra Manuel Nomade,Terra,CAT032,S0358,207.23,9.852,false
P002205,Kestrel Crème hydratante Premium,Kestrel,CAT020,S0488,80.75,4.086,false
P002206,Halcyon Chemise Éco,Halcyon,CAT014,S0515,64.09,9.442,false
P002207,Vertex Vinyle Éco,Vertex,CAT035,S0098,53.33,6.910,false
P002208,Quartz Housse de couette Classic,Quartz,CAT004,S0281,21.04,0.719,false
P002209,Meridian Set de couverts Classic,Meridian,CAT002,S0008,9.68,5.715,false
P002210,Zephyr Sac de sport Essentiel,Zephyr,CAT026,S0037,10.85,10.201,false
P002211,Fjord Clé à cliquet Ultra,Fjord,CAT038,S0090,49.41,6.852,false
P002212,Pallas Cube éducatif Pro,Pallas,CAT030,S0401,62.74,9.520,false
P002213,Zephyr Lampe Compact,Zephyr,CAT002,S0089,7.80,6.726,true
P002214,Orbit Cube éducatif Éco,Orbit,CAT028,S0338,87.19,3.686,false
P002215,Meridian Sérum Compact,Meridian,CAT021,S0429,86.84,4.846,false
P002216,Cirrus Beau livre Classic,Cirrus,CAT033,S0270,172.43,4.457,false
P002217,Zephyr Nettoyant jantes Pro,Zephyr,CAT038,S0268,142.46,2.262,false
P002218,Delvia Brosse Signature,Delvia,CAT018,S0022,93.87,10.739,false
P002219,Halcyon Roman Classic,Halcyon,CAT034,S0267,50.31,4.129,false
P002220,Rivage Cube éducatif XL,Rivage,CAT028,S0025,4.64,1.539,false
P002221,Solstice Casque Éco,Solstice,CAT012,S0367,27.42,5.078,false
P002222,Pallas Ceinture Pro,Pallas,CAT015,S0269,48.43,9.725,false
P002223,Solstice Poêle Signature,Solstice,CAT006,S0050,48.38,2.853,false
P002224,Fjord Manuel Nomade,Fjord,CAT034,S0321,274.22,7.011,false
P002225,Solstice Tapis de yoga XL,Solstice,CAT024,S0557,89.46,3.262,true
P002226,Fjord Tapis de yoga Classic,Fjord,CAT025,S0245,51.24,8.303,false
P002227,Ember Vinyle Nomade,Ember,CAT034,S0183,56.55,2.398,false
P002228,Zephyr Eau de toilette Nomade,Zephyr,CAT022,S0041,91.08,6.866,false
P002229,Juniper Montre connectée XL,Juniper,CAT009,S0259,18.77,1.792,false
P002230,Ivory Set de couverts Essentiel,Ivory,CAT001,S0551,117.78,8.578,false
P002231,Kestrel Casque Éco,Kestrel,CAT011,S0312,37.75,9.922,false
P002232,Terra Crème hydratante XL,Terra,CAT019,S0505,188.54,7.452,false
P002233,Fjord Peluche Pro,Fjord,CAT029,S0140,84.86,2.072,false
P002234,Cirrus Gourde Signature,Cirrus,CAT025,S0479,72.39,10.272,false
P002235,Bexon Filtre à air Ultra,Bexon,CAT036,S0081,107.15,8.668,false
P002236,Ember Chemise Classic,Ember,CAT016,S0584,78.22,4.244,false
P002237,Ivory Palette Ultra,Ivory,CAT019,S0015,70.82,7.494,false
P002238,Ember Montre Nomade,Ember,CAT016,S0575,57.46,7.648,false
P002239,Cirrus Beau livre Compact,Cirrus,CAT035,S0362,13.14,1.444,false
P002240,Juniper Webcam Premium,Juniper,CAT009,S0581,82.75,3.279,false
P002241,Fjord Figurine Ultra,Fjord,CAT029,S0389,113.67,9.058,false
P002242,Bexon Gourde Signature,Bexon,CAT025,S0109,277.05,2.977,false
P002243,Kestrel Enceinte Éco,Kestrel,CAT011,S0171,31.00,2.950,false
P002244,Rivage Roman Pro,Rivage,CAT033,S0450,43.11,5.038,false
P002245,Halcyon Brosse Compact,Halcyon,CAT019,S0489,93.71,3.967,true
P002246,Nordis Nettoyant jantes Essentiel,Nordis,CAT038,S0353,21.74,3.310,false
P002247,Halcyon Gourde Classic,Halcyon,CAT025,S0395,133.98,10.505,false
P002248,Terra Chaussures de trail Ultra,Terra,CAT024,S0088,89.97,11.986,false
P002249,Rivage Poêle Classic,Rivage,CAT003,S0093,42.30,1.071,false
P002250,Pallas Chargeur Ultra,Pallas,CAT010,S0038,29.18,1.772,false
P002251,Granit Roman Ultra,Granit,CAT035,S0154,33.66,0.834,false
P002252,Terra Casque Pro,Terra,CAT009,S0230,90.82,9.322,false
P002253,Cirrus Chargeur Classic,Cirrus,CAT011,S0437,18.02,3.442,false
P002254,Vertex Perceuse Nomade,Vertex,CAT036,S0111,88.52,5.322,false
P002255,Delvia Eau de toilette Classic,Delvia,CAT018,S0101,12.48,8.420,false
P002256,Ivory Trottinette Classic,Ivory,CAT030,S0113,16.44,4.287,false
P002257,Alvora Chaussures de trail Classic,Alvora,CAT026,S0258,22.38,10.919,false
P002258,Bexon Bouilloire Compact,Bexon,CAT003,S0388,77.66,6.547,false
P002259,Cirrus Montre Signature,Cirrus,CAT017,S0164,46.06,4.811,false
P002260,Fjord Ceinture Signature,Fjord,CAT014,S0584,72.46,3.629,false
P002261,Kestrel Lampe Nomade,Kestrel,CAT005,S0516,6.61,10.020,false
P002262,Meridian Filtre à air Premium,Meridian,CAT036,S0181,40.53,11.911,false
P002263,Orbit Nettoyant jantes Premium,Orbit,CAT038,S0131,268.77,7.962,false
P002264,Windrow Filtre à air Ultra,Windrow,CAT036,S0375,29.57,0.319,false
P002265,Delvia Sérum Pro,Delvia,CAT018,S0433,40.13,6.367,true
P002266,Quartz Manuel Compact,Quartz,CAT033,S0593,48.32,0.712,false
P002267,Ivory Coffret BD Ultra,Ivory,CAT033,S0598,56.23,9.395,false
P002268,Delvia Lampe Essentiel,Delvia,CAT006,S0475,28.46,6.979,false
P002269,Windrow Puzzle Signature,Windrow,CAT031,S0015,147.34,10.933,false
P002270,Lumen Sac à main Éco,Lumen,CAT015,S0465,65.76,3.427,true
P002271,Orbit Bouilloire Compact,Orbit,CAT006,S0190,69.58,3.662,false
P002272,Zephyr Haltères Compact,Zephyr,CAT027,S0597,64.33,2.429,false
P002273,Bexon Clé à cliquet Premium,Bexon,CAT036,S0167,9.69,0.934,false
P002274,Terra Brosse Pro,Terra,CAT021,S0271,79.61,0.977,false
P002275,Fjord Bouilloire Premium,Fjord,CAT003,S0251,55.02,11.569,false
P002276,Meridian Cube éducatif Pro,Meridian,CAT029,S0010,58.42,8.160,false
P002277,Orbit Shampooing Premium,Orbit,CAT022,S0100,92.48,3.150,false
P002278,Solstice Lampe Essentiel,Solstice,CAT004,S0247,141.49,2.635,false
P002279,Windrow Set de couverts Compact,Windrow,CAT004,S0396,33.64,4.662,false
P002280,Bexon Palette Premium,Bexon,CAT019,S0200,11.03,3.412,false
P002281,Ivory Poêle Classic,Ivory,CAT002,S0522,79.72,6.161,false
P002282,Halcyon Puzzle Signature,Halcyon,CAT030,S0377,90.68,3.395,false
P002283,Juniper Sac à main Compact,Juniper,CAT017,S0170,37.96,1.658,true
P002284,Orbit Beau livre Nomade,Orbit,CAT035,S0459,92.23,3.448,false
P002285,Rivage Arrosoir Éco,Rivage,CAT003,S0529,63.62,11.795,false
P002286,Juniper Crème hydratante Nomade,Juniper,CAT022,S0236,18.73,8.328,false
P002287,Nordis Eau de toilette Compact,Nordis,CAT019,S0145,204.44,4.303,false
P002288,Fjord Webcam Premium,Fjord,CAT009,S0182,135.93,5.380,false
P002289,Delvia Sac de sport Classic,Delvia,CAT024,S0156,188.77,11.503,false
P002290,Vertex Tapis de yoga Ultra,Vertex,CAT026,S0295,12.61,1.610,false
P002291,Vertex Chemise Signature,Vertex,CAT015,S0179,179.72,9.140,false
P002292,Cirrus Nettoyant jantes Ultra,Cirrus,CAT037,S0355,144.79,11.074,false
P002293,Rivage Écharpe Nomade,Rivage,CAT015,S0253,148.65,4.262,false
P002294,Juniper Veste Ultra,Juniper,CAT013,S0138,4.89,8.669,false
P002295,Ivory Souris Ultra,Ivory,CAT007,S0501,161.46,6.271,false
P002296,Windrow Nettoyant jantes Essentiel,Windrow,CAT037,S0173,151.33,7.913,false
P002297,Cirrus Set de couverts Nomade,Cirrus,CAT003,S0199,22.33,4.722,false
P002298,Pallas Webcam Ultra,Pallas,CAT008,S0532,65.53,2.311,false
P002299,Zephyr Crème hydratante XL,Zephyr,CAT019,S0077,38.11,11.491,false
P002300,Delvia Webcam Premium,Delvia,CAT009,S0127,30.90,7.307,false
P002301,Ursa Trottinette Ultra,Ursa,CAT031,S0337,124.53,2.481,false
P002302,Bexon Lampe Classic,Bexon,CAT005,S0247,56.94,3.406,false
P002303,Bexon Clé à cliquet XL,Bexon,CAT038,S0023,229.35,1.463,false
P002304,Solstice Ceinture Essentiel,Solstice,CAT013,S0349,53.33,9.438,false
P002305,Lumen Montre connectée Premium,Lumen,CAT007,S0091,63.45,6.058,false
P002306,Pallas Montre connectée Pro,Pallas,CAT008,S0422,167.95,10.109,false
P002307,Rivage Brosse Nomade,Rivage,CAT021,S0165,21.88,7.002,false
P002308,Cirrus Veste Essentiel,Cirrus,CAT015,S0070,199.74,5.432,false
P002309,Delvia Veste Signature,Delvia,CAT016,S0342,59.73,3.402,false
P002310,Juniper Filtre à air XL,Juniper,CAT037,S0332,32.65,8.983,false
P002311,Windrow Bâche Compact,Windrow,CAT036,S0503,72.78,7.530,false
P002312,Ember Enceinte Signature,Ember,CAT007,S0367,31.99,6.709,false
P002313,Windrow Shampooing Signature,Windrow,CAT018,S0424,110.73,11.310,false
P002314,Vertex Veste Classic,Vertex,CAT015,S0010,81.18,7.592,false
P002315,Solstice Filtre à air Classic,Solstice,CAT038,S0072,76.63,2.653,false
P002316,Alvora Clé à cliquet Premium,Alvora,CAT039,S0111,65.50,7.746,false
P002317,Pallas Veste Éco,Pallas,CAT014,S0545,20.21,11.092,false
P002318,Bexon Coffret BD XL,Bexon,CAT032,S0034,59.76,10.210,false
P002319,Ivory Haltères Compact,Ivory,CAT026,S0573,5.24,9.808,false
P002320,Nordis Souris Éco,Nordis,CAT007,S0497,45.86,7.232,false
P002321,Pallas Montre Signature,Pallas,CAT014,S0596,191.87,1.439,false
P002322,Rivage Coffret BD Compact,Rivage,CAT035,S0116,214.45,9.095,false
P002323,Nordis Peluche Pro,Nordis,CAT028,S0534,6.28,6.391,true
P002324,Ember Sneakers Ultra,Ember,CAT017,S0124,43.65,6.692,false
P002325,Zephyr Étagère Pro,Zephyr,CAT004,S0279,77.45,10.374,false
P002326,Solstice Sneakers Essentiel,Solstice,CAT016,S0269,149.59,5.435,false
P002327,Rivage Filtre à air Pro,Rivage,CAT036,S0094,72.71,10.427,false
P002328,Juniper Eau de toilette Éco,Juniper,CAT019,S0355,38.93,10.850,false
P002329,Quartz Crème hydratante Nomade,Quartz,CAT021,S0462,48.03,2.814,false
P002330,Rivage Sérum Premium,Rivage,CAT019,S0193,81.28,2.331,false
P002331,Pallas Arrosoir Classic,Pallas,CAT004,S0221,56.88,8.446,false
P002332,Quartz Webcam Éco,Quartz,CAT007,S0402,117.98,0.422,false
P002333,Fjord Clé à cliquet Ultra,Fjord,CAT037,S0157,103.10,7.330,false
P002334,Quartz Shampooing Signature,Quartz,CAT020,S0355,48.19,10.812,true
P002335,Ivory Arrosoir Signature,Ivory,CAT005,S0378,29.80,4.053,false
P002336,Kestrel Eau de toilette Nomade,Kestrel,CAT022,S0195,50.42,5.609,false
P002337,Windrow Sac de sport XL,Windrow,CAT023,S0100,170.36,5.424,false
P002338,Kestrel Crème hydratante Classic,Kestrel,CAT019,S0552,176.03,7.083,false
P002339,Rivage Clavier Pro,Rivage,CAT008,S0451,55.63,1.009,false
P002340,Vertex Casque Ultra,Vertex,CAT012,S0114,69.11,6.696,false
P002341,Nordis Étagère Essentiel,Nordis,CAT004,S0518,32.48,11.703,false
P002342,Rivage Filtre à air Pro,Rivage,CAT036,S0242,7.73,8.451,false
P002343,Cirrus Beau livre Signature,Cirrus,CAT035,S0183,58.75,7.968,true
P002344,Granit Figurine Ultra,Granit,CAT028,S0206,72.16,5.327,false
P002345,Bexon Veste Classic,Bexon,CAT013,S0087,51.60,11.097,false
P002346,Granit Roman Premium,Granit,CAT034,S0307,80.26,4.869,false
P002347,Pallas Casque XL,Pallas,CAT011,S0259,66.05,8.165,false
P002348,Terra Sac à main Classic,Terra,CAT016,S0491,28.56,9.621,false
P002349,Halcyon Webcam Éco,Halcyon,CAT010,S0125,34.18,9.465,false
P002350,Orbit Sac de sport Compact,Orbit,CAT026,S0424,100.14,1.142,false
P002351,Juniper Ceinture Signature,Juniper,CAT013,S0508,72.32,6.762,false
P002352,Granit Vinyle Essentiel,Granit,CAT032,S0177,83.02,6.270,false
P002353,Ember Manuel Signature,Ember,CAT033,S0554,70.73,3.993,false
P002354,Fjord Roman Essentiel,Fjord,CAT034,S0600,132.73,2.562,false
P002355,Windrow Bâche XL,Windrow,CAT037,S0314,97.87,1.926,false
P002356,Zephyr Coffret BD Pro,Zephyr,CAT035,S0325,23.83,6.467,false
P002357,Cirrus Perceuse Classic,Cirrus,CAT036,S0585,154.83,10.715,false
P002358,Meridian Beau livre Classic,Meridian,CAT035,S0392,58.40,2.205,false
P002359,Lumen Bouilloire Essentiel,Lumen,CAT004,S0196,137.45,5.589,false
P002360,Kestrel Casque Signature,Kestrel,CAT010,S0318,32.21,10.124,false
P002361,Granit Figurine Classic,Granit,CAT028,S0269,67.64,1.912,true
P002362,Solstice Sac à main Ultra,Solstice,CAT014,S0531,135.50,9.320,false
P002363,Fjord Chaussures de trail Classic,Fjord,CAT024,S0330,63.25,11.953,false
P002364,Alvora Puzzle Signature,Alvora,CAT031,S0041,46.88,0.684,false
P002365,Ursa Gourde XL,Ursa,CAT025,S0057,45.59,2.215,false
P002366,Zephyr Crème hydratante Nomade,Zephyr,CAT018,S0015,63.82,3.754,false
P002367,Lumen Haltères Éco,Lumen,CAT023,S0192,38.09,3.088,false
P002368,Alvora Filtre à air XL,Alvora,CAT038,S0422,135.14,8.393,false
P002369,Rivage Montre connectée Classic,Rivage,CAT012,S0259,17.61,1.233,false
P002370,Bexon Vinyle Éco,Bexon,CAT034,S0467,75.65,11.058,false
P002371,Ursa Bâche Classic,Ursa,CAT039,S0134,65.40,2.663,true
P002372,Juniper Vinyle XL,Juniper,CAT033,S0146,43.01,1.848,false
P002373,Vertex Chaussures de trail Ultra,Vertex,CAT026,S0506,16.64,1.466,false
P002374,Pallas Clavier Premium,Pallas,CAT008,S0383,74.83,5.446,false
P002375,Kestrel Beau livre Premium,Kestrel,CAT035,S0556,51.41,9.139,false
P002376,Lumen Crème hydratante Nomade,Lumen,CAT021,S0052,172.10,0.493,false
P002377,Lumen Sneakers Éco,Lumen,CAT016,S0044,7.37,4.351,false
P002378,Ursa Bâche Signature,Ursa,CAT039,S0242,18.11,11.386,true
P002379,Fjord Vinyle Pro,Fjord,CAT033,S0556,16.81,11.576,false
P002380,Quartz Sérum XL,Quartz,CAT021,S0434,94.70,6.038,false
P002381,Alvora Coffret BD Ultra,Alvora,CAT032,S0565,45.78,10.109,false
P002382,Granit Eau de toilette Nomade,Granit,CAT019,S0294,29.30,2.968,false
P002383,Terra Cube éducatif Compact,Terra,CAT030,S0497,66.98,0.641,false
P002384,Solstice Perceuse Signature,Solstice,CAT037,S0085,14.51,5.559,false
P002385,Nordis Chaussures de trail Essentiel,Nordis,CAT024,S0331,18.57,5.000,false
P002386,Kestrel Écharpe Essentiel,Kestrel,CAT015,S0340,126.13,5.087,false
P002387,Kestrel Bouilloire Nomade,Kestrel,CAT004,S0522,17.41,0.131,false
P002388,Rivage Écharpe Classic,Rivage,CAT014,S0393,174.86,2.632,false
P002389,Cirrus Eau de toilette Nomade,Cirrus,CAT019,S0236,208.82,1.854,false
P002390,Bexon Sac à main XL,Bexon,CAT013,S0371,85.72,3.714,false
P002391,Windrow Coffret BD Éco,Windrow,CAT035,S0322,31.44,7.638,false
P002392,Rivage Crème hydratante Essentiel,Rivage,CAT018,S0062,54.98,9.357,false
P002393,Granit Écharpe XL,Granit,CAT013,S0469,23.51,8.011,false
P002394,Kestrel Jeu de plateau Ultra,Kestrel,CAT029,S0464,118.04,5.127,false
P002395,Cirrus Chaussures de trail Nomade,Cirrus,CAT025,S0490,216.32,10.818,true
P002396,Rivage Gourde Compact,Rivage,CAT023,S0157,56.65,11.536,false
P002397,Rivage Webcam XL,Rivage,CAT010,S0248,115.61,3.524,false
P002398,Meridian Cube éducatif Classic,Meridian,CAT030,S0005,54.64,9.542,false
P002399,Solstice Clé à cliquet Classic,Solstice,CAT039,S0571,80.90,5.823,true
P002400,Solstice Montre XL,Solstice,CAT013,S0565,25.00,3.483,false
P002401,Meridian Arrosoir Classic,Meridian,CAT004,S0278,65.33,11.323,false
P002402,Lumen Casque Essentiel,Lumen,CAT007,S0142,85.63,1.861,false
P002403,Windrow Sérum Pro,Windrow,CAT019,S0165,229.61,1.671,false
P002404,Juniper Chemise Premium,Juniper,CAT014,S0342,20.80,10.696,false
P002405,Quartz Casque vélo Premium,Quartz,CAT023,S0181,13.58,6.313,false
P002406,Fjord Ceinture Essentiel,Fjord,CAT016,S0410,81.88,7.743,false
P002407,Orbit Beau livre Compact,Orbit,CAT032,S0098,65.26,8.478,false
P002408,Ivory Nettoyant jantes Pro,Ivory,CAT039,S0242,253.75,7.403,true
P002409,Ursa Montre connectée Pro,Ursa,CAT011,S0339,92.75,7.211,false
P002410,Ursa Crème hydratante Classic,Ursa,CAT019,S0599,78.60,2.751,true
P002411,Alvora Sneakers Premium,Alvora,CAT015,S0596,63.07,3.984,false
P002412,Ivory Écharpe XL,Ivory,CAT014,S0164,38.53,6.085,false
P002413,Lumen Sac à main Éco,Lumen,CAT017,S0197,12.36,10.724,false
P002414,Bexon Sac à main Signature,Bexon,CAT017,S0454,78.83,4.235,false
P002415,Vertex Souris Compact,Vertex,CAT011,S0437,54.72,3.293,false
P002416,Granit Peluche Éco,Granit,CAT029,S0289,26.25,0.085,false
P002417,Bexon Figurine Ultra,Bexon,CAT029,S0338,65.65,9.416,false
P002418,Cirrus Beau livre Nomade,Cirrus,CAT035,S0176,108.37,8.332,false
P002419,Kestrel Gourde Nomade,Kestrel,CAT025,S0120,189.31,0.262,false
P002420,Fjord Filtre à air Ultra,Fjord,CAT036,S0284,172.85,9.650,false
P002421,Orbit Perceuse XL,Orbit,CAT036,S0023,47.27,11.919,true
P002422,Delvia Lampe Premium,Delvia,CAT006,S0369,72.12,9.620,false
P002423,Zephyr Sac de sport XL,Zephyr,CAT027,S0086,94.26,8.219,false
P002424,Pallas Perceuse Premium,Pallas,CAT038,S0468,80.92,0.257,false
P002425,Ursa Housse de couette Premium,Ursa,CAT001,S0069,93.37,11.501,false
P002426,Lumen Housse de couette Classic,Lumen,CAT005,S0241,25.41,4.283,false
P002427,Nordis Montre Essentiel,Nordis,CAT014,S0563,257.63,3.585,false
P002428,Alvora Chaussures de trail XL,Alvora,CAT027,S0566,40.75,0.371,false
P002429,Fjord Housse de couette Essentiel,Fjord,CAT001,S0475,10.95,1.640,false
P002430,Ursa Peluche Compact,Ursa,CAT029,S0338,24.84,2.587,false
P002431,Cirrus Beau livre Ultra,Cirrus,CAT035,S0557,76.96,9.355,false
P002432,Solstice Enceinte Ultra,Solstice,CAT011,S0539,59.86,7.484,false
P002433,Meridian Clé à cliquet Classic,Meridian,CAT039,S0538,16.91,3.173,false
P002434,Juniper Montre connectée Pro,Juniper,CAT007,S0121,150.02,1.668,false
P002435,Quartz Sneakers Essentiel,Quartz,CAT017,S0321,100.73,7.571,false
P002436,Orbit Trottinette Nomade,Orbit,CAT029,S0215,163.38,2.185,true
P002437,Ember Chargeur Essentiel,Ember,CAT011,S0030,76.03,1.890,true
P002438,Halcyon Bouilloire XL,Halcyon,CAT001,S0378,73.38,1.107,false
P002439,Lumen Clé à cliquet Premium,Lumen,CAT038,S0391,74.88,11.419,false
P002440,Ursa Poêle Éco,Ursa,CAT005,S0513,10.16,9.224,false
P002441,Alvora Tapis de yoga Nomade,Alvora,CAT025,S0557,68.47,11.770,false
P002442,Ember Jeu de plateau Éco,Ember,CAT029,S0244,55.76,0.941,false
P002443,Windrow Shampooing Classic,Windrow,CAT022,S0552,244.27,7.857,false
P002444,Cirrus Jeu de plateau Pro,Cirrus,CAT028,S0572,266.44,10.059,false
P002445,Windrow Lampe Signature,Windrow,CAT006,S0093,29.61,10.677,false
P002446,Alvora Ceinture Premium,Alvora,CAT014,S0469,88.09,5.602,false
P002447,Halcyon Sneakers Classic,Halcyon,CAT013,S0031,38.46,11.447,true
P002448,Orbit Étagère Compact,Orbit,CAT005,S0260,48.96,2.198,false
P002449,Solstice Filtre à air Nomade,Solstice,CAT039,S0238,79.23,8.182,false
P002450,Ember Tapis de yoga Nomade,Ember,CAT025,S0187,77.55,5.539,false
P002451,Halcyon Filtre à air Signature,Halcyon,CAT038,S0134,19.85,3.345,false
P002452,Delvia Haltères XL,Delvia,CAT024,S0021,62.67,2.858,false
P002453,Zephyr Housse de couette Signature,Zephyr,CAT005,S0356,86.17,10.856,false
P002454,Lumen Bouilloire Éco,Lumen,CAT003,S0548,24.30,11.894,false
P002455,Kestrel Shampooing Nomade,Kestrel,CAT019,S0077,120.93,0.111,false
P002456,Ursa Sac de sport XL,Ursa,CAT026,S0086,89.24,3.115,false
P002457,Quartz Figurine Essentiel,Quartz,CAT028,S0244,30.49,6.160,false
P002458,Cirrus Trottinette Essentiel,Cirrus,CAT030,S0543,85.18,2.787,false
P002459,Quartz Arrosoir Compact,Quartz,CAT005,S0161,22.29,3.037,false
P002460,Windrow Coffret BD Pro,Windrow,CAT035,S0115,85.34,9.628,true
P002461,Kestrel Eau de toilette Essentiel,Kestrel,CAT018,S0015,189.28,4.510,false
P002462,Meridian Veste Premium,Meridian,CAT013,S0485,93.94,7.509,false
P002463,Halcyon Roman Ultra,Halcyon,CAT033,S0361,85.05,11.323,false
P002464,Orbit Bâche Signature,Orbit,CAT036,S0193,12.62,8.800,false
P002465,Ember Sneakers XL,Ember,CAT015,S0453,42.76,6.337,false
P002466,Halcyon Sac à main Compact,Halcyon,CAT013,S0031,93.10,6.439,true
P002467,Zephyr Set de couverts XL,Zephyr,CAT006,S0363,10.53,11.867,false
P002468,Nordis Sérum Signature,Nordis,CAT018,S0194,160.58,10.874,true
P002469,Halcyon Beau livre Premium,Halcyon,CAT035,S0362,40.82,0.075,false
P002470,Fjord Figurine Signature,Fjord,CAT031,S0134,65.14,2.219,false
P002471,Ember Lampe Pro,Ember,CAT006,S0006,6.52,5.220,false
P002472,Juniper Housse de couette Pro,Juniper,CAT002,S0273,113.74,1.901,false
P002473,Pallas Sac à main Éco,Pallas,CAT015,S0182,50.23,6.708,false
P002474,Kestrel Poêle Nomade,Kestrel,CAT003,S0549,12.72,8.472,false
P002475,Vertex Roman Essentiel,Vertex,CAT032,S0262,82.38,5.227,false
P002476,Orbit Housse de couette Éco,Orbit,CAT006,S0396,17.42,6.964,false
P002477,Kestrel Coffret BD XL,Kestrel,CAT035,S0547,36.49,5.718,false
P002478,Windrow Webcam Premium,Windrow,CAT008,S0262,52.90,1.946,false
P002479,Nordis Ceinture XL,Nordis,CAT016,S0596,27.08,5.215,false
P002480,Nordis Beau livre Essentiel,Nordis,CAT032,S0358,74.91,3.769,false
P002481,Quartz Chemise Ultra,Quartz,CAT015,S0441,132.87,10.198,false
P002482,Ivory Webcam Éco,Ivory,CAT010,S0055,71.74,10.355,false
P002483,Fjord Perceuse Nomade,Fjord,CAT037,S0293,105.30,4.643,false
P002484,Bexon Casque Classic,Bexon,CAT008,S0248,66.78,7.707,false
P002485,Orbit Arrosoir Pro,Orbit,CAT002,S0513,84.83,1.946,false
P002486,Alvora Housse de couette Premium,Alvora,CAT003,S0466,140.96,5.217,false
P002487,Rivage Bouilloire Classic,Rivage,CAT003,S0061,12.34,8.139,false
P002488,Juniper Cube éducatif Signature,Juniper,CAT031,S0078,94.82,9.417,true
P002489,Terra Housse de couette Signature,Terra,CAT003,S0544,229.86,8.737,true
P002490,Ember Cube éducatif Compact,Ember,CAT029,S0427,80.93,2.569,false
P002491,Ursa Palette Nomade,Ursa,CAT021,S0062,257.47,0.675,true
P002492,Halcyon Figurine Essentiel,Halcyon,CAT030,S0088,138.33,5.445,false
P002493,Alvora Shampooing Éco,Alvora,CAT019,S0489,51.29,3.518,false
P002494,Zephyr Tapis de yoga XL,Zephyr,CAT025,S0560,20.44,10.669,false
P002495,Juniper Sac à main Essentiel,Juniper,CAT016,S0515,174.34,11.460,false
P002496,Bexon Étagère Éco,Bexon,CAT002,S0592,33.89,7.053,false
P002497,Nordis Souris Éco,Nordis,CAT012,S0225,17.98,11.977,false
P002498,Bexon Housse de couette Pro,Bexon,CAT005,S0306,58.65,0.073,false
P002499,Rivage Bouilloire Nomade,Rivage,CAT003,S0421,44.72,11.548,false
P002500,Ivory Casque vélo XL,Ivory,CAT027,S0157,284.55,7.218,true
P002501,Nordis Montre connectée Pro,Nordis,CAT010,S0583,37.72,9.946,true
P002502,Windrow Nettoyant jantes Premium,Windrow,CAT036,S0216,42.99,9.074,false
P002503,Juniper Figurine Classic,Juniper,CAT030,S0510,50.41,3.758,false
P002504,Delvia Set de couverts Signature,Delvia,CAT005,S0079,151.79,9.381,false
P002505,Kestrel Montre connectée Éco,Kestrel,CAT008,S0396,82.62,9.333,false
P002506,Delvia Lampe Premium,Delvia,CAT006,S0302,196.70,3.028,false
P002507,Windrow Perceuse Nomade,Windrow,CAT036,S0340,39.69,9.427,false
P002508,Windrow Beau livre Compact,Windrow,CAT032,S0267,74.73,6.132,false
P002509,Zephyr Crème hydratante Classic,Zephyr,CAT019,S0132,45.96,6.309,true
P002510,Zephyr Eau de toilette Classic,Zephyr,CAT021,S0592,100.74,2.445,false
P002511,Delvia Montre connectée Ultra,Delvia,CAT008,S0554,35.25,6.032,false
P002512,Orbit Écharpe Premium,Orbit,CAT016,S0555,41.67,0.765,false
P002513,Vertex Manuel Essentiel,Vertex,CAT034,S0110,68.65,7.684,false
P002514,Lumen Figurine Pro,Lumen,CAT030,S0522,270.22,9.585,false
P002515,Orbit Roman Nomade,Orbit,CAT033,S0324,110.34,10.054,false
P002516,Fjord Housse de couette Pro,Fjord,CAT003,S0083,70.03,4.148,false
P002517,Cirrus Vinyle Éco,Cirrus,CAT032,S0496,55.81,4.039,false
P002518,Lumen Bouilloire Ultra,Lumen,CAT003,S0530,135.02,0.515,true
P002519,Quartz Bouilloire Nomade,Quartz,CAT005,S0390,73.43,10.992,true
P002520,Lumen Chargeur Ultra,Lumen,CAT011,S0419,9.33,11.621,false
P002521,Fjord Casque vélo Ultra,Fjord,CAT027,S0043,19.25,2.688,false
P002522,Cirrus Tapis de yoga Pro,Cirrus,CAT026,S0095,59.60,5.125,false
P002523,Delvia Chargeur Éco,Delvia,CAT011,S0587,195.99,1.607,false
P002524,Solstice Clé à cliquet Classic,Solstice,CAT036,S0166,147.73,7.865,false
P002525,Windrow Ceinture Compact,Windrow,CAT013,S0031,66.26,5.466,false
P002526,Vertex Set de couverts Compact,Vertex,CAT003,S0190,80.85,3.904,false
P002527,Alvora Puzzle Éco,Alvora,CAT030,S0370,44.99,9.311,false
P002528,Ember Montre connectée Éco,Ember,CAT007,S0312,79.30,2.673,false
P002529,Alvora Vinyle XL,Alvora,CAT035,S0394,62.01,10.163,true
P002530,Ursa Sac à main Éco,Ursa,CAT017,S0399,68.91,11.100,false
P002531,Quartz Filtre à air Classic,Quartz,CAT037,S0460,106.69,6.531,true
P002532,Lumen Beau livre Signature,Lumen,CAT032,S0304,42.49,4.736,false
P002533,Ember Bâche Essentiel,Ember,CAT037,S0102,79.61,9.585,false
P002534,Zephyr Sneakers XL,Zephyr,CAT013,S0451,69.96,5.151,false
P002535,Ember Nettoyant jantes Signature,Ember,CAT038,S0334,162.69,1.139,false
P002536,Orbit Palette XL,Orbit,CAT022,S0496,68.19,7.986,false
P002537,Pallas Écharpe Éco,Pallas,CAT016,S0523,162.47,8.492,false
P002538,Halcyon Étagère Pro,Halcyon,CAT003,S0518,82.93,4.572,false
P002539,Bexon Arrosoir Compact,Bexon,CAT001,S0306,34.68,6.456,false
P002540,Lumen Sérum XL,Lumen,CAT020,S0533,5.50,8.534,false
P002541,Juniper Beau livre Pro,Juniper,CAT032,S0160,64.60,7.756,false
P002542,Solstice Brosse Ultra,Solstice,CAT021,S0217,71.07,4.890,false
P002543,Granit Sérum Pro,Granit,CAT018,S0093,41.07,7.804,false
P002544,Orbit Étagère Premium,Orbit,CAT006,S0115,48.74,4.318,false
P002545,Solstice Étagère Compact,Solstice,CAT001,S0042,177.49,10.632,false
P002546,Meridian Chaussures de trail Essentiel,Meridian,CAT023,S0086,29.59,1.901,false
P002547,Lumen Manuel Premium,Lumen,CAT032,S0062,81.45,9.743,false
P002548,Ursa Figurine XL,Ursa,CAT031,S0372,37.37,10.034,true
P002549,Orbit Manuel XL,Orbit,CAT032,S0462,87.83,2.434,false
P002550,Quartz Sac à main Signature,Quartz,CAT015,S0243,175.28,6.411,false
P002551,Delvia Chemise Compact,Delvia,CAT016,S0531,72.50,9.573,false
P002552,Fjord Vinyle Éco,Fjord,CAT035,S0053,131.02,6.257,false
P002553,Kestrel Cube éducatif Éco,Kestrel,CAT028,S0510,17.43,2.171,false
P002554,Ursa Roman Classic,Ursa,CAT032,S0586,38.39,5.843,false
P002555,Vertex Jeu de plateau Signature,Vertex,CAT030,S0075,68.00,2.645,false
P002556,Fjord Housse de couette XL,Fjord,CAT002,S0239,53.09,6.126,false
P002557,Lumen Nettoyant jantes Éco,Lumen,CAT039,S0133,199.47,6.420,false
P002558,Cirrus Housse de couette Pro,Cirrus,CAT006,S0405,137.09,7.434,false
P002559,Windrow Nettoyant jantes XL,Windrow,CAT036,S0501,88.54,8.787,false
P002560,Windrow Manuel Ultra,Windrow,CAT033,S0267,132.31,4.290,false
P002561,Kestrel Haltères Premium,Kestrel,CAT024,S0403,139.73,9.746,false
P002562,Pallas Veste Pro,Pallas,CAT016,S0371,70.76,3.908,false
P002563,Ember Brosse Compact,Ember,CAT020,S0055,70.54,2.586,false
P002564,Ursa Brosse Nomade,Ursa,CAT019,S0245,88.72,0.976,false
P002565,Kestrel Housse de couette Premium,Kestrel,CAT002,S0218,94.24,8.450,false
P002566,Kestrel Lampe Classic,Kestrel,CAT002,S0564,14.15,4.768,false
P002567,Fjord Enceinte Ultra,Fjord,CAT010,S0091,177.43,1.860,false
P002568,Ivory Perceuse Classic,Ivory,CAT036,S0240,21.43,3.922,false
P002569,Ivory Filtre à air Compact,Ivory,CAT039,S0571,31.82,6.687,false
P002570,Lumen Housse de couette XL,Lumen,CAT001,S0356,67.84,0.113,false
P002571,Bexon Set de couverts Classic,Bexon,CAT003,S0518,76.71,6.947,false
P002572,Orbit Clavier Essentiel,Orbit,CAT009,S0459,4.75,0.606,false
P002573,Juniper Bâche Pro,Juniper,CAT038,S0210,40.18,10.305,false
P002574,Windrow Casque Compact,Windrow,CAT008,S0143,7.65,9.419,false
P002575,Nordis Arrosoir Éco,Nordis,CAT003,S0144,65.26,0.561,false
P002576,Granit Sac à main Signature,Granit,CAT015,S0544,37.34,9.420,false
P002577,Bexon Montre Premium,Bexon,CAT016,S0182,35.47,4.475,false
P002578,Bexon Arrosoir XL,Bexon,CAT004,S0556,9.81,1.350,false
P002579,Delvia Jeu de plateau Compact,Delvia,CAT029,S0461,109.13,7.301,false
P002580,Granit Montre XL,Granit,CAT013,S0243,60.87,11.524,false
P002581,Granit Filtre à air Premium,Granit,CAT036,S0472,84.03,11.464,false
P002582,Delvia Souris Éco,Delvia,CAT012,S0248,167.57,11.136,false
P002583,Zephyr Poêle Essentiel,Zephyr,CAT002,S0178,80.13,0.594,false
P002584,Orbit Clé à cliquet Premium,Orbit,CAT039,S0046,64.37,9.879,false
P002585,Ursa Souris Essentiel,Ursa,CAT009,S0045,78.59,4.385,false
P002586,Ursa Eau de toilette Essentiel,Ursa,CAT021,S0300,108.37,4.727,false
P002587,Vertex Enceinte XL,Vertex,CAT011,S0335,31.73,0.950,false
P002588,Bexon Souris Nomade,Bexon,CAT011,S0231,62.34,1.085,false
P002589,Cirrus Bâche Éco,Cirrus,CAT036,S0357,39.45,4.128,false
P002590,Juniper Sac de sport Ultra,Juniper,CAT027,S0296,39.17,0.085,false
P002591,Pallas Housse de couette XL,Pallas,CAT004,S0189,13.11,8.850,false
P002592,Lumen Enceinte Classic,Lumen,CAT012,S0539,15.48,7.297,false
P002593,Pallas Bouilloire Signature,Pallas,CAT005,S0093,30.04,8.879,false
P002594,Solstice Jeu de plateau Premium,Solstice,CAT029,S0477,50.50,2.984,false
P002595,Nordis Clé à cliquet Ultra,Nordis,CAT037,S0129,93.67,11.593,false
P002596,Solstice Perceuse Compact,Solstice,CAT038,S0240,70.59,2.460,false
P002597,Kestrel Eau de toilette Essentiel,Kestrel,CAT021,S0200,270.55,7.297,false
P002598,Delvia Manuel Essentiel,Delvia,CAT034,S0225,112.02,1.539,false
P002599,Alvora Filtre à air Classic,Alvora,CAT037,S0210,73.81,11.844,false
P002600,Ivory Figurine Classic,Ivory,CAT028,S0527,47.96,5.164,false
P002601,Ursa Sneakers XL,Ursa,CAT017,S0422,104.47,6.930,false
P002602,Delvia Palette Éco,Delvia,CAT022,S0015,198.36,2.716,true
P002603,Vertex Filtre à air Compact,Vertex,CAT037,S0557,28.51,1.276,false
P002604,Vertex Haltères Éco,Vertex,CAT026,S0507,28.99,5.359,false
P002605,Ember Montre Compact,Ember,CAT014,S0011,80.48,3.454,false
P002606,Orbit Palette Signature,Orbit,CAT021,S0541,182.98,2.540,false
P002607,Vertex Manuel Ultra,Vertex,CAT034,S0267,21.76,10.042,false
P002608,Fjord Clavier Premium,Fjord,CAT007,S0583,30.86,2.877,false
P002609,Rivage Vinyle XL,Rivage,CAT035,S0004,82.69,11.705,false
P002610,Meridian Filtre à air Éco,Meridian,CAT036,S0241,49.48,2.979,false
P002611,Lumen Sneakers Compact,Lumen,CAT013,S0250,80.98,5.634,false
P002612,Cirrus Sérum Éco,Cirrus,CAT020,S0200,85.21,11.052,false
P002613,Lumen Beau livre Classic,Lumen,CAT034,S0504,86.31,4.527,false
P002614,Solstice Lampe Compact,Solstice,CAT003,S0396,51.08,9.281,false
P002615,Alvora Figurine Signature,Alvora,CAT031,S0561,109.79,5.820,false
P002616,Bexon Bâche Classic,Bexon,CAT039,S0387,56.98,0.497,false
P002617,Vertex Sac à main Compact,Vertex,CAT013,S0138,38.17,9.514,false
P002618,Lumen Lampe Éco,Lumen,CAT001,S0210,49.61,3.420,false
P002619,Ursa Eau de toilette Premium,Ursa,CAT019,S0142,34.55,0.433,false
P002620,Lumen Filtre à air XL,Lumen,CAT038,S0166,5.63,3.330,false
P002621,Nordis Eau de toilette Classic,Nordis,CAT020,S0507,55.66,10.626,false
P002622,Ursa Cube éducatif Essentiel,Ursa,CAT031,S0280,42.95,1.022,false
P002623,Nordis Clé à cliquet Signature,Nordis,CAT039,S0436,78.14,2.386,false
P002624,Ivory Peluche Éco,Ivory,CAT029,S0389,75.60,10.410,true
P002625,Cirrus Vinyle Premium,Cirrus,CAT034,S0518,138.13,6.939,false
P002626,Ivory Housse de couette XL,Ivory,CAT002,S0061,175.37,10.222,true
P002627,Vertex Brosse XL,Vertex,CAT020,S0300,120.32,0.278,false
P002628,Alvora Vinyle Signature,Alvora,CAT033,S0358,149.81,3.300,false
P002629,Vertex Sneakers Pro,Vertex,CAT014,S0416,14.80,1.014,false
P002630,Ivory Manuel Pro,Ivory,CAT033,S0550,138.16,8.265,false
P002631,Windrow Palette XL,Windrow,CAT022,S0333,156.59,7.446,false
P002632,Cirrus Lampe Éco,Cirrus,CAT004,S0168,65.42,4.945,false
P002633,Windrow Set de couverts XL,Windrow,CAT002,S0251,190.48,10.430,false
P002634,Orbit Casque Classic,Orbit,CAT009,S0511,135.01,4.129,false
P002635,Juniper Clé à cliquet Premium,Juniper,CAT038,S0131,100.40,0.098,false
P002636,Cirrus Cube éducatif Classic,Cirrus,CAT028,S0457,46.91,5.901,false
P002637,Terra Nettoyant jantes XL,Terra,CAT039,S0542,12.65,9.033,false
P002638,Cirrus Perceuse Classic,Cirrus,CAT039,S0167,9.18,11.086,false
P002639,Zephyr Enceinte Essentiel,Zephyr,CAT008,S0310,38.82,6.421,false
P002640,Meridian Sérum Ultra,Meridian,CAT021,S0323,34.79,1.360,false
P002641,Ursa Clé à cliquet Signature,Ursa,CAT036,S0293,67.92,1.234,false
P002642,Rivage Coffret BD Essentiel,Rivage,CAT033,S0404,252.89,7.966,false
P002643,Ember Coffret BD Ultra,Ember,CAT033,S0020,283.36,5.004,false
P002644,Lumen Lampe Éco,Lumen,CAT006,S0467,39.60,8.939,false
P002645,Fjord Figurine Premium,Fjord,CAT031,S0572,122.59,10.199,true
P002646,Rivage Shampooing XL,Rivage,CAT019,S0266,30.37,4.649,false
P002647,Pallas Chaussures de trail Essentiel,Pallas,CAT025,S0395,44.27,5.075,false
P002648,Fjord Eau de toilette Signature,Fjord,CAT021,S0278,69.15,4.635,false
P002649,Pallas Montre Classic,Pallas,CAT016,S0491,22.34,11.441,false
P002650,Halcyon Filtre à air Compact,Halcyon,CAT036,S0023,108.55,2.096,false
P002651,Pallas Étagère Éco,Pallas,CAT003,S0475,31.56,3.064,false
P002652,Halcyon Nettoyant jantes Essentiel,Halcyon,CAT036,S0353,195.84,10.622,false
P002653,Vertex Casque Compact,Vertex,CAT011,S0117,91.50,7.561,false
P002654,Nordis Housse de couette XL,Nordis,CAT005,S0191,36.43,0.929,false
P002655,Terra Clavier Ultra,Terra,CAT011,S0218,139.63,0.846,false
P002656,Terra Puzzle Premium,Terra,CAT030,S0480,76.01,11.997,true
P002657,Ivory Manuel Pro,Ivory,CAT033,S0451,221.64,7.506,false
P002658,Rivage Étagère Compact,Rivage,CAT003,S0382,13.13,0.678,true
P002659,Ivory Peluche Classic,Ivory,CAT031,S0337,49.99,4.117,false
P002660,Vertex Enceinte Nomade,Vertex,CAT011,S0231,19.09,5.384,false
P002661,Terra Cube éducatif Essentiel,Terra,CAT029,S0289,98.36,8.814,false
P002662,Zephyr Beau livre Premium,Zephyr,CAT032,S0139,38.01,6.320,false
P002663,Granit Set de couverts Compact,Granit,CAT006,S0265,194.08,1.931,true
P002664,Zephyr Palette Éco,Zephyr,CAT019,S0381,51.28,11.516,false
P002665,Ursa Nettoyant jantes Éco,Ursa,CAT036,S0131,10.23,11.423,false
P002666,Nordis Cube éducatif Pro,Nordis,CAT031,S0561,58.78,8.801,false
P002667,Pallas Perceuse Premium,Pallas,CAT039,S0299,61.68,1.819,false
P002668,Kestrel Trottinette Nomade,Kestrel,CAT030,S0388,130.58,4.346,false
P002669,Ivory Chaussures de trail XL,Ivory,CAT024,S0395,7.58,9.457,false
P002670,Fjord Chemise Essentiel,Fjord,CAT013,S0370,107.63,1.650,false
P002671,Solstice Nettoyant jantes Premium,Solstice,CAT037,S0238,27.79,2.911,false
P002672,Kestrel Perceuse Ultra,Kestrel,CAT036,S0464,59.47,4.898,false
P002673,Ember Set de couverts Signature,Ember,CAT006,S0407,54.38,9.141,false
P002674,Ursa Sac à main Premium,Ursa,CAT014,S0250,90.63,9.841,false
P002675,Terra Bâche Pro,Terra,CAT036,S0242,30.96,3.168,true
P002676,Kestrel Eau de toilette Ultra,Kestrel,CAT021,S0052,39.33,2.699,false
P002677,Bexon Montre connectée Premium,Bexon,CAT011,S0310,5.31,10.102,false
P002678,Solstice Poêle Pro,Solstice,CAT005,S0540,76.10,0.447,false
P002679,Alvora Shampooing Éco,Alvora,CAT021,S0217,87.62,8.304,false
P002680,Ursa Enceinte XL,Ursa,CAT007,S0537,135.99,1.238,false
P002681,Lumen Filtre à air Premium,Lumen,CAT039,S0438,207.78,11.494,false
P002682,Nordis Chargeur Éco,Nordis,CAT008,S0259,32.20,2.652,false
P002683,Ivory Trottinette Essentiel,Ivory,CAT029,S0427,64.62,3.654,false
P002684,Lumen Chargeur Essentiel,Lumen,CAT010,S0142,51.54,11.097,false
P002685,Granit Puzzle Signature,Granit,CAT028,S0425,110.32,9.823,false
P002686,Meridian Coffret BD Signature,Meridian,CAT032,S0177,82.85,10.921,false
P002687,Alvora Chargeur Essentiel,Alvora,CAT009,S0193,82.75,6.667,false
P002688,Nordis Puzzle Ultra,Nordis,CAT030,S0600,26.55,6.290,false
P002689,Solstice Beau livre XL,Solstice,CAT034,S0116,20.97,8.645,false
P002690,Orbit Ceinture Nomade,Orbit,CAT016,S0151,27.94,5.863,false
P002691,Nordis Sac à main Compact,Nordis,CAT016,S0258,16.38,2.059,false
P002692,Vertex Montre Nomade,Vertex,CAT017,S0453,128.03,10.194,true
P002693,Fjord Enceinte XL,Fjord,CAT007,S0481,147.11,2.686,false
P002694,Quartz Montre connectée Éco,Quartz,CAT007,S0310,82.06,2.709,false
P002695,Fjord Housse de couette Ultra,Fjord,CAT002,S0336,149.78,5.440,false
P002696,Orbit Chemise Classic,Orbit,CAT016,S0485,15.16,11.417,false
P002697,Vertex Figurine XL,Vertex,CAT028,S0152,136.63,5.464,false
P002698,Fjord Nettoyant jantes Signature,Fjord,CAT039,S0436,222.23,5.455,false
P002699,Juniper Haltères Classic,Juniper,CAT026,S0295,189.62,0.067,false
P002700,Vertex Coffret BD XL,Vertex,CAT035,S0509,90.90,11.237,false
P002701,Windrow Roman Premium,Windrow,CAT033,S0502,46.37,9.372,true
P002702,Solstice Sneakers Éco,Solstice,CAT016,S0472,87.43,8.934,false
P002703,Orbit Webcam Compact,Orbit,CAT011,S0512,75.89,7.663,false
P002704,Orbit Bâche Classic,Orbit,CAT037,S0229,48.58,6.294,false
P002705,Rivage Perceuse Essentiel,Rivage,CAT036,S0033,173.98,8.936,false
P002706,Zephyr Roman Pro,Zephyr,CAT034,S0166,97.78,8.694,false
P002707,Rivage Cube éducatif Essentiel,Rivage,CAT028,S0005,87.06,7.217,false
P002708,Cirrus Ceinture Essentiel,Cirrus,CAT014,S0107,209.85,5.863,false
P002709,Ivory Lampe Pro,Ivory,CAT005,S0564,187.84,7.873,false
P002710,Alvora Filtre à air Signature,Alvora,CAT038,S0286,8.21,5.737,false
P002711,Cirrus Sneakers Classic,Cirrus,CAT013,S0107,27.88,8.483,false
P002712,Nordis Jeu de plateau Nomade,Nordis,CAT028,S0280,70.60,1.919,false
P002713,Windrow Sneakers Pro,Windrow,CAT016,S0028,91.55,11.399,false
P002714,Ivory Jeu de plateau Ultra,Ivory,CAT031,S0477,22.22,8.371,false
P002715,Nordis Shampooing XL,Nordis,CAT019,S0113,17.70,2.580,false
P002716,Cirrus Bâche XL,Cirrus,CAT037,S0353,56.56,0.442,false
P002717,Bexon Écharpe Essentiel,Bexon,CAT013,S0011,109.97,10.120,false
P002718,Windrow Filtre à air Essentiel,Windrow,CAT037,S0197,15.31,9.162,false
P002719,Ember Clé à cliquet Compact,Ember,CAT037,S0072,131.49,5.940,true
P002720,Vertex Souris Premium,Vertex,CAT007,S0248,84.35,6.352,false
P002721,Nordis Puzzle Classic,Nordis,CAT030,S0534,17.13,1.204,false
P002722,Meridian Souris Classic,Meridian,CAT010,S0292,29.85,0.966,false
P002723,Vertex Perceuse Signature,Vertex,CAT036,S0397,32.57,8.315,false
P002724,Lumen Ceinture Ultra,Lumen,CAT015,S0438,252.01,7.073,true
P002725,Solstice Filtre à air Classic,Solstice,CAT039,S0448,181.82,1.126,false
P002726,Rivage Jeu de plateau Ultra,Rivage,CAT030,S0180,76.82,11.222,false
P002727,Granit Clavier Éco,Granit,CAT007,S0255,55.63,1.195,false
P002728,Zephyr Filtre à air Ultra,Zephyr,CAT037,S0094,21.70,5.933,false
P002729,Lumen Shampooing Ultra,Lumen,CAT022,S0110,60.01,9.347,false
P002730,Solstice Coffret BD Éco,Solstice,CAT035,S0313,57.34,4.934,false
P002731,Halcyon Peluche Essentiel,Halcyon,CAT028,S0458,50.28,10.095,false
P002732,Juniper Arrosoir Essentiel,Juniper,CAT004,S0239,68.85,2.547,true
P002733,Alvora Montre connectée Nomade,Alvora,CAT008,S0512,136.90,9.306,true
P002734,Alvora Vinyle Classic,Alvora,CAT033,S0154,54.61,9.021,false
P002735,Juniper Palette Essentiel,Juniper,CAT019,S0533,42.68,1.332,false
P002736,Fjord Haltères Ultra,Fjord,CAT024,S0319,213.60,3.493,false
P002737,Kestrel Nettoyant jantes Classic,Kestrel,CAT038,S0167,32.01,11.329,false
P002738,Terra Housse de couette Éco,Terra,CAT003,S0556,51.36,3.669,false
P002739,Ivory Cube éducatif Éco,Ivory,CAT028,S0430,261.72,8.295,false
P002740,Ursa Jeu de plateau Ultra,Ursa,CAT030,S0427,143.00,8.180,false
P002741,Rivage Set de couverts XL,Rivage,CAT003,S0099,169.45,11.425,false
P002742,Ursa Enceinte Ultra,Ursa,CAT008,S0339,79.97,3.840,false
P002743,Juniper Étagère Compact,Juniper,CAT003,S0513,35.88,5.279,false
P002744,Juniper Puzzle Compact,Juniper,CAT031,S0366,53.57,6.815,false
P002745,Pallas Sérum Compact,Pallas,CAT019,S0103,141.87,6.070,true
P002746,Vertex Bouilloire Pro,Vertex,CAT003,S0218,78.06,4.663,false
P002747,Ursa Ceinture Nomade,Ursa,CAT013,S0258,5.67,2.708,false
P002748,Vertex Gourde Nomade,Vertex,CAT024,S0168,48.58,4.741,false
P002749,Ivory Sac à main Classic,Ivory,CAT017,S0228,48.12,4.477,false
P002750,Nordis Arrosoir Essentiel,Nordis,CAT004,S0221,64.56,0.942,false
P002751,Kestrel Cube éducatif Pro,Kestrel,CAT031,S0510,75.81,8.686,false
P002752,Quartz Roman Essentiel,Quartz,CAT032,S0313,51.17,1.868,false
P002753,Cirrus Chargeur Éco,Cirrus,CAT011,S0112,242.94,11.959,false
P002754,Bexon Chargeur Signature,Bexon,CAT007,S0561,50.44,4.656,false
P002755,Alvora Arrosoir Nomade,Alvora,CAT002,S0178,52.64,1.641,false
P002756,Delvia Chargeur Pro,Delvia,CAT008,S0486,64.93,3.467,false
P002757,Orbit Sac à main Essentiel,Orbit,CAT014,S0441,31.95,5.854,false
P002758,Kestrel Sérum Pro,Kestrel,CAT021,S0481,75.27,2.076,false
P002759,Windrow Shampooing Éco,Windrow,CAT022,S0300,218.22,8.357,false
P002760,Rivage Bâche Essentiel,Rivage,CAT038,S0357,52.00,0.432,false
P002761,Lumen Cube éducatif Ultra,Lumen,CAT028,S0414,87.72,5.050,false
P002762,Zephyr Palette Éco,Zephyr,CAT020,S0327,39.11,3.716,false
P002763,Rivage Montre connectée Signature,Rivage,CAT010,S0255,79.46,1.933,false
P002764,Terra Brosse Signature,Terra,CAT018,S0455,121.72,1.195,false
P002765,Pallas Bâche Premium,Pallas,CAT038,S0381,22.97,9.645,false
P002766,Cirrus Sac de sport Pro,Cirrus,CAT024,S0031,186.51,1.515,false
P002767,Vertex Poêle Nomade,Vertex,CAT003,S0151,14.18,11.899,false
P002768,Delvia Écharpe Ultra,Delvia,CAT013,S0315,58.18,0.576,false
P002769,Alvora Étagère Nomade,Alvora,CAT005,S0349,48.04,11.825,false
P002770,Solstice Sac à main Éco,Solstice,CAT014,S0469,71.47,2.136,false
P002771,Zephyr Écharpe Éco,Zephyr,CAT015,S0440,241.86,1.666,false
P002772,Juniper Crème hydratante Essentiel,Juniper,CAT020,S0194,41.62,9.487,false
P002773,Kestrel Clé à cliquet Nomade,Kestrel,CAT038,S0240,54.22,3.795,false
P002774,Vertex Clavier Nomade,Vertex,CAT009,S0439,161.14,7.122,false
P002775,Bexon Nettoyant jantes Nomade,Bexon,CAT037,S0542,47.52,10.813,false
P002776,Vertex Vinyle Ultra,Vertex,CAT033,S0379,32.76,2.831,false
P002777,Solstice Webcam Signature,Solstice,CAT010,S0056,24.59,8.644,false
P002778,Juniper Chaussures de trail XL,Juniper,CAT027,S0183,42.04,7.121,false
P002779,Cirrus Clé à cliquet Nomade,Cirrus,CAT037,S0570,151.03,8.313,false
P002780,Fjord Puzzle Premium,Fjord,CAT029,S0388,225.72,6.617,false
P002781,Bexon Sac de sport Compact,Bexon,CAT024,S0186,16.69,5.723,false
P002782,Meridian Chemise Pro,Meridian,CAT014,S0410,12.51,3.004,false
P002783,Alvora Coffret BD Premium,Alvora,CAT035,S0459,19.43,5.120,false
P002784,Halcyon Cube éducatif Essentiel,Halcyon,CAT029,S0337,68.28,8.234,false
P002785,Granit Montre Essentiel,Granit,CAT016,S0555,49.54,5.059,false
P002786,Cirrus Chargeur Ultra,Cirrus,CAT009,S0578,25.06,11.036,false
P002787,Ember Lampe Ultra,Ember,CAT003,S0207,12.93,6.697,false
P002788,Meridian Casque vélo Premium,Meridian,CAT026,S0067,169.99,1.205,false
P002789,Halcyon Housse de couette Ultra,Halcyon,CAT001,S0483,134.24,0.694,false
P002790,Kestrel Sac de sport Pro,Kestrel,CAT025,S0043,14.36,9.531,false
P002791,Solstice Roman XL,Solstice,CAT035,S0307,22.93,9.997,false
P002792,Alvora Nettoyant jantes Nomade,Alvora,CAT037,S0436,37.94,6.546,false
P002793,Delvia Perceuse Nomade,Delvia,CAT038,S0085,53.21,6.910,false
P002794,Kestrel Housse de couette Essentiel,Kestrel,CAT003,S0168,27.51,2.092,false
P002795,Meridian Manuel Classic,Meridian,CAT034,S0528,30.47,4.192,false
P002796,Meridian Cube éducatif Nomade,Meridian,CAT028,S0023,60.56,7.062,false
P002797,Terra Set de couverts Compact,Terra,CAT006,S0278,29.68,4.994,false
P002798,Vertex Set de couverts Essentiel,Vertex,CAT002,S0196,75.04,11.322,false
P002799,Kestrel Sneakers Classic,Kestrel,CAT014,S0438,132.36,0.050,false
P002800,Granit Chargeur XL,Granit,CAT007,S0117,55.65,5.277,false
P002801,Granit Souris Classic,Granit,CAT010,S0580,21.31,2.052,false
P002802,Rivage Palette Pro,Rivage,CAT022,S0327,30.41,6.467,false
P002803,Nordis Palette Classic,Nordis,CAT021,S0031,79.23,4.325,false
P002804,Granit Manuel Éco,Granit,CAT032,S0577,204.20,4.023,false
P002805,Kestrel Bâche Premium,Kestrel,CAT037,S0090,10.27,1.253,false
P002806,Ursa Crème hydratante Signature,Ursa,CAT021,S0217,93.23,2.927,false
P002807,Solstice Eau de toilette Compact,Solstice,CAT020,S0524,56.18,4.326,false
P002808,Orbit Brosse Essentiel,Orbit,CAT018,S0103,172.58,0.548,false
P002809,Kestrel Sac de sport Pro,Kestrel,CAT026,S0351,41.64,9.327,false
P002810,Orbit Cube éducatif Compact,Orbit,CAT029,S0264,34.90,1.546,true
P002811,Bexon Arrosoir Ultra,Bexon,CAT004,S0036,77.25,1.224,false
P002812,Meridian Tapis de yoga Ultra,Meridian,CAT027,S0330,72.89,3.039,false
P002813,Zephyr Bâche Éco,Zephyr,CAT038,S0082,25.76,7.726,false
P002814,Rivage Veste Nomade,Rivage,CAT013,S0454,37.89,7.599,false
P002815,Cirrus Shampooing Premium,Cirrus,CAT019,S0077,89.95,3.742,false
P002816,Ivory Clavier Premium,Ivory,CAT009,S0121,63.43,3.795,false
P002817,Ursa Trottinette Nomade,Ursa,CAT031,S0366,74.94,7.700,false
P002818,Vertex Sérum Essentiel,Vertex,CAT021,S0122,72.71,2.306,false
P002819,Ursa Shampooing Compact,Ursa,CAT022,S0552,51.28,1.389,true
P002820,Pallas Coffret BD Signature,Pallas,CAT032,S0004,41.96,8.654,false
P002821,Halcyon Arrosoir Signature,Halcyon,CAT005,S0277,10.10,3.939,false
P002822,Windrow Montre connectée Classic,Windrow,CAT009,S0218,177.83,11.949,false
P002823,Ember Chaussures de trail Classic,Ember,CAT026,S0121,99.86,8.135,false
P002824,Solstice Sérum Pro,Solstice,CAT022,S0455,147.37,9.190,false
P002825,Vertex Ceinture Premium,Vertex,CAT017,S0472,73.83,8.377,false
P002826,Granit Perceuse Éco,Granit,CAT037,S0133,189.04,0.306,false
P002827,Delvia Cube éducatif Classic,Delvia,CAT030,S0366,61.72,5.423,false
P002828,Terra Peluche Classic,Terra,CAT029,S0201,50.33,5.473,false
P002829,Lumen Palette Compact,Lumen,CAT020,S0364,284.29,5.196,false
P002830,Solstice Palette Ultra,Solstice,CAT022,S0300,85.15,0.169,false
P002831,Lumen Veste XL,Lumen,CAT016,S0371,164.40,1.857,false
P002832,Terra Sérum Essentiel,Terra,CAT019,S0463,48.63,7.609,false
P002833,Halcyon Vinyle Ultra,Halcyon,CAT034,S0053,73.38,5.599,false
P002834,Vertex Perceuse Pro,Vertex,CAT037,S0172,56.26,5.913,true
P002835,Lumen Peluche Compact,Lumen,CAT031,S0543,222.00,0.771,false
P002836,Vertex Haltères Pro,Vertex,CAT024,S0039,170.41,6.448,false
P002837,Delvia Lampe Classic,Delvia,CAT005,S0573,95.66,6.998,false
P002838,Bexon Manuel Nomade,Bexon,CAT033,S0322,57.42,4.186,false
P002839,Lumen Chemise Premium,Lumen,CAT014,S0408,58.46,8.463,false
P002840,Delvia Ceinture Nomade,Delvia,CAT015,S0321,215.10,1.605,false
P002841,Fjord Shampooing Signature,Fjord,CAT021,S0052,44.18,0.991,false
P002842,Halcyon Sac de sport XL,Halcyon,CAT023,S0432,169.95,3.954,false
P002843,Bexon Sac de sport Compact,Bexon,CAT023,S0591,17.40,9.031,false
P002844,Quartz Clé à cliquet XL,Quartz,CAT038,S0090,7.65,8.011,false
P002845,Ember Roman Pro,Ember,CAT032,S0119,45.20,9.784,false
P002846,Ember Veste Compact,Ember,CAT017,S0515,19.50,6.938,false
P002847,Pallas Sérum Compact,Pallas,CAT018,S0235,189.81,10.421,false
P002848,Ember Clé à cliquet Classic,Ember,CAT036,S0261,84.79,2.336,false
P002849,Nordis Brosse Premium,Nordis,CAT021,S0447,76.20,11.283,false
P002850,Fjord Roman Nomade,Fjord,CAT033,S0311,57.72,1.856,false
P002851,Rivage Chargeur Signature,Rivage,CAT008,S0231,67.48,9.167,false
P002852,Juniper Eau de toilette XL,Juniper,CAT020,S0588,77.52,9.609,false
P002853,Nordis Set de couverts Pro,Nordis,CAT002,S0231,15.64,3.265,false
P002854,Halcyon Nettoyant jantes Classic,Halcyon,CAT036,S0204,55.36,10.131,false
P002855,Ember Clé à cliquet Essentiel,Ember,CAT039,S0046,71.52,6.120,false
P002856,Vertex Veste Premium,Vertex,CAT015,S0563,11.62,1.980,false
P002857,Windrow Housse de couette Pro,Windrow,CAT001,S0513,68.01,1.165,false
P002858,Granit Arrosoir Compact,Granit,CAT005,S0378,130.53,2.550,false
P002859,Ember Ceinture Nomade,Ember,CAT017,S0162,18.76,8.367,false
P002860,Ursa Sac à main Ultra,Ursa,CAT016,S0545,28.66,0.269,false
P002861,Ember Chaussures de trail Signature,Ember,CAT025,S0362,17.28,6.580,false
P002862,Rivage Clavier Éco,Rivage,CAT010,S0352,43.91,3.112,false
P002863,Delvia Crème hydratante Classic,Delvia,CAT020,S0588,21.81,0.147,false
P002864,Zephyr Peluche Pro,Zephyr,CAT028,S0206,30.17,5.839,false
P002865,Ember Palette Nomade,Ember,CAT022,S0193,91.67,8.540,false
P002866,Granit Nettoyant jantes Essentiel,Granit,CAT036,S0102,81.40,6.550,true
P002867,Orbit Perceuse Premium,Orbit,CAT037,S0341,114.29,5.534,false
P002868,Rivage Manuel Ultra,Rivage,CAT033,S0087,26.68,4.501,false
P002869,Windrow Étagère Nomade,Windrow,CAT001,S0589,54.26,11.002,false
P002870,Quartz Figurine Classic,Quartz,CAT030,S0386,141.05,3.684,false
P002871,Juniper Eau de toilette Ultra,Juniper,CAT021,S0236,39.27,1.667,false
P002872,Terra Casque Essentiel,Terra,CAT010,S0439,71.21,4.601,false
P002873,Cirrus Montre Pro,Cirrus,CAT014,S0451,16.49,5.493,false
P002874,Solstice Crème hydratante Premium,Solstice,CAT021,S0217,253.90,5.591,false
P002875,Granit Webcam Classic,Granit,CAT007,S0492,86.88,11.777,false
P002876,Windrow Coffret BD Nomade,Windrow,CAT035,S0351,117.40,9.120,false
P002877,Vertex Vinyle Nomade,Vertex,CAT035,S0326,121.86,8.251,false
P002878,Alvora Haltères Pro,Alvora,CAT024,S0220,42.51,1.761,true
P002879,Nordis Set de couverts Essentiel,Nordis,CAT002,S0363,14.79,1.998,false
P002880,Ember Souris Essentiel,Ember,CAT010,S0486,83.73,2.028,false
P002881,Juniper Perceuse Premium,Juniper,CAT036,S0394,34.44,2.584,false
P002882,Granit Set de couverts Classic,Granit,CAT003,S0173,56.21,0.610,true
P002883,Vertex Montre connectée Essentiel,Vertex,CAT011,S0339,71.36,10.379,false
P002884,Ursa Haltères Essentiel,Ursa,CAT026,S0196,113.49,6.029,true
P002885,Kestrel Sac à main Essentiel,Kestrel,CAT017,S0257,147.26,2.166,false
P002886,Orbit Sac de sport Premium,Orbit,CAT024,S0287,56.32,6.976,false
P002887,Kestrel Vinyle Ultra,Kestrel,CAT035,S0063,45.76,11.325,false
P002888,Ivory Puzzle Nomade,Ivory,CAT029,S0264,69.38,8.723,false
P002889,Zephyr Clé à cliquet Signature,Zephyr,CAT038,S0332,45.56,4.216,false
P002890,Ursa Beau livre Ultra,Ursa,CAT035,S0137,94.21,1.878,false
P002891,Zephyr Lampe Signature,Zephyr,CAT002,S0025,47.32,8.856,false
P002892,Rivage Tapis de yoga Ultra,Rivage,CAT025,S0030,9.68,0.931,false
P002893,Cirrus Chargeur Signature,Cirrus,CAT009,S0071,57.52,11.733,false
P002894,Solstice Roman Compact,Solstice,CAT035,S0209,73.25,3.529,false
P002895,Fjord Montre connectée Classic,Fjord,CAT007,S0578,120.26,11.851,false
P002896,Zephyr Perceuse Compact,Zephyr,CAT039,S0034,11.31,5.371,false
P002897,Granit Filtre à air XL,Granit,CAT036,S0019,76.74,5.677,false
P002898,Halcyon Veste Pro,Halcyon,CAT016,S0422,88.04,6.983,false
P002899,Cirrus Palette Ultra,Cirrus,CAT019,S0176,9.86,5.970,false
P002900,Ivory Arrosoir Compact,Ivory,CAT002,S0061,271.57,7.134,false
P002901,Solstice Souris XL,Solstice,CAT009,S0005,43.35,6.984,false
P002902,Juniper Puzzle Classic,Juniper,CAT028,S0337,8.00,2.392,false
P002903,Terra Beau livre Premium,Terra,CAT033,S0019,41.35,6.032,false
P002904,Ursa Trottinette XL,Ursa,CAT030,S0589,80.86,5.969,false
P002905,Kestrel Beau livre Signature,Kestrel,CAT032,S0096,74.98,4.140,false
P002906,Quartz Poêle Compact,Quartz,CAT004,S0513,62.30,0.940,false
P002907,Nordis Bouilloire Premium,Nordis,CAT005,S0001,84.59,11.899,true
P002908,Alvora Housse de couette Classic,Alvora,CAT004,S0483,14.32,9.130,false
P002909,Fjord Sac à main Signature,Fjord,CAT015,S0074,66.16,9.956,false
P002910,Ursa Casque Ultra,Ursa,CAT012,S0562,44.25,11.506,false
P002911,Granit Chemise Classic,Granit,CAT014,S0365,51.65,5.406,false
P002912,Zephyr Manuel XL,Zephyr,CAT034,S0313,60.25,3.739,false
P002913,Lumen Sneakers XL,Lumen,CAT014,S0164,92.84,11.161,false
P002914,Vertex Bâche XL,Vertex,CAT039,S0268,85.16,6.949,false
P002915,Kestrel Coffret BD Classic,Kestrel,CAT035,S0481,95.48,2.483,false
P002916,Cirrus Montre Classic,Cirrus,CAT015,S0134,35.66,4.059,false
P002917,Pallas Beau livre Ultra,Pallas,CAT034,S0227,70.59,2.348,false
P002918,Nordis Montre connectée Nomade,Nordis,CAT007,S0511,67.68,9.971,false
P002919,Meridian Casque Signature,Meridian,CAT012,S0259,146.93,3.612,true
P002920,Nordis Palette Essentiel,Nordis,CAT021,S0364,33.46,10.834,true
P002921,Alvora Gourde XL,Alvora,CAT026,S0165,11.72,2.699,false
P002922,Bexon Housse de couette Signature,Bexon,CAT001,S0551,37.25,10.842,false
P002923,Lumen Chemise XL,Lumen,CAT016,S0454,51.98,4.944,false
P002924,Alvora Tapis de yoga Compact,Alvora,CAT024,S0252,19.78,11.943,false
P002925,Quartz Casque Classic,Quartz,CAT008,S0205,84.94,1.423,false
P002926,Windrow Trottinette XL,Windrow,CAT029,S0213,79.38,7.559,false
P002927,Orbit Manuel Pro,Orbit,CAT032,S0009,265.83,2.924,false
P002928,Delvia Nettoyant jantes Ultra,Delvia,CAT037,S0391,51.62,1.160,false
P002929,Quartz Perceuse XL,Quartz,CAT038,S0528,145.80,1.201,false
P002930,Quartz Figurine Éco,Quartz,CAT029,S0215,17.65,9.683,false
P002931,Nordis Montre connectée Pro,Nordis,CAT007,S0188,15.35,0.972,false
P002932,Cirrus Haltères Éco,Cirrus,CAT023,S0400,86.85,6.560,false
P002933,Ivory Nettoyant jantes Ultra,Ivory,CAT037,S0553,86.45,8.514,false
P002934,Halcyon Haltères Essentiel,Halcyon,CAT023,S0233,13.25,3.859,false
P002935,Bexon Crème hydratante Éco,Bexon,CAT021,S0595,62.17,6.250,false
P002936,Vertex Sérum Premium,Vertex,CAT018,S0526,60.90,5.888,false
P002937,Zephyr Chemise Ultra,Zephyr,CAT013,S0465,66.85,4.598,false
P002938,Alvora Sneakers Éco,Alvora,CAT014,S0234,77.17,8.401,false
P002939,Alvora Brosse Classic,Alvora,CAT019,S0027,183.83,9.947,false
P002940,Solstice Nettoyant jantes Pro,Solstice,CAT037,S0046,78.27,5.636,false
P002941,Zephyr Crème hydratante Essentiel,Zephyr,CAT021,S0136,42.08,10.248,false
P002942,Orbit Sac à main Essentiel,Orbit,CAT017,S0190,73.26,9.907,true
P002943,Terra Cube éducatif Compact,Terra,CAT030,S0480,87.96,0.226,false
P002944,Ivory Roman Essentiel,Ivory,CAT032,S0253,43.32,5.644,false
P002945,Ember Clé à cliquet Essentiel,Ember,CAT037,S0272,158.17,6.634,true
P002946,Meridian Montre XL,Meridian,CAT014,S0544,221.03,10.931,false
P002947,Ivory Chaussures de trail Éco,Ivory,CAT026,S0086,88.14,2.904,false
P002948,Nordis Gourde Compact,Nordis,CAT027,S0254,179.30,3.942,true
P002949,Juniper Puzzle Ultra,Juniper,CAT030,S0457,79.21,1.542,false
P002950,Delvia Tapis de yoga Éco,Delvia,CAT023,S0051,32.97,5.079,false
P002951,Cirrus Casque Premium,Cirrus,CAT009,S0045,29.26,8.141,false
P002952,Vertex Poêle Premium,Vertex,CAT006,S0513,29.27,0.248,false
P002953,Nordis Webcam Éco,Nordis,CAT007,S0412,160.22,8.761,false
P002954,Halcyon Manuel Premium,Halcyon,CAT033,S0586,75.15,8.010,false
P002955,Juniper Cube éducatif Premium,Juniper,CAT029,S0414,106.72,10.880,false
P002956,Cirrus Figurine Signature,Cirrus,CAT030,S0280,85.07,8.081,false
P002957,Juniper Filtre à air Classic,Juniper,CAT038,S0172,173.14,8.310,false
P002958,Fjord Coffret BD Compact,Fjord,CAT034,S0262,211.08,8.553,true
P002959,Windrow Sérum Classic,Windrow,CAT021,S0105,50.80,11.558,false
P002960,Ember Beau livre Ultra,Ember,CAT034,S0260,43.69,11.198,false
P002961,Orbit Set de couverts Nomade,Orbit,CAT005,S0519,14.31,1.462,false
P002962,Granit Housse de couette Pro,Granit,CAT004,S0277,53.20,6.197,false
P002963,Granit Chargeur Pro,Granit,CAT011,S0056,11.51,11.534,false
P002964,Windrow Manuel Compact,Windrow,CAT032,S0599,76.63,10.286,false
P002965,Ember Chaussures de trail XL,Ember,CAT023,S0168,185.93,10.407,false
P002966,Terra Ceinture Compact,Terra,CAT013,S0070,44.15,3.935,false
P002967,Solstice Beau livre Signature,Solstice,CAT033,S0157,30.32,10.631,false
P002968,Windrow Enceinte Compact,Windrow,CAT011,S0112,9.90,2.460,false
P002969,Lumen Cube éducatif Signature,Lumen,CAT029,S0338,16.40,9.487,false
P002970,Delvia Poêle XL,Delvia,CAT006,S0551,79.49,8.117,false
P002971,Juniper Crème hydratante Compact,Juniper,CAT020,S0433,23.14,1.838,false
P002972,Fjord Roman Pro,Fjord,CAT032,S0320,90.83,9.488,false
P002973,Orbit Webcam Premium,Orbit,CAT007,S0583,11.55,7.194,false
P002974,Orbit Bâche Essentiel,Orbit,CAT037,S0410,78.64,2.475,false
P002975,Meridian Trottinette Nomade,Meridian,CAT029,S0274,73.28,6.463,false
P002976,Halcyon Étagère Nomade,Halcyon,CAT006,S0369,140.59,7.290,false
P002977,Alvora Haltères Premium,Alvora,CAT027,S0263,13.57,9.879,false
P002978,Lumen Poêle Pro,Lumen,CAT001,S0483,30.32,1.896,true
P002979,Meridian Webcam Classic,Meridian,CAT012,S0140,176.98,6.095,false
P002980,Vertex Bâche Ultra,Vertex,CAT036,S0180,66.63,5.487,false
P002981,Bexon Eau de toilette Classic,Bexon,CAT018,S0473,230.21,2.154,false
P002982,Bexon Ceinture Ultra,Bexon,CAT015,S0555,8.13,11.475,false
P002983,Granit Cube éducatif Essentiel,Granit,CAT029,S0497,21.32,3.409,false
P002984,Terra Puzzle Compact,Terra,CAT031,S0173,84.58,1.351,false
P002985,Terra Peluche Pro,Terra,CAT030,S0383,6.91,2.759,false
P002986,Halcyon Poêle Essentiel,Halcyon,CAT001,S0513,61.78,10.405,true
P002987,Juniper Arrosoir Signature,Juniper,CAT005,S0390,21.77,8.290,true
P002988,Ember Souris Ultra,Ember,CAT007,S0451,19.42,4.428,false
P002989,Ursa Montre Signature,Ursa,CAT016,S0347,27.20,9.485,false
P002990,Juniper Casque vélo Éco,Juniper,CAT024,S0474,78.53,3.058,false
P002991,Ember Sneakers Compact,Ember,CAT016,S0041,190.56,0.948,true
P002992,Lumen Brosse Compact,Lumen,CAT018,S0101,115.13,10.478,false
P002993,Quartz Gourde Signature,Quartz,CAT023,S0563,57.49,7.397,true
P002994,Alvora Brosse Ultra,Alvora,CAT020,S0294,25.05,11.060,false
P002995,Granit Bouilloire Ultra,Granit,CAT004,S0522,239.92,2.461,false
P002996,Bexon Palette XL,Bexon,CAT019,S0105,8.72,10.272,false
P002997,Quartz Manuel Nomade,Quartz,CAT032,S0577,11.50,10.658,false
P002998,Ivory Puzzle Éco,Ivory,CAT031,S0427,90.22,7.742,false
P002999,Ursa Sérum Essentiel,Ursa,CAT020,S0200,13.59,6.674,false
P003000,Juniper Crème hydratante Compact,Juniper,CAT020,S0580,280.09,6.431,true
P003001,Juniper Manuel Essentiel,Juniper,CAT034,S0362,163.19,11.508,false
P003002,Zephyr Vinyle Nomade,Zephyr,CAT035,S0267,22.52,4.859,false
P003003,Lumen Palette Compact,Lumen,CAT021,S0318,42.53,11.315,false
P003004,Bexon Set de couverts Ultra,Bexon,CAT005,S0513,98.75,10.570,false
P003005,Bexon Cube éducatif Ultra,Bexon,CAT029,S0379,83.40,1.212,false
P003006,Ember Arrosoir XL,Ember,CAT003,S0173,20.51,1.131,false
P003007,Rivage Enceinte Ultra,Rivage,CAT011,S0140,21.17,5.497,false
P003008,Juniper Chemise Classic,Juniper,CAT013,S0153,25.98,10.743,false
P003009,Halcyon Écharpe Premium,Halcyon,CAT016,S0410,36.51,6.093,false
P003010,Meridian Montre Pro,Meridian,CAT017,S0530,84.60,10.406,false
P003011,Pallas Roman Ultra,Pallas,CAT033,S0358,77.41,3.320,false
P003012,Vertex Palette Nomade,Vertex,CAT019,S0264,43.97,2.107,false
P003013,Zephyr Gourde Classic,Zephyr,CAT026,S0010,61.39,0.695,false
P003014,Juniper Jeu de plateau Ultra,Juniper,CAT031,S0589,129.18,0.540,false
P003015,Quartz Haltères Ultra,Quartz,CAT027,S0256,48.07,8.901,false
P003016,Bexon Bâche Éco,Bexon,CAT039,S0306,78.49,1.181,false
P003017,Halcyon Jeu de plateau Signature,Halcyon,CAT031,S0230,149.16,10.083,false
P003018,Rivage Nettoyant jantes Éco,Rivage,CAT039,S0484,175.32,0.394,false
P003019,Cirrus Clavier Premium,Cirrus,CAT011,S0583,26.15,9.595,false
P003020,Lumen Écharpe Premium,Lumen,CAT015,S0365,83.54,2.951,false
P003021,Orbit Crème hydratante Essentiel,Orbit,CAT018,S0266,78.66,6.919,false
P003022,Windrow Figurine Éco,Windrow,CAT029,S0427,9.72,5.173,false
P003023,Granit Sac de sport XL,Granit,CAT024,S0050,29.63,4.221,true
P003024,Rivage Casque Pro,Rivage,CAT011,S0050,5.18,7.880,false
P003025,Windrow Nettoyant jantes Premium,Windrow,CAT037,S0334,68.91,7.766,false
P003026,Quartz Webcam XL,Quartz,CAT012,S0481,78.00,2.059,false
P003027,Juniper Clavier Premium,Juniper,CAT010,S0539,81.23,0.511,false
P003028,Bexon Eau de toilette Éco,Bexon,CAT018,S0582,112.65,6.441,false
P003029,Quartz Crème hydratante Compact,Quartz,CAT020,S0132,17.38,9.446,false
P003030,Quartz Chaussures de trail Classic,Quartz,CAT027,S0436,109.30,2.705,false
P003031,Meridian Gourde XL,Meridian,CAT027,S0308,94.56,8.654,false
P003032,Nordis Clavier XL,Nordis,CAT010,S0261,45.99,8.780,false
P003033,Halcyon Souris Essentiel,Halcyon,CAT009,S0339,68.72,0.926,true
P003034,Meridian Haltères Éco,Meridian,CAT026,S0374,64.75,1.125,false
P003035,Pallas Lampe Compact,Pallas,CAT005,S0475,18.51,1.743,true
P003036,Pallas Chargeur Premium,Pallas,CAT008,S0590,233.82,3.666,false
P003037,Juniper Coffret BD Compact,Juniper,CAT032,S0322,153.98,6.613,false
P003038,Quartz Tapis de yoga Premium,Quartz,CAT024,S0079,69.98,6.650,false
P003039,Ursa Sac à main Pro,Ursa,CAT017,S0237,47.81,2.193,false
P003040,Nordis Set de couverts XL,Nordis,CAT002,S0182,83.19,8.019,false
P003041,Zephyr Chaussures de trail Classic,Zephyr,CAT026,S0513,39.95,3.627,false
P003042,Rivage Jeu de plateau Essentiel,Rivage,CAT030,S0501,10.85,0.591,false
P003043,Lumen Figurine Essentiel,Lumen,CAT031,S0558,30.92,2.055,false
P003044,Delvia Coffret BD Ultra,Delvia,CAT032,S0014,81.79,3.484,false
P003045,Quartz Puzzle Compact,Quartz,CAT029,S0446,15.09,10.391,false
P003046,Cirrus Crème hydratante XL,Cirrus,CAT018,S0371,29.56,1.258,false
P003047,Halcyon Roman Signature,Halcyon,CAT035,S0311,36.79,4.595,false
P003048,Ursa Casque vélo Premium,Ursa,CAT024,S0330,41.04,9.130,false
P003049,Ivory Bouilloire Pro,Ivory,CAT001,S0196,94.25,3.276,false
P003050,Bexon Eau de toilette Éco,Bexon,CAT022,S0217,40.87,9.380,false
P003051,Kestrel Bouilloire Pro,Kestrel,CAT002,S0369,60.34,11.498,false
P003052,Alvora Ceinture Premium,Alvora,CAT013,S0272,146.31,7.084,true
P003053,Bexon Étagère Compact,Bexon,CAT006,S0514,28.23,7.447,false
P003054,Granit Shampooing Essentiel,Granit,CAT022,S0504,21.02,1.641,false
P003055,Juniper Chemise Classic,Juniper,CAT017,S0491,134.67,1.677,false
P003056,Rivage Manuel Essentiel,Rivage,CAT032,S0409,92.12,0.836,false
P003057,Meridian Veste Ultra,Meridian,CAT014,S0134,270.28,11.430,false
P003058,Halcyon Arrosoir Essentiel,Halcyon,CAT004,S0034,74.99,8.657,false
P003059,Ember Housse de couette XL,Ember,CAT003,S0336,143.16,5.456,false
P003060,Pallas Étagère Compact,Pallas,CAT002,S0245,26.35,8.523,false
P003061,Terra Souris Pro,Terra,CAT008,S0013,238.85,3.731,false
P003062,Cirrus Souris Pro,Cirrus,CAT008,S0310,85.01,4.281,false
P003063,Meridian Crème hydratante Nomade,Meridian,CAT022,S0266,194.31,2.954,false
P003064,Pallas Housse de couette XL,Pallas,CAT001,S0376,29.73,5.836,false
P003065,Terra Étagère Signature,Terra,CAT005,S0416,100.86,11.133,false
P003066,Alvora Lampe Essentiel,Alvora,CAT004,S0042,180.68,2.217,true
P003067,Granit Sac de sport Premium,Granit,CAT024,S0037,31.65,10.349,false
P003068,Ember Haltères Éco,Ember,CAT025,S0374,17.60,2.409,false
P003069,Zephyr Palette Ultra,Zephyr,CAT018,S0347,7.46,4.859,false
P003070,Ivory Webcam Ultra,Ivory,CAT009,S0292,11.31,10.342,false
P003071,Nordis Palette XL,Nordis,CAT018,S0100,41.58,4.783,false
P003072,Ursa Montre Signature,Ursa,CAT017,S0440,45.79,8.284,false
P003073,Quartz Écharpe Essentiel,Quartz,CAT017,S0500,23.73,7.738,false
P003074,Ember Ceinture Éco,Ember,CAT015,S0555,30.66,0.459,true
P003075,Halcyon Tapis de yoga Pro,Halcyon,CAT026,S0093,79.64,8.190,false
P003076,Ivory Palette Premium,Ivory,CAT022,S0389,66.44,2.491,false
P003077,Delvia Crème hydratante Nomade,Delvia,CAT018,S0473,21.95,3.400,false
P003078,Vertex Coffret BD Éco,Vertex,CAT034,S0016,64.26,2.189,false
P003079,Zephyr Jeu de plateau Premium,Zephyr,CAT030,S0082,25.94,2.827,false
P003080,Windrow Bâche XL,Windrow,CAT039,S0553,28.83,11.667,false
P003081,Juniper Chargeur Ultra,Juniper,CAT010,S0249,47.52,10.243,false
P003082,Zephyr Gourde Éco,Zephyr,CAT027,S0326,88.14,9.917,false
P003083,Windrow Sérum Essentiel,Windrow,CAT019,S0186,83.14,10.393,false
P003084,Bexon Eau de toilette Classic,Bexon,CAT020,S0145,26.71,6.067,false
P003085,Solstice Sac à main Signature,Solstice,CAT015,S0068,69.44,7.053,false
P003086,Halcyon Roman Essentiel,Halcyon,CAT032,S0202,163.04,2.185,true
P003087,Meridian Tapis de yoga Signature,Meridian,CAT025,S0125,31.06,7.810,false
P003088,Quartz Palette Pro,Quartz,CAT018,S0327,67.87,11.919,false
P003089,Ivory Chargeur Compact,Ivory,CAT012,S0048,73.11,1.094,false
P003090,Zephyr Puzzle Premium,Zephyr,CAT030,S0134,71.99,11.337,false
P003091,Pallas Nettoyant jantes Ultra,Pallas,CAT037,S0243,32.71,11.176,false
P003092,Halcyon Webcam Éco,Halcyon,CAT010,S0396,131.78,9.358,false
P003093,Zephyr Perceuse XL,Zephyr,CAT038,S0210,19.25,9.708,false
P003094,Fjord Housse de couette Nomade,Fjord,CAT003,S0212,75.01,8.136,false
P003095,Zephyr Beau livre Premium,Zephyr,CAT034,S0177,252.53,3.102,false
P003096,Alvora Shampooing Éco,Alvora,CAT021,S0236,147.06,6.050,false
P003097,Nordis Montre connectée Ultra,Nordis,CAT009,S0483,37.30,10.985,false
P003098,Granit Bâche Éco,Granit,CAT037,S0210,74.47,11.523,false
P003099,Lumen Lampe Signature,Lumen,CAT003,S0056,9.40,0.783,false
P003100,Alvora Lampe Éco,Alvora,CAT006,S0025,209.23,6.176,false
P003101,Ursa Trottinette Premium,Ursa,CAT029,S0117,246.48,10.152,false
P003102,Orbit Manuel Compact,Orbit,CAT034,S0014,57.63,4.677,false
P003103,Kestrel Sérum Ultra,Kestrel,CAT019,S0434,47.65,9.602,false
P003104,Alvora Poêle Nomade,Alvora,CAT003,S0407,170.06,3.894,false
P003105,Bexon Enceinte Ultra,Bexon,CAT007,S0038,48.30,2.659,false
P003106,Terra Peluche Classic,Terra,CAT028,S0386,85.78,9.814,false
P003107,Terra Montre Compact,Terra,CAT017,S0070,77.26,7.060,true
P003108,Pallas Perceuse Premium,Pallas,CAT038,S0240,31.15,11.162,false
P003109,Zephyr Enceinte XL,Zephyr,CAT010,S0292,83.78,5.819,false
P003110,Juniper Souris Compact,Juniper,CAT011,S0222,60.98,11.199,false
P003111,Halcyon Webcam XL,Halcyon,CAT008,S0296,42.18,0.449,false
P003112,Solstice Cube éducatif Classic,Solstice,CAT030,S0445,173.76,0.131,false
P003113,Windrow Trottinette Nomade,Windrow,CAT031,S0129,75.37,9.870,false
P003114,Zephyr Étagère Classic,Zephyr,CAT005,S0270,281.25,4.286,false
P003115,Juniper Montre connectée Compact,Juniper,CAT011,S0578,189.14,7.950,false
P003116,Zephyr Sac à main XL,Zephyr,CAT015,S0212,68.52,7.416,false
P003117,Ursa Filtre à air Signature,Ursa,CAT036,S0336,155.03,7.881,false
P003118,Pallas Beau livre Éco,Pallas,CAT032,S0379,276.91,0.938,false
P003119,Rivage Puzzle Signature,Rivage,CAT031,S0414,47.97,8.503,false
P003120,Kestrel Peluche Ultra,Kestrel,CAT031,S0264,29.55,11.032,false
P003121,Solstice Chemise XL,Solstice,CAT014,S0234,58.78,2.522,false
P003122,Nordis Brosse Signature,Nordis,CAT020,S0460,17.92,8.764,false
P003123,Vertex Étagère Essentiel,Vertex,CAT002,S0277,165.62,7.515,false
P003124,Rivage Enceinte Nomade,Rivage,CAT012,S0310,38.90,11.513,false
P003125,Vertex Montre Classic,Vertex,CAT017,S0301,47.27,5.116,false
P003126,Terra Haltères Ultra,Terra,CAT024,S0303,87.56,3.644,false
P003127,Ivory Montre connectée Pro,Ivory,CAT012,S0502,94.86,11.218,true
P003128,Zephyr Housse de couette Classic,Zephyr,CAT001,S0025,62.83,7.782,false
P003129,Alvora Poêle Pro,Alvora,CAT002,S0115,26.48,7.666,false
P003130,Lumen Roman Classic,Lumen,CAT034,S0509,91.10,4.873,false
P003131,Windrow Bâche Ultra,Windrow,CAT038,S0268,12.04,2.197,false
P003132,Rivage Enceinte Nomade,Rivage,CAT008,S0435,61.15,4.210,false
P003133,Cirrus Beau livre Pro,Cirrus,CAT034,S0026,172.61,4.893,false
P003134,Bexon Clavier Éco,Bexon,CAT012,S0580,8.31,0.519,false
P003135,Fjord Brosse Compact,Fjord,CAT019,S0473,73.07,11.729,false
P003136,Vertex Montre connectée Nomade,Vertex,CAT011,S0292,18.55,4.310,false
P003137,Ember Sérum Compact,Ember,CAT018,S0384,87.29,3.381,false
P003138,Pallas Chargeur Signature,Pallas,CAT011,S0259,87.64,9.625,false
P003139,Solstice Casque vélo Essentiel,Solstice,CAT027,S0313,107.54,2.896,false
P003140,Halcyon Crème hydratante Classic,Halcyon,CAT018,S0041,37.80,9.937,false
P003141,Ivory Veste Signature,Ivory,CAT013,S0596,87.30,0.313,false
P003142,Granit Nettoyant jantes Premium,Granit,CAT039,S0377,13.96,10.006,false
P003143,Alvora Arrosoir Éco,Alvora,CAT001,S0376,200.02,4.055,true
P003144,Fjord Clé à cliquet Essentiel,Fjord,CAT038,S0384,107.06,6.290,false
P003145,Nordis Shampooing Nomade,Nordis,CAT019,S0219,57.71,6.719,true
P003146,Juniper Clé à cliquet Ultra,Juniper,CAT036,S0216,7.17,7.342,false
P003147,Pallas Tapis de yoga Éco,Pallas,CAT025,S0021,20.20,5.931,false
P003148,Windrow Roman Essentiel,Windrow,CAT033,S0016,29.51,8.259,false
P003149,Zephyr Sérum Compact,Zephyr,CAT022,S0426,33.88,8.439,false
P003150,Granit Poêle Nomade,Granit,CAT006,S0475,236.08,6.704,false
P003151,Rivage Poêle Ultra,Rivage,CAT003,S0513,92.73,6.587,false
P003152,Vertex Clavier Classic,Vertex,CAT010,S0016,12.77,4.640,false
P003153,Alvora Nettoyant jantes Ultra,Alvora,CAT037,S0090,246.66,0.638,false
P003154,Zephyr Nettoyant jantes Éco,Zephyr,CAT039,S0037,214.04,8.967,false
P003155,Nordis Shampooing Compact,Nordis,CAT019,S0434,91.88,2.136,false
P003156,Ember Sac à main Classic,Ember,CAT014,S0599,79.56,3.923,false
P003157,Terra Beau livre Classic,Terra,CAT033,S0450,71.04,7.926,true
P003158,Fjord Sac à main Essentiel,Fjord,CAT013,S0159,77.82,10.732,false
P003159,Zephyr Set de couverts Éco,Zephyr,CAT006,S0388,90.23,6.141,false
P003160,Windrow Set de couverts Compact,Windrow,CAT004,S0573,12.46,0.700,false
P003161,Windrow Chaussures de trail Premium,Windrow,CAT023,S0272,34.50,3.637,false
P003162,Ivory Puzzle Ultra,Ivory,CAT028,S0010,12.47,6.154,false
P003163,Ursa Brosse Classic,Ursa,CAT020,S0002,47.59,4.571,false
P003164,Terra Roman XL,Terra,CAT035,S0223,237.70,5.460,false
P003165,Halcyon Casque vélo Signature,Halcyon,CAT025,S0385,207.87,3.470,false
P003166,Zephyr Shampooing Nomade,Zephyr,CAT021,S0283,87.46,3.504,false
P003167,Pallas Nettoyant jantes Ultra,Pallas,CAT039,S0415,42.78,0.958,true
P003168,Fjord Vinyle Premium,Fjord,CAT032,S0190,120.82,0.539,false
P003169,Cirrus Haltères Signature,Cirrus,CAT027,S0192,9.09,9.060,false
P003170,Quartz Housse de couette Pro,Quartz,CAT001,S0210,33.60,1.350,false
P003171,Cirrus Brosse Pro,Cirrus,CAT022,S0504,83.74,8.061,true
P003172,Lumen Chemise Signature,Lumen,CAT015,S0575,43.90,11.083,false
P003173,Quartz Beau livre Signature,Quartz,CAT033,S0088,107.67,1.575,false
P003174,Bexon Vinyle Éco,Bexon,CAT035,S0211,45.15,3.700,false
P003175,Bexon Écharpe Premium,Bexon,CAT014,S0391,49.10,1.432,false
P003176,Fjord Montre Nomade,Fjord,CAT013,S0314,24.89,5.447,false
P003177,Meridian Coffret BD Pro,Meridian,CAT032,S0361,14.80,6.358,false
P003178,Meridian Sac de sport XL,Meridian,CAT027,S0233,59.93,1.554,false
P003179,Ember Bouilloire Nomade,Ember,CAT006,S0302,67.14,11.943,false
P003180,Cirrus Veste Signature,Cirrus,CAT016,S0347,40.91,1.459,false
P003181,Windrow Chemise Premium,Windrow,CAT014,S0354,167.17,10.513,false
P003182,Cirrus Manuel Essentiel,Cirrus,CAT032,S0207,154.57,2.923,true
P003183,Solstice Enceinte Essentiel,Solstice,CAT008,S0532,93.18,4.265,false
P003184,Ursa Jeu de plateau Classic,Ursa,CAT028,S0334,62.67,9.720,false
P003185,Ivory Tapis de yoga Ultra,Ivory,CAT023,S0530,31.23,4.633,true
P003186,Bexon Veste Compact,Bexon,CAT014,S0371,22.27,7.646,false
P003187,Meridian Enceinte Compact,Meridian,CAT011,S0112,34.47,3.500,false
P003188,Bexon Chaussures de trail Classic,Bexon,CAT026,S0081,160.35,3.092,false
P003189,Bexon Shampooing Nomade,Bexon,CAT021,S0110,181.59,1.938,false
P003190,Solstice Montre Essentiel,Solstice,CAT017,S0243,76.03,1.375,false
P003191,Lumen Étagère XL,Lumen,CAT003,S0378,73.73,8.886,false
P003192,Ursa Casque Signature,Ursa,CAT012,S0398,118.96,3.429,false
P003193,Juniper Bouilloire Essentiel,Juniper,CAT003,S0120,49.58,1.047,false
P003194,Terra Enceinte XL,Terra,CAT009,S0562,93.94,5.584,false
P003195,Quartz Jeu de plateau Éco,Quartz,CAT029,S0338,47.51,8.365,true
P003196,Ivory Chaussures de trail Compact,Ivory,CAT025,S0295,76.74,7.723,false
P003197,Windrow Manuel Nomade,Windrow,CAT034,S0266,54.49,0.223,false
P003198,Bexon Tapis de yoga Éco,Bexon,CAT023,S0557,27.93,11.969,false
P003199,Ursa Clé à cliquet Pro,Ursa,CAT036,S0340,54.59,8.183,false
P003200,Lumen Shampooing XL,Lumen,CAT018,S0103,262.66,8.135,false
P003201,Meridian Ceinture XL,Meridian,CAT017,S0515,82.89,4.593,false
P003202,Delvia Coffret BD Éco,Delvia,CAT034,S0026,50.62,9.836,false
P003203,Meridian Cube éducatif Nomade,Meridian,CAT029,S0388,56.23,7.512,false
P003204,Windrow Puzzle Essentiel,Windrow,CAT030,S0477,35.46,10.040,true
P003205,Zephyr Bâche Ultra,Zephyr,CAT037,S0166,23.11,9.141,false
P003206,Solstice Cube éducatif Essentiel,Solstice,CAT028,S0016,32.39,2.452,false
P003207,Granit Vinyle Éco,Granit,CAT035,S0174,251.44,11.667,false
P003208,Windrow Brosse Premium,Windrow,CAT020,S0163,67.63,5.148,false
P003209,Halcyon Shampooing Nomade,Halcyon,CAT018,S0157,46.13,2.650,false
P003210,Windrow Shampooing Pro,Windrow,CAT020,S0176,82.80,7.617,false
P003211,Ursa Nettoyant jantes Premium,Ursa,CAT036,S0099,79.69,5.801,false
P003212,Zephyr Clé à cliquet Compact,Zephyr,CAT038,S0096,50.18,9.311,false
P003213,Quartz Enceinte Pro,Quartz,CAT011,S0511,82.69,5.223,false
P003214,Bexon Manuel Pro,Bexon,CAT034,S0404,42.02,5.324,false
P003215,Fjord Sac de sport Essentiel,Fjord,CAT024,S0331,162.08,0.464,false
P003216,Zephyr Roman Premium,Zephyr,CAT032,S0332,64.50,7.143,true
P003217,Juniper Coffret BD Pro,Juniper,CAT033,S0460,38.49,4.665,false
P003218,Terra Vinyle Ultra,Terra,CAT034,S0174,7.11,9.375,false
P003219,Granit Brosse Classic,Granit,CAT021,S0483,26.40,0.964,true
P003220,Zephyr Clavier Compact,Zephyr,CAT007,S0294,51.70,7.309,false
P003221,Nordis Sérum Classic,Nordis,CAT021,S0078,70.54,10.185,false
P003222,Vertex Eau de toilette Pro,Vertex,CAT021,S0434,76.33,3.595,false
P003223,Terra Perceuse Compact,Terra,CAT037,S0353,66.66,6.246,false
P003224,Ivory Perceuse Nomade,Ivory,CAT039,S0524,94.45,1.859,true
P003225,Orbit Housse de couette XL,Orbit,CAT002,S0189,5.35,0.930,false
P003226,Ember Webcam Nomade,Ember,CAT008,S0042,163.20,8.556,false
P003227,Terra Chemise Essentiel,Terra,CAT014,S0467,41.92,3.157,false
P003228,Kestrel Manuel Pro,Kestrel,CAT035,S0298,48.55,7.230,false
P003229,Ivory Perceuse Nomade,Ivory,CAT037,S0204,15.99,2.750,false
P003230,Ivory Vinyle Nomade,Ivory,CAT035,S0313,27.26,4.904,true
P003231,Ember Arrosoir Éco,Ember,CAT006,S0316,65.96,6.287,false
P003232,Kestrel Poêle Compact,Kestrel,CAT005,S0173,46.38,5.123,false
P003233,Halcyon Eau de toilette Premium,Halcyon,CAT020,S0429,16.59,7.928,false
P003234,Granit Figurine XL,Granit,CAT029,S0328,27.12,4.111,false
P003235,Vertex Sac à main Éco,Vertex,CAT014,S0491,261.88,1.257,false
P003236,Windrow Coffret BD Premium,Windrow,CAT033,S0116,22.22,6.936,false
P003237,Solstice Poêle Classic,Solstice,CAT006,S0072,90.99,6.451,false
P003238,Quartz Roman Classic,Quartz,CAT033,S0388,57.22,6.027,false
P003239,Delvia Montre Compact,Delvia,CAT013,S0545,114.69,4.023,false
P003240,Rivage Casque Nomade,Rivage,CAT008,S0329,49.06,2.667,false
P003241,Kestrel Écharpe XL,Kestrel,CAT017,S0113,181.10,5.581,false
P003242,Rivage Housse de couette Nomade,Rivage,CAT003,S0475,108.56,8.958,false
P003243,Vertex Trottinette Classic,Vertex,CAT028,S0191,38.68,3.760,false
P003244,Solstice Vinyle Signature,Solstice,CAT033,S0567,73.38,8.744,false
P003245,Cirrus Écharpe Premium,Cirrus,CAT013,S0306,28.06,7.817,false
P003246,Delvia Étagère Éco,Delvia,CAT005,S0036,42.25,0.209,false
P003247,Alvora Sérum Essentiel,Alvora,CAT022,S0434,74.72,3.689,false
P003248,Juniper Puzzle Éco,Juniper,CAT028,S0572,12.79,1.263,false
P003249,Nordis Sneakers XL,Nordis,CAT014,S0366,75.06,11.097,false
P003250,Terra Beau livre Premium,Terra,CAT032,S0304,185.56,3.991,false
P003251,Fjord Crème hydratante Classic,Fjord,CAT020,S0135,63.29,0.580,true
P003252,Fjord Chargeur Classic,Fjord,CAT009,S0361,68.95,2.677,false
P003253,Windrow Shampooing Essentiel,Windrow,CAT021,S0041,131.75,4.985,false
P003254,Pallas Lampe Nomade,Pallas,CAT005,S0006,42.38,4.466,false
P003255,Terra Vinyle Signature,Terra,CAT035,S0096,88.17,6.093,false
P003256,Kestrel Étagère Essentiel,Kestrel,CAT005,S0092,42.85,7.673,false
P003257,Ember Brosse XL,Ember,CAT021,S0236,89.82,8.839,false
P003258,Delvia Nettoyant jantes Signature,Delvia,CAT038,S0542,31.56,11.579,false
P003259,Windrow Eau de toilette Essentiel,Windrow,CAT018,S0105,78.41,5.671,false
P003260,Rivage Manuel XL,Rivage,CAT032,S0019,29.51,5.852,false
P003261,Ursa Étagère Ultra,Ursa,CAT003,S0479,73.81,9.328,false
P003262,Delvia Gourde Premium,Delvia,CAT024,S0119,35.97,4.025,false
P003263,Kestrel Puzzle Classic,Kestrel,CAT031,S0408,36.50,7.823,false
P003264,Cirrus Casque vélo Pro,Cirrus,CAT024,S0374,88.31,8.417,false
P003265,Terra Étagère Pro,Terra,CAT001,S0069,91.62,4.925,false
P003266,Fjord Poêle Essentiel,Fjord,CAT006,S0006,143.50,7.432,false
P003267,Rivage Figurine Compact,Rivage,CAT028,S0445,131.72,10.026,false
P003268,Ember Veste Premium,Ember,CAT015,S0584,64.55,6.263,false
P003269,Vertex Cube éducatif Essentiel,Vertex,CAT030,S0594,28.93,0.987,false
P003270,Windrow Palette XL,Windrow,CAT018,S0052,51.82,1.066,false
P003271,Cirrus Clé à cliquet Nomade,Cirrus,CAT037,S0411,69.37,4.005,false
P003272,Halcyon Veste Premium,Halcyon,CAT014,S0453,47.23,10.159,false
P003273,Ember Puzzle Compact,Ember,CAT030,S0288,72.91,5.244,false
P003274,Pallas Casque Éco,Pallas,CAT010,S0345,56.10,9.285,false
P003275,Bexon Veste Signature,Bexon,CAT017,S0588,61.67,2.249,false
P003276,Delvia Veste Compact,Delvia,CAT015,S0044,26.80,3.453,false
P003277,Alvora Enceinte Éco,Alvora,CAT008,S0222,193.64,8.049,false
P003278,Pallas Webcam Signature,Pallas,CAT012,S0402,47.37,2.225,false
P003279,Fjord Sac de sport Signature,Fjord,CAT024,S0185,59.98,8.726,false
P003280,Fjord Sac de sport Classic,Fjord,CAT024,S0256,42.78,5.842,false
P003281,Zephyr Set de couverts Classic,Zephyr,CAT004,S0535,35.40,9.085,false
P003282,Granit Sérum Éco,Granit,CAT021,S0027,94.04,10.992,false
P003283,Ursa Lampe Signature,Ursa,CAT003,S0008,36.20,11.642,false
P003284,Alvora Brosse Éco,Alvora,CAT020,S0217,94.87,11.617,false
P003285,Ursa Nettoyant jantes Premium,Ursa,CAT037,S0099,236.62,11.704,false
P003286,Windrow Bouilloire Essentiel,Windrow,CAT003,S0218,87.77,7.429,false
P003287,Delvia Trottinette Ultra,Delvia,CAT030,S0344,89.32,1.456,false
P003288,Ember Webcam Compact,Ember,CAT008,S0550,56.04,0.332,false
P003289,Orbit Chargeur Essentiel,Orbit,CAT009,S0495,163.59,4.853,false
P003290,Lumen Eau de toilette Ultra,Lumen,CAT020,S0170,48.09,0.598,false
P003291,Meridian Webcam Classic,Meridian,CAT012,S0143,94.05,11.444,false
P003292,Ursa Souris Nomade,Ursa,CAT012,S0590,77.14,2.395,false
P003293,Delvia Nettoyant jantes Classic,Delvia,CAT036,S0380,77.86,1.383,false
P003294,Quartz Vinyle Signature,Quartz,CAT033,S0324,158.62,5.528,false
P003295,Alvora Palette Premium,Alvora,CAT018,S0100,126.22,6.827,false
P003296,Granit Manuel Compact,Granit,CAT035,S0562,63.43,3.963,true
P003297,Terra Clé à cliquet Pro,Terra,CAT037,S0017,15.29,3.064,false
P003298,Delvia Montre connectée Nomade,Delvia,CAT007,S0013,20.08,10.119,false
P003299,Delvia Manuel Essentiel,Delvia,CAT034,S0559,35.63,0.270,false
P003300,Halcyon Chaussures de trail Signature,Halcyon,CAT024,S0064,60.29,3.747,false
P003301,Ivory Crème hydratante Pro,Ivory,CAT019,S0507,24.74,11.959,false
P003302,Halcyon Sneakers Ultra,Halcyon,CAT014,S0396,9.57,11.684,false
P003303,Ember Roman Nomade,Ember,CAT035,S0392,81.98,10.077,false
P003304,Zephyr Housse de couette Éco,Zephyr,CAT003,S0283,131.35,3.285,false
P003305,Orbit Ceinture Éco,Orbit,CAT016,S0113,16.73,2.700,false
P003306,Orbit Perceuse Premium,Orbit,CAT036,S0578,77.51,0.890,false
P003307,Terra Haltères Signature,Terra,CAT027,S0351,58.41,3.115,false
P003308,Solstice Chargeur Classic,Solstice,CAT011,S0248,262.90,7.501,false
P003309,Bexon Chargeur Essentiel,Bexon,CAT010,S0112,91.49,5.519,false
P003310,Vertex Eau de toilette Compact,Vertex,CAT022,S0107,41.55,10.724,false
P003311,Kestrel Clavier Classic,Kestrel,CAT012,S0435,40.12,2.892,false
P003312,Bexon Souris Essentiel,Bexon,CAT012,S0335,30.85,0.543,false
P003313,Terra Veste Éco,Terra,CAT016,S0131,158.87,5.398,false
P003314,Fjord Nettoyant jantes Ultra,Fjord,CAT036,S0528,84.70,3.028,false
P003315,Nordis Figurine Nomade,Nordis,CAT030,S0366,27.69,11.674,false
P003316,Quartz Peluche Éco,Quartz,CAT028,S0366,33.74,8.251,false
P003317,Ursa Housse de couette Pro,Ursa,CAT006,S0390,7.52,1.779,false
P003318,Bexon Puzzle Éco,Bexon,CAT028,S0149,69.54,1.285,false
P003319,Alvora Eau de toilette XL,Alvora,CAT022,S0200,87.59,5.175,false
P003320,Rivage Vinyle Pro,Rivage,CAT035,S0431,76.20,9.769,false
P003321,Delvia Vinyle Ultra,Delvia,CAT034,S0425,32.15,5.954,false
P003322,Terra Chargeur Ultra,Terra,CAT007,S0587,85.37,3.238,false
P003323,Ursa Beau livre Signature,Ursa,CAT035,S0128,39.27,9.716,false
P003324,Ember Clavier Compact,Ember,CAT010,S0590,36.09,0.625,false
P003325,Lumen Manuel Nomade,Lumen,CAT033,S0128,87.67,9.485,true
P003326,Nordis Vinyle XL,Nordis,CAT035,S0450,53.15,10.291,false
P003327,Ursa Eau de toilette Pro,Ursa,CAT022,S0322,113.19,9.852,false
P003328,Lumen Coffret BD Pro,Lumen,CAT034,S0509,20.65,0.234,false
P003329,Orbit Sérum Pro,Orbit,CAT022,S0113,49.59,8.159,false
P003330,Orbit Beau livre Éco,Orbit,CAT034,S0073,55.07,0.512,false
P003331,Halcyon Tapis de yoga Éco,Halcyon,CAT024,S0001,66.02,10.862,false
P003332,Kestrel Cube éducatif Classic,Kestrel,CAT029,S0572,25.57,9.228,false
P003333,Zephyr Casque vélo Premium,Zephyr,CAT026,S0403,245.55,10.768,false
P003334,Windrow Arrosoir Éco,Windrow,CAT002,S0405,82.23,1.700,false
P003335,Ursa Clé à cliquet Pro,Ursa,CAT036,S0305,121.96,2.784,false
P003336,Pallas Webcam Ultra,Pallas,CAT007,S0013,7.44,3.958,false
P003337,Ember Filtre à air Éco,Ember,CAT038,S0396,27.59,9.463,false
P003338,Ursa Souris Essentiel,Ursa,CAT008,S0481,137.52,9.356,false
P003339,Rivage Perceuse Pro,Rivage,CAT039,S0172,75.49,9.836,false
P003340,Ursa Bâche Éco,Ursa,CAT039,S0332,62.06,4.295,false
P003341,Bexon Casque vélo Compact,Bexon,CAT027,S0395,76.70,9.946,false
P003342,Vertex Bâche Éco,Vertex,CAT038,S0072,79.81,2.498,false
P003343,Solstice Ceinture Ultra,Solstice,CAT014,S0531,32.55,11.520,false
P003344,Ember Perceuse Ultra,Ember,CAT038,S0503,68.70,4.644,false
P003345,Orbit Sac de sport Signature,Orbit,CAT023,S0293,106.58,1.685,false
P003346,Orbit Clé à cliquet Ultra,Orbit,CAT036,S0380,37.87,8.129,false
P003347,Quartz Casque vélo Classic,Quartz,CAT027,S0400,38.71,6.896,false
P003348,Ivory Set de couverts Classic,Ivory,CAT002,S0316,55.33,3.494,false
P003349,Alvora Roman Essentiel,Alvora,CAT032,S0032,115.93,2.971,true
P003350,Bexon Trottinette XL,Bexon,CAT029,S0103,67.93,3.963,false
P003351,Fjord Nettoyant jantes Essentiel,Fjord,CAT038,S0033,88.52,1.416,false
P003352,Cirrus Crème hydratante XL,Cirrus,CAT021,S0271,70.55,3.943,false
P003353,Quartz Bâche XL,Quartz,CAT039,S0568,74.20,11.539,false
P003354,Cirrus Vinyle Signature,Cirrus,CAT034,S0203,60.39,5.968,false
P003355,Bexon Webcam Pro,Bexon,CAT010,S0188,66.49,9.065,false
P003356,Juniper Set de couverts Premium,Juniper,CAT003,S0548,47.21,4.722,false
P003357,Solstice Perceuse Nomade,Solstice,CAT038,S0348,188.68,3.913,false
P003358,Halcyon Brosse Pro,Halcyon,CAT019,S0294,14.22,11.936,false
P003359,Kestrel Vinyle XL,Kestrel,CAT033,S0177,60.96,0.622,false
P003360,Bexon Manuel Compact,Bexon,CAT032,S0109,69.23,8.032,false
P003361,Solstice Chargeur Essentiel,Solstice,CAT012,S0511,51.22,4.605,false
P003362,Zephyr Sneakers Classic,Zephyr,CAT016,S0153,73.05,2.648,false
P003363,Halcyon Vinyle Essentiel,Halcyon,CAT035,S0298,54.94,2.408,false
P003364,Lumen Casque XL,Lumen,CAT010,S0321,18.04,11.054,false
P003365,Ivory Roman Pro,Ivory,CAT032,S0128,145.42,1.521,false
P003366,Vertex Cube éducatif Nomade,Vertex,CAT031,S0342,51.45,10.156,false
P003367,Halcyon Perceuse Pro,Halcyon,CAT036,S0377,74.99,2.767,false
P003368,Bexon Palette XL,Bexon,CAT022,S0014,79.49,10.240,false
P003369,Vertex Vinyle Classic,Vertex,CAT034,S0570,59.50,0.487,false
P003370,Windrow Palette Premium,Windrow,CAT021,S0041,229.32,2.530,false
P003371,Alvora Manuel Éco,Alvora,CAT034,S0324,5.47,1.512,false
P003372,Zephyr Veste Compact,Zephyr,CAT013,S0454,63.20,0.980,false
P003373,Bexon Sac à main Ultra,Bexon,CAT013,S0212,111.16,2.153,false
P003374,Windrow Étagère XL,Windrow,CAT001,S0360,81.22,8.242,false
P003375,Windrow Coffret BD XL,Windrow,CAT035,S0392,34.96,5.902,false
P003376,Juniper Vinyle Pro,Juniper,CAT034,S0004,164.87,11.523,false
P003377,Ember Brosse Éco,Ember,CAT019,S0327,178.78,2.623,false
P003378,Zephyr Tapis de yoga Compact,Zephyr,CAT024,S0482,36.98,6.300,false
P003379,Alvora Webcam Classic,Alvora,CAT010,S0259,187.69,3.023,false
P003380,Delvia Peluche Pro,Delvia,CAT030,S0449,37.20,8.498,false
P003381,Orbit Roman Premium,Orbit,CAT034,S0358,115.29,9.538,false
P003382,Zephyr Poêle Premium,Zephyr,CAT003,S0350,161.01,2.541,false
P003383,Alvora Puzzle Compact,Alvora,CAT031,S0366,24.68,7.326,false
P003384,Bexon Écharpe Ultra,Bexon,CAT013,S0282,88.28,4.937,false
P003385,Lumen Eau de toilette Compact,Lumen,CAT018,S0521,47.20,1.923,false
P003386,Cirrus Casque vélo Éco,Cirrus,CAT025,S0524,105.86,2.285,false
P003387,Alvora Coffret BD Signature,Alvora,CAT033,S0060,9.61,5.813,false
P003388,Orbit Casque Ultra,Orbit,CAT011,S0580,61.49,2.417,false
P003389,Meridian Puzzle Compact,Meridian,CAT028,S0470,26.53,11.236,false
P003390,Granit Coffret BD Ultra,Granit,CAT035,S0160,32.83,10.348,false
P003391,Lumen Perceuse Éco,Lumen,CAT036,S0571,77.51,5.385,false
P003392,Kestrel Chaussures de trail Compact,Kestrel,CAT026,S0125,172.11,1.405,false
P003393,Meridian Nettoyant jantes Pro,Meridian,CAT039,S0553,87.88,1.684,false
P003394,Terra Arrosoir Essentiel,Terra,CAT001,S0405,26.98,5.767,false
P003395,Lumen Perceuse Nomade,Lumen,CAT039,S0284,38.69,10.856,false
P003396,Kestrel Étagère Signature,Kestrel,CAT002,S0356,62.03,4.670,false
P003397,Rivage Eau de toilette Nomade,Rivage,CAT018,S0256,181.17,8.146,false
P003398,Lumen Chemise Premium,Lumen,CAT014,S0552,86.11,0.371,false
P003399,Meridian Manuel Ultra,Meridian,CAT032,S0118,19.53,8.502,false
P003400,Delvia Chaussures de trail Compact,Delvia,CAT024,S0228,26.18,5.136,false
P003401,Pallas Gourde Classic,Pallas,CAT024,S0119,27.24,1.695,false
P003402,Meridian Étagère Classic,Meridian,CAT003,S0360,74.18,1.943,false
P003403,Ursa Peluche Pro,Ursa,CAT029,S0423,30.75,9.002,false
P003404,Granit Figurine Pro,Granit,CAT029,S0418,81.64,3.564,false
P003405,Cirrus Lampe Signature,Cirrus,CAT005,S0025,31.87,7.875,false
P003406,Vertex Brosse Éco,Vertex,CAT020,S0426,42.21,1.889,false
P003407,Windrow Brosse Classic,Windrow,CAT021,S0443,71.46,3.275,false
P003408,Kestrel Roman Nomade,Kestrel,CAT034,S0509,6.89,11.412,false
P003409,Kestrel Souris Classic,Kestrel,CAT011,S0024,42.96,0.084,false
P003410,Halcyon Clé à cliquet Premium,Halcyon,CAT037,S0425,105.60,9.637,false
P003411,Ivory Poêle Signature,Ivory,CAT002,S0069,258.00,10.101,false
P003412,Windrow Perceuse Essentiel,Windrow,CAT039,S0360,77.17,2.270,false
P003413,Juniper Souris Éco,Juniper,CAT010,S0530,32.39,7.239,false
P003414,Ivory Souris Ultra,Ivory,CAT011,S0071,7.51,1.417,false
P003415,Pallas Roman Éco,Pallas,CAT034,S0137,58.24,0.976,false
P003416,Delvia Beau livre Essentiel,Delvia,CAT034,S0225,88.37,8.756,false
P003417,Orbit Manuel Classic,Orbit,CAT035,S0004,41.92,7.683,false
P003418,Pallas Perceuse Signature,Pallas,CAT038,S0285,8.96,6.842,false
P003419,Ursa Veste Compact,Ursa,CAT015,S0212,70.22,10.916,false
P003420,Ember Sac à main Nomade,Ember,CAT013,S0456,21.43,11.676,false
P003421,Orbit Jeu de plateau Ultra,Orbit,CAT029,S0264,10.63,0.541,true
P003422,Solstice Beau livre Éco,Solstice,CAT033,S0146,39.52,6.039,false
P003423,Ursa Chemise Compact,Ursa,CAT017,S0456,64.64,0.299,false
P003424,Pallas Shampooing Signature,Pallas,CAT019,S0061,177.95,5.960,false
P003425,Rivage Montre connectée XL,Rivage,CAT011,S0171,203.88,6.540,false
P003426,Delvia Shampooing Nomade,Delvia,CAT022,S0588,12.28,10.705,false
P003427,Quartz Gourde Pro,Quartz,CAT027,S0398,31.14,4.737,false
P003428,Fjord Tapis de yoga Premium,Fjord,CAT023,S0380,118.11,5.383,false
P003429,Terra Manuel Éco,Terra,CAT033,S0053,130.56,4.877,false
P003430,Cirrus Clavier Compact,Cirrus,CAT009,S0435,12.64,4.319,false
P003431,Solstice Jeu de plateau Ultra,Solstice,CAT030,S0401,56.41,7.424,false
P003432,Granit Brosse Compact,Granit,CAT021,S0552,21.82,6.669,false
P003433,Alvora Cube éducatif Ultra,Alvora,CAT029,S0591,53.14,6.943,false
P003434,Vertex Chaussures de trail Signature,Vertex,CAT026,S0037,171.76,3.261,true
P003435,Bexon Manuel Pro,Bexon,CAT035,S0224,27.22,1.285,false
P003436,Terra Beau livre XL,Terra,CAT032,S0359,10.19,10.192,false
P003437,Halcyon Puzzle Classic,Halcyon,CAT028,S0481,18.21,9.405,false
P003438,Lumen Beau livre Pro,Lumen,CAT034,S0322,8.19,4.499,false
P003439,Kestrel Lampe Nomade,Kestrel,CAT004,S0118,28.40,6.036,false
P003440,Ivory Clé à cliquet Compact,Ivory,CAT036,S0357,91.47,8.495,false
P003441,Vertex Brosse Nomade,Vertex,CAT019,S0239,21.90,6.022,false
P003442,Lumen Webcam Essentiel,Lumen,CAT012,S0587,184.58,11.080,false
P003443,Lumen Webcam Nomade,Lumen,CAT012,S0310,58.68,7.140,false
P003444,Zephyr Clavier Ultra,Zephyr,CAT008,S0384,200.12,1.063,false
P003445,Halcyon Peluche Ultra,Halcyon,CAT030,S0527,18.39,8.173,false
P003446,Orbit Étagère Compact,Orbit,CAT003,S0042,24.34,7.662,false
P003447,Cirrus Set de couverts Pro,Cirrus,CAT003,S0417,8.78,11.468,false
P003448,Delvia Lampe Ultra,Delvia,CAT002,S0521,38.64,11.854,false
P003449,Cirrus Beau livre Signature,Cirrus,CAT033,S0183,12.26,9.914,false
P003450,Fjord Casque Premium,Fjord,CAT007,S0481,115.78,3.996,true
P003451,Kestrel Montre connectée Essentiel,Kestrel,CAT009,S0066,101.75,10.934,false
P003452,Pallas Sneakers XL,Pallas,CAT015,S0375,15.89,6.366,false
P003453,Fjord Sac de sport Ultra,Fjord,CAT027,S0506,50.17,7.019,false
P003454,Orbit Chemise Ultra,Orbit,CAT014,S0074,80.78,3.387,false
P003455,Meridian Chargeur Nomade,Meridian,CAT008,S0030,112.31,1.601,false
P003456,Pallas Manuel Éco,Pallas,CAT034,S0060,57.14,1.040,false
P003457,Delvia Housse de couette Premium,Delvia,CAT005,S0042,155.81,1.278,false
P003458,Bexon Trottinette Signature,Bexon,CAT029,S0280,130.32,10.288,false
P003459,Pallas Souris Compact,Pallas,CAT007,S0539,57.27,4.118,false
P003460,Solstice Arrosoir Classic,Solstice,CAT004,S0579,58.28,0.642,false
P003461,Ursa Clavier XL,Ursa,CAT008,S0142,8.74,6.417,false
P003462,Fjord Beau livre Essentiel,Fjord,CAT034,S0467,83.36,0.054,false
P003463,Cirrus Jeu de plateau Premium,Cirrus,CAT028,S0594,94.39,10.641,false
P003464,Nordis Arrosoir Essentiel,Nordis,CAT005,S0548,44.05,6.926,false
P003465,Halcyon Cube éducatif Ultra,Halcyon,CAT030,S0473,85.21,9.062,false
P003466,Lumen Cube éducatif Pro,Lumen,CAT030,S0425,47.09,4.427,false
P003467,Halcyon Sac à main Éco,Halcyon,CAT015,S0315,130.84,8.660,false
P003468,Ember Figurine Pro,Ember,CAT029,S0461,85.94,5.549,true
P003469,Granit Poêle Ultra,Granit,CAT004,S0390,83.66,7.468,false
P003470,Ursa Arrosoir Pro,Ursa,CAT001,S0124,180.82,7.608,false
P003471,Lumen Gourde Signature,Lumen,CAT023,S0185,31.14,9.750,false
P003472,Orbit Coffret BD Pro,Orbit,CAT034,S0509,32.36,0.783,false
P003473,Bexon Bouilloire Signature,Bexon,CAT003,S0148,34.21,10.523,false
P003474,Lumen Écharpe Nomade,Lumen,CAT017,S0410,52.01,10.764,false
P003475,Granit Brosse Compact,Granit,CAT019,S0381,39.45,5.406,false
P003476,Ember Trottinette Nomade,Ember,CAT029,S0328,63.03,9.758,false
P003477,Kestrel Coffret BD Ultra,Kestrel,CAT032,S0267,26.54,10.478,false
P003478,Cirrus Shampooing Pro,Cirrus,CAT020,S0451,77.38,0.115,false
P003479,Kestrel Manuel Nomade,Kestrel,CAT032,S0116,64.31,2.945,false
P003480,Bexon Jeu de plateau Classic,Bexon,CAT030,S0062,47.91,3.100,false
P003481,Nordis Trottinette Compact,Nordis,CAT029,S0084,73.12,1.105,false
P003482,Zephyr Bâche XL,Zephyr,CAT039,S0316,136.68,7.639,false
P003483,Zephyr Souris Classic,Zephyr,CAT009,S0038,86.20,7.915,false
P003484,Meridian Coffret BD Pro,Meridian,CAT032,S0020,82.16,0.723,false
P003485,Solstice Casque Nomade,Solstice,CAT009,S0310,112.36,11.282,false
P003486,Pallas Jeu de plateau Essentiel,Pallas,CAT029,S0191,39.00,9.123,false
P003487,Zephyr Roman Compact,Zephyr,CAT033,S0450,24.04,7.470,false
P003488,Zephyr Peluche Classic,Zephyr,CAT029,S0254,63.55,4.739,false
P003489,Halcyon Manuel Premium,Halcyon,CAT035,S0406,65.79,11.782,false
P003490,Halcyon Palette XL,Halcyon,CAT021,S0443,187.47,8.487,false
P003491,Quartz Tapis de yoga Nomade,Quartz,CAT023,S0187,76.06,5.607,false
P003492,Bexon Veste Essentiel,Bexon,CAT015,S0234,10.86,11.570,false
P003493,Kestrel Lampe Compact,Kestrel,CAT006,S0548,21.79,10.059,false
P003494,Rivage Eau de toilette Ultra,Rivage,CAT019,S0493,88.81,4.312,false
P003495,Solstice Jeu de plateau Nomade,Solstice,CAT031,S0084,51.93,5.918,true
P003496,Terra Arrosoir Classic,Terra,CAT004,S0283,181.36,0.085,false
P003497,Orbit Veste Premium,Orbit,CAT016,S0018,51.90,4.411,false
P003498,Vertex Brosse Signature,Vertex,CAT021,S0294,247.17,10.036,false
P003499,Quartz Beau livre Pro,Quartz,CAT032,S0128,31.76,3.775,false
P003500,Windrow Jeu de plateau Pro,Windrow,CAT030,S0500,132.11,1.004,false
P003501,Cirrus Sneakers Éco,Cirrus,CAT016,S0508,54.94,2.014,false
P003502,Terra Eau de toilette Classic,Terra,CAT022,S0165,40.52,2.354,true
P003503,Rivage Nettoyant jantes Compact,Rivage,CAT036,S0046,33.31,10.301,true
P003504,Pallas Enceinte Nomade,Pallas,CAT007,S0495,167.88,5.808,false
P003505,Pallas Lampe Classic,Pallas,CAT005,S0529,74.35,4.794,false
P003506,Cirrus Filtre à air Signature,Cirrus,CAT039,S0524,82.73,2.522,true
P003507,Windrow Clé à cliquet Pro,Windrow,CAT037,S0111,109.39,2.001,false
P003508,Ivory Webcam Pro,Ivory,CAT007,S0292,12.59,3.351,false
P003509,Pallas Brosse Signature,Pallas,CAT021,S0507,9.80,4.365,false
P003510,Quartz Crème hydratante Premium,Quartz,CAT019,S0395,167.62,10.207,false
P003511,Ember Haltères Classic,Ember,CAT027,S0535,19.58,1.948,false
P003512,Pallas Veste Signature,Pallas,CAT014,S0371,122.06,2.467,false
P003513,Fjord Sac de sport Compact,Fjord,CAT025,S0226,180.22,2.373,false
P003514,Solstice Brosse Essentiel,Solstice,CAT022,S0025,256.67,1.815,false
P003515,Delvia Filtre à air Nomade,Delvia,CAT037,S0553,171.00,5.935,false
P003516,Halcyon Beau livre XL,Halcyon,CAT032,S0146,247.53,4.372,true
P003517,Meridian Lampe Pro,Meridian,CAT001,S0308,15.64,10.595,false
P003518,Ember Beau livre Classic,Ember,CAT032,S0160,59.40,2.501,false
P003519,Ursa Vinyle Nomade,Ursa,CAT032,S0399,18.18,0.265,false
P003520,Pallas Casque Compact,Pallas,CAT011,S0412,87.12,10.564,false
P003521,Zephyr Gourde Ultra,Zephyr,CAT024,S0088,50.48,2.448,false
P003522,Solstice Shampooing Signature,Solstice,CAT021,S0507,81.14,0.613,false
P003523,Nordis Ceinture Éco,Nordis,CAT013,S0028,65.34,8.530,false
P003524,Bexon Webcam Signature,Bexon,CAT008,S0276,32.51,11.695,false
P003525,Orbit Souris Compact,Orbit,CAT007,S0259,78.97,2.682,false
P003526,Cirrus Manuel Classic,Cirrus,CAT032,S0087,16.59,3.507,false
P003527,Bexon Eau de toilette Ultra,Bexon,CAT019,S0595,137.02,3.292,false
P003528,Quartz Souris Pro,Quartz,CAT008,S0569,129.00,8.340,false
P003529,Kestrel Set de couverts Ultra,Kestrel,CAT002,S0167,75.82,8.549,false
P003530,Ember Puzzle Signature,Ember,CAT029,S0445,76.34,9.688,false
P003531,Ember Shampooing Nomade,Ember,CAT018,S0132,58.62,0.541,false
P003532,Nordis Clavier Nomade,Nordis,CAT011,S0142,43.95,1.625,true
P003533,Solstice Sac de sport Pro,Solstice,CAT026,S0299,71.22,6.608,false
P003534,Meridian Filtre à air Essentiel,Meridian,CAT037,S0122,8.04,2.230,false
P003535,Halcyon Chargeur Pro,Halcyon,CAT008,S0065,23.43,6.501,false
P003536,Meridian Coffret BD Classic,Meridian,CAT034,S0211,63.44,0.909,true
P003537,Orbit Eau de toilette Premium,Orbit,CAT018,S0236,20.48,10.242,false
P003538,Cirrus Jeu de plateau Compact,Cirrus,CAT031,S0289,17.11,11.475,false
P003539,Orbit Manuel Ultra,Orbit,CAT034,S0110,49.24,6.397,false
P003540,Fjord Sérum Signature,Fjord,CAT020,S0473,12.10,7.236,false
P003541,Solstice Jeu de plateau XL,Solstice,CAT030,S0201,77.10,3.147,false
P003542,Ember Vinyle Pro,Ember,CAT033,S0104,62.62,11.137,false
P003543,Terra Bâche XL,Terra,CAT036,S0275,27.55,5.969,false
P003544,Vertex Crème hydratante Nomade,Vertex,CAT022,S0352,73.50,2.949,true
P003545,Pallas Figurine Premium,Pallas,CAT029,S0143,69.13,7.030,false
P003546,Bexon Jeu de plateau Ultra,Bexon,CAT031,S0317,103.69,1.665,false
P003547,Juniper Bâche Nomade,Juniper,CAT037,S0229,68.61,8.548,false
P003548,Pallas Perceuse Éco,Pallas,CAT037,S0294,280.68,11.329,false
P003549,Fjord Vinyle Nomade,Fjord,CAT035,S0307,76.63,4.989,false
P003550,Nordis Puzzle Compact,Nordis,CAT029,S0274,76.67,11.913,false
P003551,Vertex Clé à cliquet Nomade,Vertex,CAT038,S0235,40.00,2.463,false
P003552,Juniper Figurine Premium,Juniper,CAT029,S0260,53.55,10.901,false
P003553,Meridian Étagère Éco,Meridian,CAT002,S0600,177.61,4.709,false
P003554,Alvora Crème hydratante Compact,Alvora,CAT020,S0322,100.83,2.231,false
P003555,Vertex Sac de sport Classic,Vertex,CAT027,S0108,94.68,11.821,false
P003556,Quartz Filtre à air Premium,Quartz,CAT036,S0528,14.49,6.666,false
P003557,Granit Filtre à air Pro,Granit,CAT039,S0525,42.85,11.438,false
P003558,Bexon Clé à cliquet Signature,Bexon,CAT037,S0007,89.19,4.411,false
P003559,Ursa Chargeur Compact,Ursa,CAT010,S0013,37.33,4.424,true
P003560,Juniper Beau livre Premium,Juniper,CAT033,S0032,48.30,4.205,false
P003561,Meridian Gourde Ultra,Meridian,CAT026,S0012,152.35,0.292,false
P003562,Windrow Perceuse Nomade,Windrow,CAT036,S0204,18.41,7.928,true
P003563,Alvora Souris Éco,Alvora,CAT011,S0339,124.95,0.899,false
P003564,Quartz Souris XL,Quartz,CAT008,S0481,41.16,10.170,false
P003565,Ivory Sac de sport XL,Ivory,CAT027,S0161,24.45,9.188,false
P003566,Juniper Sneakers Nomade,Juniper,CAT017,S0528,50.48,10.348,false
P003567,Ursa Clavier Compact,Ursa,CAT007,S0230,48.13,10.038,false
P003568,Fjord Webcam Éco,Fjord,CAT010,S0481,7.89,6.635,false
P003569,Ursa Lampe Essentiel,Ursa,CAT005,S0251,29.66,3.544,false
P003570,Meridian Nettoyant jantes Pro,Meridian,CAT039,S0286,73.69,8.656,false
P003571,Ember Veste Essentiel,Ember,CAT016,S0170,88.58,10.927,false
P003572,Halcyon Arrosoir Signature,Halcyon,CAT002,S0021,73.28,6.656,false
P003573,Vertex Beau livre Classic,Vertex,CAT034,S0116,31.70,11.202,false
P003574,Solstice Étagère Compact,Solstice,CAT005,S0407,86.48,8.367,false
P003575,Terra Gourde Signature,Terra,CAT027,S0186,4.80,3.317,false
P003576,Terra Coffret BD Signature,Terra,CAT034,S0392,238.40,4.348,true
P003577,Bexon Chargeur Éco,Bexon,CAT010,S0437,79.94,10.522,false
P003578,Meridian Bouilloire Ultra,Meridian,CAT003,S0302,38.13,4.718,false
P003579,Quartz Perceuse Signature,Quartz,CAT039,S0353,238.63,2.793,false
P003580,Lumen Webcam XL,Lumen,CAT012,S0346,69.52,5.650,false
P003581,Orbit Chaussures de trail Essentiel,Orbit,CAT026,S0081,72.79,7.834,false
P003582,Alvora Montre connectée Signature,Alvora,CAT012,S0286,18.84,10.304,false
P003583,Terra Roman Premium,Terra,CAT034,S0432,53.97,5.738,false
P003584,Windrow Ceinture Essentiel,Windrow,CAT013,S0003,77.82,10.797,false
P003585,Fjord Arrosoir Ultra,Fjord,CAT002,S0421,33.23,7.479,false
P003586,Juniper Écharpe Premium,Juniper,CAT016,S0565,19.62,11.106,false
P003587,Ursa Clé à cliquet Compact,Ursa,CAT036,S0034,138.99,9.598,false
P003588,Cirrus Casque vélo Premium,Cirrus,CAT024,S0341,29.15,6.849,false
P003589,Ivory Poêle Ultra,Ivory,CAT004,S0036,44.71,6.350,false
P003590,Windrow Étagère Essentiel,Windrow,CAT002,S0417,189.26,7.945,false
P003591,Meridian Housse de couette Éco,Meridian,CAT001,S0398,42.56,2.098,true
P003592,Zephyr Brosse Pro,Zephyr,CAT021,S0355,269.37,7.327,false
P003593,Nordis Bouilloire Pro,Nordis,CAT004,S0573,216.55,8.799,false
P003594,Pallas Nettoyant jantes Éco,Pallas,CAT039,S0268,30.21,11.397,false
P003595,Kestrel Filtre à air Essentiel,Kestrel,CAT038,S0332,77.87,4.775,false
P003596,Ember Beau livre Nomade,Ember,CAT032,S0126,22.02,4.476,false
P003597,Delvia Veste Pro,Delvia,CAT016,S0028,244.55,1.754,false
P003598,Zephyr Casque vélo Premium,Zephyr,CAT024,S0548,79.68,2.076,false
P003599,Zephyr Tapis de yoga Premium,Zephyr,CAT023,S0050,86.56,8.912,false
P003600,Cirrus Lampe Classic,Cirrus,CAT003,S0316,5.07,7.135,false
P003601,Fjord Sac de sport XL,Fjord,CAT025,S0012,30.96,2.515,false
P003602,Fjord Coffret BD Signature,Fjord,CAT034,S0013,66.72,7.190,false
P003603,Kestrel Chaussures de trail Essentiel,Kestrel,CAT025,S0088,184.37,4.077,false
P003604,Vertex Puzzle Classic,Vertex,CAT029,S0005,25.71,1.094,false
P003605,Terra Set de couverts Nomade,Terra,CAT005,S0551,92.72,3.339,false
P003606,Pallas Poêle Classic,Pallas,CAT006,S0356,46.75,10.063,false
P003607,Rivage Filtre à air Compact,Rivage,CAT037,S0284,58.36,5.323,false
P003608,Pallas Chemise Signature,Pallas,CAT017,S0179,33.52,5.215,false
P003609,Windrow Beau livre Pro,Windrow,CAT035,S0399,15.43,1.681,false
P003610,Lumen Casque vélo Nomade,Lumen,CAT024,S0109,21.47,0.601,false
P003611,Granit Figurine Premium,Granit,CAT028,S0591,61.10,5.195,false
P003612,Orbit Montre Ultra,Orbit,CAT013,S0423,49.41,4.454,false
P003613,Zephyr Nettoyant jantes Nomade,Zephyr,CAT038,S0111,176.85,2.124,true
P003614,Meridian Chaussures de trail XL,Meridian,CAT026,S0524,6.13,11.140,false
P003615,Delvia Figurine Compact,Delvia,CAT031,S0534,244.58,7.129,false
P003616,Terra Nettoyant jantes Premium,Terra,CAT038,S0062,122.82,3.028,false
P003617,Windrow Cube éducatif Pro,Windrow,CAT028,S0204,115.54,7.080,false
P003618,Ember Bâche Pro,Ember,CAT037,S0286,93.05,9.125,false
P003619,Cirrus Bâche XL,Cirrus,CAT036,S0564,186.25,2.361,false
P003620,Orbit Clé à cliquet Premium,Orbit,CAT038,S0195,80.90,3.918,false
P003621,Ember Roman Éco,Ember,CAT035,S0586,65.44,3.466,false
P003622,Alvora Sac à main Signature,Alvora,CAT016,S0583,67.46,2.123,false
P003623,Terra Chargeur Compact,Terra,CAT010,S0121,279.53,6.443,false
P003624,Granit Beau livre XL,Granit,CAT032,S0177,37.69,5.606,false
P003625,Windrow Sac de sport Pro,Windrow,CAT026,S0399,30.83,1.748,false
P003626,Windrow Bâche Pro,Windrow,CAT039,S0332,29.27,1.819,false
P003627,Bexon Gourde Éco,Bexon,CAT025,S0254,157.76,0.581,false
P003628,Bexon Chaussures de trail Classic,Bexon,CAT027,S0187,12.88,5.233,false
P003629,Alvora Shampooing Nomade,Alvora,CAT021,S0165,10.01,7.722,false
P003630,Granit Poêle Compact,Granit,CAT002,S0398,170.75,4.398,false
P003631,Meridian Casque Pro,Meridian,CAT007,S0029,47.20,10.507,false
P003632,Alvora Perceuse Signature,Alvora,CAT038,S0468,23.12,8.684,false
P003633,Delvia Puzzle Classic,Delvia,CAT029,S0257,6.19,2.037,false
P003634,Windrow Trottinette Ultra,Windrow,CAT031,S0572,44.91,10.827,false
P003635,Orbit Eau de toilette XL,Orbit,CAT019,S0526,263.18,5.496,false
P003636,Pallas Perceuse Premium,Pallas,CAT037,S0348,78.18,11.363,false
P003637,Delvia Chemise Ultra,Delvia,CAT015,S0321,22.35,11.908,false
P003638,Solstice Manuel Classic,Solstice,CAT034,S0580,176.07,6.329,true
P003639,Quartz Casque vélo Éco,Quartz,CAT026,S0319,49.92,9.493,false
P003640,Ivory Chargeur Signature,Ivory,CAT009,S0569,13.74,2.902,false
P003641,Lumen Enceinte Signature,Lumen,CAT010,S0066,177.70,9.501,false
P003642,Pallas Casque vélo Classic,Pallas,CAT027,S0120,53.24,6.344,false
P003643,Solstice Puzzle Premium,Solstice,CAT029,S0311,10.75,2.573,false
P003644,Solstice Casque Ultra,Solstice,CAT007,S0578,37.46,6.203,false
P003645,Bexon Brosse XL,Bexon,CAT018,S0027,89.78,3.179,false
P003646,Windrow Souris Éco,Windrow,CAT008,S0396,80.28,1.703,false
P003647,Terra Crème hydratante Essentiel,Terra,CAT022,S0062,254.33,2.670,false
P003648,Solstice Perceuse Signature,Solstice,CAT036,S0166,121.62,2.470,false
P003649,Alvora Arrosoir Classic,Alvora,CAT005,S0475,152.58,0.972,false
P003650,Kestrel Cube éducatif Nomade,Kestrel,CAT028,S0480,15.36,0.425,true
P003651,Solstice Bouilloire Ultra,Solstice,CAT004,S0452,69.90,7.218,false
P003652,Zephyr Manuel Nomade,Zephyr,CAT034,S0307,15.46,7.555,false
P003653,Meridian Tapis de yoga Essentiel,Meridian,CAT026,S0555,70.48,8.646,false
P003654,Kestrel Filtre à air Classic,Kestrel,CAT037,S0090,28.84,0.063,false
P003655,Cirrus Lampe Classic,Cirrus,CAT005,S0006,48.23,2.643,false
P003656,Granit Montre connectée Ultra,Granit,CAT009,S0437,188.00,7.596,false
P003657,Fjord Sérum Pro,Fjord,CAT022,S0165,72.14,6.896,false
P003658,Bexon Palette Pro,Bexon,CAT021,S0022,31.97,1.760,false
P003659,Meridian Nettoyant jantes Ultra,Meridian,CAT039,S0334,28.75,8.604,false
P003660,Terra Shampooing Essentiel,Terra,CAT020,S0022,174.15,1.321,false
P003661,Vertex Palette Pro,Vertex,CAT020,S0489,79.60,5.051,false
P003662,Cirrus Vinyle Classic,Cirrus,CAT033,S0209,84.30,4.142,false
P003663,Meridian Ceinture Essentiel,Meridian,CAT015,S0444,36.29,10.573,true
P003664,Granit Sneakers Nomade,Granit,CAT014,S0182,43.68,2.722,false
P003665,Ursa Manuel Ultra,Ursa,CAT032,S0095,80.30,6.252,false
P003666,Rivage Lampe Éco,Rivage,CAT004,S0162,138.09,10.194,false
P003667,Ember Beau livre Ultra,Ember,CAT034,S0322,73.74,10.946,false
P003668,Ember Cube éducatif Premium,Ember,CAT028,S0430,82.78,8.355,false
P003669,Terra Souris Signature,Terra,CAT008,S0048,7.07,0.647,false
P003670,Quartz Chemise Ultra,Quartz,CAT016,S0575,25.03,3.499,false
P003671,Vertex Roman Nomade,Vertex,CAT032,S0110,31.75,7.779,false
P003672,Halcyon Casque vélo Ultra,Halcyon,CAT023,S0400,13.78,7.337,false
P003673,Meridian Montre connectée XL,Meridian,CAT010,S0029,77.18,5.883,false
P003674,Terra Lampe Nomade,Terra,CAT004,S0247,141.54,1.556,true
P003675,Zephyr Chargeur Pro,Zephyr,CAT011,S0537,115.41,10.226,false
P003676,Pallas Étagère Pro,Pallas,CAT004,S0466,70.35,3.741,false
P003677,Orbit Casque Essentiel,Orbit,CAT012,S0383,82.41,9.884,false
P003678,Lumen Housse de couette Compact,Lumen,CAT005,S0434,43.89,6.604,false
P003679,Juniper Bouilloire Ultra,Juniper,CAT002,S0251,128.13,0.594,false
P003680,Meridian Chaussures de trail Pro,Meridian,CAT023,S0193,32.16,3.784,false
P003681,Granit Clavier Premium,Granit,CAT008,S0439,27.61,8.251,false
P003682,Alvora Set de couverts Éco,Alvora,CAT003,S0036,53.68,10.874,false
P003683,Nordis Roman Compact,Nordis,CAT033,S0392,244.26,10.472,false
P003684,Nordis Crème hydratante Premium,Nordis,CAT018,S0504,76.09,3.724,true
P003685,Alvora Casque vélo Ultra,Alvora,CAT025,S0287,258.99,11.217,false
P003686,Quartz Arrosoir Signature,Quartz,CAT004,S0008,208.86,9.122,false
P003687,Ursa Chaussures de trail Nomade,Ursa,CAT026,S0274,12.43,6.453,false
P003688,Ursa Jeu de plateau Éco,Ursa,CAT029,S0500,62.40,1.808,false
P003689,Halcyon Sérum Premium,Halcyon,CAT020,S0473,13.40,8.547,false
P003690,Lumen Sac à main Ultra,Lumen,CAT016,S0315,33.03,11.323,false
P003691,Ivory Casque Compact,Ivory,CAT010,S0583,10.16,1.601,false
P003692,Cirrus Eau de toilette Premium,Cirrus,CAT021,S0228,64.02,6.836,false
P003693,Ivory Étagère Éco,Ivory,CAT001,S0034,41.16,5.298,false
P003694,Zephyr Palette Signature,Zephyr,CAT020,S0113,61.24,4.771,false
P003695,Ember Écharpe Classic,Ember,CAT017,S0441,66.62,11.521,false
P003696,Cirrus Puzzle Nomade,Cirrus,CAT028,S0149,132.57,4.745,false
P003697,Quartz Beau livre Signature,Quartz,CAT032,S0227,19.18,0.858,true
P003698,Kestrel Lampe XL,Kestrel,CAT002,S0277,194.64,9.074,false
P003699,Ember Coffret BD XL,Ember,CAT033,S0174,132.97,4.916,false
P003700,Alvora Ceinture Signature,Alvora,CAT016,S0315,42.00,2.536,false
P003701,Juniper Filtre à air Pro,Juniper,CAT037,S0305,174.97,6.772,false
P003702,Lumen Arrosoir Classic,Lumen,CAT003,S0390,61.55,5.969,false
P003703,Granit Peluche Classic,Granit,CAT030,S0461,178.87,5.218,false
P003704,Granit Perceuse Pro,Granit,CAT039,S0046,63.03,4.404,false
P003705,Terra Vinyle Compact,Terra,CAT034,S0267,147.24,10.303,false
P003706,Granit Arrosoir Compact,Granit,CAT002,S0131,29.20,10.428,false
P003707,Cirrus Roman XL,Cirrus,CAT035,S0049,145.65,7.080,false
P003708,Lumen Chargeur Premium,Lumen,CAT009,S0364,55.51,8.867,false
P003709,Alvora Figurine XL,Alvora,CAT029,S0289,56.36,10.307,false
P003710,Kestrel Perceuse Nomade,Kestrel,CAT038,S0348,10.47,2.553,false
P003711,Orbit Peluche Premium,Orbit,CAT031,S0245,223.35,5.047,false
P003712,Ursa Peluche Compact,Ursa,CAT031,S0470,24.14,3.578,false
P003713,Bexon Crème hydratante Nomade,Bexon,CAT018,S0236,42.27,9.552,false
P003714,Juniper Poêle Nomade,Juniper,CAT004,S0274,24.39,9.955,false
P003715,Zephyr Vinyle Éco,Zephyr,CAT034,S0053,25.04,8.501,false
P003716,Zephyr Manuel Pro,Zephyr,CAT034,S0054,38.00,11.928,false
P003717,Quartz Filtre à air Pro,Quartz,CAT036,S0046,31.80,10.064,false
P003718,Quartz Arrosoir Nomade,Quartz,CAT005,S0178,37.50,9.180,false
P003719,Meridian Chaussures de trail Signature,Meridian,CAT027,S0287,82.26,3.190,false
P003720,Pallas Cube éducatif Classic,Pallas,CAT028,S0582,39.86,2.382,false
P003721,Alvora Peluche Signature,Alvora,CAT030,S0600,7.48,6.785,false
P003722,Pallas Clé à cliquet Pro,Pallas,CAT039,S0133,14.42,3.580,false
P003723,Lumen Puzzle Compact,Lumen,CAT028,S0543,29.35,4.182,true
P003724,Orbit Clé à cliquet Pro,Orbit,CAT037,S0436,79.67,10.227,false
P003725,Ember Puzzle Compact,Ember,CAT029,S0186,17.90,4.326,false
P003726,Meridian Jeu de plateau Éco,Meridian,CAT031,S0510,45.98,8.463,false
P003727,Lumen Tapis de yoga Pro,Lumen,CAT026,S0049,79.22,9.621,false
P003728,Ivory Bâche Signature,Ivory,CAT036,S0593,32.10,5.102,false
P003729,Delvia Bouilloire Classic,Delvia,CAT002,S0421,178.56,3.221,false
P003730,Vertex Souris Éco,Vertex,CAT007,S0030,79.53,8.367,true
P003731,Bexon Chargeur Nomade,Bexon,CAT008,S0056,62.63,2.638,false
P003732,Rivage Puzzle Nomade,Rivage,CAT029,S0386,69.10,9.015,false
P003733,Ember Clavier Essentiel,Ember,CAT012,S0442,75.96,8.096,false
P003734,Meridian Casque vélo Ultra,Meridian,CAT023,S0226,175.58,4.569,false
P003735,Nordis Ceinture Signature,Nordis,CAT014,S0028,9.79,6.323,false
P003736,Ivory Ceinture Compact,Ivory,CAT017,S0027,33.31,3.451,false
P003737,Delvia Clé à cliquet Éco,Delvia,CAT038,S0011,10.27,9.708,false
P003738,Zephyr Haltères XL,Zephyr,CAT025,S0228,6.98,6.056,false
P003739,Zephyr Casque vélo Nomade,Zephyr,CAT024,S0119,138.40,2.513,false
P003740,Lumen Tapis de yoga Nomade,Lumen,CAT026,S0489,170.86,8.226,false
P003741,Fjord Clé à cliquet Pro,Fjord,CAT039,S0553,42.08,7.169,false
P003742,Meridian Bâche Ultra,Meridian,CAT038,S0397,82.15,5.425,false
P003743,Windrow Souris Éco,Windrow,CAT009,S0172,111.38,7.238,false
P003744,Juniper Chemise Nomade,Juniper,CAT015,S0182,17.36,0.921,false
P003745,Vertex Montre connectée Ultra,Vertex,CAT008,S0029,43.95,10.277,true
P003746,Solstice Trottinette Éco,Solstice,CAT030,S0180,28.09,9.081,false
P003747,Juniper Montre connectée XL,Juniper,CAT009,S0066,44.54,0.262,false
P003748,Lumen Crème hydratante Éco,Lumen,CAT020,S0536,151.54,5.044,false
P003749,Solstice Vinyle Essentiel,Solstice,CAT032,S0399,13.37,11.377,false
P003750,Cirrus Perceuse Éco,Cirrus,CAT038,S0268,128.27,0.595,false
P003751,Orbit Haltères Ultra,Orbit,CAT024,S0120,84.64,2.592,false
P003752,Cirrus Montre connectée Signature,Cirrus,CAT009,S0148,8.05,8.875,true
P003753,Terra Roman Pro,Terra,CAT033,S0399,39.74,2.095,false
P003754,Granit Perceuse Éco,Granit,CAT039,S0007,103.52,10.845,false
P003755,Halcyon Figurine Compact,Halcyon,CAT028,S0005,45.69,2.405,false
P003756,Kestrel Webcam Signature,Kestrel,CAT011,S0539,144.09,8.395,false
P003757,Fjord Roman Ultra,Fjord,CAT033,S0053,92.04,0.234,false
P003758,Ember Sérum Premium,Ember,CAT020,S0443,21.75,0.615,false
P003759,Ursa Étagère Premium,Ursa,CAT003,S0251,153.30,0.551,false
P003760,Meridian Chargeur Pro,Meridian,CAT012,S0495,40.90,2.858,false
P003761,Juniper Enceinte Ultra,Juniper,CAT010,S0532,35.40,5.057,false
P003762,Kestrel Filtre à air XL,Kestrel,CAT037,S0240,165.89,2.558,false
P003763,Solstice Clavier Éco,Solstice,CAT011,S0125,66.82,3.494,false
P003764,Granit Chaussures de trail Ultra,Granit,CAT024,S0478,235.77,6.279,false
P003765,Vertex Sac à main Compact,Vertex,CAT014,S0243,71.95,3.687,false
P003766,Kestrel Veste Compact,Kestrel,CAT014,S0258,90.25,3.347,false
P003767,Solstice Filtre à air Éco,Solstice,CAT036,S0131,46.42,9.284,false
P003768,Orbit Figurine Premium,Orbit,CAT030,S0445,19.09,0.532,true
P003769,Nordis Jeu de plateau Premium,Nordis,CAT028,S0470,131.52,5.826,false
P003770,Vertex Montre XL,Vertex,CAT013,S0250,148.67,8.714,false
P003771,Halcyon Sac à main Signature,Halcyon,CAT013,S0347,61.30,2.956,false
P003772,Solstice Figurine Ultra,Solstice,CAT030,S0213,152.29,1.043,false
P003773,Alvora Nettoyant jantes Signature,Alvora,CAT038,S0545,129.07,1.850,false
P003774,Lumen Sérum Nomade,Lumen,CAT021,S0100,198.21,11.374,false
P003775,Vertex Manuel Compact,Vertex,CAT032,S0177,54.14,3.077,false
P003776,Juniper Chargeur Ultra,Juniper,CAT009,S0580,56.74,9.289,true
P003777,Alvora Étagère Premium,Alvora,CAT005,S0405,276.09,0.167,false
P003778,Rivage Arrosoir Compact,Rivage,CAT006,S0239,79.79,4.763,false
P003779,Alvora Figurine Nomade,Alvora,CAT029,S0425,86.29,5.997,false
P003780,Alvora Lampe Éco,Alvora,CAT005,S0217,28.20,8.293,false
P003781,Cirrus Sac de sport Ultra,Cirrus,CAT026,S0398,30.35,4.698,false
P003782,Nordis Lampe Classic,Nordis,CAT003,S0083,278.98,5.419,false
P003783,Quartz Bâche Essentiel,Quartz,CAT039,S0167,217.40,10.734,true
P003784,Alvora Jeu de plateau Nomade,Alvora,CAT029,S0129,47.94,5.399,false
P003785,Vertex Chaussures de trail Nomade,Vertex,CAT025,S0474,56.53,1.951,false
P003786,Orbit Chemise Essentiel,Orbit,CAT014,S0153,42.90,4.145,false
P003787,Zephyr Webcam Signature,Zephyr,CAT012,S0231,86.14,5.463,false
P003788,Solstice Clé à cliquet Compact,Solstice,CAT036,S0568,82.22,2.717,false
P003789,Pallas Montre Premium,Pallas,CAT017,S0438,166.52,7.885,false
P003790,Kestrel Beau livre Ultra,Kestrel,CAT034,S0227,28.37,10.802,false
P003791,Orbit Filtre à air Ultra,Orbit,CAT037,S0286,235.81,11.193,false
P003792,Ivory Sac de sport Nomade,Ivory,CAT025,S0254,79.69,8.673,false
P003793,Solstice Gourde Ultra,Solstice,CAT027,S0139,54.28,3.173,false
P003794,Granit Montre Éco,Granit,CAT016,S0445,66.56,8.204,false
P003795,Ivory Coffret BD Signature,Ivory,CAT035,S0406,89.52,10.820,false
P003796,Alvora Bouilloire Premium,Alvora,CAT004,S0564,42.77,4.225,false
P003797,Zephyr Nettoyant jantes Essentiel,Zephyr,CAT036,S0224,14.45,5.831,false
P003798,Cirrus Peluche Premium,Cirrus,CAT028,S0151,51.28,1.132,true
P003799,Bexon Clé à cliquet Éco,Bexon,CAT038,S0167,182.97,4.086,false
P003800,Ember Peluche Premium,Ember,CAT028,S0180,57.19,11.382,false
P003801,Lumen Chargeur Essentiel,Lumen,CAT011,S0442,122.85,2.295,false
P003802,Zephyr Beau livre Classic,Zephyr,CAT033,S0302,82.96,5.367,false
P003803,Delvia Montre connectée Nomade,Delvia,CAT008,S0030,35.12,2.467,false
P003804,Vertex Écharpe Signature,Vertex,CAT014,S0003,243.89,3.791,false
P003805,Vertex Ceinture Ultra,Vertex,CAT017,S0228,51.89,0.659,false
P003806,Zephyr Cube éducatif Nomade,Zephyr,CAT030,S0280,68.02,3.012,false
P003807,Halcyon Perceuse Signature,Halcyon,CAT037,S0397,98.70,4.825,false
P003808,Halcyon Beau livre XL,Halcyon,CAT034,S0307,73.31,9.120,false
P003809,Ursa Roman Signature,Ursa,CAT034,S0326,77.62,2.602,false
P003810,Windrow Set de couverts Éco,Windrow,CAT004,S0316,118.67,8.046,false
P003811,Alvora Montre connectée Pro,Alvora,CAT012,S0550,119.77,0.966,false
P003812,Fjord Souris Ultra,Fjord,CAT011,S0435,38.92,8.048,false
P003813,Windrow Casque Compact,Windrow,CAT011,S0539,29.16,2.903,false
P003814,Solstice Gourde Ultra,Solstice,CAT026,S0557,7.44,1.304,false
P003815,Lumen Arrosoir Essentiel,Lumen,CAT006,S0457,24.57,10.317,false
P003816,Rivage Chargeur Premium,Rivage,CAT010,S0587,18.93,6.038,false
P003817,Nordis Palette Essentiel,Nordis,CAT020,S0354,144.07,2.351,false
P003818,Alvora Montre Ultra,Alvora,CAT014,S0044,72.58,5.689,false
P003819,Zephyr Montre connectée Classic,Zephyr,CAT007,S0539,7.39,5.859,false
P003820,Rivage Cube éducatif Premium,Rivage,CAT030,S0149,118.82,5.317,false
P003821,Windrow Manuel Éco,Windrow,CAT034,S0211,11.86,7.487,false
P003822,Terra Peluche Classic,Terra,CAT028,S0338,92.46,9.434,false
P003823,Ember Casque Essentiel,Ember,CAT012,S0248,90.13,9.948,false
P003824,Zephyr Brosse Classic,Zephyr,CAT022,S0027,21.58,8.762,false
P003825,Alvora Nettoyant jantes Compact,Alvora,CAT037,S0210,72.34,0.056,false
P003826,Ivory Sérum Compact,Ivory,CAT018,S0424,94.90,2.975,true
P003827,Quartz Arrosoir Nomade,Quartz,CAT003,S0529,60.85,6.775,false
P003828,Ursa Chaussures de trail Signature,Ursa,CAT023,S0524,19.57,4.606,false
P003829,Orbit Casque Premium,Orbit,CAT007,S0150,168.76,10.173,true
P003830,Windrow Perceuse Premium,Windrow,CAT037,S0102,211.38,8.805,false
P003831,Zephyr Montre connectée Essentiel,Zephyr,CAT009,S0499,12.09,6.323,false
P003832,Delvia Chemise Éco,Delvia,CAT015,S0596,94.99,7.530,false
P003833,Pallas Souris Premium,Pallas,CAT009,S0035,25.12,10.562,true
P003834,Rivage Casque Premium,Rivage,CAT012,S0433,69.45,10.170,false
P003835,Solstice Tapis de yoga Pro,Solstice,CAT026,S0030,88.69,7.531,false
P003836,Solstice Cube éducatif Essentiel,Solstice,CAT028,S0201,15.74,8.662,false
P003837,Quartz Coffret BD Ultra,Quartz,CAT035,S0322,43.41,10.686,false
P003838,Vertex Veste Ultra,Vertex,CAT017,S0291,91.10,11.803,true
P003839,Ursa Cube éducatif Premium,Ursa,CAT028,S0561,89.14,8.072,false
P003840,Ursa Manuel XL,Ursa,CAT034,S0026,48.90,6.535,false
P003841,Ember Perceuse XL,Ember,CAT037,S0224,82.26,7.427,false
P003842,Nordis Clavier Compact,Nordis,CAT010,S0547,144.34,6.039,false
P003843,Windrow Souris Nomade,Windrow,CAT012,S0530,208.06,2.486,false
P003844,Ivory Chargeur Classic,Ivory,CAT008,S0142,49.77,8.521,false
P003845,Ivory Roman Classic,Ivory,CAT032,S0019,103.61,11.783,false
P003846,Terra Bâche Classic,Terra,CAT039,S0332,55.44,10.027,false
P003847,Orbit Gourde Premium,Orbit,CAT026,S0192,123.26,10.008,false
P003848,Ivory Bâche Pro,Ivory,CAT036,S0046,89.62,0.703,false
P003849,Ursa Sac de sport Signature,Ursa,CAT023,S0525,160.95,1.690,false
P003850,Fjord Chemise Compact,Fjord,CAT013,S0544,36.59,2.689,false
P003851,Solstice Webcam Ultra,Solstice,CAT008,S0554,72.89,11.010,false
P003852,Solstice Montre connectée Pro,Solstice,CAT010,S0066,176.54,9.027,false
P003853,Delvia Webcam Premium,Delvia,CAT007,S0569,30.87,3.667,false
P003854,Fjord Shampooing Pro,Fjord,CAT018,S0595,78.16,11.842,false
P003855,Ursa Cube éducatif Premium,Ursa,CAT031,S0269,28.63,7.635,false
P003856,Nordis Webcam Éco,Nordis,CAT008,S0512,77.93,8.909,false
P003857,Halcyon Montre Éco,Halcyon,CAT016,S0370,48.88,3.167,false
P003858,Kestrel Poêle Pro,Kestrel,CAT001,S0247,82.51,2.751,false
P003859,Cirrus Eau de toilette Classic,Cirrus,CAT020,S0193,26.79,10.148,false
P003860,Pallas Shampooing XL,Pallas,CAT019,S0364,87.20,4.421,false
P003861,Juniper Puzzle Essentiel,Juniper,CAT030,S0495,99.52,7.757,false
P003862,Pallas Clé à cliquet Pro,Pallas,CAT038,S0391,36.35,11.820,false
P003863,Terra Crème hydratante XL,Terra,CAT019,S0434,73.28,5.143,false
P003864,Windrow Housse de couette Nomade,Windrow,CAT006,S0564,26.13,7.026,false
P003865,Granit Nettoyant jantes Classic,Granit,CAT036,S0102,50.42,11.438,false
P003866,Quartz Jeu de plateau Premium,Quartz,CAT029,S0492,70.32,10.293,false
P003867,Juniper Veste Signature,Juniper,CAT017,S0246,50.77,6.094,false
P003868,Delvia Casque Compact,Delvia,CAT012,S0495,78.18,2.059,false
P003869,Ursa Souris Nomade,Ursa,CAT008,S0186,55.45,0.736,false
P003870,Lumen Casque vélo Nomade,Lumen,CAT024,S0186,79.36,3.899,false
P003871,Pallas Shampooing Essentiel,Pallas,CAT022,S0507,64.87,11.631,false
P003872,Delvia Perceuse Signature,Delvia,CAT039,S0106,79.56,6.679,false
P003873,Vertex Montre connectée Classic,Vertex,CAT007,S0143,94.32,8.499,false
P003874,Nordis Bouilloire XL,Nordis,CAT002,S0340,202.41,9.092,false
P003875,Alvora Shampooing Compact,Alvora,CAT018,S0521,89.96,8.818,false
P003876,Juniper Enceinte Nomade,Juniper,CAT011,S0435,96.04,3.540,false
P003877,Juniper Nettoyant jantes Compact,Juniper,CAT037,S0391,11.12,9.508,false
P003878,Meridian Nettoyant jantes Signature,Meridian,CAT037,S0553,47.02,9.510,false
P003879,Rivage Manuel Essentiel,Rivage,CAT034,S0137,14.20,11.550,false
P003880,Windrow Bâche Essentiel,Windrow,CAT037,S0314,50.51,7.408,false
P003881,Zephyr Cube éducatif XL,Zephyr,CAT028,S0441,16.33,10.891,false
P003882,Juniper Manuel XL,Juniper,CAT035,S0325,32.33,8.913,false
P003883,Alvora Écharpe Nomade,Alvora,CAT016,S0555,186.26,5.024,false
P003884,Orbit Bâche Pro,Orbit,CAT036,S0501,140.28,9.202,false
P003885,Ursa Gourde Compact,Ursa,CAT025,S0043,131.07,1.499,false
P003886,Ursa Enceinte Essentiel,Ursa,CAT007,S0567,87.49,1.638,false
P003887,Nordis Étagère Classic,Nordis,CAT006,S0158,114.76,8.253,false
P003888,Halcyon Sneakers Classic,Halcyon,CAT013,S0375,81.30,2.825,false
P003889,Fjord Chaussures de trail Classic,Fjord,CAT027,S0077,74.52,10.960,false
P003890,Solstice Jeu de plateau Essentiel,Solstice,CAT031,S0418,94.72,2.997,false
P003891,Kestrel Enceinte Signature,Kestrel,CAT007,S0569,32.57,6.569,false
P003892,Lumen Étagère Premium,Lumen,CAT002,S0316,174.90,3.388,false
P003893,Delvia Tapis de yoga Pro,Delvia,CAT026,S0490,138.97,2.755,false
P003894,Ember Montre XL,Ember,CAT014,S0321,128.09,1.555,false
P003895,Windrow Clé à cliquet Nomade,Windrow,CAT037,S0448,157.94,6.229,false
P003896,Terra Souris XL,Terra,CAT007,S0532,43.61,6.973,false
P003897,Pallas Roman Éco,Pallas,CAT035,S0116,214.82,8.065,false
P003898,Fjord Arrosoir Ultra,Fjord,CAT004,S0018,214.42,1.541,false
P003899,Ursa Poêle Éco,Ursa,CAT002,S0265,48.71,6.950,false
P003900,Rivage Poêle Essentiel,Rivage,CAT004,S0475,81.16,5.763,false
P003901,Terra Chemise Classic,Terra,CAT016,S0197,47.40,11.395,false
P003902,Terra Webcam Premium,Terra,CAT010,S0048,82.65,11.552,false
P003903,Solstice Housse de couette Signature,Solstice,CAT003,S0540,64.42,5.880,false
P003904,Halcyon Clavier XL,Halcyon,CAT008,S0343,73.97,2.352,false
P003905,Nordis Coffret BD Signature,Nordis,CAT033,S0391,45.03,9.141,false
P003906,Pallas Sac de sport Ultra,Pallas,CAT027,S0319,27.37,5.963,false
P003907,Alvora Manuel Compact,Alvora,CAT032,S0431,68.52,3.808,false
P003908,Nordis Poêle Pro,Nordis,CAT005,S0148,170.91,0.660,false
P003909,Delvia Montre Nomade,Delvia,CAT015,S0182,130.90,2.189,false
P003910,Kestrel Webcam Classic,Kestrel,CAT007,S0282,161.40,8.162,false
P003911,Ember Housse de couette Premium,Ember,CAT001,S0316,27.18,2.211,false
P003912,Kestrel Chargeur Pro,Kestrel,CAT007,S0029,97.81,6.591,false
P003913,Ivory Housse de couette Signature,Ivory,CAT003,S0452,122.04,11.520,false
P003914,Terra Crème hydratante Compact,Terra,CAT019,S0126,68.90,1.116,true
P003915,Nordis Eau de toilette Signature,Nordis,CAT021,S0322,8.62,10.266,false
P003916,Meridian Casque Classic,Meridian,CAT009,S0439,52.36,7.750,false
P003917,Lumen Clavier XL,Lumen,CAT008,S0379,69.87,7.325,false
P003918,Juniper Puzzle XL,Juniper,CAT028,S0084,62.04,10.489,false
P003919,Orbit Gourde Classic,Orbit,CAT026,S0330,44.44,4.780,false
P003920,Cirrus Brosse Nomade,Cirrus,CAT022,S0433,116.78,7.748,false
P003921,Windrow Coffret BD Nomade,Windrow,CAT032,S0385,61.67,9.290,false
P003922,Quartz Chemise Premium,Quartz,CAT013,S0107,165.83,10.880,false
P003923,Ember Souris Compact,Ember,CAT012,S0216,16.30,11.205,true
P003924,Ember Clé à cliquet Pro,Ember,CAT036,S0085,12.37,11.307,false
P003925,Ursa Sérum Pro,Ursa,CAT018,S0439,7.63,8.543,false
P003926,Bexon Peluche Nomade,Bexon,CAT031,S0373,64.13,4.191,false
P003927,Meridian Peluche Nomade,Meridian,CAT031,S0458,27.22,7.562,false
P003928,Alvora Veste Essentiel,Alvora,CAT016,S0453,149.93,6.838,false
P003929,Nordis Sérum Signature,Nordis,CAT022,S0062,53.14,7.885,false
P003930,Juniper Chemise Ultra,Juniper,CAT016,S0255,15.56,6.465,false
P003931,Rivage Palette Signature,Rivage,CAT022,S0426,167.10,5.908,false
P003932,Rivage Chaussures de trail Éco,Rivage,CAT025,S0297,45.25,10.460,false
P003933,Vertex Chaussures de trail Classic,Vertex,CAT023,S0097,95.30,6.759,false
P003934,Kestrel Nettoyant jantes Essentiel,Kestrel,CAT039,S0503,24.80,7.770,false
P003935,Rivage Coffret BD Ultra,Rivage,CAT033,S0343,87.55,10.912,false
P003936,Delvia Casque Nomade,Delvia,CAT012,S0132,113.37,9.884,false
P003937,Alvora Arrosoir XL,Alvora,CAT005,S0127,22.55,8.031,false
P003938,Quartz Manuel Essentiel,Quartz,CAT035,S0026,89.12,3.532,false
P003939,Windrow Housse de couette Signature,Windrow,CAT002,S0178,40.70,2.151,false
P003940,Granit Casque vélo Nomade,Granit,CAT027,S0500,132.36,8.184,false
P003941,Meridian Puzzle Compact,Meridian,CAT030,S0423,101.03,9.573,false
P003942,Alvora Crème hydratante Ultra,Alvora,CAT022,S0266,62.18,5.691,false
P003943,Pallas Housse de couette Pro,Pallas,CAT001,S0573,64.09,9.388,false
P003944,Solstice Perceuse Signature,Solstice,CAT036,S0571,46.82,7.885,false
P003945,Terra Clé à cliquet Classic,Terra,CAT038,S0415,29.47,0.122,false
P003946,Delvia Webcam Nomade,Delvia,CAT007,S0437,18.95,10.161,false
P003947,Vertex Chaussures de trail Classic,Vertex,CAT026,S0051,33.16,7.377,false
P003948,Bexon Palette Nomade,Bexon,CAT019,S0300,75.22,4.644,false
P003949,Pallas Chaussures de trail Éco,Pallas,CAT023,S0088,63.75,11.015,false
P003950,Halcyon Bouilloire Nomade,Halcyon,CAT005,S0161,38.13,3.157,false
P003951,Kestrel Clavier Compact,Kestrel,CAT011,S0419,85.26,4.856,false
P003952,Delvia Écharpe Premium,Delvia,CAT016,S0068,44.62,11.744,false
P003953,Solstice Nettoyant jantes XL,Solstice,CAT038,S0241,126.97,10.428,false
P003954,Cirrus Écharpe Essentiel,Cirrus,CAT017,S0249,131.81,6.186,false
P003955,Windrow Vinyle Essentiel,Windrow,CAT033,S0222,24.59,7.508,false
P003956,Meridian Clavier Compact,Meridian,CAT009,S0230,42.77,4.087,false
P003957,Lumen Bouilloire Essentiel,Lumen,CAT003,S0449,60.79,0.179,true
P003958,Ursa Veste XL,Ursa,CAT015,S0334,92.28,2.206,true
P003959,Juniper Nettoyant jantes Pro,Juniper,CAT036,S0293,91.36,1.247,true
P003960,Quartz Coffret BD Compact,Quartz,CAT035,S0345,142.37,5.786,true
P003961,Quartz Puzzle Pro,Quartz,CAT028,S0082,270.95,6.078,false
P003962,Terra Perceuse Signature,Terra,CAT036,S0017,16.81,9.064,false
P003963,Zephyr Filtre à air Ultra,Zephyr,CAT038,S0303,46.83,11.759,false
P003964,Ivory Filtre à air Signature,Ivory,CAT036,S0279,281.61,2.014,false
P003965,Nordis Chemise Pro,Nordis,CAT013,S0581,20.57,0.691,false
P003966,Vertex Sneakers Signature,Vertex,CAT013,S0575,58.33,10.924,false
P003967,Pallas Haltères Classic,Pallas,CAT024,S0204,59.98,10.461,false
P003968,Fjord Chaussures de trail Nomade,Fjord,CAT027,S0081,117.49,9.507,false
P003969,Windrow Cube éducatif Classic,Windrow,CAT030,S0490,170.81,4.818,false
P003970,Cirrus Jeu de plateau Compact,Cirrus,CAT029,S0003,25.08,6.250,false
P003971,Terra Coffret BD Classic,Terra,CAT034,S0104,90.33,1.628,false
P003972,Meridian Webcam Signature,Meridian,CAT011,S0310,10.88,7.640,false
P003973,Ursa Roman Compact,Ursa,CAT033,S0004,126.09,9.774,false
P003974,Pallas Gourde Ultra,Pallas,CAT027,S0385,65.14,1.937,false
P003975,Terra Filtre à air Nomade,Terra,CAT036,S0431,8.56,8.381,false
P003976,Fjord Enceinte Nomade,Fjord,CAT009,S0339,31.59,6.704,false
P003977,Bexon Brosse Essentiel,Bexon,CAT019,S0434,69.24,10.002,false
P003978,Meridian Écharpe Pro,Meridian,CAT014,S0386,173.39,10.376,false
P003979,Vertex Nettoyant jantes Signature,Vertex,CAT038,S0305,44.82,5.406,false
P003980,Juniper Trottinette Signature,Juniper,CAT029,S0269,94.23,0.979,true
P003981,Lumen Veste Pro,Lumen,CAT013,S0094,196.36,10.159,false
P003982,Lumen Montre connectée Classic,Lumen,CAT010,S0056,50.93,2.147,false
P003983,Zephyr Roman Ultra,Zephyr,CAT034,S0404,13.44,5.605,false
P003984,Bexon Sneakers Essentiel,Bexon,CAT015,S0037,37.47,2.069,false
P003985,Alvora Coffret BD Ultra,Alvora,CAT034,S0392,31.73,11.650,false
P003986,Alvora Chaussures de trail Pro,Alvora,CAT023,S0184,7.59,8.701,false
P003987,Fjord Haltères Nomade,Fjord,CAT027,S0169,70.39,10.435,false
P003988,Rivage Housse de couette Éco,Rivage,CAT006,S0196,75.82,4.161,true
P003989,Zephyr Eau de toilette Nomade,Zephyr,CAT022,S0118,121.76,11.100,false
P003990,Bexon Ceinture Essentiel,Bexon,CAT017,S0179,41.51,10.339,false
P003991,Windrow Écharpe Essentiel,Windrow,CAT016,S0555,65.43,11.583,false
P003992,Orbit Sac à main Premium,Orbit,CAT016,S0058,62.81,11.523,false
P003993,Terra Clavier Essentiel,Terra,CAT009,S0498,69.11,1.543,true
P003994,Granit Ceinture Essentiel,Granit,CAT015,S0170,44.44,0.300,false
P003995,Meridian Set de couverts XL,Meridian,CAT004,S0522,42.96,3.678,false
P003996,Juniper Puzzle Ultra,Juniper,CAT031,S0599,122.03,4.970,false
P003997,Cirrus Roman Premium,Cirrus,CAT032,S0141,72.63,8.475,false
P003998,Fjord Filtre à air Essentiel,Fjord,CAT039,S0348,21.41,10.202,false
P003999,Vertex Chemise Compact,Vertex,CAT015,S0342,124.30,5.523,false
P004000,Lumen Palette Éco,Lumen,CAT021,S0318,90.28,9.708,false
P004001,Windrow Bouilloire Essentiel,Windrow,CAT005,S0083,26.41,10.670,false
P004002,Lumen Peluche Classic,Lumen,CAT030,S0084,34.53,3.649,false
P004003,Juniper Brosse Compact,Juniper,CAT019,S0273,22.81,4.162,false
P004004,Bexon Bouilloire Ultra,Bexon,CAT003,S0535,76.26,4.290,false
P004005,Quartz Filtre à air Ultra,Quartz,CAT039,S0397,50.72,5.844,false
P004006,Bexon Webcam Ultra,Bexon,CAT010,S0048,131.17,1.734,false
P004007,Bexon Eau de toilette Ultra,Bexon,CAT018,S0219,56.97,2.227,false
P004008,Nordis Housse de couette Pro,Nordis,CAT003,S0350,164.81,8.442,false
P004009,Vertex Eau de toilette Ultra,Vertex,CAT021,S0541,35.33,1.996,false
P004010,Zephyr Manuel Compact,Zephyr,CAT035,S0270,25.55,2.757,false
P004011,Fjord Souris Nomade,Fjord,CAT010,S0276,27.01,10.697,false
P004012,Windrow Coffret BD Signature,Windrow,CAT035,S0322,58.51,1.745,false
P004013,Lumen Arrosoir Nomade,Lumen,CAT003,S0420,22.39,0.398,false
P004014,Windrow Sérum Classic,Windrow,CAT020,S0114,74.89,3.642,false
P004015,Lumen Clé à cliquet Ultra,Lumen,CAT039,S0542,168.57,8.275,false
P004016,Ursa Brosse Ultra,Ursa,CAT020,S0136,79.56,1.055,false
P004017,Granit Webcam Signature,Granit,CAT009,S0367,51.51,8.256,false
P004018,Granit Roman Pro,Granit,CAT035,S0540,38.20,1.479,false
P004019,Halcyon Puzzle Pro,Halcyon,CAT029,S0572,221.14,10.391,false
P004020,Alvora Sac à main Éco,Alvora,CAT015,S0563,76.84,11.515,false
P004021,Meridian Chaussures de trail Premium,Meridian,CAT027,S0494,118.56,9.114,false
P004022,Zephyr Sac à main Éco,Zephyr,CAT013,S0153,83.24,7.315,false
P004023,Alvora Bâche Classic,Alvora,CAT038,S0034,167.88,11.043,false
P004024,Fjord Clavier XL,Fjord,CAT009,S0312,43.90,3.201,false
P004025,Terra Montre connectée XL,Terra,CAT008,S0578,54.40,2.472,false
P004026,Ivory Filtre à air Pro,Ivory,CAT038,S0097,38.62,0.463,false
P004027,Alvora Poêle Premium,Alvora,CAT005,S0548,21.29,4.722,false
P004028,Granit Étagère Signature,Granit,CAT005,S0507,33.93,7.335,false
P004029,Windrow Perceuse Éco,Windrow,CAT037,S0348,44.44,11.308,false
P004030,Ursa Tapis de yoga XL,Ursa,CAT024,S0252,7.86,6.307,false
P004031,Zephyr Jeu de plateau Ultra,Zephyr,CAT031,S0561,67.68,1.178,false
P004032,Kestrel Webcam Éco,Kestrel,CAT009,S0212,11.34,11.866,false
P004033,Orbit Bouilloire Classic,Orbit,CAT001,S0350,92.52,3.678,false
P004034,Vertex Shampooing Signature,Vertex,CAT021,S0259,104.20,11.603,false
P004035,Juniper Manuel Éco,Juniper,CAT032,S0489,46.38,3.197,false
P004036,Halcyon Puzzle XL,Halcyon,CAT028,S0427,23.77,5.191,false
P004037,Lumen Beau livre XL,Lumen,CAT033,S0146,15.36,4.389,false
P004038,Bexon Eau de toilette Pro,Bexon,CAT019,S0100,9.95,6.801,false
P004039,Zephyr Clavier Classic,Zephyr,CAT008,S0057,63.74,10.625,false
P004040,Lumen Montre Nomade,Lumen,CAT016,S0563,101.73,6.642,false
P004041,Fjord Coffret BD Pro,Fjord,CAT033,S0073,107.88,10.907,true
P004042,Lumen Shampooing Signature,Lumen,CAT019,S0135,83.68,2.761,false
P004043,Juniper Webcam Premium,Juniper,CAT009,S0525,57.21,4.707,false
P004044,Kestrel Coffret BD Classic,Kestrel,CAT035,S0146,120.74,2.113,false
P004045,Ivory Jeu de plateau Pro,Ivory,CAT029,S0289,88.24,0.653,false
P004046,Quartz Perceuse Signature,Quartz,CAT039,S0284,91.81,3.576,false
P004047,Juniper Cube éducatif Nomade,Juniper,CAT029,S0522,251.94,7.898,false
P004048,Halcyon Crème hydratante Éco,Halcyon,CAT019,S0364,89.43,2.025,false
P004049,Cirrus Sérum Éco,Cirrus,CAT018,S0105,24.13,0.148,false
P004050,Juniper Coffret BD Compact,Juniper,CAT035,S0096,84.98,11.357,false
P004051,Terra Montre Classic,Terra,CAT017,S0237,196.87,10.453,false
P004052,Pallas Webcam Signature,Pallas,CAT008,S0346,78.89,2.890,false
P004053,Halcyon Sérum Premium,Halcyon,CAT018,S0373,172.40,5.476,false
P004054,Kestrel Gourde Éco,Kestrel,CAT024,S0100,47.30,11.931,false
P004055,Nordis Ceinture XL,Nordis,CAT017,S0031,43.88,10.822,false
P004056,Rivage Eau de toilette Classic,Rivage,CAT021,S0355,59.65,2.534,false
P004057,Nordis Sneakers Premium,Nordis,CAT015,S0179,6.24,2.555,false
P004058,Rivage Sérum Éco,Rivage,CAT021,S0002,43.03,9.861,false
P004059,Meridian Clavier Nomade,Meridian,CAT008,S0039,91.26,8.116,false
P004060,Granit Étagère Compact,Granit,CAT002,S0162,23.09,9.275,true
P004061,Zephyr Bâche Éco,Zephyr,CAT038,S0147,44.26,0.078,false
P004062,Meridian Veste Signature,Meridian,CAT017,S0596,8.74,10.781,false
P004063,Delvia Eau de toilette Premium,Delvia,CAT019,S0296,46.77,11.579,false
P004064,Rivage Peluche Premium,Rivage,CAT031,S0134,120.13,10.350,false
P004065,Vertex Bâche Premium,Vertex,CAT039,S0233,84.16,11.029,false
P004066,Ursa Palette Ultra,Ursa,CAT022,S0352,26.94,7.753,false
P004067,Zephyr Set de couverts Ultra,Zephyr,CAT001,S0382,82.95,4.963,false
P004068,Zephyr Webcam Éco,Zephyr,CAT012,S0253,48.27,1.893,false
P004069,Ursa Bâche XL,Ursa,CAT038,S0072,93.06,2.689,false
P004070,Windrow Manuel Classic,Windrow,CAT032,S0270,22.05,3.491,true
P004071,Vertex Montre Pro,Vertex,CAT015,S0440,128.60,7.604,true
P004072,Ember Perceuse Classic,Ember,CAT036,S0275,50.68,4.781,false
P004073,Granit Palette Signature,Granit,CAT020,S0599,43.32,8.431,false
P004074,Nordis Gourde XL,Nordis,CAT027,S0263,20.94,2.907,false
P004075,Zephyr Enceinte Essentiel,Zephyr,CAT010,S0451,265.97,7.565,false
P004076,Zephyr Sac de sport Pro,Zephyr,CAT026,S0325,92.40,3.677,false
P004077,Alvora Bâche Pro,Alvora,CAT037,S0286,13.90,10.996,false
P004078,Juniper Nettoyant jantes Essentiel,Juniper,CAT037,S0261,21.73,9.779,false
P004079,Windrow Nettoyant jantes Éco,Windrow,CAT036,S0330,29.25,8.607,true
P004080,Juniper Coffret BD Signature,Juniper,CAT032,S0267,34.08,3.632,false
P004081,Ember Bâche Signature,Ember,CAT039,S0172,27.80,1.637,false
P004082,Delvia Tapis de yoga Éco,Delvia,CAT024,S0330,25.02,3.344,true
P004083,Windrow Casque Signature,Windrow,CAT012,S0161,36.90,1.952,true
P004084,Terra Étagère Éco,Terra,CAT003,S0268,193.92,11.334,false
P004085,Terra Filtre à air Premium,Terra,CAT038,S0102,122.77,3.914,false
P004086,Zephyr Souris Signature,Zephyr,CAT011,S0013,134.50,6.416,false
P004087,Ember Étagère Classic,Ember,CAT002,S0320,210.95,11.304,false
P004088,Zephyr Coffret BD Nomade,Zephyr,CAT033,S0589,133.08,5.435,false
P004089,Quartz Beau livre XL,Quartz,CAT035,S0392,62.32,8.597,true
P004090,Solstice Manuel Ultra,Solstice,CAT035,S0399,31.13,6.959,false
P004091,Pallas Sneakers Classic,Pallas,CAT015,S0563,206.20,0.583,false
P004092,Kestrel Brosse Premium,Kestrel,CAT022,S0113,66.80,0.540,false
P004093,Quartz Trottinette Signature,Quartz,CAT031,S0084,74.31,10.194,false
P004094,Ursa Trottinette Signature,Ursa,CAT028,S0269,90.87,2.831,false
P004095,Alvora Casque Essentiel,Alvora,CAT009,S0518,50.16,9.497,false
P004096,Nordis Beau livre Essentiel,Nordis,CAT032,S0277,8.04,7.188,true
P004097,Ursa Lampe Nomade,Ursa,CAT003,S0409,45.29,11.499,false
P004098,Zephyr Crème hydratante XL,Zephyr,CAT018,S0553,154.53,7.790,false
P004099,Cirrus Jeu de plateau Ultra,Cirrus,CAT031,S0260,34.07,4.419,false
P004100,Pallas Coffret BD Éco,Pallas,CAT035,S0307,80.19,10.991,false
P004101,Zephyr Chargeur Nomade,Zephyr,CAT008,S0259,25.33,5.781,false
P004102,Ember Enceinte Compact,Ember,CAT009,S0056,49.83,10.516,true
P004103,Alvora Manuel Nomade,Alvora,CAT032,S0399,146.64,10.942,false
P004104,Nordis Coffret BD Signature,Nordis,CAT033,S0200,63.63,9.931,false
P004105,Ursa Shampooing Éco,Ursa,CAT021,S0582,17.12,2.960,false
P004106,Alvora Nettoyant jantes Éco,Alvora,CAT039,S0387,36.01,2.110,true
P004107,Juniper Clé à cliquet Nomade,Juniper,CAT038,S0380,9.88,8.085,false
P004108,Granit Beau livre Signature,Granit,CAT035,S0004,16.26,8.793,false
P004109,Zephyr Ceinture Ultra,Zephyr,CAT017,S0044,38.07,10.256,false
P004110,Solstice Montre connectée Nomade,Solstice,CAT010,S0248,87.45,4.050,false
P004111,Orbit Crème hydratante Classic,Orbit,CAT019,S0062,270.31,1.883,false
P004112,Ursa Shampooing Éco,Ursa,CAT020,S0552,164.86,2.783,false
P004113,Ivory Casque Classic,Ivory,CAT012,S0435,54.34,3.232,false
P004114,Halcyon Bâche Premium,Halcyon,CAT038,S0123,22.49,2.650,false
P004115,Pallas Veste Premium,Pallas,CAT015,S0164,25.59,9.866,false
P004116,Lumen Sérum Premium,Lumen,CAT021,S0584,24.50,9.899,true
P004117,Halcyon Sneakers Classic,Halcyon,CAT016,S0291,7.22,4.015,false
P004118,Ember Clé à cliquet Ultra,Ember,CAT037,S0581,76.40,11.811,false
P004119,Ivory Sérum XL,Ivory,CAT018,S0536,43.34,6.514,false
P004120,Bexon Jeu de plateau Compact,Bexon,CAT031,S0189,32.24,8.734,true
P004121,Pallas Perceuse XL,Pallas,CAT038,S0340,92.70,8.965,true
P004122,Zephyr Haltères Signature,Zephyr,CAT027,S0050,117.01,5.794,false
P004123,Vertex Roman Signature,Vertex,CAT035,S0298,268.58,2.616,false
P004124,Granit Poêle Premium,Granit,CAT002,S0189,45.79,10.209,false
P004125,Kestrel Veste Compact,Kestrel,CAT016,S0170,233.18,4.802,false
P004126,Granit Sac à main Ultra,Granit,CAT013,S0028,64.95,10.102,false
P004127,Windrow Montre connectée Pro,Windrow,CAT009,S0412,22.36,2.633,false
P004128,Ember Roman Classic,Ember,CAT035,S0207,33.64,8.089,false
P004129,Halcyon Étagère Signature,Halcyon,CAT001,S0297,113.58,10.963,true
P004130,Ursa Enceinte Signature,Ursa,CAT011,S0495,17.04,6.991,false
P004131,Quartz Chemise Classic,Quartz,CAT017,S0413,91.86,3.276,false
P004132,Zephyr Gourde Premium,Zephyr,CAT026,S0287,122.64,11.416,false
P004133,Zephyr Enceinte Compact,Zephyr,CAT010,S0231,34.63,6.799,false
P004134,Ivory Chaussures de trail Classic,Ivory,CAT024,S0199,29.86,1.424,false
P004135,Ember Sneakers Ultra,Ember,CAT017,S0282,60.04,10.415,false
P004136,Rivage Tapis de yoga Nomade,Rivage,CAT023,S0263,87.93,1.233,false
P004137,Rivage Housse de couette Compact,Rivage,CAT004,S0573,85.05,7.291,false
P004138,Halcyon Arrosoir Premium,Halcyon,CAT002,S0575,87.23,3.470,false
P004139,Lumen Trottinette Premium,Lumen,CAT030,S0337,51.71,10.988,false
P004140,Orbit Arrosoir XL,Orbit,CAT002,S0360,34.10,0.418,false
P004141,Terra Écharpe Éco,Terra,CAT013,S0413,83.09,3.565,false
P004142,Windrow Figurine Essentiel,Windrow,CAT030,S0600,186.81,1.026,false
P004143,Meridian Housse de couette Premium,Meridian,CAT003,S0092,43.38,11.825,false
P004144,Cirrus Casque Ultra,Cirrus,CAT012,S0530,111.20,10.052,false
P004145,Orbit Brosse Compact,Orbit,CAT021,S0476,144.42,8.615,false
P004146,Ursa Trottinette Signature,Ursa,CAT030,S0264,25.05,8.920,true
P004147,Windrow Perceuse Pro,Windrow,CAT038,S0244,63.53,5.406,false
P004148,Bexon Clavier Essentiel,Bexon,CAT008,S0580,162.19,9.141,false
P004149,Bexon Eau de toilette XL,Bexon,CAT019,S0443,93.26,1.809,false
P004150,Terra Housse de couette Pro,Terra,CAT001,S0382,64.01,1.923,true
P004151,Terra Enceinte Pro,Terra,CAT009,S0435,28.46,3.560,false
P004152,Kestrel Webcam Éco,Kestrel,CAT012,S0468,280.09,3.672,false
P004153,Zephyr Étagère Classic,Zephyr,CAT003,S0573,85.68,0.691,false
P004154,Meridian Cube éducatif Pro,Meridian,CAT030,S0333,75.13,9.793,false
P004155,Solstice Perceuse Signature,Solstice,CAT039,S0209,62.51,7.202,false
P004156,Ember Chargeur Pro,Ember,CAT007,S0451,184.79,5.523,false
P004157,Bexon Manuel Signature,Bexon,CAT035,S0404,9.47,6.410,false
P004158,Halcyon Filtre à air Signature,Halcyon,CAT039,S0238,54.31,5.107,false
P004159,Solstice Cube éducatif Signature,Solstice,CAT030,S0470,58.88,6.230,false
P004160,Quartz Beau livre Pro,Quartz,CAT033,S0361,21.08,10.667,false
P004161,Terra Clavier Classic,Terra,CAT008,S0353,281.70,9.979,false
P004162,Lumen Arrosoir Premium,Lumen,CAT004,S0148,77.55,1.271,false
P004163,Zephyr Haltères Ultra,Zephyr,CAT027,S0021,90.40,4.566,false
P004164,Terra Sac à main Signature,Terra,CAT013,S0247,131.50,1.158,false
P004165,Halcyon Chargeur Pro,Halcyon,CAT009,S0249,257.84,4.074,true
P004166,Windrow Bâche Essentiel,Windrow,CAT038,S0229,111.43,2.969,false
P004167,Meridian Beau livre Essentiel,Meridian,CAT034,S0392,38.42,3.483,false
P004168,Nordis Bouilloire Éco,Nordis,CAT006,S0360,53.38,10.712,false
P004169,Vertex Peluche Éco,Vertex,CAT029,S0084,75.03,4.091,false
P004170,Granit Montre Éco,Granit,CAT015,S0460,260.56,4.878,true
P004171,Terra Montre Classic,Terra,CAT013,S0068,58.53,0.208,false
P004172,Ivory Chaussures de trail Nomade,Ivory,CAT027,S0524,60.83,8.349,false
P004173,Juniper Sac de sport Ultra,Juniper,CAT026,S0490,133.24,1.304,false
P004174,Nordis Enceinte Classic,Nordis,CAT009,S0257,173.29,6.160,false
P004175,Ivory Arrosoir Pro,Ivory,CAT005,S0251,63.81,3.831,false
P004176,Rivage Tapis de yoga XL,Rivage,CAT026,S0135,67.67,0.167,false
P004177,Windrow Coffret BD Classic,Windrow,CAT034,S0417,12.03,3.410,false
P004178,Granit Veste Nomade,Granit,CAT016,S0344,81.63,11.486,false
P004179,Meridian Montre connectée Nomade,Meridian,CAT011,S0232,178.13,0.404,false
P004180,Orbit Chargeur Classic,Orbit,CAT010,S0150,82.70,2.908,false
P004181,Meridian Écharpe XL,Meridian,CAT014,S0414,16.05,2.254,false
P004182,Granit Clavier Signature,Granit,CAT009,S0471,38.27,4.299,false
P004183,Windrow Casque vélo Signature,Windrow,CAT023,S0119,34.59,10.235,false
P004184,Terra Trottinette Essentiel,Terra,CAT031,S0205,64.76,2.674,false
P004185,Meridian Sérum Classic,Meridian,CAT018,S0489,22.91,11.017,false
P004186,Meridian Clavier Essentiel,Meridian,CAT009,S0587,38.10,8.564,false
P004187,Vertex Bouilloire Ultra,Vertex,CAT006,S0533,33.19,4.073,false
P004188,Delvia Peluche Pro,Delvia,CAT030,S0543,60.15,9.474,false
P004189,Pallas Beau livre Nomade,Pallas,CAT034,S0358,33.07,1.057,false
P004190,Lumen Casque vélo Nomade,Lumen,CAT027,S0395,28.29,3.793,false
P004191,Alvora Cube éducatif Compact,Alvora,CAT029,S0215,56.26,6.854,false
P004192,Granit Enceinte Classic,Granit,CAT011,S0406,40.13,8.240,false
P004193,Juniper Casque Éco,Juniper,CAT008,S0367,37.12,10.315,false
P004194,Rivage Chaussures de trail Premium,Rivage,CAT025,S0220,6.88,9.519,false
P004195,Delvia Ceinture Compact,Delvia,CAT013,S0456,59.68,2.820,false
P004196,Zephyr Sneakers Ultra,Zephyr,CAT014,S0440,72.40,9.604,false
P004197,Rivage Clavier Compact,Rivage,CAT008,S0412,6.15,3.028,false
P004198,Terra Clé à cliquet Classic,Terra,CAT037,S0204,73.08,0.169,false
P004199,Nordis Souris Essentiel,Nordis,CAT011,S0346,77.66,0.968,false
P004200,Pallas Chemise Compact,Pallas,CAT014,S0212,200.67,2.358,false
P004201,Kestrel Casque vélo Signature,Kestrel,CAT023,S0024,6.79,10.856,false
P004202,Ember Clavier Pro,Ember,CAT012,S0412,55.48,0.382,false
P004203,Granit Veste Essentiel,Granit,CAT013,S0025,63.09,9.523,false
P004204,Orbit Clavier Premium,Orbit,CAT008,S0494,10.40,9.387,false
P004205,Delvia Poêle Ultra,Delvia,CAT006,S0409,105.48,10.872,false
P004206,Granit Set de couverts Nomade,Granit,CAT004,S0278,28.16,9.474,true
P004207,Terra Beau livre Éco,Terra,CAT033,S0304,9.42,6.355,false
P004208,Ivory Écharpe Pro,Ivory,CAT014,S0136,94.78,8.154,false
P004209,Delvia Haltères Essentiel,Delvia,CAT027,S0021,69.17,7.278,false
P004210,Windrow Montre Essentiel,Windrow,CAT014,S0058,112.04,2.633,false
P004211,Meridian Nettoyant jantes Éco,Meridian,CAT037,S0110,88.27,11.938,false
P004212,Orbit Sérum Pro,Orbit,CAT020,S0165,69.77,7.860,false
P004213,Cirrus Sac de sport Pro,Cirrus,CAT025,S0566,80.74,3.527,false
P004214,Alvora Vinyle Pro,Alvora,CAT034,S0356,77.68,9.099,false
P004215,Ursa Housse de couette Ultra,Ursa,CAT004,S0093,31.39,1.671,false
P004216,Bexon Housse de couette Pro,Bexon,CAT001,S0312,16.47,1.460,false
P004217,Halcyon Eau de toilette Premium,Halcyon,CAT022,S0237,4.74,9.445,false
P004218,Meridian Manuel Essentiel,Meridian,CAT032,S0209,106.13,2.904,false
P004219,Kestrel Nettoyant jantes Classic,Kestrel,CAT036,S0050,88.45,7.610,false
P004220,Zephyr Écharpe Nomade,Zephyr,CAT017,S0011,59.73,10.460,false
P004221,Delvia Poêle XL,Delvia,CAT001,S0066,107.36,8.493,false
P004222,Cirrus Veste Essentiel,Cirrus,CAT016,S0116,91.20,7.897,true
P004223,Bexon Filtre à air Premium,Bexon,CAT039,S0224,98.16,0.994,false
P004224,Ember Vinyle Pro,Ember,CAT034,S0547,206.27,8.132,true
P004225,Pallas Brosse Classic,Pallas,CAT020,S0318,41.11,4.938,false
P004226,Nordis Trottinette Signature,Nordis,CAT029,S0381,65.08,9.876,false
P004227,Cirrus Arrosoir Signature,Cirrus,CAT006,S0042,105.93,8.374,false
P004228,Lumen Crème hydratante XL,Lumen,CAT022,S0507,212.30,5.100,false
P004229,Ivory Casque vélo Nomade,Ivory,CAT027,S0566,76.48,9.513,false
P004230,Pallas Chargeur XL,Pallas,CAT012,S0412,188.53,11.803,false
P004231,Quartz Peluche Nomade,Quartz,CAT031,S0549,54.86,9.168,false
P004232,Meridian Souris Ultra,Meridian,CAT012,S0451,179.93,5.713,false
P004233,Ember Set de couverts Signature,Ember,CAT004,S0573,66.51,10.628,false
P004234,Ursa Brosse Éco,Ursa,CAT019,S0323,90.91,1.845,false
P004235,Orbit Sérum Compact,Orbit,CAT022,S0333,79.32,6.443,false
P004236,Bexon Shampooing Éco,Bexon,CAT022,S0053,66.80,0.259,false
P004237,Quartz Cube éducatif Pro,Quartz,CAT028,S0337,33.29,0.966,false
P004238,Terra Nettoyant jantes Essentiel,Terra,CAT037,S0034,37.06,3.453,false
P004239,Vertex Puzzle Premium,Vertex,CAT028,S0291,31.36,3.917,false
P004240,Terra Beau livre Nomade,Terra,CAT033,S0081,166.88,4.991,false
P004241,Vertex Sérum Compact,Vertex,CAT020,S0364,84.68,5.718,false
P004242,Windrow Webcam Classic,Windrow,CAT007,S0499,25.89,8.494,false
P004243,Ivory Chaussures de trail Éco,Ivory,CAT023,S0074,43.36,5.310,false
P004244,Terra Roman Compact,Terra,CAT033,S0207,39.50,0.721,false
P004245,Lumen Webcam XL,Lumen,CAT011,S0442,128.75,7.392,false
P004246,Bexon Manuel Nomade,Bexon,CAT034,S0139,117.08,11.715,false
P004247,Zephyr Écharpe Signature,Zephyr,CAT013,S0354,51.41,6.392,false
P004248,Solstice Veste Essentiel,Solstice,CAT014,S0342,24.57,1.962,false
P004249,Vertex Lampe XL,Vertex,CAT003,S0579,68.48,9.677,false
P004250,Bexon Nettoyant jantes Compact,Bexon,CAT038,S0293,49.99,7.953,false
P004251,Pallas Haltères Signature,Pallas,CAT025,S0001,83.55,0.190,false
P004252,Zephyr Set de couverts Signature,Zephyr,CAT002,S0277,64.83,10.494,false
P004253,Windrow Coffret BD Nomade,Windrow,CAT034,S0211,244.60,1.811,false
P004254,Quartz Perceuse XL,Quartz,CAT038,S0571,19.23,2.663,false
P004255,Lumen Roman Classic,Lumen,CAT035,S0016,170.49,2.195,false
P004256,Ivory Set de couverts Pro,Ivory,CAT002,S0592,51.90,6.661,false
P004257,Ember Chemise Nomade,Ember,CAT017,S0410,25.31,5.066,false
P004258,Vertex Enceinte Ultra,Vertex,CAT008,S0442,56.32,10.212,false
P004259,Halcyon Gourde XL,Halcyon,CAT027,S0502,71.80,5.077,false
P004260,Zephyr Casque vélo Compact,Zephyr,CAT026,S0105,57.90,9.690,false
P004261,Bexon Trottinette Ultra,Bexon,CAT029,S0386,27.41,0.986,false
P004262,Nordis Cube éducatif Signature,Nordis,CAT031,S0303,69.68,1.707,false
P004263,Juniper Perceuse Éco,Juniper,CAT039,S0046,91.99,6.889,false
P004264,Terra Sérum Premium,Terra,CAT020,S0273,56.29,9.978,false
P004265,Ivory Set de couverts Signature,Ivory,CAT001,S0046,39.09,7.375,false
P004266,Ember Casque Classic,Ember,CAT012,S0056,122.95,5.311,false
P004267,Vertex Bâche Nomade,Vertex,CAT038,S0341,47.02,2.061,false
P004268,Juniper Clavier Éco,Juniper,CAT008,S0259,57.17,6.728,true
P004269,Terra Clavier Éco,Terra,CAT012,S0537,122.77,5.454,false
P004270,Windrow Bouilloire Nomade,Windrow,CAT001,S0173,36.36,10.177,false
P004271,Terra Nettoyant jantes Classic,Terra,CAT039,S0240,30.31,6.712,false
P004272,Kestrel Housse de couette Premium,Kestrel,CAT002,S0114,133.78,3.171,false
P004273,Meridian Perceuse Ultra,Meridian,CAT037,S0556,89.53,6.027,false
P004274,Fjord Webcam Compact,Fjord,CAT012,S0066,49.28,7.807,true
P004275,Meridian Sneakers Essentiel,Meridian,CAT014,S0410,65.63,7.482,false
P004276,Ivory Sac de sport Premium,Ivory,CAT026,S0474,8.87,0.306,false
P004277,Solstice Perceuse Essentiel,Solstice,CAT037,S0023,256.07,0.686,false
P004278,Rivage Étagère Nomade,Rivage,CAT006,S0571,195.08,7.868,false
P004279,Ivory Veste Signature,Ivory,CAT015,S0531,75.74,1.831,false
P004280,Pallas Perceuse Compact,Pallas,CAT039,S0378,49.04,8.229,false
P004281,Windrow Souris Premium,Windrow,CAT010,S0581,32.40,2.625,false
P004282,Cirrus Casque Signature,Cirrus,CAT012,S0555,44.00,8.861,false
P004283,Pallas Crème hydratante Signature,Pallas,CAT022,S0176,19.38,3.124,false
P004284,Nordis Sac de sport Signature,Nordis,CAT026,S0506,24.28,1.246,false
P004285,Meridian Casque vélo Signature,Meridian,CAT027,S0184,69.16,6.670,false
P004286,Fjord Puzzle Essentiel,Fjord,CAT030,S0075,31.50,7.844,false
P004287,Granit Crème hydratante Ultra,Granit,CAT019,S0455,68.19,1.730,false
P004288,Ivory Poêle Classic,Ivory,CAT001,S0579,49.87,3.816,false
P004289,Orbit Sérum XL,Orbit,CAT020,S0113,38.10,5.758,false
P004290,Fjord Nettoyant jantes Essentiel,Fjord,CAT038,S0340,25.83,1.515,false
P004291,Nordis Webcam Nomade,Nordis,CAT008,S0292,85.68,11.748,true
P004292,Fjord Webcam Classic,Fjord,CAT008,S0481,19.24,11.108,false
P004293,Ivory Ceinture Classic,Ivory,CAT014,S0212,15.83,8.120,false
P004294,Nordis Eau de toilette Classic,Nordis,CAT022,S0253,45.97,2.793,false
P004295,Windrow Tapis de yoga XL,Windrow,CAT023,S0474,277.35,3.091,false
P004296,Solstice Shampooing Classic,Solstice,CAT021,S0368,12.02,5.011,false
P004297,Quartz Nettoyant jantes Ultra,Quartz,CAT036,S0501,106.47,0.231,false
P004298,Juniper Ceinture Ultra,Juniper,CAT014,S0354,67.00,11.597,false
P004299,Lumen Housse de couette Essentiel,Lumen,CAT003,S0114,172.87,10.536,false
P004300,Juniper Palette Nomade,Juniper,CAT018,S0041,208.97,5.467,false
P004301,Meridian Trottinette Nomade,Meridian,CAT028,S0232,18.11,6.513,false
P004302,Meridian Manuel Ultra,Meridian,CAT032,S0146,25.84,11.992,false
P004303,Granit Veste Premium,Granit,CAT017,S0410,63.88,4.385,false
P004304,Rivage Manuel Classic,Rivage,CAT032,S0183,88.96,6.559,false
P004305,Quartz Nettoyant jantes Classic,Quartz,CAT039,S0099,186.36,8.669,false
P004306,Juniper Ceinture Éco,Juniper,CAT013,S0422,256.89,5.669,false
P004307,Kestrel Souris Essentiel,Kestrel,CAT012,S0562,22.94,11.603,false
P004308,Delvia Veste XL,Delvia,CAT015,S0538,58.22,7.675,false
P004309,Pallas Haltères XL,Pallas,CAT025,S0125,38.82,8.234,false
P004310,Ivory Cube éducatif Signature,Ivory,CAT029,S0260,27.86,7.727,false
P004311,Halcyon Manuel Nomade,Halcyon,CAT034,S0116,112.43,3.389,true
P004312,Nordis Trottinette Classic,Nordis,CAT028,S0600,47.68,4.657,false
P004313,Fjord Eau de toilette Nomade,Fjord,CAT022,S0434,121.61,4.702,false
P004314,Cirrus Sac à main Ultra,Cirrus,CAT016,S0197,51.73,11.798,false
P004315,Windrow Bâche Pro,Windrow,CAT036,S0007,199.27,10.468,false
P004316,Delvia Montre Pro,Delvia,CAT015,S0170,64.03,11.436,false
P004317,Vertex Nettoyant jantes Éco,Vertex,CAT036,S0334,81.56,4.831,false
P004318,Halcyon Haltères XL,Halcyon,CAT024,S0157,72.33,10.163,false
P004319,Vertex Peluche Compact,Vertex,CAT031,S0151,93.56,9.293,false
P004320,Kestrel Vinyle Premium,Kestrel,CAT035,S0374,14.28,1.714,false
P004321,Solstice Palette Nomade,Solstice,CAT022,S0151,20.73,8.917,false
P004322,Ivory Arrosoir Essentiel,Ivory,CAT002,S0332,83.91,3.877,false
P004323,Fjord Jeu de plateau Ultra,Fjord,CAT031,S0542,30.19,1.571,false
P004324,Fjord Webcam Signature,Fjord,CAT012,S0367,51.61,11.261,false
P004325,Fjord Webcam Compact,Fjord,CAT009,S0171,46.35,11.238,false
P004326,Rivage Bouilloire Premium,Rivage,CAT002,S0189,47.34,3.166,false
P004327,Ivory Brosse Premium,Ivory,CAT020,S0595,93.82,7.461,false
P004328,Meridian Eau de toilette Essentiel,Meridian,CAT022,S0113,94.06,9.045,false
P004329,Nordis Montre Pro,Nordis,CAT013,S0130,98.24,5.910,false
P004330,Pallas Vinyle Nomade,Pallas,CAT035,S0311,48.58,4.564,true
P004331,Nordis Clavier XL,Nordis,CAT011,S0237,228.58,2.238,false
P004332,Bexon Crème hydratante Classic,Bexon,CAT018,S0214,43.56,9.444,false
P004333,Ivory Nettoyant jantes Ultra,Ivory,CAT038,S0178,80.24,11.477,false
P004334,Alvora Chargeur Pro,Alvora,CAT010,S0599,34.81,3.244,false
P004335,Meridian Chargeur XL,Meridian,CAT008,S0042,23.87,2.755,false
P004336,Cirrus Webcam XL,Cirrus,CAT009,S0580,42.45,4.514,true
P004337,Solstice Cube éducatif Compact,Solstice,CAT029,S0443,34.94,0.493,false
P004338,Solstice Chargeur Signature,Solstice,CAT009,S0511,18.90,0.220,true
P004339,Rivage Set de couverts Classic,Rivage,CAT002,S0579,110.56,5.702,false
P004340,Meridian Lampe Classic,Meridian,CAT003,S0466,57.21,1.012,false
P004341,Lumen Arrosoir Ultra,Lumen,CAT003,S0008,120.97,5.005,false
P004342,Lumen Tapis de yoga XL,Lumen,CAT026,S0058,69.54,2.864,false
P004343,Quartz Clé à cliquet Classic,Quartz,CAT039,S0161,270.44,11.241,false
P004344,Nordis Nettoyant jantes Éco,Nordis,CAT037,S0204,55.40,3.575,false
P004345,Orbit Casque Pro,Orbit,CAT011,S0569,59.98,9.075,false
P004346,Vertex Poêle Signature,Vertex,CAT004,S0153,216.53,6.417,false
P004347,Windrow Clé à cliquet Essentiel,Windrow,CAT036,S0210,190.62,8.437,false
P004348,Halcyon Trottinette Compact,Halcyon,CAT029,S0372,51.51,7.539,false
P004349,Meridian Arrosoir Pro,Meridian,CAT005,S0529,32.62,9.708,false
P004350,Quartz Nettoyant jantes Essentiel,Quartz,CAT037,S0394,56.78,9.638,false
P004351,Halcyon Clé à cliquet Signature,Halcyon,CAT037,S0348,199.38,4.499,false
P004352,Solstice Arrosoir Nomade,Solstice,CAT004,S0221,69.34,8.297,false
P004353,Halcyon Crème hydratante Essentiel,Halcyon,CAT019,S0062,179.62,4.456,true
P004354,Kestrel Cube éducatif Compact,Kestrel,CAT029,S0458,52.85,0.721,false
P004355,Lumen Souris Essentiel,Lumen,CAT010,S0142,77.72,7.503,false
P004356,Terra Tapis de yoga Essentiel,Terra,CAT026,S0287,32.83,10.871,false
P004357,Zephyr Chemise Signature,Zephyr,CAT016,S0015,118.44,4.452,false
P004358,Solstice Haltères Essentiel,Solstice,CAT024,S0226,90.33,9.936,false
P004359,Lumen Enceinte Premium,Lumen,CAT009,S0037,125.94,8.015,false
P004360,Zephyr Vinyle Classic,Zephyr,CAT035,S0154,35.15,10.430,false
P004361,Delvia Chaussures de trail Compact,Delvia,CAT027,S0184,48.90,7.685,false
P004362,Bexon Manuel Pro,Bexon,CAT034,S0137,40.88,11.757,false
P004363,Nordis Cube éducatif Signature,Nordis,CAT030,S0377,67.81,10.194,false
P004364,Halcyon Clavier Premium,Halcyon,CAT009,S0192,144.64,10.409,false
P004365,Bexon Brosse Éco,Bexon,CAT021,S0100,9.94,3.552,false
P004366,Windrow Chargeur Pro,Windrow,CAT007,S0276,11.23,8.012,false
P004367,Lumen Arrosoir Essentiel,Lumen,CAT003,S0032,169.34,8.824,false
P004368,Juniper Chargeur Essentiel,Juniper,CAT010,S0091,36.01,3.348,true
P004369,Nordis Roman Ultra,Nordis,CAT032,S0004,68.44,3.863,false
P004370,Juniper Jeu de plateau Compact,Juniper,CAT029,S0244,135.40,3.251,false
P004371,Ivory Haltères Premium,Ivory,CAT027,S0428,67.99,1.062,false
P004372,Lumen Filtre à air Ultra,Lumen,CAT037,S0046,86.74,9.801,false
P004373,Pallas Enceinte Éco,Pallas,CAT007,S0285,49.48,7.788,false
P004374,Ember Palette Signature,Ember,CAT020,S0476,10.16,4.726,false
P004375,Meridian Shampooing XL,Meridian,CAT020,S0052,137.75,7.274,false
P004376,Ivory Palette Nomade,Ivory,CAT018,S0368,27.08,6.643,false
P004377,Cirrus Perceuse Classic,Cirrus,CAT036,S0023,35.18,5.159,false
P004378,Fjord Chaussures de trail Premium,Fjord,CAT024,S0303,90.14,8.923,false
P004379,Terra Sneakers Ultra,Terra,CAT017,S0344,136.85,0.858,false
P004380,Cirrus Perceuse Pro,Cirrus,CAT037,S0216,85.93,1.340,false
P004381,Ivory Beau livre Compact,Ivory,CAT035,S0225,33.02,0.773,false
P004382,Bexon Veste Pro,Bexon,CAT014,S0365,13.08,3.506,false
P004383,Pallas Palette Ultra,Pallas,CAT022,S0300,65.16,0.812,false
P004384,Bexon Coffret BD Essentiel,Bexon,CAT035,S0096,96.45,5.791,false
P004385,Terra Set de couverts Premium,Terra,CAT003,S0521,34.63,3.669,false
P004386,Quartz Brosse Ultra,Quartz,CAT021,S0163,11.29,5.890,false
P004387,Halcyon Nettoyant jantes Éco,Halcyon,CAT038,S0464,148.63,6.059,false
P004388,Rivage Shampooing Signature,Rivage,CAT018,S0082,87.63,5.151,false
P004389,Alvora Clé à cliquet Ultra,Alvora,CAT038,S0314,59.21,4.345,false
P004390,Cirrus Manuel Pro,Cirrus,CAT034,S0020,70.82,6.434,false
P004391,Alvora Brosse Nomade,Alvora,CAT020,S0455,84.65,5.584,false
P004392,Ursa Bouilloire Ultra,Ursa,CAT006,S0518,7.67,2.671,false
P004393,Solstice Set de couverts Nomade,Solstice,CAT005,S0036,170.29,3.073,false
P004394,Vertex Sac à main Signature,Vertex,CAT017,S0105,38.00,10.671,false
P004395,Juniper Crème hydratante Éco,Juniper,CAT020,S0455,63.64,6.482,true
P004396,Delvia Set de couverts Pro,Delvia,CAT004,S0398,55.55,10.534,false
P004397,Vertex Palette Ultra,Vertex,CAT021,S0474,111.72,5.502,false
P004398,Windrow Housse de couette Compact,Windrow,CAT005,S0483,35.01,0.545,false
P004399,Juniper Lampe Nomade,Juniper,CAT004,S0513,15.80,3.120,false
P004400,Nordis Poêle XL,Nordis,CAT004,S0265,63.93,3.563,false
P004401,Quartz Étagère Pro,Quartz,CAT001,S0485,53.96,2.757,false
P004402,Vertex Montre connectée Ultra,Vertex,CAT009,S0512,25.72,2.671,false
P004403,Halcyon Coffret BD Éco,Halcyon,CAT035,S0450,258.29,6.802,false
P004404,Granit Manuel Nomade,Granit,CAT032,S0016,73.73,6.298,false
P004405,Granit Souris Essentiel,Granit,CAT007,S0013,75.41,3.321,false
P004406,Ember Chemise Éco,Ember,CAT017,S0064,59.00,2.699,false
P004407,Kestrel Enceinte Classic,Kestrel,CAT008,S0539,99.31,5.355,false
P004408,Fjord Shampooing Premium,Fjord,CAT020,S0236,266.08,10.048,false
P004409,Bexon Perceuse Nomade,Bexon,CAT036,S0380,53.88,4.848,false
P004410,Orbit Étagère Classic,Orbit,CAT006,S0316,74.18,3.013,false
P004411,Delvia Poêle Essentiel,Delvia,CAT003,S0161,177.90,11.951,false
P004412,Quartz Webcam Pro,Quartz,CAT008,S0276,48.26,9.673,false
P004413,Fjord Casque Pro,Fjord,CAT011,S0071,172.74,8.235,true
P004414,Fjord Bouilloire Compact,Fjord,CAT001,S0306,38.65,9.794,false
P004415,Meridian Housse de couette Premium,Meridian,CAT002,S0168,89.73,10.033,false
P004416,Pallas Puzzle Pro,Pallas,CAT031,S0134,69.94,5.883,false
P004417,Ursa Vinyle Nomade,Ursa,CAT032,S0325,24.64,0.116,false
P004418,Cirrus Écharpe XL,Cirrus,CAT017,S0462,59.89,3.464,false
P004419,Vertex Souris XL,Vertex,CAT012,S0554,63.32,8.369,false
P004420,Lumen Beau livre Nomade,Lumen,CAT033,S0225,60.53,6.050,false
P004421,Ursa Coffret BD Éco,Ursa,CAT035,S0004,178.61,11.651,false
P004422,Bexon Enceinte Pro,Bexon,CAT009,S0282,59.19,4.274,false
P004423,Kestrel Coffret BD XL,Kestrel,CAT034,S0262,119.29,10.875,false
P004424,Nordis Eau de toilette Premium,Nordis,CAT022,S0434,138.80,0.450,false
P004425,Ursa Montre Ultra,Ursa,CAT017,S0258,276.86,1.494,false
P004426,Zephyr Shampooing Essentiel,Zephyr,CAT018,S0443,86.44,3.748,false
P004427,Halcyon Trottinette Pro,Halcyon,CAT029,S0458,67.27,7.308,false
P004428,Ursa Veste Premium,Ursa,CAT016,S0453,42.67,6.176,false
P004429,Windrow Sac à main Compact,Windrow,CAT015,S0523,5.18,8.982,false
P004430,Pallas Cube éducatif Nomade,Pallas,CAT030,S0470,53.11,11.697,false
P004431,Alvora Nettoyant jantes Éco,Alvora,CAT036,S0269,56.59,11.839,false
P004432,Meridian Jeu de plateau Essentiel,Meridian,CAT031,S0425,93.09,5.617,false
P004433,Pallas Casque XL,Pallas,CAT008,S0455,221.42,2.396,false
P004434,Kestrel Peluche Signature,Kestrel,CAT029,S0470,69.32,10.203,false
P004435,Ivory Souris Premium,Ivory,CAT012,S0230,91.85,5.990,false
P004436,Pallas Crème hydratante Classic,Pallas,CAT021,S0368,15.54,11.135,false
P004437,Bexon Gourde Pro,Bexon,CAT024,S0560,78.24,2.576,false
P004438,Quartz Vinyle Ultra,Quartz,CAT033,S0137,178.30,4.176,false
P004439,Nordis Chemise Éco,Nordis,CAT014,S0059,107.68,4.105,false
P004440,Ursa Trottinette XL,Ursa,CAT028,S0459,79.14,11.399,false
P004441,Delvia Coffret BD Éco,Delvia,CAT034,S0290,43.94,10.816,false
P004442,Lumen Vinyle Nomade,Lumen,CAT032,S0141,6.94,4.856,false
P004443,Halcyon Sérum Pro,Halcyon,CAT022,S0557,85.56,5.592,false
P004444,Vertex Set de couverts Premium,Vertex,CAT004,S0420,51.72,4.239,false
P004445,Ivory Perceuse Ultra,Ivory,CAT036,S0538,36.36,1.860,false
P004446,Nordis Lampe Nomade,Nordis,CAT001,S0589,76.62,7.608,false
P004447,Meridian Chargeur XL,Meridian,CAT007,S0222,121.87,4.215,true
P004448,Granit Casque vélo Éco,Granit,CAT023,S0097,141.79,5.616,false
P004449,Kestrel Sac de sport Signature,Kestrel,CAT025,S0081,221.84,4.736,false
P004450,Meridian Shampooing Éco,Meridian,CAT020,S0455,12.24,11.037,false
P004451,Bexon Ceinture Signature,Bexon,CAT016,S0596,60.54,9.033,true
P004452,Fjord Poêle Premium,Fjord,CAT004,S0425,83.93,8.208,false
P004453,Terra Nettoyant jantes Pro,Terra,CAT039,S0261,75.37,3.120,false
P004454,Rivage Cube éducatif Pro,Rivage,CAT030,S0338,57.81,6.457,false
P004455,Orbit Brosse XL,Orbit,CAT019,S0541,74.89,9.947,false
P004456,Nordis Veste Premium,Nordis,CAT016,S0413,29.23,0.263,false
P004457,Alvora Lampe Nomade,Alvora,CAT002,S0118,34.19,2.420,false
P004458,Orbit Tapis de yoga XL,Orbit,CAT026,S0186,19.79,8.895,false
P004459,Kestrel Souris Essentiel,Kestrel,CAT012,S0111,23.37,11.366,true
P004460,Ursa Chemise Éco,Ursa,CAT013,S0027,90.63,3.695,false
P004461,Lumen Crème hydratante Éco,Lumen,CAT018,S0541,89.87,6.070,true
P004462,Fjord Bouilloire Classic,Fjord,CAT003,S0093,15.94,11.518,false
P004463,Lumen Écharpe Premium,Lumen,CAT017,S0315,58.68,4.490,true
P004464,Ivory Écharpe Signature,Ivory,CAT017,S0469,55.12,11.660,false
P004465,Zephyr Sneakers Nomade,Zephyr,CAT015,S0228,33.61,5.814,false
P004466,Ursa Tapis de yoga Ultra,Ursa,CAT025,S0511,56.28,8.389,false
P004467,Cirrus Ceinture Éco,Cirrus,CAT013,S0028,120.72,2.416,false
P004468,Windrow Poêle Essentiel,Windrow,CAT002,S0061,47.59,5.564,false
P004469,Rivage Chargeur Pro,Rivage,CAT012,S0171,93.95,1.152,false
P004470,Meridian Lampe Signature,Meridian,CAT005,S0585,25.48,0.731,false
P004471,Bexon Montre Essentiel,Bexon,CAT014,S0052,19.33,1.162,false
P004472,Fjord Shampooing Compact,Fjord,CAT020,S0135,120.06,5.346,false
P004473,Windrow Ceinture Pro,Windrow,CAT013,S0074,170.09,8.191,false
P004474,Nordis Jeu de plateau XL,Nordis,CAT029,S0510,63.11,5.820,false
P004475,Halcyon Clé à cliquet Signature,Halcyon,CAT037,S0582,87.86,8.737,false
P004476,Ursa Sérum Pro,Ursa,CAT019,S0015,23.31,8.206,false
P004477,Pallas Sneakers Essentiel,Pallas,CAT015,S0228,13.31,3.137,false
P004478,Alvora Sérum Premium,Alvora,CAT021,S0447,54.63,6.108,false
P004479,Halcyon Eau de toilette Ultra,Halcyon,CAT022,S0504,179.48,1.605,false
P004480,Pallas Eau de toilette Compact,Pallas,CAT018,S0122,45.73,4.218,false
P004481,Fjord Perceuse Essentiel,Fjord,CAT038,S0522,51.46,4.156,false
P004482,Ember Figurine Éco,Ember,CAT030,S0288,84.25,10.238,false
P004483,Rivage Palette Nomade,Rivage,CAT018,S0217,50.57,6.176,false
P004484,Ember Clavier Éco,Ember,CAT007,S0231,74.46,3.797,false
P004485,Kestrel Nettoyant jantes Premium,Kestrel,CAT037,S0175,137.01,8.305,true
P004486,Fjord Sérum Éco,Fjord,CAT021,S0355,59.88,3.974,false
P004487,Lumen Montre Signature,Lumen,CAT017,S0070,64.08,9.239,false
P004488,Ursa Eau de toilette Pro,Ursa,CAT018,S0066,76.65,3.663,false
P004489,Terra Sérum Essentiel,Terra,CAT018,S0163,69.84,10.979,false
P004490,Kestrel Nettoyant jantes Pro,Kestrel,CAT036,S0314,22.27,10.773,false
P004491,Bexon Eau de toilette Compact,Bexon,CAT020,S0588,134.53,7.006,false
P004492,Bexon Set de couverts Classic,Bexon,CAT003,S0376,33.77,2.121,false
P004493,Solstice Sneakers Éco,Solstice,CAT016,S0472,67.76,3.008,false
P004494,Windrow Shampooing Essentiel,Windrow,CAT018,S0360,24.02,4.760,false
P004495,Pallas Puzzle Pro,Pallas,CAT029,S0108,84.80,11.651,false
P004496,Ursa Housse de couette Compact,Ursa,CAT001,S0589,25.69,10.504,false
P004497,Nordis Manuel Nomade,Nordis,CAT032,S0352,83.88,7.111,true
P004498,Nordis Vinyle Compact,Nordis,CAT032,S0074,47.95,3.876,false
P004499,Juniper Set de couverts XL,Juniper,CAT004,S0189,23.10,6.346,false
P004500,Granit Crème hydratante Éco,Granit,CAT019,S0507,149.47,10.436,false
P004501,Meridian Montre connectée Signature,Meridian,CAT010,S0012,89.45,5.802,false
P004502,Meridian Arrosoir Éco,Meridian,CAT005,S0018,20.78,4.400,false
P004503,Halcyon Manuel Signature,Halcyon,CAT033,S0227,47.16,8.033,false
P004504,Granit Chaussures de trail Éco,Granit,CAT025,S0208,17.89,4.806,false
P004505,Fjord Beau livre Signature,Fjord,CAT035,S0362,146.33,9.930,false
P004506,Vertex Clé à cliquet XL,Vertex,CAT036,S0111,87.09,3.995,false
P004507,Quartz Jeu de plateau XL,Quartz,CAT029,S0261,42.98,2.799,true
P004508,Cirrus Casque Premium,Cirrus,CAT009,S0536,11.31,3.777,false
P004509,Alvora Arrosoir Éco,Alvora,CAT002,S0391,111.98,0.887,false
P004510,Lumen Figurine Nomade,Lumen,CAT028,S0480,70.44,9.957,false
P004511,Lumen Figurine XL,Lumen,CAT031,S0260,12.63,5.734,false
P004512,Alvora Veste Classic,Alvora,CAT017,S0545,61.06,5.280,false
P004513,Meridian Montre connectée XL,Meridian,CAT010,S0091,159.07,0.239,false
P004514,Bexon Chargeur Pro,Bexon,CAT012,S0029,173.41,8.103,false
P004515,Orbit Puzzle Ultra,Orbit,CAT029,S0449,49.42,1.596,false
P004516,Lumen Crème hydratante Essentiel,Lumen,CAT021,S0219,82.78,0.675,false
P004517,Quartz Beau livre Compact,Quartz,CAT032,S0137,94.39,7.818,false
P004518,Meridian Ceinture Premium,Meridian,CAT015,S0156,174.18,7.749,false
P004519,Pallas Poêle Compact,Pallas,CAT006,S0421,176.49,4.989,false
P004520,Zephyr Sneakers Signature,Zephyr,CAT016,S0575,185.32,8.010,false
P004521,Quartz Brosse Signature,Quartz,CAT022,S0089,48.28,4.574,true
P004522,Nordis Poêle Signature,Nordis,CAT005,S0487,68.27,4.012,false
P004523,Rivage Écharpe Premium,Rivage,CAT017,S0246,74.21,1.916,true
P004524,Lumen Puzzle Éco,Lumen,CAT031,S0520,198.47,8.397,false
P004525,Bexon Beau livre Premium,Bexon,CAT033,S0584,118.40,8.030,false
P004526,Quartz Chaussures de trail Nomade,Quartz,CAT026,S0597,26.28,5.769,false
P004527,Orbit Filtre à air Nomade,Orbit,CAT039,S0091,72.98,9.094,false
P004528,Ursa Veste Éco,Ursa,CAT017,S0228,60.17,4.513,false
P004529,Bexon Arrosoir XL,Bexon,CAT004,S0092,49.89,8.591,true
P004530,Kestrel Vinyle Éco,Kestrel,CAT035,S0081,29.58,2.644,false
P004531,Ursa Perceuse Ultra,Ursa,CAT039,S0565,67.32,9.831,false
P004532,Windrow Sac de sport Compact,Windrow,CAT023,S0235,109.05,3.757,false
P004533,Meridian Beau livre Premium,Meridian,CAT033,S0578,39.92,2.217,false
P004534,Ursa Perceuse Compact,Ursa,CAT036,S0554,81.04,6.387,false
P004535,Ember Crème hydratante Classic,Ember,CAT021,S0136,74.58,11.501,false
P004536,Rivage Jeu de plateau Éco,Rivage,CAT030,S0288,19.32,10.183,false
P004537,Cirrus Sérum Signature,Cirrus,CAT020,S0077,84.96,4.142,false
P004538,Rivage Sérum Classic,Rivage,CAT021,S0318,93.93,3.336,false
P004539,Zephyr Lampe Compact,Zephyr,CAT001,S0089,64.30,2.307,false
P004540,Cirrus Poêle Premium,Cirrus,CAT006,S0405,93.28,9.006,true
P004541,Vertex Coffret BD Premium,Vertex,CAT035,S0164,18.64,5.649,false
P004542,Vertex Tapis de yoga Premium,Vertex,CAT023,S0167,200.78,11.553,false
P004543,Halcyon Webcam Premium,Halcyon,CAT012,S0481,71.91,6.873,false
P004544,Zephyr Housse de couette Signature,Zephyr,CAT001,S0036,121.37,2.082,false
P004545,Windrow Veste Pro,Windrow,CAT016,S0243,66.34,3.628,false
P004546,Lumen Brosse Essentiel,Lumen,CAT021,S0266,87.83,8.711,false
P004547,Fjord Sac à main Compact,Fjord,CAT017,S0064,53.28,11.972,false
P004548,Quartz Chaussures de trail Ultra,Quartz,CAT027,S0327,79.48,11.351,false
P004549,Vertex Perceuse Nomade,Vertex,CAT039,S0204,69.42,0.378,false
P004550,Zephyr Chemise Compact,Zephyr,CAT015,S0410,68.11,9.490,false
P004551,Granit Set de couverts Essentiel,Granit,CAT001,S0589,69.99,3.655,false
P004552,Granit Sac de sport Ultra,Granit,CAT027,S0395,115.92,6.141,false
P004553,Rivage Étagère Ultra,Rivage,CAT006,S0514,158.88,9.512,false
P004554,Kestrel Cube éducatif Nomade,Kestrel,CAT029,S0477,81.76,8.580,false
P004555,Halcyon Souris Classic,Halcyon,CAT010,S0232,156.45,2.302,false
P004556,Zephyr Palette XL,Zephyr,CAT022,S0306,71.79,2.399,true
P004557,Kestrel Manuel Premium,Kestrel,CAT032,S0567,75.33,3.623,true
P004558,Halcyon Roman Premium,Halcyon,CAT035,S0392,124.66,3.695,false
P004559,Windrow Ceinture Ultra,Windrow,CAT016,S0441,148.78,2.085,true
P004560,Zephyr Shampooing Classic,Zephyr,CAT022,S0062,50.73,10.235,false
P004561,Rivage Roman Classic,Rivage,CAT032,S0496,12.88,2.813,false
P004562,Ursa Montre Classic,Ursa,CAT014,S0292,82.52,7.608,false
P004563,Fjord Casque vélo XL,Fjord,CAT023,S0428,87.06,5.041,false
P004564,Rivage Housse de couette Classic,Rivage,CAT005,S0092,51.65,4.352,false
P004565,Nordis Beau livre Nomade,Nordis,CAT033,S0079,67.30,7.779,false
P004566,Terra Chargeur Premium,Terra,CAT011,S0013,191.81,10.328,false
P004567,Terra Set de couverts Essentiel,Terra,CAT004,S0360,48.52,0.203,false
P004568,Ember Roman Ultra,Ember,CAT033,S0203,36.64,0.848,false
P004569,Granit Palette Pro,Granit,CAT019,S0443,24.74,4.462,false
P004570,Bexon Webcam Pro,Bexon,CAT011,S0567,58.57,9.789,false
P004571,Windrow Chargeur Nomade,Windrow,CAT010,S0249,83.28,9.298,false
P004572,Juniper Sérum XL,Juniper,CAT019,S0253,69.52,11.331,false
P004573,Ivory Montre connectée XL,Ivory,CAT007,S0554,36.01,11.215,false
P004574,Ember Clavier Compact,Ember,CAT012,S0249,186.69,8.073,false
P004575,Meridian Casque vélo Ultra,Meridian,CAT025,S0021,40.56,4.515,false
P004576,Pallas Montre connectée Pro,Pallas,CAT007,S0537,59.62,1.274,false
P004577,Ursa Ceinture Pro,Ursa,CAT013,S0170,15.67,9.510,false
P004578,Alvora Bâche Classic,Alvora,CAT036,S0240,60.54,2.968,false
P004579,Ivory Palette Ultra,Ivory,CAT019,S0108,18.43,3.290,false
P004580,Granit Peluche Signature,Granit,CAT031,S0332,16.79,7.714,false
P004581,Halcyon Bouilloire Nomade,Halcyon,CAT005,S0382,15.47,0.953,false
P004582,Cirrus Sneakers Signature,Cirrus,CAT013,S0272,48.67,11.469,false
P004583,Bexon Beau livre Premium,Bexon,CAT032,S0358,19.11,5.810,false
P004584,Ember Beau livre XL,Ember,CAT035,S0406,58.08,7.533,false
P004585,Lumen Sérum Nomade,Lumen,CAT019,S0507,84.46,10.311,false
P004586,Orbit Eau de toilette Premium,Orbit,CAT019,S0217,52.39,7.927,false
P004587,Halcyon Jeu de plateau XL,Halcyon,CAT028,S0427,181.23,3.610,false
P004588,Ember Haltères Signature,Ember,CAT023,S0478,27.20,9.624,false
P004589,Juniper Écharpe Nomade,Juniper,CAT015,S0531,74.32,6.948,false
P004590,Meridian Roman Pro,Meridian,CAT035,S0270,227.73,0.102,false
P004591,Ember Vinyle Signature,Ember,CAT033,S0359,53.29,10.511,true
P004592,Halcyon Arrosoir Classic,Halcyon,CAT003,S0148,18.36,6.619,false
P004593,Meridian Ceinture XL,Meridian,CAT013,S0523,61.88,5.366,false
P004594,Ember Housse de couette XL,Ember,CAT006,S0390,191.39,8.824,false
P004595,Solstice Clavier Signature,Solstice,CAT009,S0451,15.19,4.795,false
P004596,Juniper Sérum Premium,Juniper,CAT022,S0507,64.00,11.523,false
P004597,Fjord Webcam Compact,Fjord,CAT007,S0569,82.23,5.809,false
P004598,Delvia Roman Classic,Delvia,CAT035,S0141,9.87,6.478,false
P004599,Kestrel Chemise Nomade,Kestrel,CAT013,S0444,48.22,2.716,false
P004600,Juniper Beau livre Premium,Juniper,CAT035,S0104,75.98,11.295,false
P004601,Nordis Manuel Compact,Nordis,CAT033,S0087,42.06,11.720,false
P004602,Quartz Figurine Ultra,Quartz,CAT030,S0289,42.95,11.837,false
P004603,Granit Casque vélo Éco,Granit,CAT025,S0088,69.72,1.154,false
P004604,Alvora Écharpe Ultra,Alvora,CAT015,S0508,91.17,5.970,false
P004605,Cirrus Shampooing Premium,Cirrus,CAT020,S0576,32.23,6.185,false
P004606,Quartz Webcam Classic,Quartz,CAT012,S0552,44.78,7.668,false
P004607,Orbit Ceinture Ultra,Orbit,CAT013,S0264,24.48,2.773,true
P004608,Quartz Filtre à air Premium,Quartz,CAT036,S0275,128.60,8.492,false
P004609,Orbit Sac à main Classic,Orbit,CAT017,S0438,263.89,3.631,false
P004610,Cirrus Clavier XL,Cirrus,CAT009,S0189,53.68,11.490,false
P004611,Cirrus Poêle Premium,Cirrus,CAT001,S0092,63.13,4.015,false
P004612,Quartz Roman XL,Quartz,CAT032,S0298,27.70,8.205,false
P004613,Rivage Veste Pro,Rivage,CAT016,S0197,23.89,9.810,false
P004614,Ursa Set de couverts Compact,Ursa,CAT006,S0518,53.52,11.216,false
P004615,Juniper Filtre à air Premium,Juniper,CAT038,S0386,67.69,11.277,false
P004616,Zephyr Bâche Classic,Zephyr,CAT036,S0477,36.73,3.271,false
P004617,Nordis Chargeur Essentiel,Nordis,CAT007,S0285,24.33,3.842,false
P004618,Zephyr Nettoyant jantes XL,Zephyr,CAT038,S0293,25.29,2.951,false
P004619,Kestrel Palette Pro,Kestrel,CAT018,S0489,78.14,11.091,false
P004620,Alvora Étagère Compact,Alvora,CAT005,S0369,44.04,0.487,false
P004621,Vertex Ceinture Ultra,Vertex,CAT017,S0575,60.62,0.807,true
P004622,Ember Sérum Essentiel,Ember,CAT022,S0548,132.70,7.601,false
P004623,Alvora Set de couverts Premium,Alvora,CAT004,S0162,252.97,9.527,false
P004624,Ivory Puzzle Ultra,Ivory,CAT029,S0180,76.79,0.251,false
P004625,Halcyon Trottinette Premium,Halcyon,CAT030,S0269,136.00,1.658,false
P004626,Granit Clavier Essentiel,Granit,CAT009,S0511,84.84,0.094,false
P004627,Ursa Figurine Pro,Ursa,CAT029,S0215,11.70,11.037,false
P004628,Kestrel Brosse Ultra,Kestrel,CAT021,S0163,19.03,2.715,false
P004629,Juniper Haltères Ultra,Juniper,CAT026,S0560,54.31,6.211,true
P004630,Ursa Casque Essentiel,Ursa,CAT007,S0590,20.66,9.355,false
P004631,Kestrel Étagère Premium,Kestrel,CAT001,S0356,6.71,3.899,false
P004632,Juniper Nettoyant jantes Classic,Juniper,CAT037,S0072,78.17,5.440,false
P004633,Granit Palette Essentiel,Granit,CAT022,S0200,160.87,9.358,false
P004634,Alvora Montre connectée XL,Alvora,CAT007,S0147,74.67,10.354,false
P004635,Quartz Écharpe Nomade,Quartz,CAT016,S0413,55.32,4.994,false
P004636,Ivory Palette Nomade,Ivory,CAT020,S0194,7.15,9.781,false
P004637,Pallas Trottinette Pro,Pallas,CAT031,S0262,13.60,0.565,false
P004638,Cirrus Veste XL,Cirrus,CAT013,S0453,104.21,9.261,false
P004639,Windrow Set de couverts Ultra,Windrow,CAT002,S0083,9.58,0.568,false
P004640,Pallas Bâche Compact,Pallas,CAT039,S0099,258.99,4.821,false
P004641,Meridian Ceinture Premium,Meridian,CAT013,S0441,30.94,9.218,false
P004642,Terra Sac à main Essentiel,Terra,CAT017,S0440,48.72,7.261,false
P004643,Meridian Chargeur Essentiel,Meridian,CAT012,S0468,83.77,2.890,true
P004644,Fjord Beau livre XL,Fjord,CAT032,S0326,271.50,0.419,false
P004645,Ember Jeu de plateau Pro,Ember,CAT029,S0213,17.81,1.094,false
P004646,Orbit Montre Ultra,Orbit,CAT013,S0272,20.34,5.638,false
P004647,Zephyr Veste Pro,Zephyr,CAT016,S0354,47.00,2.238,false
P004648,Windrow Casque Pro,Windrow,CAT011,S0584,132.91,10.704,false
P004649,Terra Crème hydratante Essentiel,Terra,CAT021,S0180,227.84,0.952,false
P004650,Rivage Filtre à air Ultra,Rivage,CAT039,S0131,52.41,1.224,false
P004651,Ivory Tapis de yoga Compact,Ivory,CAT025,S0218,61.07,9.633,false
P004652,Lumen Bouilloire XL,Lumen,CAT002,S0285,81.69,8.007,false
P004653,Fjord Veste Ultra,Fjord,CAT014,S0080,86.67,3.329,true
P004654,Juniper Poêle Signature,Juniper,CAT002,S0042,77.14,10.024,false
P004655,Ember Clé à cliquet XL,Ember,CAT039,S0314,253.76,5.477,false
P004656,Ursa Chargeur Nomade,Ursa,CAT007,S0248,5.76,9.396,false
P004657,Nordis Cube éducatif Ultra,Nordis,CAT028,S0205,87.52,9.776,false
P004658,Fjord Bâche Pro,Fjord,CAT036,S0046,132.58,2.924,false
P004659,Fjord Filtre à air Ultra,Fjord,CAT039,S0155,29.54,2.115,false
P004660,Cirrus Écharpe Ultra,Cirrus,CAT016,S0371,282.23,11.511,false
P004661,Meridian Crème hydratante Essentiel,Meridian,CAT020,S0434,93.68,7.273,false
P004662,Delvia Vinyle Ultra,Delvia,CAT032,S0209,52.24,3.134,false
P004663,Cirrus Puzzle Classic,Cirrus,CAT030,S0520,276.13,2.749,false
P004664,Ivory Veste Premium,Ivory,CAT017,S0531,24.97,6.263,false
P004665,Quartz Jeu de plateau Éco,Quartz,CAT029,S0520,12.07,11.227,false
P004666,Alvora Casque vélo Nomade,Alvora,CAT027,S0184,241.28,0.151,false
P004667,Kestrel Bouilloire Nomade,Kestrel,CAT005,S0551,21.77,2.121,false
P004668,Bexon Manuel Éco,Bexon,CAT035,S0225,92.27,1.539,false
P004669,Halcyon Écharpe Ultra,Halcyon,CAT015,S0246,100.71,2.173,false
P004670,Quartz Chargeur Ultra,Quartz,CAT007,S0335,222.45,0.611,false
P004671,Vertex Manuel Nomade,Vertex,CAT033,S0361,25.56,5.893,true
P004672,Orbit Lampe Essentiel,Orbit,CAT003,S0328,46.37,1.841,false
P004673,Ember Filtre à air Signature,Ember,CAT038,S0025,87.13,10.939,false
P004674,Vertex Sac de sport Compact,Vertex,CAT024,S0109,82.99,7.818,false
P004675,Zephyr Nettoyant jantes Éco,Zephyr,CAT037,S0474,136.65,6.467,false
P004676,Fjord Lampe Nomade,Fjord,CAT004,S0390,57.57,8.463,false
P004677,Orbit Puzzle XL,Orbit,CAT028,S0461,234.46,5.312,false
P004678,Ivory Arrosoir Classic,Ivory,CAT004,S0283,29.86,6.381,false
P004679,Halcyon Écharpe Classic,Halcyon,CAT015,S0272,134.25,9.595,false
P004680,Ursa Casque vélo Éco,Ursa,CAT027,S0490,264.31,11.891,true
P004681,Rivage Beau livre Nomade,Rivage,CAT034,S0223,55.42,0.506,false
P004682,Alvora Jeu de plateau Nomade,Alvora,CAT031,S0572,26.15,9.461,false
P004683,Terra Veste Éco,Terra,CAT013,S0485,126.05,9.025,false
P004684,Vertex Casque Éco,Vertex,CAT011,S0098,83.72,11.492,false
P004685,Vertex Étagère Ultra,Vertex,CAT004,S0360,104.50,3.395,false
P004686,Vertex Roman Ultra,Vertex,CAT032,S0567,59.95,8.717,false
P004687,Meridian Coffret BD Compact,Meridian,CAT033,S0342,151.35,0.194,false
P004688,Delvia Ceinture Ultra,Delvia,CAT014,S0495,6.76,10.000,true
P004689,Orbit Enceinte Compact,Orbit,CAT008,S0383,23.78,2.774,false
P004690,Orbit Jeu de plateau Signature,Orbit,CAT031,S0080,92.63,4.695,false
P004691,Ivory Crème hydratante Éco,Ivory,CAT018,S0199,25.30,10.816,false
P004692,Ivory Enceinte Compact,Ivory,CAT007,S0015,69.59,7.334,false
P004693,Zephyr Enceinte Compact,Zephyr,CAT012,S0511,9.09,9.313,false
P004694,Kestrel Lampe Éco,Kestrel,CAT006,S0114,47.91,9.047,false
P004695,Ursa Nettoyant jantes Ultra,Ursa,CAT036,S0106,29.27,8.730,false
P004696,Windrow Bouilloire Ultra,Windrow,CAT004,S0417,57.27,4.295,false
P004697,Juniper Perceuse Classic,Juniper,CAT036,S0229,150.04,6.115,false
P004698,Ember Cube éducatif Essentiel,Ember,CAT031,S0458,214.41,0.337,false
P004699,Pallas Shampooing Éco,Pallas,CAT021,S0533,179.57,1.402,false
P004700,Ursa Chaussures de trail XL,Ursa,CAT023,S0125,37.35,1.788,false
P004701,Orbit Veste Nomade,Orbit,CAT016,S0410,73.58,8.172,false
P004702,Cirrus Beau livre Compact,Cirrus,CAT034,S0054,26.78,2.218,false
P004703,Meridian Coffret BD Pro,Meridian,CAT033,S0324,82.98,4.707,false
P004704,Terra Enceinte Pro,Terra,CAT012,S0575,45.14,6.975,false
P004705,Juniper Housse de couette Pro,Juniper,CAT004,S0409,75.80,2.840,false
P004706,Cirrus Étagère Premium,Cirrus,CAT004,S0513,173.63,8.535,false
P004707,Solstice Shampooing Pro,Solstice,CAT019,S0094,61.59,4.164,false
P004708,Lumen Set de couverts XL,Lumen,CAT001,S0105,64.93,7.842,false
P004709,Meridian Gourde Compact,Meridian,CAT023,S0351,45.01,5.494,false
P004710,Vertex Enceinte Éco,Vertex,CAT008,S0459,172.56,10.470,false
P004711,Juniper Veste Classic,Juniper,CAT015,S0138,40.43,7.937,false
P004712,Rivage Clé à cliquet Pro,Rivage,CAT038,S0023,60.55,6.543,false
P004713,Solstice Palette Signature,Solstice,CAT022,S0521,175.38,10.818,false
P004714,Solstice Souris Nomade,Solstice,CAT012,S0494,208.57,2.945,false
P004715,Windrow Casque Éco,Windrow,CAT007,S0222,52.42,11.213,false
P004716,Granit Cube éducatif Classic,Granit,CAT031,S0538,93.09,0.486,false
P004717,Ember Sac à main Ultra,Ember,CAT015,S0549,43.97,8.195,false
P004718,Bexon Chaussures de trail Pro,Bexon,CAT027,S0012,76.33,0.659,false
P004719,Nordis Jeu de plateau Classic,Nordis,CAT031,S0014,62.96,3.094,false
P004720,Ember Clé à cliquet XL,Ember,CAT039,S0415,24.25,0.527,false
P004721,Terra Roman Signature,Terra,CAT034,S0417,39.30,10.877,false
P004722,Meridian Haltères Signature,Meridian,CAT027,S0028,93.54,2.001,false
P004723,Halcyon Arrosoir Nomade,Halcyon,CAT002,S0356,24.14,0.510,false
P004724,Pallas Set de couverts Classic,Pallas,CAT001,S0163,65.78,0.915,false
P004725,Rivage Casque vélo Ultra,Rivage,CAT026,S0120,32.35,11.755,false
P004726,Delvia Haltères Premium,Delvia,CAT023,S0088,5.96,3.774,false
P004727,Delvia Sac à main Nomade,Delvia,CAT016,S0020,228.71,2.411,false
P004728,Terra Nettoyant jantes Nomade,Terra,CAT039,S0275,50.56,10.513,false
P004729,Bexon Clavier Nomade,Bexon,CAT009,S0269,58.00,4.278,false
P004730,Halcyon Gourde XL,Halcyon,CAT023,S0109,82.16,11.104,false
P004731,Juniper Sneakers Classic,Juniper,CAT015,S0469,30.85,0.327,true
P004732,Granit Trottinette Ultra,Granit,CAT030,S0558,278.89,4.427,false
P004733,Windrow Shampooing Premium,Windrow,CAT020,S0433,46.68,3.117,false
P004734,Nordis Sac de sport Nomade,Nordis,CAT023,S0483,111.87,2.176,false
P004735,Fjord Shampooing Nomade,Fjord,CAT022,S0576,45.34,7.343,false
P004736,Ursa Crème hydratante Signature,Ursa,CAT018,S0126,77.35,2.210,false
P004737,Pallas Manuel Signature,Pallas,CAT032,S0404,89.09,6.875,false
P004738,Pallas Manuel Signature,Pallas,CAT032,S0177,69.15,11.591,false
P004739,Vertex Perceuse Premium,Vertex,CAT038,S0129,19.08,10.332,false
P004740,Halcyon Tapis de yoga Ultra,Halcyon,CAT025,S0079,108.83,1.607,false
P004741,Solstice Shampooing Éco,Solstice,CAT018,S0493,57.54,11.690,false
P004742,Fjord Eau de toilette Compact,Fjord,CAT022,S0052,91.36,10.221,false
P004743,Rivage Nettoyant jantes Éco,Rivage,CAT038,S0261,43.28,2.697,true
P004744,Kestrel Set de couverts Ultra,Kestrel,CAT001,S0360,51.80,0.211,false
P004745,Ember Sneakers Compact,Ember,CAT014,S0164,42.83,9.169,true
P004746,Halcyon Brosse Nomade,Halcyon,CAT020,S0315,177.43,1.561,false
P004747,Zephyr Coffret BD Nomade,Zephyr,CAT033,S0406,113.03,11.488,false
P004748,Lumen Ceinture Pro,Lumen,CAT014,S0491,131.56,6.192,false
P004749,Granit Beau livre Classic,Granit,CAT035,S0570,75.33,10.535,false
P004750,Alvora Chargeur Classic,Alvora,CAT007,S0112,23.34,11.793,false
P004751,Orbit Palette Nomade,Orbit,CAT020,S0165,14.09,7.908,false
P004752,Meridian Nettoyant jantes Essentiel,Meridian,CAT038,S0166,55.29,9.639,false
P004753,Meridian Casque vélo Signature,Meridian,CAT027,S0095,90.61,11.236,false
P004754,Ember Crème hydratante Essentiel,Ember,CAT022,S0583,15.31,1.697,false
P004755,Kestrel Bouilloire XL,Kestrel,CAT003,S0245,270.03,9.314,false
P004756,Delvia Eau de toilette Premium,Delvia,CAT022,S0235,81.76,10.195,false
P004757,Granit Veste Essentiel,Granit,CAT013,S0575,14.29,10.472,false
P004758,Orbit Coffret BD Premium,Orbit,CAT035,S0351,133.83,8.160,false
P004759,Lumen Set de couverts Signature,Lumen,CAT002,S0592,77.40,8.558,false
P004760,Solstice Clé à cliquet Pro,Solstice,CAT037,S0585,78.59,1.960,false
P004761,Fjord Chaussures de trail Compact,Fjord,CAT023,S0119,64.48,8.720,false
P004762,Cirrus Tapis de yoga Classic,Cirrus,CAT024,S0490,39.56,1.450,false
P004763,Lumen Manuel Essentiel,Lumen,CAT035,S0141,10.68,0.352,false
P004764,Halcyon Brosse Classic,Halcyon,CAT020,S0219,74.93,2.972,false
P004765,Windrow Beau livre Premium,Windrow,CAT035,S0559,38.78,7.765,false
P004766,Granit Puzzle XL,Granit,CAT028,S0244,24.62,1.704,false
P004767,Windrow Brosse Nomade,Windrow,CAT022,S0455,33.31,11.820,false
P004768,Lumen Tapis de yoga Compact,Lumen,CAT026,S0475,79.90,1.184,false
P004769,Pallas Clavier Pro,Pallas,CAT007,S0459,55.88,4.671,false
P004770,Ember Sneakers Signature,Ember,CAT016,S0011,85.79,10.975,false
P004771,Windrow Écharpe Nomade,Windrow,CAT013,S0153,33.02,11.885,false
P004772,Halcyon Trottinette Premium,Halcyon,CAT028,S0477,113.77,7.345,false
P004773,Terra Beau livre Éco,Terra,CAT034,S0325,132.46,7.326,false
P004774,Alvora Poêle Essentiel,Alvora,CAT004,S0278,19.66,6.954,false
P004775,Orbit Arrosoir Compact,Orbit,CAT005,S0332,129.91,10.960,true
P004776,Orbit Housse de couette Nomade,Orbit,CAT003,S0474,69.09,11.852,false
P004777,Kestrel Montre XL,Kestrel,CAT015,S0427,43.41,4.209,false
P004778,Ursa Haltères Classic,Ursa,CAT026,S0156,84.99,5.625,false
P004779,Fjord Sac de sport Premium,Fjord,CAT025,S0120,36.12,4.649,false
P004780,Rivage Enceinte Pro,Rivage,CAT009,S0030,16.43,8.123,false
P004781,Orbit Cube éducatif Essentiel,Orbit,CAT030,S0213,73.35,0.235,false
P004782,Delvia Trottinette Signature,Delvia,CAT028,S0157,90.53,3.841,true
P004783,Cirrus Crème hydratante Signature,Cirrus,CAT020,S0462,83.71,2.957,false
P004784,Halcyon Cube éducatif Signature,Halcyon,CAT029,S0017,46.69,5.762,false
P004785,Windrow Bâche Classic,Windrow,CAT036,S0133,50.18,11.674,false
P004786,Fjord Gourde Essentiel,Fjord,CAT025,S0568,70.84,3.307,false
P004787,Orbit Arrosoir Ultra,Orbit,CAT004,S0093,64.38,1.635,true
P004788,Lumen Lampe Éco,Lumen,CAT001,S0302,88.60,7.968,false
P004789,Ursa Poêle Signature,Ursa,CAT001,S0363,31.99,9.047,true
P004790,Meridian Cube éducatif Éco,Meridian,CAT028,S0294,168.61,5.073,false
P004791,Nordis Nettoyant jantes Pro,Nordis,CAT038,S0120,39.45,9.718,false
P004792,Vertex Cube éducatif Compact,Vertex,CAT030,S0414,87.14,9.069,false
P004793,Kestrel Roman Éco,Kestrel,CAT032,S0304,151.24,4.443,false
P004794,Meridian Gourde Nomade,Meridian,CAT023,S0001,74.58,7.958,false
P004795,Zephyr Clavier Pro,Zephyr,CAT010,S0435,86.93,3.121,true
P004796,Ursa Eau de toilette Pro,Ursa,CAT018,S0296,62.71,1.190,false
P004797,Ivory Beau livre Éco,Ivory,CAT034,S0004,21.68,9.443,false
P004798,Delvia Palette Premium,Delvia,CAT019,S0136,20.36,9.824,false
P004799,Granit Vinyle Nomade,Granit,CAT035,S0139,33.28,3.609,true
P004800,Nordis Roman Éco,Nordis,CAT032,S0177,39.62,6.022,false
P004801,Orbit Chargeur Éco,Orbit,CAT012,S0419,120.96,10.111,false
P004802,Pallas Cube éducatif Essentiel,Pallas,CAT030,S0591,54.26,1.335,false
P004803,Pallas Casque vélo Compact,Pallas,CAT025,S0256,85.55,6.958,false
P004804,Terra Webcam XL,Terra,CAT010,S0459,23.35,5.160,false
P004805,Kestrel Coffret BD Ultra,Kestrel,CAT035,S0450,92.01,3.694,false
P004806,Granit Cube éducatif XL,Granit,CAT031,S0289,47.14,9.180,false
P004807,Juniper Coffret BD Ultra,Juniper,CAT032,S0004,13.63,0.672,false
P004808,Ember Veste Classic,Ember,CAT016,S0365,55.99,9.756,false
P004809,Pallas Enceinte Compact,Pallas,CAT011,S0367,92.68,1.233,false
P004810,Juniper Tapis de yoga Pro,Juniper,CAT027,S0524,24.08,9.707,false
P004811,Pallas Montre Ultra,Pallas,CAT015,S0440,65.37,0.232,false
P004812,Ursa Lampe Classic,Ursa,CAT003,S0441,89.90,6.918,false
P004813,Halcyon Sac à main Ultra,Halcyon,CAT013,S0028,212.23,4.614,false
P004814,Alvora Trottinette Nomade,Alvora,CAT030,S0549,33.93,1.621,false
P004815,Meridian Écharpe Classic,Meridian,CAT016,S0370,145.86,7.057,false
P004816,Zephyr Perceuse Compact,Zephyr,CAT039,S0503,24.44,3.800,false
P004817,Windrow Casque vélo Premium,Windrow,CAT023,S0354,58.51,9.885,false
P004818,Bexon Ceinture Éco,Bexon,CAT016,S0500,35.61,7.045,false
P004819,Vertex Trottinette Classic,Vertex,CAT031,S0534,91.25,2.666,false
P004820,Windrow Puzzle Pro,Windrow,CAT031,S0408,94.31,1.753,false
P004821,Halcyon Vinyle Classic,Halcyon,CAT035,S0139,65.81,0.513,false
P004822,Solstice Figurine XL,Solstice,CAT029,S0373,268.30,1.277,false
P004823,Terra Sneakers Éco,Terra,CAT017,S0301,62.45,9.242,false
P004824,Ivory Sac à main Signature,Ivory,CAT013,S0281,90.60,9.557,false
P004825,Pallas Perceuse Pro,Pallas,CAT039,S0387,37.63,7.862,false
P004826,Alvora Peluche XL,Alvora,CAT028,S0418,8.91,11.189,false
P004827,Meridian Haltères Ultra,Meridian,CAT024,S0524,175.24,1.752,false
P004828,Juniper Peluche Classic,Juniper,CAT028,S0457,63.71,0.926,false
P004829,Nordis Eau de toilette Classic,Nordis,CAT020,S0122,47.52,5.964,false
P004830,Granit Palette Essentiel,Granit,CAT020,S0253,166.68,1.698,false
P004831,Halcyon Ceinture Essentiel,Halcyon,CAT016,S0208,44.55,9.801,false
P004832,Solstice Lampe Éco,Solstice,CAT003,S0409,51.94,5.293,false
P004833,Terra Ceinture Compact,Terra,CAT016,S0246,154.41,5.616,false
P004834,Pallas Étagère Premium,Pallas,CAT006,S0042,68.14,6.528,false
P004835,Solstice Filtre à air Essentiel,Solstice,CAT039,S0224,160.17,10.135,false
P004836,Lumen Roman Premium,Lumen,CAT032,S0060,76.67,4.916,false
P004837,Cirrus Bâche Classic,Cirrus,CAT037,S0484,50.17,9.928,false
P004838,Ursa Filtre à air Ultra,Ursa,CAT038,S0030,132.03,9.094,false
P004839,Halcyon Chaussures de trail Premium,Halcyon,CAT026,S0192,174.17,5.517,false
P004840,Halcyon Housse de couette Nomade,Halcyon,CAT004,S0317,265.28,0.199,false
P004841,Pallas Chargeur Compact,Pallas,CAT011,S0142,59.69,3.427,false
P004842,Meridian Housse de couette Essentiel,Meridian,CAT005,S0369,20.68,4.853,false
P004843,Halcyon Bâche Signature,Halcyon,CAT038,S0341,231.43,3.773,false
P004844,Ursa Lampe Ultra,Ursa,CAT002,S0398,16.08,11.651,false
P004845,Rivage Tapis de yoga Nomade,Rivage,CAT024,S0233,66.97,3.447,false
P004846,Delvia Shampooing XL,Delvia,CAT021,S0482,47.28,3.805,false
P004847,Ursa Filtre à air Ultra,Ursa,CAT038,S0172,25.98,3.096,false
P004848,Quartz Cube éducatif Classic,Quartz,CAT029,S0389,213.39,8.392,false
P004849,Quartz Clé à cliquet Classic,Quartz,CAT039,S0448,34.90,5.640,false
P004850,Ivory Puzzle Classic,Ivory,CAT029,S0408,52.65,3.946,false
P004851,Meridian Veste XL,Meridian,CAT013,S0375,280.07,5.647,false
P004852,Halcyon Brosse Compact,Halcyon,CAT022,S0041,17.26,3.506,false
P004853,Vertex Poêle XL,Vertex,CAT004,S0040,139.50,10.822,false
P004854,Kestrel Poêle Compact,Kestrel,CAT001,S0420,10.78,7.136,false
P004855,Solstice Webcam Éco,Solstice,CAT007,S0305,72.72,7.210,false
P004856,Bexon Roman Nomade,Bexon,CAT035,S0307,44.66,8.463,false
P004857,Ivory Haltères Premium,Ivory,CAT023,S0382,138.75,9.294,false
P004858,Rivage Lampe Signature,Rivage,CAT005,S0349,46.35,10.179,false
P004859,Fjord Sérum Pro,Fjord,CAT020,S0443,17.84,11.183,false
P004860,Juniper Chemise XL,Juniper,CAT016,S0421,66.53,3.977,false
P004861,Orbit Trottinette Compact,Orbit,CAT029,S0511,82.00,11.222,false
P004862,Halcyon Vinyle Pro,Halcyon,CAT035,S0063,85.44,10.444,false
P004863,Bexon Montre connectée Nomade,Bexon,CAT007,S0402,48.51,4.241,false
P004864,Vertex Set de couverts Premium,Vertex,CAT002,S0377,110.59,8.511,false
P004865,Nordis Roman Signature,Nordis,CAT033,S0298,27.73,5.925,false
P004866,Pallas Cube éducatif Classic,Pallas,CAT028,S0401,27.02,10.814,true
P004867,Cirrus Sac de sport XL,Cirrus,CAT026,S0295,19.57,4.896,false
P004868,Lumen Crème hydratante Éco,Lumen,CAT020,S0325,84.84,9.449,false
P004869,Delvia Sneakers Premium,Delvia,CAT015,S0153,88.02,3.173,false
P004870,Halcyon Sérum Classic,Halcyon,CAT019,S0076,179.03,10.759,false
P004871,Lumen Housse de couette Essentiel,Lumen,CAT004,S0040,80.04,9.745,false
P004872,Meridian Webcam Éco,Meridian,CAT009,S0518,82.74,10.389,false
P004873,Cirrus Jeu de plateau Essentiel,Cirrus,CAT028,S0366,78.66,10.616,true
P004874,Fjord Tapis de yoga Essentiel,Fjord,CAT024,S0506,85.48,3.094,false
P004875,Lumen Gourde Nomade,Lumen,CAT026,S0079,81.07,2.718,false
P004876,Granit Sac de sport Éco,Granit,CAT025,S0119,15.09,10.123,true
P004877,Vertex Nettoyant jantes Premium,Vertex,CAT036,S0229,4.52,1.259,false
P004878,Quartz Chemise XL,Quartz,CAT015,S0197,60.15,2.949,false
P004879,Orbit Arrosoir Éco,Orbit,CAT006,S0251,63.60,2.894,false
P004880,Terra Coffret BD Classic,Terra,CAT033,S0431,55.27,1.866,false
P004881,Juniper Sac à main XL,Juniper,CAT016,S0028,115.66,2.595,false
P004882,Windrow Sérum Nomade,Windrow,CAT020,S0507,10.19,3.742,false
P004883,Meridian Sneakers XL,Meridian,CAT016,S0222,91.65,11.077,false
P004884,Kestrel Bouilloire XL,Kestrel,CAT001,S0107,7.46,7.708,false
P004885,Nordis Bouilloire Signature,Nordis,CAT005,S0350,30.46,1.908,true
P004886,Orbit Sac à main Classic,Orbit,CAT017,S0301,47.54,0.813,false
P004887,Fjord Montre connectée Essentiel,Fjord,CAT008,S0307,11.05,4.222,false
P004888,Ivory Vinyle Nomade,Ivory,CAT034,S0563,54.14,1.037,false
P004889,Kestrel Crème hydratante Classic,Kestrel,CAT022,S0504,48.50,6.718,false
P004890,Ember Crème hydratante Signature,Ember,CAT021,S0595,260.03,10.549,false
P004891,Juniper Set de couverts Compact,Juniper,CAT001,S0281,75.04,3.698,false
P004892,Halcyon Écharpe Premium,Halcyon,CAT014,S0422,87.32,7.593,false
P004893,Ember Bouilloire XL,Ember,CAT006,S0115,59.99,5.535,false
P004894,Vertex Poêle Premium,Vertex,CAT005,S0196,6.10,11.867,false
P004895,Nordis Filtre à air Pro,Nordis,CAT038,S0133,127.55,7.035,false
P004896,Quartz Puzzle Essentiel,Quartz,CAT031,S0425,55.46,10.783,false
P004897,Windrow Bâche Nomade,Windrow,CAT037,S0106,262.83,11.269,false
P004898,Nordis Housse de couette Nomade,Nordis,CAT003,S0363,61.78,7.629,false
P004899,Granit Bouilloire Nomade,Granit,CAT003,S0551,238.69,10.016,false
P004900,Pallas Eau de toilette Pro,Pallas,CAT020,S0262,49.39,10.995,false
P004901,Rivage Chaussures de trail Pro,Rivage,CAT023,S0523,104.22,11.190,false
P004902,Nordis Casque vélo Signature,Nordis,CAT023,S0186,70.52,10.792,false
P004903,Halcyon Set de couverts XL,Halcyon,CAT005,S0278,236.04,9.537,false
P004904,Granit Trottinette Essentiel,Granit,CAT028,S0446,38.16,3.862,false
P004905,Delvia Bâche Premium,Delvia,CAT036,S0397,45.07,2.006,false
P004906,Orbit Lampe Premium,Orbit,CAT004,S0487,20.09,3.343,false
P004907,Bexon Brosse Classic,Bexon,CAT020,S0507,9.83,6.632,false
P004908,Rivage Écharpe Classic,Rivage,CAT017,S0484,18.88,8.721,false
P004909,Vertex Étagère Pro,Vertex,CAT003,S0585,62.72,6.242,false
P004910,Vertex Trottinette Pro,Vertex,CAT031,S0594,44.98,1.014,true
P004911,Nordis Arrosoir Nomade,Nordis,CAT006,S0368,74.00,2.031,false
P004912,Cirrus Bouilloire Compact,Cirrus,CAT002,S0592,68.66,2.910,false
P004913,Solstice Gourde Nomade,Solstice,CAT024,S0254,81.51,3.407,false
P004914,Kestrel Bâche Ultra,Kestrel,CAT038,S0175,135.86,5.077,false
P004915,Quartz Shampooing Compact,Quartz,CAT020,S0193,194.99,4.286,false
P004916,Bexon Palette Signature,Bexon,CAT020,S0053,90.51,7.738,false
P004917,Pallas Manuel XL,Pallas,CAT035,S0309,35.49,1.289,false
P004918,Vertex Coffret BD Essentiel,Vertex,CAT035,S0225,125.29,4.740,false
P004919,Granit Cube éducatif Pro,Granit,CAT031,S0264,30.25,8.010,false
P004920,Lumen Shampooing Pro,Lumen,CAT018,S0318,159.33,3.672,false
P004921,Windrow Manuel Ultra,Windrow,CAT033,S0270,62.09,4.194,false
P004922,Ivory Coffret BD Éco,Ivory,CAT032,S0053,48.42,2.217,false
P004923,Juniper Lampe Premium,Juniper,CAT006,S0349,161.77,3.986,false
P004924,Zephyr Montre connectée Éco,Zephyr,CAT012,S0231,88.03,9.921,false
P004925,Granit Vinyle Signature,Granit,CAT032,S0177,76.09,0.436,false
P004926,Meridian Montre Premium,Meridian,CAT017,S0371,53.11,2.033,false
P004927,Solstice Chaussures de trail Éco,Solstice,CAT024,S0428,42.18,10.193,false
P004928,Quartz Clé à cliquet Ultra,Quartz,CAT039,S0305,53.90,1.118,false
P004929,Rivage Sérum Classic,Rivage,CAT021,S0360,111.18,6.640,false
P004930,Ivory Chemise Compact,Ivory,CAT013,S0555,60.62,5.020,false
P004931,Cirrus Crème hydratante Nomade,Cirrus,CAT020,S0323,38.66,4.383,false
P004932,Ivory Bâche Compact,Ivory,CAT038,S0017,73.27,6.153,false
P004933,Nordis Manuel Ultra,Nordis,CAT034,S0392,77.50,11.806,false
P004934,Delvia Cube éducatif Compact,Delvia,CAT031,S0425,147.44,11.003,true
P004935,Orbit Gourde Éco,Orbit,CAT025,S0474,23.04,10.798,false
P004936,Solstice Casque vélo Nomade,Solstice,CAT025,S0524,178.61,3.099,false
P004937,Granit Manuel Premium,Granit,CAT032,S0362,73.48,3.250,false
P004938,Quartz Chargeur Éco,Quartz,CAT007,S0142,4.85,9.225,true
P004939,Lumen Coffret BD Ultra,Lumen,CAT032,S0004,31.39,4.089,false
P004940,Orbit Enceinte XL,Orbit,CAT009,S0537,11.08,2.102,false
P004941,Juniper Palette Éco,Juniper,CAT022,S0076,135.75,10.547,false
P004942,Orbit Clavier Signature,Orbit,CAT008,S0530,141.42,4.428,false
P004943,Pallas Vinyle Premium,Pallas,CAT034,S0029,41.32,4.644,false
P004944,Halcyon Vinyle Nomade,Halcyon,CAT032,S0177,19.74,0.828,false
P004945,Cirrus Eau de toilette Pro,Cirrus,CAT019,S0217,27.00,5.326,false
P004946,Terra Sac de sport Essentiel,Terra,CAT026,S0308,25.02,2.286,false
P004947,Pallas Étagère Premium,Pallas,CAT002,S0039,92.62,8.819,false
P004948,Granit Figurine Pro,Granit,CAT031,S0567,91.19,4.061,false
P004949,Lumen Housse de couette Ultra,Lumen,CAT003,S0161,22.86,3.750,true
P004950,Alvora Crème hydratante XL,Alvora,CAT021,S0462,28.14,9.187,false
P004951,Halcyon Poêle Classic,Halcyon,CAT002,S0306,210.45,3.225,false
P004952,Rivage Peluche Pro,Rivage,CAT029,S0457,83.89,0.348,false
P004953,Nordis Clé à cliquet XL,Nordis,CAT036,S0155,85.69,4.622,false
P004954,Pallas Roman Ultra,Pallas,CAT035,S0110,47.46,3.700,false
P004955,Zephyr Eau de toilette XL,Zephyr,CAT019,S0113,40.74,0.249,false
P004956,Juniper Cube éducatif Éco,Juniper,CAT028,S0381,50.25,5.791,false
P004957,Rivage Brosse Classic,Rivage,CAT019,S0214,64.67,6.338,false
P004958,Bexon Jeu de plateau Nomade,Bexon,CAT031,S0558,27.31,11.314,false
P004959,Alvora Crème hydratante Compact,Alvora,CAT022,S0015,65.22,9.321,false
P004960,Ivory Perceuse Pro,Ivory,CAT036,S0315,153.26,2.015,false
P004961,Windrow Bouilloire Nomade,Windrow,CAT006,S0573,92.42,5.466,false
P004962,Ursa Haltères Ultra,Ursa,CAT026,S0254,16.59,1.222,false
P004963,Meridian Nettoyant jantes Premium,Meridian,CAT038,S0312,43.50,3.164,false
P004964,Orbit Clavier Nomade,Orbit,CAT007,S0283,36.29,6.508,false
P004965,Cirrus Sérum Nomade,Cirrus,CAT021,S0062,70.13,3.634,false
P004966,Delvia Roman Éco,Delvia,CAT034,S0139,34.72,2.440,false
P004967,Vertex Clé à cliquet Signature,Vertex,CAT037,S0181,152.52,2.865,false
P004968,Halcyon Sérum Nomade,Halcyon,CAT018,S0576,13.88,5.998,false
P004969,Meridian Puzzle Classic,Meridian,CAT031,S0271,68.36,8.084,false
P004970,Zephyr Clé à cliquet Nomade,Zephyr,CAT036,S0224,4.95,4.635,false
P004971,Windrow Manuel Essentiel,Windrow,CAT033,S0392,62.77,10.376,false
P004972,Kestrel Casque XL,Kestrel,CAT010,S0512,114.95,8.299,false
P004973,Orbit Casque vélo Classic,Orbit,CAT024,S0297,132.09,10.188,false
P004974,Alvora Bâche Classic,Alvora,CAT036,S0448,44.12,4.558,false
P004975,Terra Palette Essentiel,Terra,CAT020,S0582,32.88,9.096,false
P004976,Windrow Écharpe Éco,Windrow,CAT014,S0223,19.48,6.580,false
P004977,Fjord Peluche Classic,Fjord,CAT030,S0457,11.08,9.880,false
P004978,Rivage Casque vélo Signature,Rivage,CAT025,S0157,59.36,6.796,false
P004979,Nordis Crème hydratante Essentiel,Nordis,CAT020,S0027,21.69,5.038,false
P004980,Lumen Figurine Signature,Lumen,CAT028,S0443,5.05,3.507,false
P004981,Granit Souris Compact,Granit,CAT007,S0419,30.47,10.759,false
P004982,Quartz Ceinture Ultra,Quartz,CAT014,S0307,73.87,7.398,false
P004983,Granit Bâche Nomade,Granit,CAT036,S0542,106.58,1.838,false
P004984,Bexon Clé à cliquet Signature,Bexon,CAT038,S0131,141.70,4.224,false
P004985,Solstice Shampooing Signature,Solstice,CAT020,S0015,205.56,10.756,true
P004986,Meridian Beau livre Classic,Meridian,CAT032,S0139,70.14,7.194,false
P004987,Ember Chargeur Premium,Ember,CAT007,S0562,76.74,7.850,false
P004988,Rivage Nettoyant jantes Classic,Rivage,CAT039,S0322,52.27,7.016,false
P004989,Meridian Casque Pro,Meridian,CAT010,S0140,101.53,10.832,false
P004990,Terra Chargeur Classic,Terra,CAT009,S0595,42.09,11.804,true
P004991,Lumen Housse de couette Ultra,Lumen,CAT006,S0372,22.77,5.935,false
P004992,Quartz Crème hydratante Ultra,Quartz,CAT022,S0101,91.58,1.032,false
P004993,Nordis Montre Pro,Nordis,CAT016,S0301,162.47,7.536,false
P004994,Nordis Lampe XL,Nordis,CAT003,S0178,39.35,11.420,false
P004995,Kestrel Écharpe XL,Kestrel,CAT013,S0498,33.45,1.412,false
P004996,Quartz Haltères Classic,Quartz,CAT023,S0021,226.63,11.583,false
P004997,Bexon Webcam Signature,Bexon,CAT008,S0511,163.71,6.510,false
P004998,Windrow Eau de toilette Nomade,Windrow,CAT021,S0108,34.67,5.023,false
P004999,Meridian Figurine Nomade,Meridian,CAT030,S0337,37.41,7.283,false
P005000,Bexon Lampe Signature,Bexon,CAT002,S0006,119.48,11.759,false
P005001,Ivory Trottinette Classic,Ivory,CAT029,S0149,8.17,2.935,true
P005002,Solstice Manuel Pro,Solstice,CAT034,S0545,23.78,3.720,false
P005003,Ursa Clé à cliquet Nomade,Ursa,CAT037,S0023,39.19,7.760,false
P005004,Ember Veste Éco,Ember,CAT014,S0125,99.86,5.172,false
P005005,Ivory Eau de toilette XL,Ivory,CAT022,S0296,23.65,11.118,false
P005006,Orbit Lampe Pro,Orbit,CAT004,S0418,13.30,4.051,false
P005007,Nordis Manuel Compact,Nordis,CAT034,S0301,67.88,4.612,false
P005008,Fjord Vinyle Premium,Fjord,CAT034,S0304,183.03,5.429,false
P005009,Nordis Chargeur Pro,Nordis,CAT010,S0373,182.25,10.994,false
P005010,Windrow Sneakers Pro,Windrow,CAT017,S0109,21.60,11.130,false
P005011,Quartz Montre XL,Quartz,CAT016,S0568,131.45,8.927,false
P005012,Alvora Beau livre Compact,Alvora,CAT034,S0443,21.68,3.492,false
P005013,Delvia Bouilloire Essentiel,Delvia,CAT006,S0245,34.97,9.765,false
P005014,Zephyr Crème hydratante Nomade,Zephyr,CAT020,S0253,75.49,11.936,false
P005015,Orbit Vinyle Premium,Orbit,CAT033,S0054,87.01,6.402,false
P005016,Delvia Beau livre Signature,Delvia,CAT035,S0309,69.12,7.523,false
P005017,Granit Montre Nomade,Granit,CAT017,S0237,42.83,3.031,false
P005018,Alvora Casque vélo Pro,Alvora,CAT027,S0394,62.81,3.852,false
P005019,Alvora Set de couverts Premium,Alvora,CAT005,S0083,17.50,11.231,false
P005020,Bexon Webcam Compact,Bexon,CAT007,S0437,12.76,10.428,false
P005021,Cirrus Sérum Compact,Cirrus,CAT019,S0434,35.29,8.378,false
P005022,Solstice Peluche Ultra,Solstice,CAT031,S0274,105.38,2.139,true
P005023,Vertex Montre Signature,Vertex,CAT015,S0545,29.49,4.255,false
P005024,Bexon Perceuse Éco,Bexon,CAT039,S0155,39.94,5.512,false
P005025,Cirrus Montre connectée Compact,Cirrus,CAT011,S0530,193.54,3.597,true
P005026,Vertex Brosse Signature,Vertex,CAT020,S0368,45.89,10.242,false
P005027,Ursa Poêle Compact,Ursa,CAT002,S0564,30.91,0.100,false
P005028,Solstice Haltères Éco,Solstice,CAT024,S0330,21.08,6.252,false
P005029,Meridian Chaussures de trail Nomade,Meridian,CAT026,S0081,72.34,4.781,false
P005030,Ursa Housse de couette XL,Ursa,CAT002,S0036,121.29,3.683,true
P005031,Kestrel Enceinte Nomade,Kestrel,CAT007,S0378,99.76,0.805,false
P005032,Nordis Palette Classic,Nordis,CAT020,S0094,97.81,11.700,true
P005033,Fjord Sac de sport Ultra,Fjord,CAT024,S0286,149.88,2.404,false
P005034,Kestrel Coffret BD Pro,Kestrel,CAT034,S0183,15.92,6.946,false
P005035,Granit Chemise Éco,Granit,CAT013,S0263,83.73,4.818,false
P005036,Cirrus Poêle Ultra,Cirrus,CAT001,S0453,31.71,4.893,true
P005037,Meridian Arrosoir Essentiel,Meridian,CAT003,S0483,262.65,9.928,false
P005038,Bexon Trottinette Premium,Bexon,CAT030,S0188,137.16,0.499,false
P005039,Zephyr Écharpe Ultra,Zephyr,CAT014,S0244,38.33,10.319,false
P005040,Delvia Écharpe Signature,Delvia,CAT017,S0413,86.84,11.050,false
P005041,Meridian Chemise Compact,Meridian,CAT016,S0491,90.99,11.769,false
P005042,Bexon Crème hydratante Classic,Bexon,CAT018,S0236,69.82,5.977,false
P005043,Terra Figurine Éco,Terra,CAT031,S0244,50.25,3.405,false
P005044,Ursa Coffret BD Éco,Ursa,CAT034,S0509,92.89,10.046,false
P005045,Zephyr Puzzle Éco,Zephyr,CAT029,S0389,94.74,5.714,false
P005046,Quartz Sac de sport Nomade,Quartz,CAT023,S0310,17.22,11.366,false
P005047,Windrow Coffret BD Signature,Windrow,CAT032,S0361,84.84,9.013,false
P005048,Fjord Enceinte Signature,Fjord,CAT010,S0231,154.57,3.600,false
P005049,Quartz Palette Nomade,Quartz,CAT022,S0493,24.74,5.607,false
P005050,Meridian Veste Pro,Meridian,CAT016,S0575,68.64,11.755,false
P005051,Ember Arrosoir Premium,Ember,CAT005,S0514,66.64,5.498,false
P005052,Windrow Filtre à air Signature,Windrow,CAT037,S0353,76.21,3.322,false
P005053,Zephyr Lampe Nomade,Zephyr,CAT006,S0144,57.69,5.784,false
P005054,Ivory Ceinture XL,Ivory,CAT015,S0589,115.28,11.318,false
P005055,Ursa Veste Pro,Ursa,CAT014,S0074,29.76,6.615,false
P005056,Kestrel Palette Éco,Kestrel,CAT022,S0550,93.16,10.969,false
P005057,Pallas Vinyle Compact,Pallas,CAT035,S0311,34.41,4.286,false
P005058,Meridian Figurine XL,Meridian,CAT030,S0078,92.01,7.724,true
P005059,Windrow Sneakers Éco,Windrow,CAT015,S0523,6.77,8.861,false
P005060,Juniper Écharpe Pro,Juniper,CAT014,S0584,91.38,8.163,false
P005061,Kestrel Arrosoir Premium,Kestrel,CAT005,S0009,52.56,9.768,true
P005062,Meridian Brosse Compact,Meridian,CAT018,S0136,82.52,2.885,false
P005063,Lumen Haltères Premium,Lumen,CAT024,S0525,93.23,3.114,false
P005064,Nordis Set de couverts Ultra,Nordis,CAT005,S0573,62.04,2.752,false
P005065,Rivage Arrosoir Ultra,Rivage,CAT004,S0407,265.26,5.927,false
P005066,Cirrus Tapis de yoga Pro,Cirrus,CAT026,S0185,192.70,3.888,false
P005067,Nordis Gourde Pro,Nordis,CAT026,S0119,20.93,0.917,false
P005068,Rivage Gourde Compact,Rivage,CAT025,S0295,68.75,5.091,false
P005069,Alvora Webcam Essentiel,Alvora,CAT011,S0530,6.26,7.535,false
P005070,Windrow Gourde Essentiel,Windrow,CAT023,S0187,157.91,6.739,false
P005071,Quartz Trottinette XL,Quartz,CAT031,S0594,68.67,4.435,false
P005072,Quartz Webcam Pro,Quartz,CAT012,S0529,84.49,7.577,false
P005073,Cirrus Cube éducatif XL,Cirrus,CAT028,S0492,178.39,5.087,false
P005074,Pallas Housse de couette XL,Pallas,CAT001,S0420,140.71,5.370,false
P005075,Bexon Montre connectée Classic,Bexon,CAT011,S0045,111.83,2.315,false
P005076,Windrow Étagère Ultra,Windrow,CAT002,S0529,12.20,11.377,false
P005077,Ember Sac à main Signature,Ember,CAT016,S0179,40.75,1.750,false
P005078,Solstice Bâche Éco,Solstice,CAT038,S0571,183.66,6.094,false
P005079,Orbit Montre connectée Classic,Orbit,CAT009,S0222,7.12,6.864,false
P005080,Granit Trottinette Signature,Granit,CAT030,S0480,70.87,6.292,false
P005081,Zephyr Veste Ultra,Zephyr,CAT015,S0354,59.75,6.215,false
P005082,Solstice Sac à main Compact,Solstice,CAT017,S0315,92.95,10.884,false
P005083,Zephyr Cube éducatif Éco,Zephyr,CAT030,S0470,38.96,7.872,false
P005084,Solstice Jeu de plateau Éco,Solstice,CAT030,S0373,21.73,7.542,false
P005085,Cirrus Webcam Pro,Cirrus,CAT007,S0030,98.27,4.446,true
P005086,Kestrel Eau de toilette Signature,Kestrel,CAT019,S0163,36.02,9.217,false
P005087,Quartz Montre connectée Essentiel,Quartz,CAT011,S0503,110.83,4.339,false
P005088,Quartz Roman Pro,Quartz,CAT033,S0104,23.81,9.001,false
P005089,Pallas Peluche Éco,Pallas,CAT031,S0388,61.69,3.437,false
P005090,Ivory Bouilloire Premium,Ivory,CAT003,S0585,28.17,8.909,false
P005091,Terra Roman Signature,Terra,CAT035,S0577,159.81,3.018,true
P005092,Kestrel Housse de couette Signature,Kestrel,CAT004,S0178,45.75,7.302,false
P005093,Meridian Souris Éco,Meridian,CAT010,S0567,71.20,4.997,false
P005094,Zephyr Filtre à air Ultra,Zephyr,CAT038,S0436,54.79,3.020,false
P005095,Ivory Palette Classic,Ivory,CAT020,S0493,177.56,2.085,false
P005096,Rivage Filtre à air Ultra,Rivage,CAT038,S0391,57.28,0.221,false
P005097,Solstice Chemise Premium,Solstice,CAT017,S0370,249.59,5.425,false
P005098,Fjord Eau de toilette XL,Fjord,CAT018,S0219,99.66,6.920,false
P005099,Meridian Brosse Classic,Meridian,CAT019,S0582,23.40,1.899,false
P005100,Windrow Figurine Ultra,Windrow,CAT031,S0337,75.32,3.457,false
P005101,Solstice Vinyle Ultra,Solstice,CAT035,S0467,33.21,11.288,false
P005102,Alvora Lampe Premium,Alvora,CAT004,S0421,76.09,8.698,false
P005103,Meridian Cube éducatif Éco,Meridian,CAT029,S0274,20.06,4.460,false
P005104,Rivage Crème hydratante Premium,Rivage,CAT022,S0317,41.63,6.459,false
P005105,Halcyon Crème hydratante XL,Halcyon,CAT018,S0576,137.49,10.792,false
P005106,Ursa Montre connectée Premium,Ursa,CAT011,S0578,16.41,8.601,false
P005107,Terra Veste Signature,Terra,CAT013,S0234,68.95,9.596,true
P005108,Windrow Chaussures de trail Essentiel,Windrow,CAT026,S0297,274.06,9.786,false
P005109,Kestrel Roman Premium,Kestrel,CAT034,S0137,168.74,3.899,false
P005110,Orbit Sac à main Classic,Orbit,CAT013,S0440,76.29,11.836,false
P005111,Vertex Arrosoir Éco,Vertex,CAT002,S0302,24.67,9.346,false
P005112,Kestrel Montre Premium,Kestrel,CAT016,S0417,238.30,0.646,false
P005113,Windrow Étagère Classic,Windrow,CAT004,S0556,48.92,10.736,false
P005114,Ursa Sac de sport Ultra,Ursa,CAT027,S0578,31.52,7.637,false
P005115,Fjord Manuel Compact,Fjord,CAT032,S0160,174.92,5.823,false
P005116,Granit Casque vélo Signature,Granit,CAT026,S0381,33.19,11.948,false
P005117,Granit Sérum Signature,Granit,CAT021,S0062,66.53,9.010,false
P005118,Ember Eau de toilette Essentiel,Ember,CAT021,S0364,88.55,4.842,false
P005119,Vertex Crème hydratante Signature,Vertex,CAT022,S0462,31.12,4.174,false
P005120,Rivage Puzzle Ultra,Rivage,CAT029,S0492,89.57,6.620,false
P005121,Kestrel Puzzle Pro,Kestrel,CAT031,S0572,38.65,3.625,false
P005122,Quartz Chargeur Compact,Quartz,CAT010,S0421,152.31,11.518,false
P005123,Meridian Coffret BD XL,Meridian,CAT035,S0174,5.83,5.762,false
P005124,Zephyr Montre connectée Nomade,Zephyr,CAT009,S0121,86.04,3.752,false
P005125,Kestrel Montre Compact,Kestrel,CAT016,S0243,70.57,5.500,true
P005126,Zephyr Ceinture Ultra,Zephyr,CAT013,S0429,32.14,2.037,false
P005127,Rivage Poêle Signature,Rivage,CAT005,S0466,11.69,6.107,false
P005128,Granit Bouilloire Compact,Granit,CAT001,S0522,91.73,5.546,false
P005129,Quartz Clavier Premium,Quartz,CAT010,S0035,32.72,0.639,false
P005130,Alvora Eau de toilette Nomade,Alvora,CAT022,S0463,94.31,10.709,false
P005131,Meridian Ceinture Signature,Meridian,CAT016,S0282,143.02,7.008,true
P005132,Meridian Bâche Premium,Meridian,CAT036,S0275,150.22,8.149,false
P005133,Ivory Haltères Éco,Ivory,CAT026,S0238,23.81,10.768,false
P005134,Ember Étagère Pro,Ember,CAT005,S0277,73.14,2.810,false
P005135,Nordis Chaussures de trail Premium,Nordis,CAT025,S0254,123.15,4.574,false
P005136,Nordis Shampooing Pro,Nordis,CAT020,S0599,79.84,7.349,false
P005137,Pallas Lampe Signature,Pallas,CAT004,S0589,46.27,9.999,true
P005138,Alvora Housse de couette Signature,Alvora,CAT002,S0548,106.08,4.627,false
P005139,Vertex Peluche Signature,Vertex,CAT031,S0274,5.66,4.095,false
P005140,Juniper Perceuse Ultra,Juniper,CAT036,S0553,89.36,2.255,false
P005141,Windrow Bouilloire Compact,Windrow,CAT004,S0158,46.50,5.728,false
P005142,Terra Veste Premium,Terra,CAT015,S0456,167.64,7.966,false
P005143,Kestrel Haltères Essentiel,Kestrel,CAT023,S0310,45.52,4.245,false
P005144,Solstice Figurine Essentiel,Solstice,CAT031,S0161,36.35,2.046,false
P005145,Fjord Bouilloire Essentiel,Fjord,CAT004,S0008,16.51,6.676,true
P005146,Delvia Étagère Premium,Delvia,CAT003,S0294,158.53,6.939,false
P005147,Ursa Webcam Pro,Ursa,CAT008,S0135,70.96,7.890,false
P005148,Lumen Jeu de plateau Essentiel,Lumen,CAT028,S0594,238.47,3.705,false
P005149,Granit Roman Ultra,Granit,CAT033,S0570,21.28,9.951,false
P005150,Windrow Trottinette Éco,Windrow,CAT030,S0451,54.64,4.628,false
P005151,Windrow Perceuse Éco,Windrow,CAT036,S0175,53.31,7.424,false
P005152,Rivage Étagère Ultra,Rivage,CAT006,S0168,63.13,4.799,false
P005153,Solstice Vinyle Premium,Solstice,CAT035,S0359,17.16,10.540,false
P005154,Ivory Jeu de plateau Classic,Ivory,CAT028,S0491,220.68,10.322,false
P005155,Lumen Peluche Essentiel,Lumen,CAT029,S0458,184.55,3.442,false
P005156,Bexon Eau de toilette Compact,Bexon,CAT021,S0574,36.12,9.781,false
P005157,Windrow Beau livre Essentiel,Windrow,CAT035,S0572,38.37,2.052,false
P005158,Ursa Nettoyant jantes Classic,Ursa,CAT038,S0353,28.00,0.617,false
P005159,Orbit Vinyle Ultra,Orbit,CAT035,S0311,11.93,3.594,false
P005160,Juniper Souris XL,Juniper,CAT007,S0017,62.24,3.806,true
P005161,Rivage Cube éducatif Pro,Rivage,CAT030,S0151,131.67,4.090,false
P005162,Solstice Montre Signature,Solstice,CAT013,S0575,19.64,7.643,false
P005163,Terra Shampooing Compact,Terra,CAT020,S0521,69.16,7.854,false
P005164,Rivage Poêle Compact,Rivage,CAT002,S0162,29.05,4.616,false
P005165,Lumen Puzzle Ultra,Lumen,CAT031,S0389,71.90,7.647,false
P005166,Halcyon Poêle XL,Halcyon,CAT003,S0278,127.44,5.185,false
P005167,Kestrel Enceinte Nomade,Kestrel,CAT011,S0539,89.85,5.562,false
P005168,Orbit Trottinette Essentiel,Orbit,CAT030,S0078,5.63,3.718,false
P005169,Solstice Jeu de plateau Ultra,Solstice,CAT029,S0288,52.06,9.637,false
P005170,Zephyr Webcam Essentiel,Zephyr,CAT012,S0471,29.15,2.148,false
P005171,Vertex Nettoyant jantes Nomade,Vertex,CAT039,S0394,226.72,6.066,false
P005172,Delvia Roman Essentiel,Delvia,CAT035,S0577,79.34,9.513,false
P005173,Orbit Cube éducatif Premium,Orbit,CAT028,S0167,168.48,0.103,false
P005174,Solstice Chemise Nomade,Solstice,CAT015,S0422,70.91,6.291,false
P005175,Ember Sneakers XL,Ember,CAT014,S0422,201.31,2.723,false
P005176,Ivory Filtre à air Compact,Ivory,CAT036,S0293,40.95,5.336,false
P005177,Windrow Ceinture Compact,Windrow,CAT014,S0011,9.69,11.778,false
P005178,Terra Ceinture Classic,Terra,CAT017,S0064,91.92,9.412,false
P005179,Kestrel Palette Essentiel,Kestrel,CAT021,S0521,68.07,2.954,false
P005180,Rivage Jeu de plateau Nomade,Rivage,CAT028,S0034,53.41,11.450,true
P005181,Quartz Tapis de yoga XL,Quartz,CAT027,S0241,55.48,1.896,false
P005182,Fjord Chemise Essentiel,Fjord,CAT015,S0130,19.04,8.390,false
P005183,Granit Écharpe Compact,Granit,CAT015,S0031,31.40,6.784,true
P005184,Cirrus Chaussures de trail XL,Cirrus,CAT025,S0136,159.50,11.070,false
P005185,Terra Ceinture Compact,Terra,CAT017,S0584,136.38,7.545,false
P005186,Cirrus Bâche Nomade,Cirrus,CAT037,S0353,46.68,0.789,false
P005187,Rivage Vinyle Signature,Rivage,CAT033,S0160,140.34,8.404,true
P005188,Bexon Coffret BD Éco,Bexon,CAT033,S0214,62.03,4.276,false
P005189,Rivage Sérum Nomade,Rivage,CAT021,S0576,5.23,3.804,false
P005190,Granit Casque vélo Essentiel,Granit,CAT027,S0256,86.52,3.920,false
P005191,Fjord Webcam Éco,Fjord,CAT011,S0494,42.75,6.907,false
P005192,Zephyr Chargeur Compact,Zephyr,CAT012,S0171,92.04,6.967,false
P005193,Rivage Enceinte Ultra,Rivage,CAT012,S0071,11.99,9.897,false
P005194,Juniper Palette Signature,Juniper,CAT019,S0352,75.25,10.495,false
P005195,Rivage Nettoyant jantes Classic,Rivage,CAT037,S0436,59.36,1.348,false
P005196,Ursa Housse de couette Pro,Ursa,CAT004,S0200,70.99,4.395,false
P005197,Bexon Set de couverts Pro,Bexon,CAT001,S0250,26.83,4.729,false
P005198,Terra Sac à main Premium,Terra,CAT017,S0272,28.53,4.939,false
P005199,Ember Beau livre Essentiel,Ember,CAT035,S0343,23.21,10.727,false
P005200,Meridian Shampooing Ultra,Meridian,CAT021,S0052,52.57,5.995,false
P005201,Meridian Poêle Ultra,Meridian,CAT006,S0475,93.04,5.512,false
P005202,Vertex Jeu de plateau Classic,Vertex,CAT029,S0381,43.08,1.238,false
P005203,Pallas Housse de couette Pro,Pallas,CAT003,S0545,55.73,4.251,false
P005204,Nordis Montre Nomade,Nordis,CAT013,S0491,75.60,0.156,false
P005205,Zephyr Ceinture XL,Zephyr,CAT017,S0465,32.86,8.751,true
P005206,Bexon Sac de sport XL,Bexon,CAT025,S0484,183.17,4.962,false
P005207,Halcyon Sérum Compact,Halcyon,CAT018,S0273,20.45,7.435,false
P005208,Ember Filtre à air Premium,Ember,CAT037,S0155,72.52,11.703,false
P005209,Delvia Eau de toilette Premium,Delvia,CAT018,S0145,50.66,11.583,false
P005210,Terra Roman Classic,Terra,CAT032,S0154,20.49,1.066,true
P005211,Bexon Roman Pro,Bexon,CAT033,S0450,34.54,9.367,false
P005212,Ivory Filtre à air Essentiel,Ivory,CAT037,S0102,78.82,4.332,false
P005213,Alvora Veste Pro,Alvora,CAT016,S0563,31.62,2.154,false
P005214,Ursa Filtre à air Signature,Ursa,CAT036,S0568,149.29,4.735,false
P005215,Lumen Enceinte Classic,Lumen,CAT011,S0065,92.97,9.157,false
P005216,Lumen Puzzle Éco,Lumen,CAT029,S0082,69.03,1.149,false
P005217,Fjord Trottinette Nomade,Fjord,CAT029,S0492,92.44,2.148,false
P005218,Vertex Housse de couette Compact,Vertex,CAT001,S0191,51.61,4.289,true
P005219,Windrow Étagère XL,Windrow,CAT004,S0042,6.17,7.136,false
P005220,Lumen Webcam XL,Lumen,CAT011,S0142,8.85,1.703,false
P005221,Alvora Écharpe Premium,Alvora,CAT015,S0453,142.24,3.914,false
P005222,Juniper Jeu de plateau XL,Juniper,CAT030,S0151,93.94,4.441,false
P005223,Alvora Eau de toilette Essentiel,Alvora,CAT022,S0463,52.78,7.406,false
P005224,Pallas Montre Classic,Pallas,CAT013,S0454,15.19,1.670,false
P005225,Fjord Filtre à air Signature,Fjord,CAT036,S0396,87.58,6.052,false
P005226,Orbit Jeu de plateau Compact,Orbit,CAT030,S0149,33.55,6.811,false
P005227,Alvora Brosse Pro,Alvora,CAT019,S0108,167.83,7.769,false
P005228,Zephyr Sérum XL,Zephyr,CAT021,S0595,51.14,4.044,false
P005229,Solstice Set de couverts Ultra,Solstice,CAT001,S0396,66.66,4.417,false
P005230,Vertex Casque Compact,Vertex,CAT007,S0048,27.02,2.721,false
P005231,Delvia Chaussures de trail Pro,Delvia,CAT023,S0513,26.33,5.139,false
P005232,Pallas Casque Premium,Pallas,CAT012,S0068,48.09,0.622,false
P005233,Bexon Shampooing Classic,Bexon,CAT021,S0504,19.48,0.161,false
P005234,Rivage Souris Nomade,Rivage,CAT010,S0209,42.27,9.506,false
P005235,Halcyon Casque vélo Premium,Halcyon,CAT025,S0287,160.95,7.981,false
P005236,Ember Coffret BD XL,Ember,CAT035,S0020,62.20,0.654,false
P005237,Alvora Bâche Nomade,Alvora,CAT036,S0123,101.50,9.506,false
P005238,Ivory Trottinette Compact,Ivory,CAT031,S0462,43.22,2.602,false
P005239,Granit Perceuse Nomade,Granit,CAT039,S0210,72.04,11.619,false
P005240,Quartz Lampe Classic,Quartz,CAT001,S0326,42.76,8.401,false
P005241,Pallas Palette Premium,Pallas,CAT021,S0352,49.51,3.168,false
P005242,Ursa Enceinte Ultra,Ursa,CAT011,S0459,31.53,11.338,false
P005243,Terra Haltères Classic,Terra,CAT024,S0031,52.74,3.482,false
P005244,Rivage Filtre à air Pro,Rivage,CAT039,S0046,36.25,6.727,false
P005245,Terra Eau de toilette Nomade,Terra,CAT018,S0135,44.44,3.233,false
P005246,Bexon Clavier Ultra,Bexon,CAT010,S0367,122.38,8.482,false
P005247,Ivory Vinyle Classic,Ivory,CAT034,S0309,44.58,2.549,false
P005248,Solstice Sneakers Ultra,Solstice,CAT015,S0282,90.99,2.189,false
P005249,Rivage Lampe Signature,Rivage,CAT004,S0396,42.67,4.390,false
P005250,Terra Perceuse Premium,Terra,CAT038,S0268,12.63,3.341,false
P005251,Fjord Coffret BD Classic,Fjord,CAT034,S0020,93.00,4.026,false
P005252,Granit Manuel XL,Granit,CAT034,S0019,28.78,3.523,false
P005253,Alvora Jeu de plateau Nomade,Alvora,CAT030,S0244,41.39,0.285,false
P005254,Solstice Sérum XL,Solstice,CAT022,S0165,23.27,6.105,false
P005255,Meridian Palette Signature,Meridian,CAT021,S0323,93.73,8.110,false
P005256,Solstice Palette Compact,Solstice,CAT022,S0444,29.50,8.705,false
P005257,Orbit Filtre à air Pro,Orbit,CAT039,S0568,104.84,0.580,false
P005258,Pallas Figurine Signature,Pallas,CAT030,S0537,78.04,11.942,false
P005259,Halcyon Set de couverts Nomade,Halcyon,CAT006,S0560,23.82,3.524,false
P005260,Ember Arrosoir Pro,Ember,CAT006,S0405,151.59,1.804,false
P005261,Lumen Palette Classic,Lumen,CAT018,S0194,22.67,10.731,false
P005262,Pallas Trottinette Éco,Pallas,CAT028,S0463,41.60,1.784,false
P005263,Ember Filtre à air Nomade,Ember,CAT039,S0529,123.05,3.580,false
P005264,Zephyr Cube éducatif XL,Zephyr,CAT031,S0557,65.97,1.498,false
P005265,Meridian Poêle Ultra,Meridian,CAT001,S0317,118.19,2.634,false
P005266,Windrow Palette Nomade,Windrow,CAT021,S0163,63.63,3.084,true
P005267,Lumen Casque vélo Premium,Lumen,CAT024,S0552,229.04,3.727,false
P005268,Halcyon Puzzle Nomade,Halcyon,CAT030,S0081,67.19,7.385,false
P005269,Lumen Roman Premium,Lumen,CAT034,S0026,34.43,8.737,false
P005270,Granit Roman Ultra,Granit,CAT032,S0467,87.37,2.770,false
P005271,Lumen Cube éducatif Nomade,Lumen,CAT031,S0373,39.01,9.293,false
P005272,Terra Sérum Nomade,Terra,CAT021,S0504,179.30,2.066,false
P005273,Vertex Roman Classic,Vertex,CAT033,S0320,58.21,2.212,false
P005274,Delvia Vinyle XL,Delvia,CAT033,S0146,138.69,8.915,false
P005275,Lumen Chargeur Compact,Lumen,CAT008,S0231,55.17,6.931,false
P005276,Fjord Vinyle Éco,Fjord,CAT035,S0598,45.17,1.583,false
P005277,Halcyon Set de couverts Classic,Halcyon,CAT005,S0589,56.76,7.437,false
P005278,Halcyon Chemise Premium,Halcyon,CAT014,S0024,164.44,3.460,false
P005279,Fjord Eau de toilette Nomade,Fjord,CAT020,S0135,18.09,1.641,true
P005280,Nordis Manuel Classic,Nordis,CAT033,S0054,19.74,6.354,false
P005281,Granit Bâche Premium,Granit,CAT039,S0198,66.82,1.758,false
P005282,Granit Sac de sport Classic,Granit,CAT023,S0079,4.53,0.170,false
P005283,Bexon Bouilloire Essentiel,Bexon,CAT001,S0239,57.40,11.610,false
P005284,Terra Coffret BD Classic,Terra,CAT033,S0203,38.32,8.504,false
P005285,Pallas Écharpe Compact,Pallas,CAT014,S0563,52.14,8.168,false
P005286,Meridian Puzzle Classic,Meridian,CAT028,S0381,37.51,9.598,false
P005287,Kestrel Chemise Signature,Kestrel,CAT013,S0102,97.96,0.357,false
P005288,Rivage Lampe Classic,Rivage,CAT004,S0529,11.96,3.288,false
P005289,Delvia Webcam Essentiel,Delvia,CAT012,S0442,41.30,10.860,false
P005290,Quartz Bouilloire XL,Quartz,CAT003,S0277,153.95,3.863,false
P005291,Nordis Montre connectée Nomade,Nordis,CAT009,S0255,166.02,0.888,true
P005292,Solstice Nettoyant jantes Éco,Solstice,CAT038,S0167,85.24,10.040,false
P005293,Kestrel Sac de sport XL,Kestrel,CAT024,S0051,42.43,0.943,false
P005294,Terra Bâche Essentiel,Terra,CAT038,S0216,57.91,11.664,false
P005295,Ivory Housse de couette Nomade,Ivory,CAT003,S0115,49.54,7.318,false
P005296,Windrow Veste XL,Windrow,CAT017,S0228,16.48,0.469,false
P005297,Windrow Poêle Ultra,Windrow,CAT004,S0093,159.81,2.042,false
P005298,Pallas Puzzle XL,Pallas,CAT030,S0430,229.75,5.254,false
P005299,Vertex Trottinette Premium,Vertex,CAT029,S0418,19.11,2.286,false
P005300,Meridian Sérum XL,Meridian,CAT020,S0433,43.02,9.065,false
P005301,Ember Ceinture Essentiel,Ember,CAT015,S0472,69.10,6.459,false
P005302,Ursa Souris Ultra,Ursa,CAT007,S0459,81.42,3.063,false
P005303,Granit Écharpe XL,Granit,CAT014,S0259,78.69,2.302,false
P005304,Rivage Souris Pro,Rivage,CAT008,S0067,68.78,8.110,false
P005305,Bexon Sac de sport Nomade,Bexon,CAT027,S0429,28.76,2.571,false
P005306,Vertex Beau livre Signature,Vertex,CAT033,S0313,77.10,0.490,true
P005307,Ursa Palette Pro,Ursa,CAT019,S0323,28.48,0.108,false
P005308,Bexon Manuel Éco,Bexon,CAT033,S0517,51.55,1.403,false
P005309,Rivage Bouilloire Nomade,Rivage,CAT005,S0089,93.99,11.166,false
P005310,Lumen Perceuse XL,Lumen,CAT036,S0229,217.43,9.895,false
P005311,Bexon Veste Pro,Bexon,CAT013,S0031,17.67,6.155,false
P005312,Windrow Lampe Pro,Windrow,CAT001,S0422,147.23,7.498,false
P005313,Windrow Coffret BD Nomade,Windrow,CAT033,S0244,39.74,9.362,false
P005314,Cirrus Jeu de plateau Premium,Cirrus,CAT031,S0558,73.96,7.240,false
P005315,Ursa Poêle Ultra,Ursa,CAT005,S0579,74.75,5.868,false
P005316,Terra Eau de toilette Éco,Terra,CAT022,S0434,81.03,2.614,false
P005317,Halcyon Peluche Pro,Halcyon,CAT030,S0274,48.80,3.380,false
P005318,Kestrel Montre connectée Premium,Kestrel,CAT011,S0537,94.19,11.963,false
P005319,Nordis Lampe Éco,Nordis,CAT002,S0336,31.99,3.322,false
P005320,Vertex Sac de sport Premium,Vertex,CAT023,S0043,30.92,1.917,false
P005321,Ivory Beau livre Compact,Ivory,CAT033,S0110,72.64,2.288,false
P005322,Pallas Palette Premium,Pallas,CAT022,S0512,72.17,2.957,false
P005323,Nordis Perceuse Éco,Nordis,CAT038,S0229,205.34,4.721,false
P005324,Juniper Shampooing Éco,Juniper,CAT020,S0135,81.97,11.280,false
P005325,Quartz Shampooing XL,Quartz,CAT018,S0103,36.28,6.290,false
P005326,Ivory Webcam Ultra,Ivory,CAT007,S0248,41.89,5.555,false
P005327,Fjord Veste Classic,Fjord,CAT014,S0563,35.63,9.691,false
P005328,Ursa Haltères Pro,Ursa,CAT023,S0293,83.96,10.229,false
P005329,Terra Palette Éco,Terra,CAT020,S0565,6.43,6.820,false
P005330,Kestrel Manuel Compact,Kestrel,CAT034,S0325,49.42,8.811,false
P005331,Vertex Lampe Ultra,Vertex,CAT005,S0168,189.36,1.577,false
P005332,Ursa Bouilloire Nomade,Ursa,CAT006,S0421,51.47,7.537,false
P005333,Halcyon Eau de toilette Pro,Halcyon,CAT021,S0462,78.45,5.849,false
P005334,Cirrus Montre Essentiel,Cirrus,CAT013,S0515,85.68,0.537,false
P005335,Solstice Clé à cliquet Éco,Solstice,CAT037,S0216,68.43,9.828,false
P005336,Vertex Chaussures de trail XL,Vertex,CAT025,S0331,56.91,11.820,true
P005337,Bexon Trottinette Nomade,Bexon,CAT030,S0446,44.82,3.517,false
P005338,Pallas Set de couverts Premium,Pallas,CAT001,S0496,207.05,6.107,false
P005339,Rivage Bâche Compact,Rivage,CAT036,S0111,15.13,8.966,false
P005340,Halcyon Housse de couette Pro,Halcyon,CAT003,S0148,64.14,3.788,false
P005341,Terra Casque Éco,Terra,CAT011,S0066,67.20,10.763,false
P005342,Bexon Sérum XL,Bexon,CAT019,S0434,21.90,3.234,false
P005343,Delvia Eau de toilette Éco,Delvia,CAT022,S0253,137.42,6.933,false
P005344,Ivory Beau livre Éco,Ivory,CAT035,S0361,59.52,3.752,false
P005345,Quartz Filtre à air Signature,Quartz,CAT038,S0538,58.03,6.523,false
P005346,Solstice Crème hydratante Éco,Solstice,CAT021,S0519,41.89,0.282,false
P005347,Orbit Nettoyant jantes XL,Orbit,CAT036,S0172,139.75,11.126,false
P005348,Delvia Palette Classic,Delvia,CAT020,S0135,171.51,2.875,false
P005349,Halcyon Bâche Premium,Halcyon,CAT037,S0387,28.19,4.279,false
P005350,Cirrus Eau de toilette Pro,Cirrus,CAT021,S0094,138.96,6.342,false
P005351,Meridian Chemise Classic,Meridian,CAT013,S0472,71.68,1.755,false
P005352,Bexon Chemise Nomade,Bexon,CAT014,S0070,150.05,7.394,false
P005353,Pallas Bâche Éco,Pallas,CAT038,S0553,74.52,7.692,false
P005354,Delvia Clé à cliquet Essentiel,Delvia,CAT036,S0384,139.82,8.134,true
P005355,Delvia Eau de toilette Classic,Delvia,CAT020,S0296,66.21,11.537,false
P005356,Meridian Nettoyant jantes Classic,Meridian,CAT038,S0489,50.46,6.026,false
P005357,Bexon Montre connectée Premium,Bexon,CAT008,S0346,42.49,7.564,false
P005358,Solstice Beau livre XL,Solstice,CAT033,S0431,33.66,4.960,false
P005359,Kestrel Jeu de plateau Signature,Kestrel,CAT029,S0274,146.12,4.409,false
P005360,Orbit Chaussures de trail Compact,Orbit,CAT023,S0524,21.28,7.198,false
P005361,Quartz Tapis de yoga Ultra,Quartz,CAT023,S0490,10.22,11.499,true
P005362,Orbit Enceinte Premium,Orbit,CAT011,S0013,32.11,4.416,false
P005363,Granit Sérum Classic,Granit,CAT020,S0516,237.40,1.242,false
P005364,Fjord Roman Compact,Fjord,CAT035,S0209,58.84,7.852,false
P005365,Kestrel Peluche Signature,Kestrel,CAT031,S0427,45.04,4.390,false
P005366,Halcyon Shampooing Éco,Halcyon,CAT020,S0503,34.41,7.853,false
P005367,Ivory Chaussures de trail Nomade,Ivory,CAT023,S0597,48.82,8.204,false
P005368,Ivory Casque Éco,Ivory,CAT009,S0013,89.21,10.807,true
P005369,Rivage Gourde Pro,Rivage,CAT024,S0033,140.37,10.897,false
P005370,Delvia Haltères Classic,Delvia,CAT024,S0436,106.95,1.557,false
P005371,Lumen Eau de toilette Essentiel,Lumen,CAT018,S0473,14.33,2.189,false
P005372,Terra Montre Signature,Terra,CAT013,S0508,72.94,0.760,false
P005373,Lumen Sneakers Éco,Lumen,CAT014,S0234,28.93,7.117,false
P005374,Quartz Lampe Compact,Quartz,CAT002,S0589,19.44,3.993,false
P005375,Ivory Arrosoir Signature,Ivory,CAT001,S0093,86.75,0.570,true
P005376,Alvora Gourde Éco,Alvora,CAT023,S0535,146.05,10.288,false
P005377,Pallas Arrosoir XL,Pallas,CAT003,S0093,15.84,3.247,false
P005378,Ember Chemise Nomade,Ember,CAT015,S0440,23.42,9.823,false
P005379,Bexon Manuel Nomade,Bexon,CAT035,S0056,80.19,4.988,false
P005380,Granit Crème hydratante Essentiel,Granit,CAT021,S0521,39.97,0.272,false
P005381,Pallas Montre XL,Pallas,CAT014,S0234,79.34,8.460,false
P005382,Juniper Sérum Compact,Juniper,CAT020,S0175,36.60,8.215,false
P005383,Zephyr Haltères Classic,Zephyr,CAT023,S0157,65.85,11.684,false
P005384,Lumen Jeu de plateau Ultra,Lumen,CAT028,S0446,17.05,5.344,false
P005385,Fjord Set de couverts Essentiel,Fjord,CAT004,S0466,69.53,0.093,false
P005386,Vertex Manuel Éco,Vertex,CAT034,S0517,94.63,9.567,false
P005387,Kestrel Housse de couette XL,Kestrel,CAT002,S0008,69.12,1.437,false
P005388,Kestrel Nettoyant jantes Compact,Kestrel,CAT037,S0181,84.63,2.612,false
P005389,Quartz Lampe Éco,Quartz,CAT005,S0173,23.01,11.168,false
P005390,Meridian Coffret BD Pro,Meridian,CAT032,S0322,14.84,9.110,false
P005391,Windrow Montre Éco,Windrow,CAT014,S0540,74.69,9.753,false
P005392,Zephyr Casque Ultra,Zephyr,CAT011,S0346,201.36,7.008,false
P005393,Juniper Montre Nomade,Juniper,CAT013,S0282,7.68,4.141,false
P005394,Delvia Montre connectée Pro,Delvia,CAT011,S0161,56.00,11.388,false
P005395,Quartz Clé à cliquet Ultra,Quartz,CAT037,S0055,112.86,4.670,false
P005396,Quartz Veste Premium,Quartz,CAT017,S0485,83.11,9.283,false
P005397,Bexon Trottinette Pro,Bexon,CAT030,S0377,180.35,9.201,false
P005398,Ember Souris Ultra,Ember,CAT010,S0537,63.34,2.279,false
P005399,Quartz Sneakers Premium,Quartz,CAT016,S0531,114.23,10.902,true
P005400,Zephyr Sérum XL,Zephyr,CAT018,S0368,59.77,7.317,false
P005401,Alvora Shampooing Premium,Alvora,CAT020,S0462,15.72,8.200,false
P005402,Meridian Figurine Essentiel,Meridian,CAT031,S0338,23.30,1.220,true
P005403,Cirrus Crème hydratante Éco,Cirrus,CAT019,S0460,13.69,7.096,false
P005404,Pallas Sac de sport Pro,Pallas,CAT023,S0039,89.28,1.934,false
P005405,Orbit Lampe XL,Orbit,CAT005,S0042,76.15,5.514,false
P005406,Zephyr Clavier Compact,Zephyr,CAT007,S0188,52.32,11.374,false
P005407,Nordis Arrosoir Ultra,Nordis,CAT002,S0378,35.85,4.436,false
P005408,Nordis Arrosoir XL,Nordis,CAT002,S0378,74.43,9.866,false
P005409,Lumen Sac de sport Signature,Lumen,CAT025,S0095,69.85,9.761,false
P005410,Bexon Bâche Éco,Bexon,CAT036,S0362,76.19,7.523,false
P005411,Rivage Nettoyant jantes Premium,Rivage,CAT037,S0175,13.08,2.398,false
P005412,Halcyon Étagère Ultra,Halcyon,CAT003,S0363,24.83,4.851,false
P005413,Vertex Chargeur Éco,Vertex,CAT009,S0539,68.83,7.745,false
P005414,Rivage Trottinette Nomade,Rivage,CAT028,S0129,119.14,4.194,false
P005415,Rivage Shampooing Nomade,Rivage,CAT018,S0098,33.87,1.477,false
P005416,Alvora Nettoyant jantes Signature,Alvora,CAT039,S0046,69.00,1.046,false
P005417,Lumen Sac à main Pro,Lumen,CAT016,S0068,66.95,9.705,false
P005418,Meridian Vinyle Nomade,Meridian,CAT032,S0570,167.54,5.401,false
P005419,Fjord Bouilloire Classic,Fjord,CAT003,S0061,78.25,3.150,false
P005420,Ember Eau de toilette Pro,Ember,CAT022,S0047,47.23,4.338,false
P005421,Vertex Filtre à air XL,Vertex,CAT037,S0448,42.61,2.792,false
P005422,Kestrel Tapis de yoga Ultra,Kestrel,CAT027,S0012,87.32,1.253,false
P005423,Kestrel Gourde Éco,Kestrel,CAT023,S0494,105.91,11.622,false
P005424,Alvora Filtre à air Ultra,Alvora,CAT037,S0411,56.95,1.342,false
P005425,Pallas Chargeur Classic,Pallas,CAT007,S0330,138.26,7.715,false
P005426,Rivage Sac à main Essentiel,Rivage,CAT016,S0472,124.01,1.473,false
P005427,Granit Montre connectée Premium,Granit,CAT008,S0112,19.04,1.009,false
P005428,Ursa Cube éducatif Essentiel,Ursa,CAT031,S0260,39.23,7.822,false
P005429,Pallas Ceinture Classic,Pallas,CAT013,S0228,19.27,0.825,false
P005430,Cirrus Tapis de yoga Nomade,Cirrus,CAT025,S0560,24.63,9.333,false
P005431,Ember Roman Ultra,Ember,CAT033,S0096,55.54,6.668,false
P005432,Pallas Manuel Essentiel,Pallas,CAT032,S0267,66.80,2.369,false
P005433,Lumen Sac à main Ultra,Lumen,CAT017,S0272,88.91,5.079,false
P005434,Bexon Cube éducatif Classic,Bexon,CAT031,S0558,101.32,6.592,true
P005435,Fjord Peluche Essentiel,Fjord,CAT031,S0191,14.32,3.513,false
P005436,Ember Poêle Classic,Ember,CAT004,S0548,183.23,1.953,false
P005437,Bexon Sac à main Premium,Bexon,CAT013,S0321,67.85,1.921,false
P005438,Lumen Vinyle Pro,Lumen,CAT034,S0223,64.08,10.325,false
P005439,Bexon Bâche Compact,Bexon,CAT039,S0348,13.50,2.739,false
P005440,Vertex Montre connectée Signature,Vertex,CAT011,S0142,67.61,2.326,false
P005441,Ember Casque vélo Ultra,Ember,CAT025,S0192,53.73,11.331,false
P005442,Juniper Tapis de yoga Premium,Juniper,CAT026,S0339,11.51,1.123,true
P005443,Nordis Sac à main Ultra,Nordis,CAT017,S0347,284.55,7.739,false
P005444,Terra Écharpe Pro,Terra,CAT014,S0058,39.50,0.388,false
P005445,Delvia Housse de couette Pro,Delvia,CAT003,S0513,91.46,5.699,false
P005446,Meridian Montre Premium,Meridian,CAT017,S0138,32.29,1.514,false
P005447,Fjord Peluche Compact,Fjord,CAT029,S0274,6.55,8.413,false
P005448,Vertex Jeu de plateau Essentiel,Vertex,CAT030,S0520,27.56,11.982,false
P005449,Juniper Clavier Premium,Juniper,CAT009,S0013,57.44,11.424,false
P005450,Ursa Arrosoir Ultra,Ursa,CAT004,S0356,69.53,8.262,false
P005451,Vertex Figurine Signature,Vertex,CAT029,S0288,30.53,8.315,false
P005452,Orbit Chemise XL,Orbit,CAT014,S0499,242.04,9.685,false
P005453,Rivage Poêle Éco,Rivage,CAT006,S0214,128.02,3.723,false
P005454,Cirrus Montre Classic,Cirrus,CAT014,S0465,81.41,7.421,false
P005455,Terra Figurine Essentiel,Terra,CAT031,S0430,223.71,11.422,false
P005456,Terra Coffret BD Compact,Terra,CAT033,S0217,21.98,7.961,false
P005457,Ivory Palette Classic,Ivory,CAT019,S0122,62.46,11.779,false
P005458,Terra Vinyle Premium,Terra,CAT033,S0559,80.95,6.670,false
P005459,Vertex Crème hydratante XL,Vertex,CAT018,S0196,8.94,2.891,false
P005460,Delvia Set de couverts Classic,Delvia,CAT002,S0042,42.26,5.029,false
P005461,Bexon Housse de couette XL,Bexon,CAT003,S0543,47.36,3.548,false
P005462,Ursa Roman Compact,Ursa,CAT032,S0313,47.68,2.116,false
P005463,Terra Nettoyant jantes Nomade,Terra,CAT037,S0464,33.64,9.650,false
P005464,Meridian Set de couverts Essentiel,Meridian,CAT001,S0549,25.48,9.592,false
P005465,Meridian Bouilloire Classic,Meridian,CAT002,S0008,94.93,11.530,false
P005466,Ember Arrosoir Nomade,Ember,CAT005,S0006,8.48,7.870,false
P005467,Ivory Housse de couette Pro,Ivory,CAT005,S0376,75.39,2.137,false
P005468,Lumen Arrosoir Essentiel,Lumen,CAT001,S0519,66.10,7.052,false
P005469,Meridian Clavier XL,Meridian,CAT008,S0291,11.96,4.108,false
P005470,Orbit Montre connectée Premium,Orbit,CAT010,S0147,92.42,6.191,false
P005471,Delvia Shampooing Essentiel,Delvia,CAT022,S0599,17.97,0.769,false
P005472,Bexon Housse de couette Éco,Bexon,CAT003,S0092,55.37,1.450,false
P005473,Orbit Chaussures de trail Pro,Orbit,CAT025,S0287,73.31,11.654,false
P005474,Kestrel Sérum Ultra,Kestrel,CAT018,S0504,135.16,3.540,false
P005475,Orbit Chaussures de trail Pro,Orbit,CAT026,S0184,151.55,5.081,true
P005476,Vertex Filtre à air Essentiel,Vertex,CAT036,S0023,146.50,3.119,false
P005477,Juniper Coffret BD Ultra,Juniper,CAT033,S0116,107.50,3.241,false
P005478,Vertex Enceinte Ultra,Vertex,CAT007,S0512,12.69,6.727,false
P005479,Granit Écharpe Essentiel,Granit,CAT013,S0552,74.73,10.611,false
P005480,Granit Vinyle Pro,Granit,CAT034,S0406,125.76,2.584,false
P005481,Juniper Lampe Nomade,Juniper,CAT005,S0092,46.59,1.623,false
P005482,Lumen Sac de sport Classic,Lumen,CAT026,S0391,23.78,0.167,false
P005483,Delvia Tapis de yoga Essentiel,Delvia,CAT024,S0330,50.36,1.070,false
P005484,Kestrel Chaussures de trail Signature,Kestrel,CAT024,S0249,8.22,5.775,false
P005485,Meridian Sneakers Signature,Meridian,CAT015,S0321,51.10,4.868,false
P005486,Solstice Poêle Nomade,Solstice,CAT003,S0253,48.38,11.321,false
P005487,Windrow Perceuse Éco,Windrow,CAT037,S0055,44.87,8.195,false
P005488,Bexon Beau livre Classic,Bexon,CAT035,S0467,84.04,1.398,false
P005489,Ursa Nettoyant jantes Signature,Ursa,CAT037,S0155,93.42,4.310,false
P005490,Ursa Écharpe Compact,Ursa,CAT017,S0315,190.49,0.303,false
P005491,Kestrel Haltères Classic,Kestrel,CAT024,S0478,78.50,11.270,false
P005492,Quartz Trottinette XL,Quartz,CAT029,S0461,87.39,11.316,false
P005493,Meridian Poêle Ultra,Meridian,CAT003,S0199,24.38,0.826,false
P005494,Bexon Sneakers Ultra,Bexon,CAT015,S0515,77.63,10.608,false
P005495,Ember Clé à cliquet Pro,Ember,CAT036,S0229,121.52,4.111,false
P005496,Zephyr Palette XL,Zephyr,CAT022,S0052,166.38,9.561,false
P005497,Ember Peluche Classic,Ember,CAT030,S0414,62.49,9.768,false
P005498,Granit Casque Compact,Granit,CAT012,S0419,89.98,11.355,false
P005499,Nordis Écharpe Pro,Nordis,CAT013,S0555,6.20,0.633,false
P005500,Lumen Cube éducatif Éco,Lumen,CAT028,S0425,41.63,10.164,true
P005501,Windrow Coffret BD XL,Windrow,CAT033,S0273,184.24,4.823,false
P005502,Nordis Montre connectée Essentiel,Nordis,CAT009,S0569,52.48,11.271,false
P005503,Halcyon Peluche Nomade,Halcyon,CAT029,S0558,18.64,2.623,false
P005504,Quartz Sac à main Premium,Quartz,CAT017,S0258,93.48,9.340,false
P005505,Ursa Filtre à air Compact,Ursa,CAT038,S0229,181.53,3.721,false
P005506,Cirrus Nettoyant jantes Classic,Cirrus,CAT039,S0571,146.35,5.031,true
P005507,Rivage Souris XL,Rivage,CAT009,S0259,31.79,2.425,false
P005508,Terra Sneakers XL,Terra,CAT017,S0438,66.52,3.838,false
P005509,Bexon Bâche Pro,Bexon,CAT037,S0464,149.89,4.446,false
P005510,Vertex Montre connectée Premium,Vertex,CAT008,S0143,94.15,5.949,false
P005511,Ivory Housse de couette Premium,Ivory,CAT004,S0199,49.87,10.561,false
P005512,Alvora Webcam Signature,Alvora,CAT012,S0120,58.62,9.514,false
P005513,Rivage Webcam Nomade,Rivage,CAT012,S0494,205.85,10.118,false
P005514,Quartz Puzzle Ultra,Quartz,CAT028,S0446,207.09,9.229,false
P005515,Juniper Shampooing Nomade,Juniper,CAT020,S0077,31.51,3.526,false
P005516,Rivage Poêle Classic,Rivage,CAT002,S0573,75.03,9.517,false
P005517,Vertex Coffret BD Ultra,Vertex,CAT032,S0210,61.18,3.439,false
P005518,Rivage Bâche Compact,Rivage,CAT038,S0332,39.59,0.935,false
P005519,Delvia Eau de toilette Compact,Delvia,CAT022,S0124,48.31,9.276,false
P005520,Solstice Shampooing Nomade,Solstice,CAT019,S0347,40.77,7.696,false
P005521,Nordis Shampooing Ultra,Nordis,CAT022,S0135,227.72,1.598,false
P005522,Terra Trottinette Compact,Terra,CAT029,S0191,53.07,6.049,false
P005523,Fjord Figurine Ultra,Fjord,CAT029,S0180,143.17,7.065,false
P005524,Kestrel Souris Nomade,Kestrel,CAT012,S0459,51.11,3.276,false
P005525,Ivory Sérum Signature,Ivory,CAT022,S0145,38.50,8.548,false
P005526,Zephyr Figurine Essentiel,Zephyr,CAT031,S0129,57.53,3.067,false
P005527,Orbit Webcam Classic,Orbit,CAT009,S0530,43.15,0.448,false
P005528,Rivage Figurine Essentiel,Rivage,CAT029,S0061,9.53,1.089,false
P005529,Cirrus Étagère Nomade,Cirrus,CAT004,S0092,85.65,6.612,false
P005530,Kestrel Montre Éco,Kestrel,CAT013,S0234,76.20,6.922,false
P005531,Rivage Palette Compact,Rivage,CAT021,S0214,17.99,3.415,false
P005532,Ivory Housse de couette XL,Ivory,CAT004,S0428,43.19,0.869,false
P005533,Granit Housse de couette Classic,Granit,CAT003,S0025,179.26,11.803,false
P005534,Juniper Eau de toilette Classic,Juniper,CAT022,S0135,54.08,10.046,false
P005535,Ivory Set de couverts Éco,Ivory,CAT006,S0518,49.01,10.342,false
P005536,Lumen Montre Nomade,Lumen,CAT016,S0301,86.39,6.559,false
P005537,Quartz Brosse Ultra,Quartz,CAT020,S0062,115.57,6.258,false
P005538,Zephyr Manuel Essentiel,Zephyr,CAT033,S0020,28.33,1.469,false
P005539,Nordis Brosse Nomade,Nordis,CAT021,S0488,88.01,2.965,false
P005540,Ursa Palette Éco,Ursa,CAT022,S0101,67.60,0.365,false
P005541,Nordis Palette Compact,Nordis,CAT018,S0300,15.95,5.652,false
P005542,Orbit Clavier Signature,Orbit,CAT011,S0442,39.75,5.201,false
P005543,Meridian Jeu de plateau Ultra,Meridian,CAT028,S0594,40.29,5.327,false
P005544,Ivory Bouilloire Pro,Ivory,CAT005,S0008,8.03,8.594,false
P005545,Cirrus Trottinette Nomade,Cirrus,CAT029,S0075,56.15,1.738,false
P005546,Quartz Veste Essentiel,Quartz,CAT014,S0410,162.89,6.186,false
P005547,Lumen Lampe Compact,Lumen,CAT001,S0573,75.77,11.368,false
P005548,Alvora Montre connectée Signature,Alvora,CAT010,S0532,43.39,7.220,false
P005549,Ursa Roman Pro,Ursa,CAT035,S0359,6.00,11.707,false
P005550,Windrow Casque vélo Nomade,Windrow,CAT024,S0157,41.09,4.552,false
P005551,Cirrus Clé à cliquet Premium,Cirrus,CAT036,S0482,93.14,5.698,false
P005552,Fjord Perceuse Signature,Fjord,CAT039,S0261,53.04,5.511,false
P005553,Alvora Vinyle Compact,Alvora,CAT034,S0309,88.05,4.611,true
P005554,Terra Écharpe Nomade,Terra,CAT013,S0080,28.91,4.619,false
P005555,Juniper Poêle XL,Juniper,CAT005,S0573,66.81,6.616,false
P005556,Ursa Peluche Ultra,Ursa,CAT029,S0534,58.47,10.698,true
P005557,Cirrus Cube éducatif Classic,Cirrus,CAT031,S0347,41.52,2.970,false
P005558,Solstice Sac à main Premium,Solstice,CAT016,S0370,50.59,11.618,false
P005559,Ivory Coffret BD XL,Ivory,CAT035,S0586,63.13,5.574,false
P005560,Lumen Sac de sport Signature,Lumen,CAT025,S0433,107.45,9.604,false
P005561,Kestrel Set de couverts Pro,Kestrel,CAT005,S0302,52.80,3.783,true
P005562,Halcyon Ceinture Premium,Halcyon,CAT014,S0510,29.21,10.109,false
P005563,Halcyon Sneakers Nomade,Halcyon,CAT014,S0013,273.08,8.243,false
P005564,Orbit Écharpe Ultra,Orbit,CAT014,S0565,84.44,10.227,false
P005565,Ember Brosse XL,Ember,CAT019,S0273,69.05,11.211,false
P005566,Windrow Chargeur Classic,Windrow,CAT010,S0188,158.96,3.846,false
P005567,Ursa Filtre à air Nomade,Ursa,CAT038,S0397,84.36,11.735,false
P005568,Quartz Casque Nomade,Quartz,CAT012,S0147,93.11,5.106,false
P005569,Windrow Coffret BD Ultra,Windrow,CAT033,S0483,19.58,7.920,false
P005570,Kestrel Perceuse Pro,Kestrel,CAT037,S0040,88.26,2.102,false
P005571,Vertex Brosse Premium,Vertex,CAT019,S0235,52.63,4.566,false
P005572,Pallas Eau de toilette Essentiel,Pallas,CAT022,S0587,82.01,10.636,false
P005573,Delvia Chemise Compact,Delvia,CAT014,S0321,186.98,1.508,false
P005574,Fjord Jeu de plateau Pro,Fjord,CAT030,S0315,89.97,9.445,false
P005575,Fjord Brosse Éco,Fjord,CAT022,S0219,36.34,7.900,false
P005576,Rivage Poêle Essentiel,Rivage,CAT003,S0349,168.85,1.802,false
P005577,Vertex Montre connectée Classic,Vertex,CAT012,S0045,56.89,9.180,false
P005578,Nordis Chemise Premium,Nordis,CAT013,S0071,61.42,1.190,false
P005579,Juniper Crème hydratante XL,Juniper,CAT019,S0424,75.27,7.008,false
P005580,Delvia Enceinte Signature,Delvia,CAT012,S0435,26.53,5.310,false
P005581,Terra Poêle Classic,Terra,CAT006,S0306,25.82,2.556,false
P005582,Delvia Clavier Pro,Delvia,CAT009,S0255,183.27,0.697,false
P005583,Quartz Vinyle Ultra,Quartz,CAT033,S0262,78.70,8.661,false
P005584,Juniper Bouilloire Éco,Juniper,CAT006,S0114,144.37,4.512,false
P005585,Zephyr Clé à cliquet Essentiel,Zephyr,CAT037,S0127,14.17,8.451,false
P005586,Windrow Palette Classic,Windrow,CAT020,S0300,36.07,9.698,false
P005587,Juniper Sneakers Classic,Juniper,CAT015,S0246,36.63,5.866,true
P005588,Orbit Crème hydratante Pro,Orbit,CAT018,S0368,113.51,11.480,false
P005589,Windrow Nettoyant jantes Nomade,Windrow,CAT039,S0090,6.07,0.604,false
P005590,Fjord Écharpe Premium,Fjord,CAT016,S0544,9.74,6.703,false
P005591,Bexon Lampe Ultra,Bexon,CAT003,S0369,147.50,3.858,false
P005592,Windrow Housse de couette Premium,Windrow,CAT002,S0168,12.78,6.512,false
P005593,Juniper Souris Compact,Juniper,CAT007,S0582,83.65,0.402,false
P005594,Delvia Bouilloire Essentiel,Delvia,CAT005,S0020,8.61,11.856,false
P005595,Nordis Shampooing XL,Nordis,CAT019,S0015,85.56,8.246,false
P005596,Solstice Coffret BD Signature,Solstice,CAT034,S0065,7.26,9.306,false
P005597,Ivory Sneakers Premium,Ivory,CAT013,S0545,88.28,5.713,false
P005598,Zephyr Set de couverts Signature,Zephyr,CAT006,S0278,88.05,5.040,false
P005599,Bexon Set de couverts Pro,Bexon,CAT005,S0556,66.77,7.022,false
P005600,Terra Filtre à air Signature,Terra,CAT039,S0166,18.11,4.829,false
P005601,Delvia Bouilloire Éco,Delvia,CAT002,S0373,74.60,10.130,false
P005602,Halcyon Bâche XL,Halcyon,CAT038,S0528,69.10,3.763,false
P005603,Fjord Poêle Signature,Fjord,CAT003,S0144,55.63,11.792,false
P005604,Fjord Poêle Signature,Fjord,CAT002,S0417,167.01,10.877,false
P005605,Ivory Manuel Nomade,Ivory,CAT032,S0418,58.68,4.863,false
P005606,Bexon Manuel Essentiel,Bexon,CAT032,S0096,21.32,5.232,true
P005607,Bexon Enceinte Signature,Bexon,CAT012,S0412,30.94,4.187,false
P005608,Juniper Manuel Signature,Juniper,CAT032,S0211,159.65,8.236,false
P005609,Nordis Étagère Éco,Nordis,CAT002,S0317,70.17,10.977,false
P005610,Terra Souris Pro,Terra,CAT010,S0464,44.17,10.080,false
P005611,Delvia Peluche Éco,Delvia,CAT031,S0492,11.15,1.149,false
P005612,Windrow Roman Classic,Windrow,CAT033,S0406,45.80,2.155,false
P005613,Halcyon Crème hydratante Classic,Halcyon,CAT022,S0576,12.57,6.057,false
P005614,Pallas Souris Compact,Pallas,CAT011,S0383,85.35,11.388,false
P005615,Halcyon Souris Premium,Halcyon,CAT012,S0150,59.79,11.066,false
P005616,Bexon Poêle XL,Bexon,CAT002,S0189,75.61,0.408,false
P005617,Nordis Écharpe Premium,Nordis,CAT014,S0107,80.84,9.602,false
P005618,Windrow Shampooing Essentiel,Windrow,CAT019,S0493,83.16,2.052,false
P005619,Quartz Enceinte Ultra,Quartz,CAT012,S0071,69.61,11.574,false
P005620,Nordis Casque vélo Éco,Nordis,CAT024,S0076,39.95,11.254,false
P005621,Alvora Filtre à air Premium,Alvora,CAT036,S0238,117.18,8.508,false
P005622,Cirrus Montre Premium,Cirrus,CAT013,S0009,51.12,7.016,false
P005623,Lumen Beau livre Ultra,Lumen,CAT034,S0016,14.18,2.762,false
P005624,Pallas Jeu de plateau Éco,Pallas,CAT031,S0360,139.63,2.929,false
P005625,Meridian Montre connectée Nomade,Meridian,CAT009,S0412,48.27,8.014,false
P005626,Delvia Figurine Premium,Delvia,CAT029,S0084,12.82,9.599,false
P005627,Ember Trottinette Pro,Ember,CAT029,S0161,8.48,6.098,false
P005628,Lumen Filtre à air Classic,Lumen,CAT039,S0415,50.23,7.877,false
P005629,Windrow Chemise Premium,Windrow,CAT013,S0237,73.19,3.195,false
P005630,Ivory Filtre à air Ultra,Ivory,CAT036,S0023,143.04,8.245,false
P005631,Pallas Veste XL,Pallas,CAT016,S0491,100.26,3.369,false
P005632,Bexon Crème hydratante Ultra,Bexon,CAT019,S0100,61.98,2.533,false
P005633,Kestrel Jeu de plateau Éco,Kestrel,CAT029,S0407,120.14,9.850,false
P005634,Lumen Beau livre Ultra,Lumen,CAT033,S0059,103.58,0.880,false
P005635,Granit Écharpe Éco,Granit,CAT014,S0179,59.72,4.995,false
P005636,Terra Perceuse Classic,Terra,CAT036,S0353,83.47,4.053,false
P005637,Pallas Vinyle XL,Pallas,CAT033,S0128,40.30,6.754,false
P005638,Fjord Housse de couette Nomade,Fjord,CAT005,S0042,92.54,5.489,false
P005639,Pallas Écharpe Essentiel,Pallas,CAT016,S0453,49.83,1.645,false
P005640,Lumen Chemise Éco,Lumen,CAT013,S0423,27.38,3.640,true
P005641,Granit Palette Nomade,Granit,CAT020,S0108,7.44,6.741,false
P005642,Bexon Palette Pro,Bexon,CAT020,S0588,51.47,11.308,false
P005643,Terra Clé à cliquet Compact,Terra,CAT036,S0357,27.71,0.274,false
P005644,Lumen Cube éducatif Éco,Lumen,CAT031,S0303,50.99,6.530,false
P005645,Ember Veste XL,Ember,CAT014,S0315,174.82,0.150,false
P005646,Halcyon Puzzle Signature,Halcyon,CAT028,S0215,79.34,4.046,false
P005647,Kestrel Clé à cliquet Compact,Kestrel,CAT038,S0085,43.22,2.862,false
P005648,Ursa Vinyle Signature,Ursa,CAT032,S0359,6.10,9.215,false
P005649,Vertex Écharpe Ultra,Vertex,CAT013,S0107,135.84,7.971,false
P005650,Pallas Beau livre Compact,Pallas,CAT033,S0570,35.15,7.127,false
P005651,Orbit Shampooing Premium,Orbit,CAT018,S0135,69.22,4.133,false
P005652,Juniper Manuel Ultra,Juniper,CAT033,S0267,21.44,7.432,false
P005653,Ursa Beau livre Signature,Ursa,CAT034,S0406,11.28,8.341,true
P005654,Lumen Enceinte Pro,Lumen,CAT012,S0255,69.08,2.408,false
P005655,Windrow Palette XL,Windrow,CAT018,S0318,42.65,3.735,true
P005656,Pallas Sérum Essentiel,Pallas,CAT021,S0489,170.81,6.586,false
P005657,Fjord Eau de toilette Ultra,Fjord,CAT019,S0122,271.12,2.383,false
P005658,Vertex Chemise Ultra,Vertex,CAT013,S0058,30.77,0.752,false
P005659,Ember Crème hydratante Éco,Ember,CAT021,S0077,7.15,0.671,false
P005660,Rivage Clé à cliquet Pro,Rivage,CAT037,S0033,58.64,11.768,false
P005661,Fjord Crème hydratante Signature,Fjord,CAT021,S0504,62.63,4.483,false
P005662,Lumen Lampe Pro,Lumen,CAT005,S0390,79.20,7.261,false
P005663,Fjord Figurine Ultra,Fjord,CAT028,S0288,34.55,10.030,false
P005664,Cirrus Chargeur Compact,Cirrus,CAT009,S0329,180.32,8.095,false
P005665,Alvora Vinyle Signature,Alvora,CAT033,S0098,133.14,8.287,false
P005666,Meridian Veste Classic,Meridian,CAT017,S0444,72.42,10.916,false
P005667,Ursa Bâche Signature,Ursa,CAT038,S0248,50.19,0.831,false
P005668,Kestrel Jeu de plateau Compact,Kestrel,CAT030,S0205,25.72,3.883,false
P005669,Vertex Montre connectée Compact,Vertex,CAT008,S0009,37.66,8.216,false
P005670,Delvia Coffret BD Pro,Delvia,CAT032,S0063,51.01,9.163,false
P005671,Bexon Arrosoir Éco,Bexon,CAT001,S0514,76.45,0.157,false
P005672,Orbit Sérum Compact,Orbit,CAT021,S0107,189.89,5.478,false
P005673,Orbit Peluche Classic,Orbit,CAT029,S0418,22.13,4.032,false
P005674,Windrow Crème hydratante XL,Windrow,CAT021,S0217,90.23,0.279,false
P005675,Zephyr Nettoyant jantes XL,Zephyr,CAT038,S0242,113.12,4.456,false
P005676,Kestrel Étagère Premium,Kestrel,CAT002,S0420,39.83,0.525,false
P005677,Ursa Figurine Éco,Ursa,CAT028,S0215,31.37,9.341,false
P005678,Alvora Puzzle Classic,Alvora,CAT030,S0175,42.42,0.916,false
P005679,Kestrel Chemise Compact,Kestrel,CAT014,S0440,61.99,4.374,false
P005680,Kestrel Sac à main Essentiel,Kestrel,CAT015,S0491,92.63,8.248,false
P005681,Kestrel Poêle Premium,Kestrel,CAT001,S0008,89.05,8.151,false
P005682,Orbit Vinyle Premium,Orbit,CAT032,S0311,70.67,3.095,false
P005683,Solstice Clavier Classic,Solstice,CAT012,S0147,14.64,11.582,false
P005684,Solstice Chaussures de trail Essentiel,Solstice,CAT027,S0252,27.88,1.849,false
P005685,Quartz Enceinte Premium,Quartz,CAT007,S0053,15.30,5.533,false
P005686,Nordis Sac à main Éco,Nordis,CAT013,S0441,21.82,10.464,false
P005687,Rivage Souris Nomade,Rivage,CAT012,S0230,156.36,4.605,false
P005688,Granit Chemise Classic,Granit,CAT014,S0508,76.42,7.870,false
P005689,Cirrus Filtre à air Classic,Cirrus,CAT038,S0085,201.17,0.633,false
P005690,Halcyon Veste Nomade,Halcyon,CAT016,S0456,76.10,2.713,false
P005691,Kestrel Webcam Compact,Kestrel,CAT008,S0401,49.31,5.203,false
P005692,Meridian Sac à main Compact,Meridian,CAT016,S0291,158.92,1.972,true
P005693,Nordis Manuel Ultra,Nordis,CAT034,S0181,88.10,5.730,false
P005694,Solstice Chargeur Pro,Solstice,CAT008,S0232,80.63,5.783,false
P005695,Vertex Figurine Classic,Vertex,CAT028,S0430,37.56,7.133,false
P005696,Ivory Palette Nomade,Ivory,CAT022,S0374,9.69,8.025,false
P005697,Quartz Cube éducatif XL,Quartz,CAT030,S0260,78.73,7.593,false
P005698,Windrow Set de couverts Essentiel,Windrow,CAT006,S0449,90.40,8.724,false
P005699,Lumen Webcam XL,Lumen,CAT010,S0285,177.60,0.775,false
P005700,Delvia Écharpe Pro,Delvia,CAT016,S0250,78.46,2.921,false
P005701,Granit Manuel Éco,Granit,CAT035,S0169,192.45,1.317,false
P005702,Granit Gourde Premium,Granit,CAT024,S0488,70.39,9.839,false
P005703,Solstice Bouilloire Classic,Solstice,CAT002,S0189,86.79,10.823,false
P005704,Ember Ceinture Nomade,Ember,CAT017,S0080,55.26,10.677,false
P005705,Juniper Tapis de yoga Pro,Juniper,CAT026,S0271,214.57,8.870,false
P005706,Granit Beau livre Compact,Granit,CAT032,S0586,55.73,5.504,false
P005707,Windrow Crème hydratante Classic,Windrow,CAT021,S0507,81.00,11.968,false
P005708,Granit Arrosoir Premium,Granit,CAT006,S0096,28.38,10.050,false
P005709,Terra Roman Ultra,Terra,CAT032,S0137,19.60,10.783,false
P005710,Granit Lampe Pro,Granit,CAT004,S0278,20.12,8.548,false
P005711,Kestrel Écharpe Essentiel,Kestrel,CAT015,S0124,268.49,1.309,false
P005712,Meridian Chaussures de trail Ultra,Meridian,CAT027,S0506,143.87,0.537,false
P005713,Nordis Montre connectée Ultra,Nordis,CAT007,S0486,70.29,2.419,false
P005714,Kestrel Brosse Compact,Kestrel,CAT022,S0355,64.27,1.808,false
P005715,Windrow Housse de couette XL,Windrow,CAT004,S0112,92.43,11.932,false
P005716,Meridian Casque Éco,Meridian,CAT008,S0450,93.65,6.311,false
P005717,Nordis Nettoyant jantes XL,Nordis,CAT039,S0353,90.93,0.115,false
P005718,Zephyr Étagère Signature,Zephyr,CAT004,S0475,90.91,4.614,true
P005719,Quartz Chaussures de trail Éco,Quartz,CAT025,S0079,49.16,10.001,false
P005720,Juniper Chemise XL,Juniper,CAT015,S0269,34.11,2.826,false
P005721,Windrow Montre connectée Premium,Windrow,CAT011,S0035,6.95,2.880,false
P005722,Ursa Chaussures de trail Éco,Ursa,CAT027,S0314,60.01,3.054,false
P005723,Halcyon Enceinte Ultra,Halcyon,CAT010,S0004,47.73,6.355,true
P005724,Halcyon Sneakers XL,Halcyon,CAT013,S0565,144.29,1.836,false
P005725,Orbit Eau de toilette Ultra,Orbit,CAT020,S0100,36.96,10.947,false
P005726,Ember Trottinette Essentiel,Ember,CAT028,S0388,59.45,4.297,false
P005727,Cirrus Manuel Signature,Cirrus,CAT033,S0141,63.68,8.190,false
P005728,Lumen Brosse Essentiel,Lumen,CAT018,S0051,21.34,1.975,false
P005729,Nordis Brosse Ultra,Nordis,CAT019,S0052,71.20,11.855,false
P005730,Vertex Perceuse Pro,Vertex,CAT036,S0293,60.92,11.332,false
P005731,Orbit Sneakers XL,Orbit,CAT015,S0365,164.04,5.840,false
P005732,Granit Bouilloire Ultra,Granit,CAT002,S0475,43.52,7.542,true
P005733,Cirrus Enceinte Essentiel,Cirrus,CAT011,S0335,90.65,4.222,false
P005734,Meridian Perceuse Essentiel,Meridian,CAT039,S0123,89.34,11.393,false
P005735,Vertex Tapis de yoga Nomade,Vertex,CAT027,S0560,52.89,3.775,false
P005736,Rivage Brosse Signature,Rivage,CAT022,S0062,40.53,8.149,false
P005737,Halcyon Sac de sport Pro,Halcyon,CAT027,S0233,51.63,3.285,false
P005738,Bexon Poêle Compact,Bexon,CAT004,S0061,115.53,4.797,false
P005739,Halcyon Filtre à air Pro,Halcyon,CAT039,S0224,8.30,9.157,false
P005740,Bexon Tapis de yoga Nomade,Bexon,CAT026,S0184,54.20,1.287,false
P005741,Juniper Tapis de yoga Premium,Juniper,CAT024,S0549,25.41,2.284,false
P005742,Quartz Figurine Compact,Quartz,CAT029,S0594,29.60,9.589,false
P005743,Rivage Vinyle Premium,Rivage,CAT035,S0317,24.72,0.118,false
P005744,Granit Ceinture XL,Granit,CAT016,S0289,59.20,5.868,false
P005745,Nordis Puzzle Signature,Nordis,CAT028,S0260,32.50,1.007,false
P005746,Lumen Chemise Signature,Lumen,CAT015,S0128,83.39,8.081,false
P005747,Ember Montre connectée Ultra,Ember,CAT011,S0091,25.26,8.249,false
P005748,Fjord Figurine Essentiel,Fjord,CAT029,S0548,197.22,8.284,false
P005749,Delvia Tapis de yoga Éco,Delvia,CAT025,S0359,84.37,7.184,false
P005750,Vertex Chargeur Éco,Vertex,CAT008,S0580,88.08,4.457,false
P005751,Windrow Shampooing Essentiel,Windrow,CAT021,S0574,171.21,4.825,false
P005752,Lumen Haltères Essentiel,Lumen,CAT025,S0079,82.81,6.075,false
P005753,Orbit Bouilloire Essentiel,Orbit,CAT002,S0573,94.67,2.534,false
P005754,Nordis Gourde Éco,Nordis,CAT024,S0008,181.23,9.678,false
P005755,Bexon Chaussures de trail Classic,Bexon,CAT025,S0506,154.53,5.236,false
P005756,Kestrel Sneakers Compact,Kestrel,CAT015,S0570,88.84,4.162,false
P005757,Orbit Webcam Compact,Orbit,CAT010,S0468,71.24,7.992,false
P005758,Cirrus Crème hydratante Éco,Cirrus,CAT019,S0581,80.71,2.099,false
P005759,Orbit Clé à cliquet Éco,Orbit,CAT039,S0229,86.60,3.562,false
P005760,Orbit Clavier Compact,Orbit,CAT011,S0292,34.72,6.068,false
P005761,Quartz Haltères XL,Quartz,CAT023,S0479,37.07,1.014,true
P005762,Vertex Sérum Signature,Vertex,CAT020,S0574,35.13,8.238,false
P005763,Quartz Sac à main Classic,Quartz,CAT017,S0100,44.69,2.132,false
P005764,Windrow Casque vélo Essentiel,Windrow,CAT027,S0566,152.19,6.733,false
P005765,Zephyr Poêle Compact,Zephyr,CAT003,S0405,45.71,5.049,false
P005766,Zephyr Veste Compact,Zephyr,CAT015,S0383,53.05,2.194,false
P005767,Orbit Montre connectée Nomade,Orbit,CAT011,S0091,16.55,9.189,false
P005768,Granit Peluche Pro,Granit,CAT028,S0328,219.32,4.257,false
P005769,Juniper Palette Nomade,Juniper,CAT018,S0541,80.29,5.046,true
P005770,Kestrel Casque vélo XL,Kestrel,CAT024,S0012,34.22,0.270,false
P005771,Juniper Gourde Compact,Juniper,CAT026,S0444,202.84,10.562,false
P005772,Alvora Souris Compact,Alvora,CAT012,S0312,79.63,0.293,false
P005773,Delvia Filtre à air Pro,Delvia,CAT036,S0240,41.71,3.780,true
P005774,Halcyon Brosse Premium,Halcyon,CAT021,S0132,53.21,1.547,false
P005775,Fjord Figurine XL,Fjord,CAT031,S0572,88.63,0.058,false
P005776,Juniper Tapis de yoga Pro,Juniper,CAT027,S0220,85.92,8.517,false
P005777,Ivory Montre Nomade,Ivory,CAT013,S0491,39.98,7.688,false
P005778,Ember Enceinte Classic,Ember,CAT007,S0587,29.04,1.196,false
P005779,Orbit Cube éducatif Compact,Orbit,CAT030,S0221,53.41,10.435,false
P005780,Bexon Tapis de yoga XL,Bexon,CAT025,S0263,48.24,3.053,true
P005781,Alvora Cube éducatif XL,Alvora,CAT028,S0425,75.78,7.226,false
P005782,Ivory Bâche Pro,Ivory,CAT038,S0542,71.00,2.528,false
P005783,Alvora Brosse Éco,Alvora,CAT020,S0507,58.28,3.776,false
P005784,Fjord Clavier Nomade,Fjord,CAT007,S0580,39.58,2.288,false
P005785,Granit Nettoyant jantes Éco,Granit,CAT037,S0464,139.94,10.978,true
P005786,Solstice Trottinette Signature,Solstice,CAT029,S0425,92.00,2.415,true
P005787,Terra Vinyle Premium,Terra,CAT035,S0570,110.94,0.633,false
P005788,Halcyon Webcam Classic,Halcyon,CAT007,S0013,9.84,1.926,false
P005789,Meridian Peluche Essentiel,Meridian,CAT030,S0389,86.18,10.852,false
P005790,Cirrus Vinyle Nomade,Cirrus,CAT035,S0209,5.38,2.857,false
P005791,Bexon Casque vélo Essentiel,Bexon,CAT023,S0263,43.89,6.736,false
P005792,Lumen Nettoyant jantes Classic,Lumen,CAT039,S0167,159.99,11.044,false
P005793,Rivage Ceinture Ultra,Rivage,CAT016,S0107,154.58,4.196,false
P005794,Windrow Beau livre Essentiel,Windrow,CAT033,S0570,282.82,3.863,false
P005795,Halcyon Lampe Ultra,Halcyon,CAT002,S0349,25.26,6.446,false
P005796,Quartz Bouilloire Premium,Quartz,CAT005,S0382,59.19,8.166,false
P005797,Quartz Sérum Nomade,Quartz,CAT018,S0101,16.55,11.936,false
P005798,Solstice Sneakers Pro,Solstice,CAT016,S0246,111.39,7.795,false
P005799,Meridian Lampe Pro,Meridian,CAT006,S0265,90.55,11.627,false
P005800,Halcyon Palette Premium,Halcyon,CAT022,S0487,172.27,5.572,false
P005801,Orbit Montre connectée Pro,Orbit,CAT009,S0595,18.50,3.496,false
P005802,Fjord Clé à cliquet Éco,Fjord,CAT036,S0312,18.24,5.738,false
P005803,Orbit Filtre à air Essentiel,Orbit,CAT038,S0131,22.23,5.786,false
P005804,Ivory Eau de toilette Compact,Ivory,CAT018,S0282,89.94,1.535,false
P005805,Ivory Peluche Compact,Ivory,CAT031,S0536,21.59,4.695,false
P005806,Ivory Housse de couette Essentiel,Ivory,CAT003,S0518,91.65,0.604,false
P005807,Ursa Chemise Essentiel,Ursa,CAT017,S0070,6.57,4.292,false
P005808,Orbit Casque vélo Premium,Orbit,CAT024,S0400,18.73,11.121,true
P005809,Pallas Sérum Ultra,Pallas,CAT021,S0441,125.57,9.560,false
P005810,Meridian Peluche Éco,Meridian,CAT028,S0586,84.25,6.049,false
P005811,Juniper Montre Pro,Juniper,CAT016,S0575,260.42,6.660,false
P005812,Alvora Roman Signature,Alvora,CAT034,S0539,46.09,2.034,true
P005813,Meridian Figurine Signature,Meridian,CAT029,S0369,44.37,0.876,false
P005814,Windrow Poêle Signature,Windrow,CAT006,S0093,260.59,5.329,false
P005815,Ember Cube éducatif Signature,Ember,CAT029,S0561,25.82,4.912,false
P005816,Delvia Clavier XL,Delvia,CAT008,S0486,49.89,11.860,false
P005817,Granit Clé à cliquet Nomade,Granit,CAT037,S0099,21.17,10.801,true
P005818,Solstice Ceinture Premium,Solstice,CAT015,S0523,24.40,7.279,false
P005819,Windrow Sérum Éco,Windrow,CAT020,S0365,96.51,11.421,false
P005820,Terra Coffret BD XL,Terra,CAT035,S0223,60.98,4.838,false
P005821,Pallas Casque Classic,Pallas,CAT009,S0200,17.44,5.610,false
P005822,Granit Puzzle Nomade,Granit,CAT029,S0510,58.88,7.106,false
P005823,Cirrus Brosse Ultra,Cirrus,CAT018,S0294,94.81,3.548,true
P005824,Ember Clé à cliquet Ultra,Ember,CAT038,S0571,196.02,0.409,false
P005825,Rivage Sneakers Ultra,Rivage,CAT015,S0440,31.97,4.301,false
P005826,Solstice Palette Signature,Solstice,CAT018,S0126,84.83,1.822,false
P005827,Alvora Clé à cliquet Compact,Alvora,CAT038,S0464,30.58,7.854,false
P005828,Terra Chaussures de trail Compact,Terra,CAT026,S0051,93.89,9.704,false
P005829,Lumen Filtre à air Signature,Lumen,CAT036,S0072,81.59,3.127,false
P005830,Bexon Peluche Essentiel,Bexon,CAT029,S0338,95.00,8.051,false
P005831,Zephyr Puzzle Essentiel,Zephyr,CAT031,S0497,95.21,10.059,false
P005832,Meridian Beau livre Pro,Meridian,CAT032,S0104,90.36,4.216,false
P005833,Meridian Perceuse Ultra,Meridian,CAT037,S0503,65.31,7.575,false
P005834,Pallas Chaussures de trail Classic,Pallas,CAT024,S0081,117.69,0.761,true
P005835,Bexon Perceuse Pro,Bexon,CAT037,S0411,90.41,2.423,false
P005836,Halcyon Clavier Premium,Halcyon,CAT010,S0048,63.10,9.290,false
P005837,Vertex Vinyle Essentiel,Vertex,CAT032,S0450,36.77,11.765,false
P005838,Kestrel Figurine Pro,Kestrel,CAT031,S0010,78.81,11.098,false
P005839,Lumen Chemise Nomade,Lumen,CAT017,S0472,65.70,9.759,false
P005840,Ember Vinyle XL,Ember,CAT034,S0586,46.24,0.234,false
P005841,Windrow Lampe Nomade,Windrow,CAT003,S0356,41.05,2.515,false
P005842,Ivory Set de couverts XL,Ivory,CAT002,S0129,37.13,3.156,false
P005843,Alvora Figurine Signature,Alvora,CAT030,S0134,21.56,5.741,false
P005844,Bexon Étagère Nomade,Bexon,CAT005,S0436,165.80,11.462,false
P005845,Rivage Peluche XL,Rivage,CAT028,S0010,28.25,0.359,false
P005846,Lumen Eau de toilette XL,Lumen,CAT019,S0002,24.98,0.632,false
P005847,Orbit Trottinette Nomade,Orbit,CAT030,S0075,18.01,7.385,false
P005848,Quartz Perceuse Nomade,Quartz,CAT038,S0023,159.27,0.388,true
P005849,Fjord Vinyle Pro,Fjord,CAT035,S0547,80.68,8.480,false
P005850,Ursa Shampooing Signature,Ursa,CAT020,S0549,199.72,6.327,false
P005851,Granit Coffret BD Compact,Granit,CAT034,S0431,124.31,2.251,true
P005852,Pallas Montre connectée Éco,Pallas,CAT012,S0232,132.87,8.022,false
P005853,Ursa Casque vélo Premium,Ursa,CAT027,S0299,72.42,5.842,false
P005854,Alvora Brosse Premium,Alvora,CAT018,S0482,124.89,10.389,false
P005855,Orbit Gourde Essentiel,Orbit,CAT025,S0319,92.27,3.308,false
P005856,Alvora Casque vélo Pro,Alvora,CAT026,S0220,25.57,0.246,false
P005857,Terra Haltères Éco,Terra,CAT026,S0226,187.85,2.435,false
P005858,Ivory Bâche Signature,Ivory,CAT038,S0587,132.95,6.815,true
P005859,Ursa Clavier Compact,Ursa,CAT007,S0035,48.65,5.833,false
P005860,Windrow Tapis de yoga Compact,Windrow,CAT025,S0119,50.86,9.568,false
P005861,Ember Trottinette Signature,Ember,CAT029,S0283,14.15,0.104,false
P005862,Granit Figurine XL,Granit,CAT031,S0591,26.35,4.057,false
P005863,Granit Bâche Essentiel,Granit,CAT038,S0305,146.66,4.542,false
P005864,Bexon Manuel Compact,Bexon,CAT033,S0016,49.56,5.435,false
P005865,Ivory Nettoyant jantes Éco,Ivory,CAT037,S0055,81.27,2.938,false
P005866,Ember Montre Premium,Ember,CAT017,S0465,87.96,11.908,false
P005867,Delvia Coffret BD Nomade,Delvia,CAT035,S0547,62.84,8.988,false
P005868,Rivage Gourde Premium,Rivage,CAT026,S0084,91.62,8.307,false
P005869,Windrow Filtre à air Éco,Windrow,CAT037,S0286,75.37,7.284,false
P005870,Pallas Chaussures de trail Compact,Pallas,CAT026,S0039,128.00,10.067,false
P005871,Rivage Shampooing Ultra,Rivage,CAT018,S0352,22.99,4.221,false
P005872,Pallas Chargeur Nomade,Pallas,CAT012,S0437,183.04,4.983,false
P005873,Lumen Peluche Éco,Lumen,CAT031,S0558,139.74,2.576,false
P005874,Pallas Trottinette Compact,Pallas,CAT029,S0457,186.48,4.223,true
P005875,Rivage Perceuse Éco,Rivage,CAT039,S0115,61.36,4.341,false
P005876,Orbit Souris Éco,Orbit,CAT011,S0567,107.91,2.507,false
P005877,Vertex Poêle Pro,Vertex,CAT002,S0376,95.05,3.159,false
P005878,Juniper Palette Classic,Juniper,CAT018,S0460,30.88,9.996,false
P005879,Fjord Tapis de yoga Compact,Fjord,CAT025,S0562,144.06,2.860,false
P005880,Kestrel Chemise Nomade,Kestrel,CAT014,S0301,7.39,3.565,false
P005881,Ursa Set de couverts Ultra,Ursa,CAT001,S0092,66.20,10.167,false
P005882,Windrow Poêle Classic,Windrow,CAT001,S0148,5.42,1.487,false
P005883,Fjord Tapis de yoga Nomade,Fjord,CAT023,S0123,88.62,4.889,false
P005884,Bexon Shampooing Ultra,Bexon,CAT018,S0482,28.30,10.559,false
P005885,Juniper Coffret BD Signature,Juniper,CAT033,S0232,152.01,4.862,false
P005886,Halcyon Clavier Ultra,Halcyon,CAT008,S0335,7.76,1.315,false
P005887,Terra Clé à cliquet Nomade,Terra,CAT038,S0514,7.49,11.617,true
P005888,Bexon Tapis de yoga Compact,Bexon,CAT025,S0185,58.26,0.778,false
P005889,Lumen Tapis de yoga Éco,Lumen,CAT026,S0188,32.98,8.030,false
P005890,Alvora Nettoyant jantes XL,Alvora,CAT036,S0023,170.98,8.437,true
P005891,Terra Perceuse Pro,Terra,CAT038,S0340,39.39,6.341,false
P005892,Fjord Sneakers Classic,Fjord,CAT016,S0438,88.70,6.385,false
P005893,Juniper Tapis de yoga Essentiel,Juniper,CAT026,S0403,63.43,3.631,true
P005894,Kestrel Veste XL,Kestrel,CAT017,S0485,37.55,10.737,true
P005895,Alvora Beau livre Pro,Alvora,CAT035,S0225,219.79,11.046,false
P005896,Zephyr Figurine Pro,Zephyr,CAT031,S0191,101.67,10.823,false
P005897,Windrow Chaussures de trail Ultra,Windrow,CAT025,S0223,79.75,6.527,true
P005898,Kestrel Beau livre Nomade,Kestrel,CAT035,S0060,59.38,11.303,false
P005899,Solstice Sac à main Premium,Solstice,CAT017,S0454,225.49,2.714,false
P005900,Fjord Ceinture Nomade,Fjord,CAT016,S0438,51.03,0.185,false
P005901,Ember Filtre à air Éco,Ember,CAT038,S0297,68.14,1.613,false
P005902,Granit Vinyle Ultra,Granit,CAT033,S0345,45.41,5.406,false
P005903,Quartz Ceinture Premium,Quartz,CAT013,S0153,22.45,10.023,false
P005904,Solstice Écharpe Ultra,Solstice,CAT016,S0465,76.34,9.363,false
P005905,Quartz Casque vélo Premium,Quartz,CAT025,S0012,275.36,5.816,false
P005906,Windrow Puzzle Classic,Windrow,CAT031,S0498,98.99,1.028,false
P005907,Quartz Tapis de yoga Ultra,Quartz,CAT023,S0497,56.69,3.689,false
P005908,Rivage Écharpe Éco,Rivage,CAT015,S0342,45.86,1.028,false
P005909,Halcyon Sac de sport Éco,Halcyon,CAT025,S0195,21.94,10.463,true
P005910,Solstice Figurine Éco,Solstice,CAT029,S0386,128.81,3.837,false
P005911,Vertex Vinyle Pro,Vertex,CAT032,S0332,133.38,4.997,false
P005912,Windrow Coffret BD Éco,Windrow,CAT032,S0509,53.88,3.731,false
P005913,Kestrel Casque XL,Kestrel,CAT012,S0486,237.71,4.113,false
P005914,Fjord Webcam Pro,Fjord,CAT010,S0351,71.26,7.661,false
P005915,Alvora Étagère Signature,Alvora,CAT006,S0396,8.70,10.757,false
P005916,Rivage Eau de toilette Classic,Rivage,CAT021,S0113,199.56,8.914,false
P005917,Fjord Roman Premium,Fjord,CAT032,S0087,36.85,7.012,false
P005918,Cirrus Écharpe Nomade,Cirrus,CAT015,S0074,105.74,4.829,false
P005919,Rivage Set de couverts Pro,Rivage,CAT003,S0579,51.82,2.446,true
P005920,Windrow Manuel Signature,Windrow,CAT032,S0160,99.24,7.460,false
P005921,Terra Clé à cliquet Ultra,Terra,CAT036,S0224,10.35,11.376,false
P005922,Fjord Ceinture Signature,Fjord,CAT013,S0438,159.34,11.563,false
P005923,Bexon Bâche Premium,Bexon,CAT037,S0241,71.67,3.723,false
P005924,Kestrel Sneakers XL,Kestrel,CAT014,S0229,27.96,2.656,false
P005925,Quartz Nettoyant jantes Ultra,Quartz,CAT039,S0532,82.57,6.137,false
P005926,Fjord Chargeur Éco,Fjord,CAT007,S0587,58.90,7.296,false
P005927,Terra Set de couverts Essentiel,Terra,CAT003,S0409,148.59,6.207,false
P005928,Ursa Bouilloire Classic,Ursa,CAT001,S0363,20.79,9.752,false
P005929,Lumen Manuel Compact,Lumen,CAT035,S0362,68.64,4.307,true
P005930,Ursa Filtre à air Pro,Ursa,CAT039,S0046,24.72,6.448,false
P005931,Granit Roman XL,Granit,CAT034,S0343,37.59,3.670,false
P005932,Delvia Vinyle Nomade,Delvia,CAT034,S0326,85.97,1.520,true
P005933,Orbit Écharpe Compact,Orbit,CAT017,S0243,26.18,10.865,true
P005934,Windrow Perceuse Essentiel,Windrow,CAT036,S0411,4.84,9.695,false
P005935,Halcyon Casque vélo Ultra,Halcyon,CAT025,S0134,151.80,1.177,false
P005936,Bexon Nettoyant jantes Pro,Bexon,CAT037,S0261,55.01,3.632,false
P005937,Alvora Chargeur Éco,Alvora,CAT009,S0249,22.41,1.839,true
P005938,Terra Souris Essentiel,Terra,CAT007,S0346,51.30,8.045,true
P005939,Ursa Tapis de yoga Ultra,Ursa,CAT027,S0021,98.33,4.374,false
P005940,Quartz Souris Signature,Quartz,CAT012,S0013,82.11,1.133,true
P005941,Orbit Sneakers Premium,Orbit,CAT015,S0453,10.21,3.440,false
P005942,Quartz Chaussures de trail Classic,Quartz,CAT026,S0299,77.21,7.723,false
P005943,Kestrel Manuel Essentiel,Kestrel,CAT035,S0404,76.29,10.445,false
P005944,Lumen Poêle Pro,Lumen,CAT004,S0376,113.60,8.143,false
P005945,Zephyr Sac à main Essentiel,Zephyr,CAT017,S0149,80.84,10.499,false
P005946,Granit Manuel Premium,Granit,CAT032,S0313,159.58,4.989,false
P005947,Ursa Enceinte Signature,Ursa,CAT010,S0013,73.25,6.153,false
P005948,Nordis Gourde Nomade,Nordis,CAT027,S0374,8.35,7.224,false
P005949,Bexon Beau livre Nomade,Bexon,CAT032,S0073,37.92,11.259,false
P005950,Ursa Bâche Compact,Ursa,CAT039,S0464,75.68,1.415,false
P005951,Ursa Étagère Signature,Ursa,CAT005,S0114,26.98,9.512,false
P005952,Cirrus Filtre à air XL,Cirrus,CAT037,S0015,174.28,7.793,false
P005953,Fjord Peluche Essentiel,Fjord,CAT030,S0057,147.93,2.477,false
P005954,Granit Sérum Signature,Granit,CAT021,S0217,29.06,4.605,false
P005955,Orbit Clé à cliquet Signature,Orbit,CAT038,S0144,15.21,0.518,false
P005956,Kestrel Manuel Classic,Kestrel,CAT034,S0395,19.03,0.091,false
P005957,Pallas Brosse Éco,Pallas,CAT021,S0194,17.92,5.585,false
P005958,Meridian Sérum Éco,Meridian,CAT018,S0467,18.65,5.913,false
P005959,Solstice Palette Essentiel,Solstice,CAT018,S0076,35.00,0.814,false
P005960,Nordis Beau livre Ultra,Nordis,CAT034,S0117,30.94,8.311,false
P005961,Rivage Enceinte Essentiel,Rivage,CAT011,S0150,11.82,1.759,false
P005962,Lumen Crème hydratante Signature,Lumen,CAT020,S0488,137.95,1.407,false
P005963,Granit Bouilloire Compact,Granit,CAT002,S0427,32.04,6.566,false
P005964,Ivory Jeu de plateau Compact,Ivory,CAT028,S0558,159.80,11.527,false
P005965,Halcyon Enceinte Éco,Halcyon,CAT012,S0499,203.41,9.327,false
P005966,Granit Enceinte Signature,Granit,CAT009,S0029,57.52,10.339,false
P005967,Cirrus Écharpe Signature,Cirrus,CAT016,S0456,20.31,11.867,false
P005968,Granit Palette Essentiel,Granit,CAT019,S0460,62.98,10.821,false
P005969,Ursa Filtre à air Signature,Ursa,CAT038,S0268,52.69,11.417,true
P005970,Solstice Housse de couette Nomade,Solstice,CAT005,S0114,188.21,10.613,true
P005971,Juniper Peluche Ultra,Juniper,CAT029,S0493,31.31,8.289,false
P005972,Juniper Lampe Ultra,Juniper,CAT006,S0551,24.64,10.149,false
P005973,Quartz Trottinette Premium,Quartz,CAT028,S0461,31.86,1.159,false
P005974,Alvora Nettoyant jantes Éco,Alvora,CAT037,S0216,153.30,0.921,false
P005975,Granit Nettoyant jantes Éco,Granit,CAT037,S0394,87.14,4.050,false
P005976,Halcyon Coffret BD Éco,Halcyon,CAT032,S0431,114.23,7.960,false
P005977,Juniper Crème hydratante Ultra,Juniper,CAT021,S0489,30.88,3.369,false
P005978,Rivage Gourde Éco,Rivage,CAT023,S0330,168.62,2.930,false
P005979,Fjord Lampe Pro,Fjord,CAT006,S0089,45.10,5.800,false
P005980,Bexon Veste Essentiel,Bexon,CAT015,S0228,10.57,7.424,false
P005981,Alvora Cube éducatif Pro,Alvora,CAT028,S0533,188.00,6.168,false
P005982,Windrow Casque vélo Éco,Windrow,CAT026,S0095,15.73,11.487,false
P005983,Windrow Chargeur Nomade,Windrow,CAT010,S0567,70.10,6.927,false
P005984,Vertex Bouilloire Compact,Vertex,CAT006,S0036,67.81,3.029,false
P005985,Vertex Sac à main XL,Vertex,CAT013,S0472,24.34,7.977,false
P005986,Orbit Manuel Signature,Orbit,CAT034,S0088,38.32,1.288,false
P005987,Meridian Sac à main Premium,Meridian,CAT017,S0441,224.36,7.585,false
P005988,Solstice Étagère XL,Solstice,CAT003,S0407,35.06,0.329,false
P005989,Bexon Arrosoir Compact,Bexon,CAT001,S0281,157.17,10.105,false
P005990,Pallas Bouilloire Ultra,Pallas,CAT004,S0244,181.94,7.943,false
P005991,Meridian Tapis de yoga Compact,Meridian,CAT026,S0385,71.97,2.070,false
P005992,Solstice Palette Classic,Solstice,CAT019,S0040,53.08,6.056,false
P005993,Juniper Gourde Essentiel,Juniper,CAT026,S0067,30.45,6.759,false
P005994,Solstice Eau de toilette Signature,Solstice,CAT019,S0296,74.28,3.198,false
P005995,Pallas Clé à cliquet Compact,Pallas,CAT038,S0162,6.18,4.705,false
P005996,Ursa Roman Ultra,Ursa,CAT035,S0360,33.81,11.241,false
P005997,Orbit Bouilloire Signature,Orbit,CAT001,S0265,54.25,2.160,false
P005998,Vertex Arrosoir Classic,Vertex,CAT001,S0481,92.83,6.761,false
P005999,Rivage Perceuse Compact,Rivage,CAT039,S0448,162.37,8.995,false
P006000,Windrow Clé à cliquet Essentiel,Windrow,CAT036,S0187,80.35,9.593,false
P006001,Solstice Tapis de yoga Premium,Solstice,CAT024,S0039,71.22,9.932,false
P006002,Rivage Coffret BD Compact,Rivage,CAT035,S0209,81.09,5.310,false
P006003,Windrow Brosse Ultra,Windrow,CAT019,S0595,63.40,9.826,false
P006004,Zephyr Chaussures de trail Ultra,Zephyr,CAT023,S0220,80.81,9.724,false
P006005,Halcyon Coffret BD Éco,Halcyon,CAT035,S0227,39.30,10.622,true
P006006,Fjord Chargeur Premium,Fjord,CAT007,S0117,116.81,8.626,false
P006007,Fjord Manuel XL,Fjord,CAT035,S0328,96.80,7.235,false
P006008,Juniper Figurine Nomade,Juniper,CAT029,S0303,262.25,5.962,false
P006009,Terra Haltères Éco,Terra,CAT025,S0506,42.60,1.972,true
P006010,Juniper Chargeur Compact,Juniper,CAT011,S0038,234.00,6.463,true
P006011,Ember Veste Éco,Ember,CAT015,S0456,69.58,10.573,false
P006012,Fjord Chemise XL,Fjord,CAT016,S0250,5.10,11.866,false
P006013,Meridian Beau livre Nomade,Meridian,CAT035,S0054,16.58,10.326,true
P006014,Zephyr Perceuse Pro,Zephyr,CAT039,S0268,31.86,0.243,false
P006015,Windrow Shampooing Éco,Windrow,CAT021,S0300,48.32,8.855,false
P006016,Rivage Arrosoir XL,Rivage,CAT003,S0251,6.26,1.556,false
P006017,Lumen Clavier Compact,Lumen,CAT011,S0091,137.74,11.703,false
P006018,Ivory Palette Pro,Ivory,CAT020,S0482,101.61,9.698,false
P006019,Meridian Gourde Pro,Meridian,CAT023,S0057,17.31,2.333,false
P006020,Windrow Étagère Classic,Windrow,CAT006,S0416,146.74,6.190,false
P006021,Ivory Webcam Signature,Ivory,CAT011,S0587,91.61,1.894,false
P006022,Orbit Roman Premium,Orbit,CAT033,S0598,58.68,1.955,false
P006023,Solstice Haltères XL,Solstice,CAT027,S0187,94.29,2.680,false
P006024,Windrow Clavier Signature,Windrow,CAT007,S0038,6.29,9.059,false
P006025,Ember Cube éducatif XL,Ember,CAT030,S0598,7.81,0.446,false
P006026,Vertex Trottinette Nomade,Vertex,CAT029,S0446,156.68,3.273,false
P006027,Solstice Casque Pro,Solstice,CAT012,S0030,76.72,10.068,false
P006028,Halcyon Étagère Premium,Halcyon,CAT006,S0173,247.49,5.028,false
P006029,Terra Filtre à air Ultra,Terra,CAT037,S0348,16.62,4.596,false
P006030,Solstice Arrosoir Nomade,Solstice,CAT005,S0245,32.49,11.252,true
P006031,Cirrus Cube éducatif Classic,Cirrus,CAT031,S0446,63.77,3.735,false
P006032,Windrow Lampe Nomade,Windrow,CAT001,S0316,92.07,4.379,false
P006033,Ivory Nettoyant jantes Classic,Ivory,CAT038,S0593,30.81,2.044,false
P006034,Juniper Étagère Premium,Juniper,CAT005,S0069,7.18,6.408,false
P006035,Granit Gourde Classic,Granit,CAT024,S0400,88.89,1.065,false
P006036,Granit Filtre à air Premium,Granit,CAT039,S0123,176.92,8.735,false
P006037,Granit Eau de toilette Nomade,Granit,CAT022,S0236,8.12,5.557,false
P006038,Meridian Lampe Pro,Meridian,CAT002,S0421,10.89,6.887,false
P006039,Terra Sac de sport Compact,Terra,CAT027,S0185,26.31,9.511,false
P006040,Pallas Eau de toilette Signature,Pallas,CAT020,S0489,19.90,8.594,false
P006041,Zephyr Nettoyant jantes Ultra,Zephyr,CAT039,S0311,21.90,4.351,false
P006042,Rivage Étagère XL,Rivage,CAT002,S0042,59.19,2.933,false
P006043,Bexon Roman Nomade,Bexon,CAT032,S0235,104.19,11.295,false
P006044,Lumen Casque Éco,Lumen,CAT007,S0037,10.53,10.051,false
P006045,Alvora Brosse XL,Alvora,CAT018,S0463,143.40,9.546,false
P006046,Alvora Sac de sport Essentiel,Alvora,CAT023,S0109,179.75,2.481,true
P006047,Ember Montre connectée Pro,Ember,CAT007,S0112,94.89,3.006,true
P006048,Halcyon Coffret BD Classic,Halcyon,CAT032,S0399,46.81,1.631,false
P006049,Ivory Chemise Classic,Ivory,CAT017,S0301,12.70,11.701,false
P006050,Bexon Clé à cliquet Éco,Bexon,CAT039,S0102,101.52,5.815,false
P006051,Delvia Bouilloire Essentiel,Delvia,CAT005,S0390,261.13,5.427,false
P006052,Ember Trottinette Premium,Ember,CAT030,S0425,70.15,7.837,false
P006053,Ursa Set de couverts Nomade,Ursa,CAT002,S0277,154.72,3.172,false
P006054,Granit Webcam Ultra,Granit,CAT010,S0307,93.05,5.002,false
P006055,Juniper Housse de couette Premium,Juniper,CAT002,S0398,33.35,10.191,false
P006056,Rivage Housse de couette Pro,Rivage,CAT005,S0189,101.30,10.873,false
P006057,Orbit Cube éducatif XL,Orbit,CAT029,S0270,10.67,8.244,false
P006058,Rivage Vinyle Éco,Rivage,CAT032,S0325,48.83,3.831,false
P006059,Juniper Cube éducatif Compact,Juniper,CAT030,S0463,66.16,9.214,false
P006060,Ursa Jeu de plateau Premium,Ursa,CAT031,S0366,118.16,4.048,false
P006061,Zephyr Enceinte Ultra,Zephyr,CAT008,S0328,267.94,1.941,false
P006062,Lumen Clé à cliquet Compact,Lumen,CAT038,S0415,112.14,11.915,false
P006063,Alvora Palette Compact,Alvora,CAT018,S0384,90.59,10.596,false
P006064,Alvora Sac de sport Pro,Alvora,CAT025,S0297,10.87,9.840,false
P006065,Ivory Veste XL,Ivory,CAT013,S0450,7.44,2.024,false
P006066,Pallas Gourde Compact,Pallas,CAT026,S0187,46.17,10.615,false
P006067,Fjord Montre connectée Éco,Fjord,CAT009,S0530,85.71,10.935,true
P006068,Solstice Chemise Classic,Solstice,CAT016,S0523,263.37,11.688,false
P006069,Granit Eau de toilette Essentiel,Granit,CAT021,S0163,48.05,10.585,false
P006070,Lumen Coffret BD Premium,Lumen,CAT035,S0361,125.72,10.022,false
P006071,Zephyr Haltères Classic,Zephyr,CAT023,S0263,14.50,5.906,false
P006072,Juniper Shampooing Essentiel,Juniper,CAT022,S0333,32.17,8.946,false
P006073,Bexon Brosse Nomade,Bexon,CAT018,S0462,20.59,6.515,true
P006074,Zephyr Bâche Compact,Zephyr,CAT036,S0281,29.11,9.161,false
P006075,Granit Sac à main Premium,Granit,CAT014,S0124,28.08,5.928,false
P006076,Rivage Lampe Signature,Rivage,CAT001,S0239,88.04,0.973,false
P006077,Meridian Clé à cliquet Premium,Meridian,CAT036,S0102,24.16,11.606,false
P006078,Kestrel Casque Premium,Kestrel,CAT009,S0114,172.21,0.627,false
P006079,Orbit Clé à cliquet Éco,Orbit,CAT036,S0268,71.09,2.516,false
P006080,Ursa Veste Ultra,Ursa,CAT015,S0440,80.28,8.224,false
P006081,Ivory Vinyle Nomade,Ivory,CAT032,S0496,68.16,5.201,true
P006082,Cirrus Clé à cliquet Pro,Cirrus,CAT038,S0415,131.39,10.798,false
P006083,Vertex Housse de couette Pro,Vertex,CAT004,S0350,42.77,5.729,false
P006084,Vertex Beau livre Signature,Vertex,CAT034,S0307,91.18,4.663,false
P006085,Ursa Sérum Ultra,Ursa,CAT021,S0460,92.19,11.349,false
P006086,Bexon Casque vélo Premium,Bexon,CAT023,S0403,75.10,6.257,false
P006087,Cirrus Chaussures de trail Premium,Cirrus,CAT025,S0119,72.12,9.470,false
P006088,Meridian Palette Compact,Meridian,CAT021,S0505,77.55,9.316,false
P006089,Orbit Casque Ultra,Orbit,CAT010,S0587,85.68,6.417,false
P006090,Vertex Enceinte Essentiel,Vertex,CAT011,S0442,19.29,10.819,false
P006091,Cirrus Gourde Compact,Cirrus,CAT024,S0336,5.37,6.857,false
P006092,Fjord Filtre à air Classic,Fjord,CAT037,S0568,258.73,4.361,false
P006093,Kestrel Brosse Compact,Kestrel,CAT019,S0193,156.28,5.098,false
P006094,Fjord Lampe Premium,Fjord,CAT003,S0347,50.64,10.337,false
P006095,Orbit Roman Classic,Orbit,CAT034,S0327,123.50,5.390,false
P006096,Cirrus Clé à cliquet Nomade,Cirrus,CAT039,S0436,24.41,3.098,false
P006097,Halcyon Jeu de plateau Premium,Halcyon,CAT028,S0205,18.53,6.295,false
P006098,Pallas Palette Essentiel,Pallas,CAT022,S0049,161.20,7.391,false
P006099,Halcyon Cube éducatif Essentiel,Halcyon,CAT029,S0527,47.45,4.736,false
P006100,Alvora Eau de toilette Premium,Alvora,CAT018,S0463,88.74,6.103,false
P006101,Juniper Lampe Pro,Juniper,CAT001,S0519,133.27,5.535,false
P006102,Fjord Chargeur Ultra,Fjord,CAT011,S0048,37.25,3.336,true
P006103,Meridian Lampe Pro,Meridian,CAT006,S0514,13.17,0.540,false
P006104,Pallas Eau de toilette Éco,Pallas,CAT022,S0574,54.09,8.311,false
P006105,Quartz Lampe Essentiel,Quartz,CAT005,S0390,45.68,5.154,false
P006106,Granit Shampooing Pro,Granit,CAT022,S0399,182.52,1.282,false
P006107,Alvora Souris Classic,Alvora,CAT010,S0459,135.24,1.585,false
P006108,Zephyr Peluche Éco,Zephyr,CAT030,S0288,68.67,11.094,false
P006109,Granit Trottinette Compact,Granit,CAT028,S0149,145.27,3.802,false
P006110,Zephyr Vinyle Éco,Zephyr,CAT034,S0358,64.01,4.019,false
P006111,Delvia Trottinette Premium,Delvia,CAT028,S0457,76.31,3.767,false
P006112,Fjord Peluche Éco,Fjord,CAT028,S0600,12.41,9.542,false
P006113,Juniper Brosse Premium,Juniper,CAT020,S0383,13.38,7.449,false
P006114,Orbit Sneakers Ultra,Orbit,CAT015,S0212,70.73,8.808,false
P006115,Cirrus Chemise Essentiel,Cirrus,CAT017,S0381,102.52,11.745,false
P006116,Solstice Brosse Éco,Solstice,CAT022,S0533,38.14,5.252,true
P006117,Vertex Sneakers Compact,Vertex,CAT016,S0441,90.34,5.448,false
P006118,Cirrus Souris Signature,Cirrus,CAT008,S0402,50.91,4.825,false
P006119,Windrow Veste Essentiel,Windrow,CAT014,S0301,61.75,6.998,false
P006120,Ember Lampe Nomade,Ember,CAT006,S0247,63.04,5.823,false
P006121,Zephyr Montre connectée Classic,Zephyr,CAT011,S0569,187.80,7.711,false
P006122,Delvia Puzzle Éco,Delvia,CAT030,S0015,156.79,3.989,false
P006123,Solstice Chemise Compact,Solstice,CAT013,S0356,101.15,10.577,true
P006124,Meridian Sérum Essentiel,Meridian,CAT019,S0136,193.62,3.470,false
P006125,Ivory Casque Signature,Ivory,CAT008,S0402,54.65,11.145,false
P006126,Ivory Casque Pro,Ivory,CAT010,S0486,71.76,11.307,false
P006127,Granit Arrosoir Compact,Granit,CAT002,S0540,65.25,3.205,false
P006128,Halcyon Crème hydratante Classic,Halcyon,CAT022,S0504,59.38,2.480,false
P006129,Kestrel Montre Signature,Kestrel,CAT014,S0423,89.62,3.929,false
P006130,Ursa Crème hydratante Compact,Ursa,CAT018,S0094,5.19,1.259,false
P006131,Bexon Eau de toilette XL,Bexon,CAT018,S0218,42.92,4.507,false
P006132,Quartz Veste Compact,Quartz,CAT015,S0003,20.71,5.245,false
P006133,Ivory Lampe Pro,Ivory,CAT005,S0376,92.76,8.838,false
P006134,Nordis Crème hydratante Essentiel,Nordis,CAT018,S0521,119.09,3.211,false
P006135,Alvora Webcam Premium,Alvora,CAT010,S0113,166.61,7.531,false
P006136,Ember Housse de couette Compact,Ember,CAT004,S0336,253.28,0.718,false
P006137,Delvia Trottinette XL,Delvia,CAT031,S0543,60.63,7.004,false
P006138,Nordis Étagère Classic,Nordis,CAT005,S0148,54.47,1.800,false
P006139,Zephyr Crème hydratante Nomade,Zephyr,CAT022,S0194,21.78,8.411,true
P006140,Fjord Peluche Premium,Fjord,CAT028,S0338,59.96,2.136,false
P006141,Ivory Beau livre Premium,Ivory,CAT032,S0177,77.83,10.605,false
P006142,Ember Casque vélo Compact,Ember,CAT026,S0403,77.67,6.656,false
P006143,Terra Housse de couette Classic,Terra,CAT003,S0162,62.69,1.660,false
P006144,Ursa Vinyle Pro,Ursa,CAT035,S0137,27.27,8.066,false
P006145,Halcyon Housse de couette Éco,Halcyon,CAT006,S0475,74.14,0.593,false
P006146,Juniper Crème hydratante Nomade,Juniper,CAT022,S0126,48.57,3.736,false
P006147,Cirrus Enceinte Éco,Cirrus,CAT011,S0222,213.14,7.636,false
P006148,Zephyr Gourde Nomade,Zephyr,CAT023,S0086,41.82,6.563,false
P006149,Juniper Sérum Classic,Juniper,CAT020,S0434,57.11,8.441,false
P006150,Halcyon Filtre à air Signature,Halcyon,CAT039,S0436,44.29,5.117,false
P006151,Solstice Coffret BD Pro,Solstice,CAT032,S0309,116.12,7.514,false
P006152,Ivory Écharpe Compact,Ivory,CAT016,S0037,94.34,0.488,false
P006153,Nordis Beau livre XL,Nordis,CAT033,S0304,37.95,6.710,false
P006154,Nordis Roman XL,Nordis,CAT035,S0359,17.02,6.469,false
P006155,Lumen Jeu de plateau XL,Lumen,CAT029,S0013,32.32,11.773,false
P006156,Solstice Arrosoir Signature,Solstice,CAT002,S0115,116.79,2.990,false
P006157,Ivory Vinyle Compact,Ivory,CAT034,S0273,64.58,1.486,false
P006158,Fjord Clé à cliquet Classic,Fjord,CAT039,S0411,42.13,0.925,true
P006159,Ursa Webcam Premium,Ursa,CAT010,S0412,47.50,6.411,false
P006160,Terra Tapis de yoga Classic,Terra,CAT023,S0212,136.64,2.042,false
P006161,Delvia Montre connectée Classic,Delvia,CAT012,S0112,193.16,10.721,false
P006162,Solstice Tapis de yoga Compact,Solstice,CAT026,S0486,6.28,6.562,false
P006163,Solstice Roman XL,Solstice,CAT035,S0517,19.05,5.078,false
P006164,Alvora Coffret BD Compact,Alvora,CAT032,S0379,167.92,3.798,false
P006165,Zephyr Cube éducatif XL,Zephyr,CAT031,S0366,8.14,0.457,false
P006166,Fjord Sac à main Signature,Fjord,CAT014,S0164,47.80,11.574,true
P006167,Ember Casque vélo Essentiel,Ember,CAT024,S0346,37.39,7.343,false
P006168,Ivory Figurine Nomade,Ivory,CAT031,S0205,85.10,9.329,false
P006169,Halcyon Chargeur Éco,Halcyon,CAT011,S0213,76.51,2.383,false
P006170,Solstice Poêle Compact,Solstice,CAT004,S0449,63.93,10.192,true
P006171,Orbit Sneakers Premium,Orbit,CAT014,S0080,15.36,7.403,false
P006172,Fjord Poêle Essentiel,Fjord,CAT003,S0279,226.19,7.071,false
P006173,Cirrus Clavier Compact,Cirrus,CAT007,S0191,87.20,8.939,false
P006174,Rivage Chargeur Nomade,Rivage,CAT007,S0048,54.36,10.515,true
P006175,Cirrus Coffret BD Essentiel,Cirrus,CAT033,S0020,81.23,4.857,false
P006176,Juniper Eau de toilette Ultra,Juniper,CAT022,S0463,20.39,4.923,false
P006177,Ivory Chaussures de trail Premium,Ivory,CAT026,S0050,76.36,2.988,true
P006178,Solstice Chemise XL,Solstice,CAT013,S0282,70.24,6.762,false
P006179,Vertex Jeu de plateau Compact,Vertex,CAT029,S0215,21.48,10.258,false
P006180,Lumen Écharpe Compact,Lumen,CAT015,S0441,227.73,8.154,false
P006181,Meridian Souris Classic,Meridian,CAT008,S0435,55.38,6.743,false
P006182,Delvia Nettoyant jantes Compact,Delvia,CAT038,S0240,191.45,9.626,true
P006183,Meridian Gourde Signature,Meridian,CAT026,S0467,67.73,8.434,false
P006184,Halcyon Sérum Nomade,Halcyon,CAT021,S0145,188.96,10.771,false
P006185,Orbit Poêle Classic,Orbit,CAT003,S0378,77.25,7.179,false
P006186,Granit Clavier Signature,Granit,CAT010,S0530,42.21,9.740,false
P006187,Terra Trottinette XL,Terra,CAT031,S0084,30.05,2.615,false
P006188,Quartz Lampe Signature,Quartz,CAT006,S0458,132.50,7.347,true
P006189,Halcyon Perceuse Ultra,Halcyon,CAT036,S0317,19.17,10.872,false
P006190,Meridian Chaussures de trail XL,Meridian,CAT026,S0299,55.48,11.169,false
P006191,Rivage Bouilloire Nomade,Rivage,CAT006,S0189,17.63,4.281,false
P006192,Zephyr Puzzle Pro,Zephyr,CAT028,S0149,56.07,1.413,false
P006193,Bexon Casque vélo Nomade,Bexon,CAT025,S0395,98.64,9.940,false
P006194,Ember Sac à main Ultra,Ember,CAT013,S0413,42.16,1.875,false
P006195,Solstice Montre connectée XL,Solstice,CAT007,S0045,29.55,2.719,false
P006196,Ursa Peluche Signature,Ursa,CAT029,S0430,211.47,11.553,false
P006197,Kestrel Casque Nomade,Kestrel,CAT010,S0530,31.23,5.479,false
P006198,Ivory Nettoyant jantes Classic,Ivory,CAT036,S0293,257.06,1.825,false
P006199,Cirrus Webcam Essentiel,Cirrus,CAT007,S0143,77.32,4.870,true
P006200,Orbit Set de couverts Classic,Orbit,CAT005,S0114,20.16,4.154,false
P006201,Ursa Trottinette Premium,Ursa,CAT030,S0553,68.39,3.396,false
P006202,Vertex Montre connectée Ultra,Vertex,CAT011,S0035,52.86,4.141,false
P006203,Halcyon Shampooing Éco,Halcyon,CAT019,S0456,27.01,9.871,true
P006204,Ivory Bâche Éco,Ivory,CAT039,S0023,15.29,9.709,false
P006205,Bexon Eau de toilette Essentiel,Bexon,CAT020,S0296,103.98,6.156,false
P006206,Nordis Étagère Compact,Nordis,CAT005,S0161,64.48,5.984,false
P006207,Alvora Sneakers Premium,Alvora,CAT014,S0440,218.43,7.496,false
P006208,Halcyon Cube éducatif Essentiel,Halcyon,CAT029,S0561,194.08,10.573,false
P006209,Juniper Lampe Signature,Juniper,CAT006,S0452,18.11,10.939,false
P006210,Juniper Chaussures de trail Éco,Juniper,CAT023,S0398,63.05,5.345,false
P006211,Ivory Clé à cliquet XL,Ivory,CAT038,S0434,277.97,3.102,false
P006212,Juniper Clé à cliquet Essentiel,Juniper,CAT039,S0484,77.92,11.816,false
P006213,Bexon Poêle Classic,Bexon,CAT004,S0199,43.13,3.785,false
P006214,Vertex Bâche Premium,Vertex,CAT036,S0175,66.22,7.495,false
P006215,Quartz Bouilloire Premium,Quartz,CAT004,S0083,74.83,1.435,true
P006216,Nordis Chemise Premium,Nordis,CAT013,S0393,207.57,2.505,false
P006217,Quartz Vinyle XL,Quartz,CAT034,S0450,18.88,0.481,false
P006218,Terra Roman Éco,Terra,CAT033,S0183,110.76,5.248,false
P006219,Delvia Clavier Pro,Delvia,CAT008,S0486,120.71,2.044,false
P006220,Zephyr Casque Éco,Zephyr,CAT011,S0578,98.94,11.690,false
P006221,Rivage Shampooing Pro,Rivage,CAT019,S0368,69.32,10.260,true
P006222,Juniper Chaussures de trail Pro,Juniper,CAT027,S0527,124.26,10.573,false
P006223,Ursa Chemise Pro,Ursa,CAT016,S0529,90.62,2.286,false
P006224,Bexon Poêle Pro,Bexon,CAT006,S0407,23.36,10.934,false
P006225,Granit Bâche XL,Granit,CAT037,S0072,21.20,9.527,false
P006226,Nordis Puzzle Classic,Nordis,CAT029,S0520,52.97,6.714,false
P006227,Bexon Chemise Pro,Bexon,CAT015,S0485,19.83,5.633,false
P006228,Ursa Sac à main Signature,Ursa,CAT017,S0064,193.51,0.804,false
P006229,Nordis Chargeur Ultra,Nordis,CAT007,S0071,39.74,10.600,false
P006230,Fjord Bouilloire Nomade,Fjord,CAT001,S0161,39.49,5.280,false
P006231,Juniper Chargeur Pro,Juniper,CAT007,S0435,65.48,2.500,true
P006232,Fjord Beau livre Pro,Fjord,CAT032,S0137,61.38,7.557,false
P006233,Bexon Manuel Signature,Bexon,CAT034,S0209,63.06,10.169,false
P006234,Kestrel Peluche Signature,Kestrel,CAT030,S0267,66.47,10.684,false
P006235,Pallas Roman Classic,Pallas,CAT032,S0020,60.63,8.905,false
P006236,Quartz Chemise Éco,Quartz,CAT017,S0058,158.01,2.038,false
P006237,Kestrel Trottinette Classic,Kestrel,CAT031,S0238,72.01,2.090,false
P006238,Terra Gourde Ultra,Terra,CAT026,S0157,147.28,1.151,false
P006239,Nordis Set de couverts Premium,Nordis,CAT004,S0025,9.50,4.562,false
P006240,Alvora Eau de toilette Classic,Alvora,CAT020,S0194,48.95,1.873,false
P006241,Zephyr Palette Signature,Zephyr,CAT018,S0401,26.04,0.696,false
P006242,Bexon Veste Compact,Bexon,CAT016,S0470,52.03,4.436,true
P006243,Vertex Sneakers Classic,Vertex,CAT013,S0153,68.92,11.224,false
P006244,Lumen Sneakers Compact,Lumen,CAT013,S0315,17.24,11.547,false
P006245,Halcyon Ceinture Premium,Halcyon,CAT016,S0080,34.63,3.786,false
P006246,Ember Casque vélo XL,Ember,CAT024,S0299,15.59,11.433,false
P006247,Rivage Trottinette Premium,Rivage,CAT029,S0185,57.35,2.799,false
P006248,Nordis Chemise Éco,Nordis,CAT013,S0444,43.79,3.093,false
P006249,Zephyr Chaussures de trail Ultra,Zephyr,CAT026,S0157,59.22,3.841,false
P006250,Delvia Shampooing XL,Delvia,CAT022,S0473,233.82,6.437,false
P006251,Alvora Ceinture Essentiel,Alvora,CAT013,S0151,22.98,1.656,false
P006252,Halcyon Sac à main XL,Halcyon,CAT016,S0024,60.43,2.653,false
P006253,Lumen Crème hydratante Essentiel,Lumen,CAT019,S0219,81.05,0.830,false
P006254,Delvia Palette Nomade,Delvia,CAT022,S0331,22.90,10.707,false
P006255,Ivory Lampe Essentiel,Ivory,CAT005,S0579,74.90,3.334,false
P006256,Alvora Brosse Essentiel,Alvora,CAT021,S0352,65.55,11.217,false
P006257,Zephyr Bouilloire Pro,Zephyr,CAT005,S0306,15.58,5.537,false
P006258,Juniper Cube éducatif Signature,Juniper,CAT031,S0458,27.39,0.103,false
P006259,Solstice Gourde Classic,Solstice,CAT024,S0506,48.05,0.341,false
P006260,Ivory Chargeur Éco,Ivory,CAT008,S0439,74.67,5.994,false
P006261,Kestrel Manuel Premium,Kestrel,CAT032,S0276,90.96,7.131,false
P006262,Delvia Haltères Pro,Delvia,CAT027,S0057,9.30,1.055,false
P006263,Zephyr Arrosoir Premium,Zephyr,CAT005,S0416,181.64,0.852,false
P006264,Halcyon Shampooing Premium,Halcyon,CAT021,S0242,189.28,8.093,false
P006265,Pallas Arrosoir Classic,Pallas,CAT002,S0316,187.48,5.496,false
P006266,Zephyr Roman Pro,Zephyr,CAT034,S0189,63.09,3.905,false
P006267,Solstice Écharpe Compact,Solstice,CAT016,S0011,56.80,2.700,false
P006268,Bexon Arrosoir Pro,Bexon,CAT001,S0405,70.48,11.493,false
P006269,Windrow Bouilloire XL,Windrow,CAT005,S0378,181.62,10.838,false
P006270,Alvora Jeu de plateau Pro,Alvora,CAT028,S0549,168.04,4.710,false
P006271,Juniper Brosse Ultra,Juniper,CAT020,S0434,212.35,0.795,false
P006272,Solstice Perceuse XL,Solstice,CAT038,S0305,112.55,7.709,false
P006273,Windrow Haltères Pro,Windrow,CAT023,S0506,88.27,2.699,false
P006274,Nordis Bouilloire Éco,Nordis,CAT004,S0008,33.93,2.426,false
P006275,Cirrus Chemise Compact,Cirrus,CAT017,S0130,15.40,8.083,false
P006276,Terra Puzzle Essentiel,Terra,CAT031,S0229,155.39,6.277,false
P006277,Ember Montre connectée Signature,Ember,CAT007,S0065,14.13,4.063,false
P006278,Ursa Gourde Essentiel,Ursa,CAT025,S0168,153.27,6.335,false
P006279,Lumen Chargeur Nomade,Lumen,CAT011,S0486,86.86,7.065,false
P006280,Rivage Bouilloire Ultra,Rivage,CAT001,S0527,154.39,0.283,false
P006281,Delvia Eau de toilette XL,Delvia,CAT018,S0141,84.96,10.916,false
P006282,Vertex Brosse Compact,Vertex,CAT020,S0193,191.31,0.567,false
P006283,Ursa Peluche Éco,Ursa,CAT031,S0573,19.73,1.012,false
P006284,Nordis Tapis de yoga Classic,Nordis,CAT027,S0012,52.06,7.445,false
P006285,Alvora Sérum Nomade,Alvora,CAT020,S0352,66.01,6.931,false
P006286,Ember Bouilloire Premium,Ember,CAT001,S0337,28.24,4.997,false
P006287,Alvora Perceuse Compact,Alvora,CAT038,S0142,15.90,10.595,false
P006288,Lumen Coffret BD Classic,Lumen,CAT035,S0116,37.33,7.660,false
P006289,Windrow Souris Éco,Windrow,CAT008,S0442,12.61,9.054,false
P006290,Nordis Puzzle Essentiel,Nordis,CAT029,S0269,97.25,4.604,false
P006291,Nordis Vinyle Compact,Nordis,CAT033,S0313,47.13,3.892,false
P006292,Orbit Casque vélo Signature,Orbit,CAT026,S0214,12.61,0.366,false
P006293,Orbit Perceuse Ultra,Orbit,CAT037,S0542,93.58,0.763,false
P006294,Halcyon Cube éducatif Classic,Halcyon,CAT029,S0314,125.27,11.445,false
P006295,Bexon Clavier Classic,Bexon,CAT007,S0066,10.47,7.881,false
P006296,Lumen Set de couverts Ultra,Lumen,CAT002,S0360,181.22,3.119,false
P006297,Rivage Cube éducatif XL,Rivage,CAT028,S0202,219.69,9.879,false
P006298,Halcyon Brosse Essentiel,Halcyon,CAT021,S0493,8.83,3.136,false
P006299,Kestrel Housse de couette Nomade,Kestrel,CAT003,S0390,73.25,9.762,false
P006300,Meridian Chemise Nomade,Meridian,CAT017,S0349,59.54,6.493,false
P006301,Terra Beau livre Classic,Terra,CAT033,S0309,83.66,1.492,false
P006302,Orbit Poêle Nomade,Orbit,CAT001,S0190,73.90,2.032,false
P006303,Ursa Eau de toilette Compact,Ursa,CAT018,S0047,56.72,4.025,true
P006304,Quartz Sneakers Compact,Quartz,CAT017,S0074,17.56,5.742,false
P006305,Juniper Crème hydratante Pro,Juniper,CAT019,S0355,107.36,10.499,false
P006306,Terra Casque vélo Classic,Terra,CAT027,S0525,118.62,8.383,false
P006307,Cirrus Sac à main Classic,Cirrus,CAT017,S0472,65.95,4.997,false
P006308,Granit Roman Ultra,Granit,CAT034,S0223,77.53,1.917,false
P006309,Vertex Veste Nomade,Vertex,CAT014,S0025,153.43,7.114,false
P006310,Ivory Set de couverts Premium,Ivory,CAT005,S0573,54.62,2.306,false
P006311,Solstice Figurine Ultra,Solstice,CAT031,S0084,64.70,5.856,false
P006312,Cirrus Sac de sport Pro,Cirrus,CAT024,S0201,221.95,2.529,true
P006313,Halcyon Nettoyant jantes Nomade,Halcyon,CAT036,S0340,29.31,2.205,false
P006314,Windrow Figurine Essentiel,Windrow,CAT031,S0520,59.23,6.284,false
P006315,Ember Shampooing Éco,Ember,CAT020,S0058,210.28,9.963,false
P006316,Orbit Crème hydratante XL,Orbit,CAT019,S0049,189.24,6.270,true
P006317,Zephyr Chemise Signature,Zephyr,CAT014,S0456,258.88,6.274,false
P006318,Bexon Trottinette XL,Bexon,CAT028,S0523,74.55,8.800,false
P006319,Nordis Clé à cliquet Classic,Nordis,CAT039,S0198,94.12,4.694,false
P006320,Meridian Sneakers Premium,Meridian,CAT016,S0238,165.73,8.176,false
P006321,Windrow Trottinette Nomade,Windrow,CAT029,S0477,11.91,0.272,false
P006322,Zephyr Sac de sport Nomade,Zephyr,CAT024,S0351,85.93,10.294,false
P006323,Zephyr Ceinture Classic,Zephyr,CAT017,S0182,60.23,11.138,false
P006324,Ivory Jeu de plateau Essentiel,Ivory,CAT031,S0480,45.60,5.057,false
P006325,Cirrus Sérum Ultra,Cirrus,CAT019,S0504,8.95,5.856,false
P006326,Rivage Écharpe Ultra,Rivage,CAT014,S0438,259.26,6.730,false
P006327,Nordis Figurine Signature,Nordis,CAT029,S0213,59.42,11.226,false
P006328,Ursa Tapis de yoga Premium,Ursa,CAT025,S0512,90.75,11.690,false
P006329,Bexon Bâche Ultra,Bexon,CAT037,S0587,80.86,5.308,false
P006330,Granit Manuel XL,Granit,CAT035,S0547,58.21,2.483,false
P006331,Ursa Filtre à air Classic,Ursa,CAT037,S0571,81.74,0.374,false
P006332,Fjord Set de couverts Compact,Fjord,CAT004,S0114,35.27,2.916,true
P006333,Terra Veste Classic,Terra,CAT016,S0161,5.24,11.393,false
P006334,Halcyon Trottinette Éco,Halcyon,CAT029,S0558,74.01,5.572,false
P006335,Halcyon Sac de sport Essentiel,Halcyon,CAT024,S0374,65.19,11.207,false
P006336,Kestrel Enceinte Pro,Kestrel,CAT007,S0117,33.78,3.558,false
P006337,Kestrel Housse de couette Classic,Kestrel,CAT005,S0067,83.64,10.032,false
P006338,Cirrus Veste Essentiel,Cirrus,CAT015,S0137,27.99,10.733,false
P006339,Ember Montre connectée Premium,Ember,CAT007,S0532,24.41,2.773,false
P006340,Orbit Palette XL,Orbit,CAT020,S0414,67.31,9.744,false
P006341,Cirrus Peluche Ultra,Cirrus,CAT028,S0264,60.89,11.051,false
P006342,Rivage Arrosoir Signature,Rivage,CAT005,S0040,18.70,3.957,false
P006343,Alvora Nettoyant jantes Éco,Alvora,CAT038,S0305,203.93,7.877,false
P006344,Terra Lampe Classic,Terra,CAT001,S0350,92.34,9.626,false
P006345,Alvora Ceinture Signature,Alvora,CAT016,S0063,176.28,9.207,false
P006346,Lumen Sérum Essentiel,Lumen,CAT018,S0235,32.04,11.938,false
P006347,Nordis Shampooing Nomade,Nordis,CAT020,S0273,111.69,5.346,false
P006348,Rivage Étagère Compact,Rivage,CAT004,S0592,19.48,10.655,false
P006349,Lumen Roman XL,Lumen,CAT032,S0160,56.74,0.403,false
P006350,Ursa Poêle Ultra,Ursa,CAT004,S0382,185.96,11.429,true
P006351,Terra Chemise Classic,Terra,CAT013,S0491,70.81,4.828,false
P006352,Solstice Gourde Classic,Solstice,CAT023,S0400,45.78,1.388,false
P006353,Pallas Coffret BD Classic,Pallas,CAT033,S0073,170.81,11.055,false
P006354,Meridian Veste Ultra,Meridian,CAT013,S0222,91.32,8.000,true
P006355,Terra Housse de couette Nomade,Terra,CAT006,S0089,22.47,0.578,false
P006356,Ursa Filtre à air Classic,Ursa,CAT036,S0085,17.60,5.920,false
P006357,Vertex Clavier XL,Vertex,CAT010,S0142,85.84,10.480,false
P006358,Fjord Shampooing Signature,Fjord,CAT021,S0536,23.05,11.131,false
P006359,Alvora Chaussures de trail Compact,Alvora,CAT023,S0186,121.96,4.193,true
P006360,Delvia Chemise Ultra,Delvia,CAT016,S0321,69.26,2.242,false
P006361,Solstice Palette XL,Solstice,CAT018,S0434,81.97,5.294,false
P006362,Rivage Cube éducatif Éco,Rivage,CAT029,S0005,88.47,10.698,false
P006363,Lumen Beau livre Nomade,Lumen,CAT035,S0209,37.98,7.734,false
P006364,Lumen Trottinette Éco,Lumen,CAT028,S0010,53.91,2.285,false
P006365,Bexon Casque Premium,Bexon,CAT009,S0581,139.61,9.886,false
P006366,Kestrel Roman Compact,Kestrel,CAT033,S0577,11.08,8.633,false
P006367,Pallas Arrosoir Pro,Pallas,CAT003,S0277,68.26,4.393,false
P006368,Nordis Bâche Ultra,Nordis,CAT038,S0172,84.01,5.691,false
P006369,Terra Tapis de yoga Compact,Terra,CAT026,S0119,77.10,7.543,false
P006370,Windrow Webcam Signature,Windrow,CAT012,S0108,77.11,9.407,false
P006371,Terra Sneakers Classic,Terra,CAT017,S0375,93.69,9.343,true
P006372,Lumen Vinyle Premium,Lumen,CAT032,S0404,39.39,10.508,false
P006373,Quartz Peluche Nomade,Quartz,CAT028,S0457,274.13,1.091,true
P006374,Terra Ceinture Essentiel,Terra,CAT015,S0584,33.76,2.390,false
P006375,Ivory Écharpe Nomade,Ivory,CAT017,S0272,137.84,6.233,true
P006376,Meridian Eau de toilette Compact,Meridian,CAT018,S0302,55.86,8.041,false
P006377,Bexon Chargeur Nomade,Bexon,CAT009,S0091,72.86,8.690,false
P006378,Granit Palette Premium,Granit,CAT018,S0244,76.25,1.828,true
P006379,Quartz Clé à cliquet Essentiel,Quartz,CAT037,S0123,12.70,8.678,false
P006380,Fjord Sérum Classic,Fjord,CAT018,S0433,173.20,0.578,false
P006381,Windrow Ceinture XL,Windrow,CAT016,S0515,60.90,2.404,false
P006382,Lumen Gourde Signature,Lumen,CAT025,S0186,48.51,10.596,false
P006383,Granit Puzzle Ultra,Granit,CAT028,S0534,58.97,5.505,false
P006384,Cirrus Gourde Nomade,Cirrus,CAT024,S0308,21.47,0.674,false
P006385,Fjord Figurine Éco,Fjord,CAT031,S0543,166.84,2.782,false
P006386,Lumen Clé à cliquet Nomade,Lumen,CAT036,S0542,64.08,8.599,false
P006387,Rivage Shampooing Ultra,Rivage,CAT021,S0504,44.51,4.515,false
P006388,Quartz Clavier Essentiel,Quartz,CAT008,S0276,87.89,2.768,false
P006389,Ursa Housse de couette Pro,Ursa,CAT003,S0561,41.37,10.790,false
P006390,Alvora Peluche Éco,Alvora,CAT030,S0418,168.32,9.696,false
P006391,Halcyon Sérum Premium,Halcyon,CAT018,S0426,22.23,7.552,false
P006392,Rivage Sérum Pro,Rivage,CAT019,S0582,82.08,1.863,false
P006393,Terra Crème hydratante Classic,Terra,CAT022,S0599,19.20,8.670,false
P006394,Delvia Ceinture Compact,Delvia,CAT014,S0476,44.16,7.043,false
P006395,Orbit Set de couverts Premium,Orbit,CAT006,S0206,47.81,11.165,false
P006396,Ivory Nettoyant jantes Compact,Ivory,CAT038,S0340,29.63,0.813,false
P006397,Granit Peluche Signature,Granit,CAT031,S0447,57.87,0.376,false
P006398,Halcyon Sac à main XL,Halcyon,CAT016,S0365,6.52,0.393,false
P006399,Solstice Palette Essentiel,Solstice,CAT020,S0135,16.32,6.740,false
P006400,Orbit Écharpe Signature,Orbit,CAT014,S0138,10.19,10.058,false
P006401,Ember Coffret BD Classic,Ember,CAT035,S0136,43.04,3.024,false
P006402,Alvora Brosse Classic,Alvora,CAT018,S0355,91.64,7.514,true
P006403,Pallas Palette Signature,Pallas,CAT018,S0507,32.13,11.005,false
P006404,Zephyr Lampe Éco,Zephyr,CAT004,S0358,67.59,8.749,false
P006405,Rivage Filtre à air Compact,Rivage,CAT037,S0099,150.74,11.620,false
P006406,Ivory Sac de sport Pro,Ivory,CAT027,S0254,10.01,10.173,false
P006407,Kestrel Sneakers Nomade,Kestrel,CAT013,S0595,38.04,0.361,false
P006408,Pallas Casque Signature,Pallas,CAT012,S0147,16.86,7.450,false
P006409,Ember Cube éducatif Classic,Ember,CAT030,S0005,94.05,10.607,false
P006410,Juniper Sac de sport Classic,Juniper,CAT027,S0560,88.53,1.909,false
P006411,Juniper Eau de toilette Ultra,Juniper,CAT022,S0214,36.61,9.335,false
P006412,Cirrus Clé à cliquet Essentiel,Cirrus,CAT037,S0453,91.65,3.363,false
P006413,Ursa Montre Essentiel,Ursa,CAT016,S0471,36.26,4.691,false
P006414,Alvora Étagère Premium,Alvora,CAT002,S0006,39.49,7.135,false
P006415,Halcyon Étagère Nomade,Halcyon,CAT001,S0061,63.50,3.043,false
P006416,Granit Montre connectée Classic,Granit,CAT010,S0517,106.00,3.897,true
P006417,Delvia Tapis de yoga Pro,Delvia,CAT025,S0086,42.86,7.197,false
P006418,Rivage Sac à main Compact,Rivage,CAT017,S0037,23.25,9.098,false
P006419,Fjord Shampooing Éco,Fjord,CAT021,S0323,51.25,11.557,true
P006420,Lumen Trottinette Compact,Lumen,CAT029,S0497,94.65,11.244,true
P006421,Solstice Beau livre Premium,Solstice,CAT032,S0598,28.67,0.129,false
P006422,Juniper Coffret BD Premium,Juniper,CAT032,S0203,226.58,3.326,false
P006423,Pallas Casque vélo Éco,Pallas,CAT023,S0254,28.81,1.683,false
P006424,Lumen Crème hydratante Nomade,Lumen,CAT022,S0434,40.51,1.342,false
P006425,Halcyon Clavier Classic,Halcyon,CAT007,S0068,31.56,10.734,false
P006426,Delvia Peluche Nomade,Delvia,CAT029,S0414,66.72,2.453,false
P006427,Ivory Crème hydratante Essentiel,Ivory,CAT022,S0115,191.49,9.471,false
P006428,Juniper Roman Pro,Juniper,CAT034,S0009,7.83,3.683,false
P006429,Delvia Bouilloire Signature,Delvia,CAT005,S0221,72.42,9.240,true
P006430,Zephyr Chaussures de trail Premium,Zephyr,CAT025,S0566,150.02,11.074,false
P006431,Solstice Montre Premium,Solstice,CAT015,S0164,214.18,4.574,false
P006432,Windrow Écharpe Premium,Windrow,CAT016,S0082,76.05,2.733,false
P006433,Lumen Vinyle Nomade,Lumen,CAT032,S0404,6.36,1.709,false
P006434,Pallas Trottinette Pro,Pallas,CAT031,S0269,31.07,9.220,false
P006435,Orbit Sac de sport Classic,Orbit,CAT027,S0295,22.62,3.499,false
P006436,Fjord Nettoyant jantes Pro,Fjord,CAT039,S0229,61.21,9.559,false
P006437,Cirrus Crème hydratante Premium,Cirrus,CAT018,S0426,10.43,4.983,true
P006438,Halcyon Lampe XL,Halcyon,CAT004,S0264,72.01,9.984,false
P006439,Terra Écharpe Signature,Terra,CAT017,S0575,61.06,1.178,false
P006440,Meridian Casque vélo Ultra,Meridian,CAT027,S0185,151.84,4.349,false
P006441,Rivage Jeu de plateau Nomade,Rivage,CAT028,S0497,39.12,5.864,false
P006442,Vertex Crème hydratante Premium,Vertex,CAT018,S0077,37.41,9.295,false
P006443,Meridian Sac à main Pro,Meridian,CAT013,S0159,42.13,3.841,true
P006444,Fjord Chaussures de trail Premium,Fjord,CAT026,S0374,92.77,2.645,false
P006445,Pallas Écharpe Essentiel,Pallas,CAT014,S0246,49.23,6.651,false
P006446,Alvora Bâche Pro,Alvora,CAT037,S0305,16.60,4.279,false
P006447,Ursa Webcam Signature,Ursa,CAT009,S0045,68.97,4.171,false
P006448,Ivory Chaussures de trail Pro,Ivory,CAT026,S0012,27.97,3.636,false
P006449,Vertex Eau de toilette Pro,Vertex,CAT021,S0163,172.16,2.228,false
P006450,Nordis Arrosoir Classic,Nordis,CAT003,S0551,33.76,4.304,false
P006451,Halcyon Eau de toilette Premium,Halcyon,CAT022,S0451,24.64,0.304,false
P006452,Nordis Eau de toilette Premium,Nordis,CAT020,S0217,32.23,1.115,false
P006453,Delvia Enceinte Éco,Delvia,CAT009,S0481,23.82,11.643,false
P006454,Cirrus Set de couverts Éco,Cirrus,CAT005,S0421,58.42,9.421,false
P006455,Rivage Lampe Ultra,Rivage,CAT003,S0420,90.98,6.964,false
P006456,Quartz Gourde Compact,Quartz,CAT025,S0428,79.80,1.499,true
P006457,Cirrus Roman XL,Cirrus,CAT035,S0116,60.91,1.677,false
P006458,Cirrus Cube éducatif Compact,Cirrus,CAT030,S0180,93.91,3.390,false
P006459,Rivage Écharpe Essentiel,Rivage,CAT015,S0011,76.74,11.892,false
P006460,Nordis Étagère Ultra,Nordis,CAT002,S0535,27.33,1.877,true
P006461,Pallas Sac à main Pro,Pallas,CAT017,S0555,66.96,8.479,false
P006462,Juniper Housse de couette Compact,Juniper,CAT004,S0529,21.57,9.164,false
P006463,Juniper Vinyle Pro,Juniper,CAT033,S0141,170.07,8.812,false
P006464,Rivage Manuel Signature,Rivage,CAT032,S0207,56.45,0.116,false
P006465,Solstice Chaussures de trail Signature,Solstice,CAT023,S0525,55.68,9.960,false
P006466,Quartz Trottinette Pro,Quartz,CAT029,S0083,72.44,10.079,false
P006467,Ember Sneakers XL,Ember,CAT016,S0575,268.45,0.671,false
P006468,Delvia Lampe Pro,Delvia,CAT002,S0426,42.24,5.582,true
P006469,Lumen Figurine Essentiel,Lumen,CAT030,S0510,68.50,1.265,false
P006470,Cirrus Puzzle Éco,Cirrus,CAT030,S0430,177.66,11.199,false
P006471,Cirrus Montre connectée Compact,Cirrus,CAT012,S0570,72.82,6.963,false
P006472,Fjord Chargeur Nomade,Fjord,CAT009,S0359,276.16,6.360,false
P006473,Ursa Roman Éco,Ursa,CAT032,S0060,58.96,3.602,false
P006474,Cirrus Haltères Classic,Cirrus,CAT026,S0057,40.17,3.182,false
P006475,Cirrus Casque vélo Pro,Cirrus,CAT025,S0112,46.30,1.121,false
P006476,Rivage Sérum Pro,Rivage,CAT020,S0482,46.09,2.450,false
P006477,Nordis Poêle Premium,Nordis,CAT001,S0465,28.76,1.552,false
P006478,Alvora Manuel Éco,Alvora,CAT033,S0392,6.17,11.426,false
P006479,Delvia Écharpe XL,Delvia,CAT015,S0228,53.23,9.107,false
P006480,Meridian Cube éducatif Éco,Meridian,CAT029,S0472,128.11,3.609,true
P006481,Granit Gourde Nomade,Granit,CAT027,S0295,19.22,1.223,false
P006482,Terra Puzzle Classic,Terra,CAT031,S0134,44.06,1.734,false
P006483,Pallas Écharpe Éco,Pallas,CAT016,S0182,139.91,9.826,false
P006484,Orbit Filtre à air Essentiel,Orbit,CAT036,S0508,208.78,5.796,false
P006485,Cirrus Gourde Signature,Cirrus,CAT025,S0184,68.36,3.556,false
P006486,Orbit Chaussures de trail Compact,Orbit,CAT026,S0109,64.16,0.255,false
P006487,Ursa Peluche Ultra,Ursa,CAT031,S0446,168.27,1.714,true
P006488,Lumen Eau de toilette Ultra,Lumen,CAT020,S0352,219.00,6.625,false
P006489,Terra Trottinette Essentiel,Terra,CAT031,S0477,75.34,6.444,false
P006490,Halcyon Perceuse XL,Halcyon,CAT038,S0384,42.43,2.567,false
P006491,Cirrus Poêle Ultra,Cirrus,CAT001,S0478,90.44,3.511,false
P006492,Orbit Tapis de yoga Compact,Orbit,CAT024,S0097,92.42,2.333,false
P006493,Lumen Shampooing Signature,Lumen,CAT022,S0113,11.73,7.438,false
P006494,Lumen Puzzle Éco,Lumen,CAT029,S0269,40.94,4.839,false
P006495,Zephyr Beau livre Classic,Zephyr,CAT032,S0345,46.66,1.527,false
P006496,Windrow Bouilloire Nomade,Windrow,CAT005,S0302,105.13,7.361,false
P006497,Windrow Roman Éco,Windrow,CAT033,S0225,16.40,1.460,false
P006498,Windrow Étagère Pro,Windrow,CAT001,S0432,129.05,5.468,false
P006499,Fjord Poêle Signature,Fjord,CAT003,S0279,51.27,4.528,true
P006500,Ursa Clé à cliquet Ultra,Ursa,CAT037,S0024,141.58,4.826,false
P006501,Ember Sérum Compact,Ember,CAT020,S0126,42.50,5.285,true
P006502,Ivory Set de couverts Nomade,Ivory,CAT003,S0537,32.92,5.888,false
P006503,Lumen Gourde Premium,Lumen,CAT023,S0299,60.69,7.571,false
P006504,Kestrel Manuel Ultra,Kestrel,CAT035,S0207,46.50,3.391,false
P006505,Halcyon Chaussures de trail Essentiel,Halcyon,CAT023,S0233,54.28,1.830,false
P006506,Pallas Manuel Compact,Pallas,CAT035,S0013,6.65,2.637,false
P006507,Alvora Casque XL,Alvora,CAT010,S0459,77.01,11.481,false
P006508,Halcyon Lampe Signature,Halcyon,CAT004,S0222,78.71,5.918,false
P006509,Rivage Casque vélo Premium,Rivage,CAT026,S0263,179.27,11.979,false
P006510,Rivage Cube éducatif Compact,Rivage,CAT030,S0244,140.97,6.642,false
P006511,Juniper Enceinte Signature,Juniper,CAT012,S0066,240.29,6.382,false
P006512,Alvora Roman Premium,Alvora,CAT033,S0049,82.22,11.547,false
P006513,Delvia Trottinette Premium,Delvia,CAT028,S0414,103.45,2.747,false
P006514,Bexon Bouilloire Nomade,Bexon,CAT003,S0514,26.01,0.517,false
P006515,Meridian Roman Classic,Meridian,CAT034,S0324,7.44,0.470,false
P006516,Terra Haltères XL,Terra,CAT026,S0157,62.17,0.491,false
P006517,Delvia Haltères Premium,Delvia,CAT023,S0088,168.10,4.755,false
P006518,Granit Étagère Signature,Granit,CAT004,S0120,215.26,0.543,false
P006519,Alvora Nettoyant jantes Premium,Alvora,CAT039,S0160,67.64,4.690,false
P006520,Ivory Sérum Classic,Ivory,CAT018,S0219,11.61,0.453,false
P006521,Lumen Enceinte Ultra,Lumen,CAT008,S0583,44.56,10.913,false
P006522,Solstice Bâche Classic,Solstice,CAT036,S0092,65.50,5.125,false
P006523,Pallas Shampooing Signature,Pallas,CAT021,S0340,266.28,6.730,false
P006524,Juniper Casque XL,Juniper,CAT007,S0249,71.95,4.092,false
P006525,Rivage Bâche Pro,Rivage,CAT039,S0305,200.94,10.393,false
P006526,Ember Haltères XL,Ember,CAT023,S0169,7.93,4.893,false
P006527,Nordis Peluche Pro,Nordis,CAT029,S0084,47.97,3.834,false
P006528,Rivage Shampooing XL,Rivage,CAT022,S0491,6.43,1.589,false
P006529,Granit Manuel Essentiel,Granit,CAT032,S0304,76.55,6.189,false
P006530,Solstice Clé à cliquet Classic,Solstice,CAT036,S0300,39.59,8.168,false
P006531,Nordis Sneakers Premium,Nordis,CAT016,S0575,62.89,5.077,false
P006532,Pallas Perceuse Essentiel,Pallas,CAT039,S0384,10.67,6.294,false
P006533,Meridian Roman Premium,Meridian,CAT033,S0287,34.15,8.610,false
P006534,Cirrus Poêle Compact,Cirrus,CAT001,S0421,68.58,5.980,false
P006535,Halcyon Roman Nomade,Halcyon,CAT032,S0435,105.79,7.045,false
P006536,Fjord Tapis de yoga XL,Fjord,CAT027,S0119,39.83,10.384,false
P006537,Cirrus Vinyle Premium,Cirrus,CAT033,S0307,50.59,4.388,false
P006538,Cirrus Manuel Éco,Cirrus,CAT035,S0060,68.74,1.709,false
P006539,Zephyr Trottinette Essentiel,Zephyr,CAT028,S0600,68.44,5.016,false
P006540,Pallas Arrosoir Signature,Pallas,CAT005,S0478,36.65,5.004,false
P006541,Windrow Shampooing Compact,Windrow,CAT020,S0451,30.44,5.463,false
P006542,Solstice Eau de toilette Ultra,Solstice,CAT019,S0214,258.91,3.451,false
P006543,Solstice Chargeur Signature,Solstice,CAT012,S0305,48.57,9.736,false
P006544,Halcyon Gourde Nomade,Halcyon,CAT026,S0474,174.73,3.132,false
P006545,Nordis Souris Pro,Nordis,CAT009,S0230,16.29,1.103,false
P006546,Quartz Casque Ultra,Quartz,CAT009,S0471,27.37,6.600,false
P006547,Rivage Shampooing Premium,Rivage,CAT020,S0271,76.38,5.468,true
P006548,Rivage Lampe XL,Rivage,CAT004,S0518,234.23,8.919,false
P006549,Ivory Montre Pro,Ivory,CAT014,S0423,9.98,10.770,false
P006550,Solstice Figurine Pro,Solstice,CAT031,S0082,92.40,2.995,false
P006551,Pallas Coffret BD Essentiel,Pallas,CAT032,S0443,22.19,3.418,false
P006552,Pallas Brosse Classic,Pallas,CAT018,S0526,26.87,9.589,false
P006553,Nordis Vinyle Premium,Nordis,CAT034,S0559,44.43,3.344,false
P006554,Pallas Casque vélo Compact,Pallas,CAT023,S0050,12.12,11.597,false
P006555,Ember Set de couverts Essentiel,Ember,CAT005,S0535,247.16,10.545,false
P006556,Quartz Tapis de yoga XL,Quartz,CAT023,S0043,149.73,5.272,false
P006557,Juniper Lampe Ultra,Juniper,CAT006,S0349,54.48,11.743,false
P006558,Lumen Vinyle Signature,Lumen,CAT034,S0324,16.16,7.690,false
P006559,Halcyon Figurine XL,Halcyon,CAT028,S0005,95.08,8.230,false
P006560,Orbit Manuel Ultra,Orbit,CAT035,S0285,52.14,10.977,false
P006561,Windrow Cube éducatif Compact,Windrow,CAT031,S0401,87.99,10.968,false
P006562,Fjord Souris Compact,Fjord,CAT012,S0562,7.32,10.693,false
P006563,Bexon Chargeur Pro,Bexon,CAT010,S0121,46.36,3.147,false
P006564,Pallas Roman Compact,Pallas,CAT035,S0440,103.36,10.781,false
P006565,Zephyr Bouilloire Classic,Zephyr,CAT001,S0239,143.15,7.790,false
P006566,Orbit Perceuse Éco,Orbit,CAT039,S0590,38.27,8.511,true
P006567,Rivage Set de couverts Signature,Rivage,CAT004,S0247,124.96,9.085,false
P006568,Lumen Souris Éco,Lumen,CAT008,S0523,18.54,5.575,true
P006569,Terra Montre connectée Signature,Terra,CAT010,S0310,57.07,6.566,false
P006570,Zephyr Sac de sport Pro,Zephyr,CAT023,S0329,6.36,6.141,false
P006571,Juniper Enceinte Premium,Juniper,CAT007,S0339,54.42,9.147,false
P006572,Kestrel Sérum Premium,Kestrel,CAT020,S0235,72.48,5.992,false
P006573,Pallas Tapis de yoga Premium,Pallas,CAT024,S0502,54.94,5.416,false
P006574,Meridian Trottinette Premium,Meridian,CAT029,S0269,57.37,9.655,false
P006575,Nordis Chaussures de trail Essentiel,Nordis,CAT025,S0254,31.90,9.681,false
P006576,Pallas Chaussures de trail Premium,Pallas,CAT023,S0490,34.09,2.224,false
P006577,Nordis Chargeur Nomade,Nordis,CAT010,S0558,75.91,6.602,false
P006578,Windrow Shampooing Éco,Windrow,CAT020,S0193,48.33,10.377,false
P006579,Zephyr Perceuse Classic,Zephyr,CAT038,S0198,91.48,5.904,false
P006580,Lumen Eau de toilette Premium,Lumen,CAT021,S0187,56.46,3.301,false
P006581,Meridian Ceinture XL,Meridian,CAT017,S0438,198.60,8.861,false
P006582,Rivage Étagère XL,Rivage,CAT006,S0466,88.82,6.861,false
P006583,Vertex Webcam Classic,Vertex,CAT012,S0435,45.66,2.435,false
P006584,Fjord Casque vélo Essentiel,Fjord,CAT025,S0132,16.36,8.252,false
P006585,Delvia Bouilloire Éco,Delvia,CAT006,S0074,73.57,3.686,false
P006586,Ivory Bouilloire Nomade,Ivory,CAT006,S0196,24.64,9.490,false
P006587,Fjord Casque Compact,Fjord,CAT010,S0578,94.98,8.039,false
P006588,Quartz Eau de toilette Éco,Quartz,CAT018,S0132,54.03,5.212,false
P006589,Lumen Sérum Signature,Lumen,CAT022,S0113,31.00,2.435,true
P006590,Nordis Étagère Pro,Nordis,CAT002,S0317,12.76,9.261,false
P006591,Orbit Eau de toilette XL,Orbit,CAT021,S0383,64.78,2.494,false
P006592,Vertex Ceinture Premium,Vertex,CAT013,S0170,47.58,9.714,true
P006593,Terra Manuel Classic,Terra,CAT034,S0467,122.61,10.626,false
P006594,Halcyon Palette Compact,Halcyon,CAT021,S0507,77.62,10.613,false
P006595,Meridian Coffret BD Compact,Meridian,CAT033,S0262,39.86,6.914,true
P006596,Granit Jeu de plateau Compact,Granit,CAT030,S0264,60.76,7.345,false
P006597,Windrow Veste Ultra,Windrow,CAT015,S0410,68.80,7.067,false
P006598,Windrow Nettoyant jantes Compact,Windrow,CAT036,S0175,12.83,0.347,false
P006599,Quartz Brosse Ultra,Quartz,CAT020,S0219,6.94,8.878,false
P006600,Pallas Nettoyant jantes Classic,Pallas,CAT036,S0522,11.85,11.394,false
P006601,Orbit Gourde Nomade,Orbit,CAT023,S0187,160.14,9.330,false
P006602,Solstice Montre connectée Essentiel,Solstice,CAT011,S0142,73.28,1.633,false
P006603,Quartz Chargeur Classic,Quartz,CAT007,S0097,145.06,11.027,false
P006604,Alvora Eau de toilette Signature,Alvora,CAT021,S0122,159.73,2.317,false
P006605,Cirrus Set de couverts Éco,Cirrus,CAT002,S0226,69.98,1.899,false
P006606,Ivory Montre XL,Ivory,CAT016,S0107,77.14,3.408,false
P006607,Terra Haltères XL,Terra,CAT025,S0400,19.66,3.303,false
P006608,Delvia Roman Premium,Delvia,CAT035,S0056,72.95,10.232,false
P006609,Orbit Écharpe Signature,Orbit,CAT015,S0003,16.74,11.523,false
P006610,Alvora Chemise Classic,Alvora,CAT017,S0410,185.95,2.384,false
P006611,Nordis Beau livre Essentiel,Nordis,CAT034,S0128,54.55,9.863,true
P006612,Windrow Clé à cliquet Pro,Windrow,CAT039,S0055,210.79,9.268,false
P006613,Kestrel Sérum Nomade,Kestrel,CAT019,S0576,13.94,7.496,false
P006614,Cirrus Cube éducatif Essentiel,Cirrus,CAT030,S0260,14.93,7.459,false
P006615,Windrow Arrosoir Éco,Windrow,CAT006,S0161,121.89,9.789,false
P006616,Terra Poêle Premium,Terra,CAT002,S0421,32.01,2.358,false
P006617,Ivory Brosse Essentiel,Ivory,CAT019,S0176,92.83,0.803,false
P006618,Cirrus Écharpe Signature,Cirrus,CAT014,S0024,7.81,2.166,false
P006619,Alvora Vinyle Signature,Alvora,CAT032,S0570,62.87,2.838,true
P006620,Meridian Chaussures de trail Classic,Meridian,CAT026,S0057,18.44,4.875,false
P006621,Lumen Lampe Classic,Lumen,CAT005,S0199,165.94,6.754,false
P006622,Pallas Beau livre XL,Pallas,CAT032,S0362,83.93,3.426,false
P006623,Halcyon Brosse Compact,Halcyon,CAT020,S0062,66.37,0.520,false
P006624,Rivage Peluche Nomade,Rivage,CAT031,S0470,164.91,11.983,false
P006625,Zephyr Sérum Nomade,Zephyr,CAT021,S0015,126.55,6.623,false
P006626,Windrow Brosse Ultra,Windrow,CAT022,S0574,92.45,6.481,false
P006627,Nordis Palette XL,Nordis,CAT022,S0200,15.73,1.347,false
P006628,Orbit Poêle Classic,Orbit,CAT004,S0589,30.40,7.755,false
P006629,Meridian Bouilloire Premium,Meridian,CAT002,S0363,88.25,3.184,false
P006630,Pallas Cube éducatif Nomade,Pallas,CAT028,S0414,208.02,3.527,false
P006631,Terra Coffret BD XL,Terra,CAT033,S0496,55.78,11.668,false
P006632,Meridian Manuel Ultra,Meridian,CAT032,S0416,91.88,11.457,false
P006633,Juniper Vinyle Essentiel,Juniper,CAT035,S0076,160.39,0.716,false
P006634,Meridian Arrosoir Éco,Meridian,CAT005,S0519,135.10,9.902,false
P006635,Granit Sérum XL,Granit,CAT021,S0245,168.25,1.644,false
P006636,Nordis Jeu de plateau Ultra,Nordis,CAT028,S0339,93.64,4.381,false
P006637,Bexon Puzzle Premium,Bexon,CAT029,S0264,55.26,2.934,false
P006638,Kestrel Tapis de yoga Classic,Kestrel,CAT027,S0392,124.07,6.072,false
P006639,Alvora Housse de couette Éco,Alvora,CAT004,S0376,15.50,4.175,false
P006640,Solstice Figurine Premium,Solstice,CAT030,S0427,18.09,4.247,true
P006641,Zephyr Webcam Compact,Zephyr,CAT009,S0451,53.31,5.888,false
P006642,Fjord Écharpe Ultra,Fjord,CAT013,S0130,10.91,8.003,false
P006643,Halcyon Veste XL,Halcyon,CAT017,S0119,33.97,7.976,false
P006644,Solstice Shampooing Signature,Solstice,CAT019,S0077,36.11,0.466,false
P006645,Orbit Sérum XL,Orbit,CAT019,S0135,21.24,7.539,false
P006646,Terra Peluche Éco,Terra,CAT030,S0280,147.66,0.858,false
P006647,Meridian Chemise Pro,Meridian,CAT014,S0315,210.26,9.771,false
P006648,Halcyon Montre Éco,Halcyon,CAT013,S0544,38.25,0.984,false
P006649,Ivory Clé à cliquet Éco,Ivory,CAT037,S0046,69.83,1.638,false
P006650,Ursa Étagère Essentiel,Ursa,CAT005,S0317,66.31,0.220,true
P006651,Meridian Cube éducatif Nomade,Meridian,CAT028,S0205,91.86,7.932,false
P006652,Ivory Sac de sport Signature,Ivory,CAT025,S0067,175.73,5.178,false
P006653,Quartz Chaussures de trail Pro,Quartz,CAT024,S0432,127.19,1.530,false
P006654,Ivory Palette Compact,Ivory,CAT018,S0434,89.61,1.887,false
P006655,Zephyr Clé à cliquet Premium,Zephyr,CAT036,S0268,27.94,7.933,false
P006656,Juniper Étagère Ultra,Juniper,CAT002,S0337,47.01,2.249,false
P006657,Terra Haltères Éco,Terra,CAT026,S0148,25.61,10.491,false
P006658,Ursa Roman XL,Ursa,CAT035,S0207,67.48,9.004,false
P006659,Alvora Shampooing Ultra,Alvora,CAT022,S0460,8.47,2.518,false
P006660,Solstice Cube éducatif Classic,Solstice,CAT031,S0215,71.37,5.308,false
P006661,Delvia Bâche Signature,Delvia,CAT036,S0175,87.52,10.152,false
P006662,Alvora Sérum Classic,Alvora,CAT019,S0460,17.79,3.426,false
P006663,Juniper Webcam Ultra,Juniper,CAT009,S0543,93.88,8.821,false
P006664,Kestrel Étagère Nomade,Kestrel,CAT006,S0025,87.74,7.229,false
P006665,Ember Manuel Essentiel,Ember,CAT032,S0087,33.94,8.059,false
P006666,Halcyon Haltères Premium,Halcyon,CAT026,S0400,10.17,5.982,false
P006667,Granit Perceuse Signature,Granit,CAT039,S0528,259.07,5.873,false
P006668,Delvia Shampooing XL,Delvia,CAT018,S0271,89.97,11.661,false
P006669,Granit Shampooing Essentiel,Granit,CAT022,S0052,89.82,1.401,false
P006670,Granit Jeu de plateau Pro,Granit,CAT028,S0082,44.07,11.858,false
P006671,Nordis Cube éducatif Éco,Nordis,CAT031,S0288,12.67,8.918,false
P006672,Terra Chargeur Nomade,Terra,CAT007,S0499,189.86,1.348,false
P006673,Solstice Palette Nomade,Solstice,CAT020,S0333,147.80,2.644,false
P006674,Rivage Souris Premium,Rivage,CAT007,S0435,74.82,9.197,false
P006675,Solstice Montre connectée Signature,Solstice,CAT011,S0035,88.01,1.618,false
P006676,Windrow Jeu de plateau XL,Windrow,CAT030,S0288,26.08,5.246,false
P006677,Juniper Sérum Ultra,Juniper,CAT021,S0163,55.50,6.164,false
P006678,Kestrel Sneakers Éco,Kestrel,CAT014,S0371,21.44,3.229,true
P006679,Ursa Bâche Classic,Ursa,CAT037,S0380,71.83,8.573,false
P006680,Vertex Perceuse Premium,Vertex,CAT039,S0466,11.10,8.345,true
P006681,Windrow Gourde Ultra,Windrow,CAT027,S0546,12.04,10.929,false
P006682,Bexon Puzzle Compact,Bexon,CAT031,S0264,26.06,10.915,false
P006683,Zephyr Roman XL,Zephyr,CAT033,S0559,37.98,10.920,false
P006684,Fjord Casque Éco,Fjord,CAT009,S0038,10.92,6.371,false
P006685,Terra Sac de sport Classic,Terra,CAT026,S0109,10.98,9.963,false
P006686,Quartz Peluche Pro,Quartz,CAT030,S0381,70.54,9.578,false
P006687,Cirrus Manuel Premium,Cirrus,CAT034,S0570,138.94,7.265,false
P006688,Juniper Chemise Compact,Juniper,CAT014,S0160,20.54,1.770,false
P006689,Halcyon Poêle Ultra,Halcyon,CAT004,S0407,43.49,1.453,true
P006690,Meridian Figurine XL,Meridian,CAT029,S0303,249.88,1.212,false
P006691,Juniper Shampooing XL,Juniper,CAT020,S0536,44.90,1.625,false
P006692,Lumen Gourde Ultra,Lumen,CAT026,S0432,72.69,5.122,false
P006693,Kestrel Clé à cliquet Essentiel,Kestrel,CAT038,S0240,283.49,2.528,false
P006694,Ember Tapis de yoga Pro,Ember,CAT024,S0207,9.23,8.235,false
P006695,Meridian Montre Essentiel,Meridian,CAT014,S0068,29.57,2.771,false
P006696,Delvia Nettoyant jantes XL,Delvia,CAT036,S0314,38.63,11.735,false
P006697,Delvia Écharpe Signature,Delvia,CAT017,S0179,6.19,8.639,false
P006698,Fjord Clé à cliquet Compact,Fjord,CAT038,S0391,19.72,7.910,false
P006699,Solstice Perceuse Ultra,Solstice,CAT039,S0009,6.42,0.488,false
P006700,Cirrus Figurine Éco,Cirrus,CAT029,S0511,65.14,2.609,false
P006701,Ember Ceinture Pro,Ember,CAT016,S0164,83.80,3.315,false
P006702,Cirrus Brosse Essentiel,Cirrus,CAT019,S0126,11.60,8.197,false
P006703,Vertex Lampe Compact,Vertex,CAT002,S0375,11.91,0.764,false
P006704,Juniper Figurine Nomade,Juniper,CAT031,S0497,6.91,9.203,false
P006705,Juniper Manuel Classic,Juniper,CAT033,S0104,73.44,8.478,false
P006706,Terra Enceinte Essentiel,Terra,CAT008,S0383,102.77,1.668,false
P006707,Vertex Veste Signature,Vertex,CAT015,S0371,50.78,6.936,false
P006708,Solstice Enceinte Essentiel,Solstice,CAT009,S0402,6.05,1.190,false
P006709,Bexon Enceinte Nomade,Bexon,CAT012,S0117,157.37,4.219,false
P006710,Solstice Haltères Ultra,Solstice,CAT025,S0546,46.56,6.574,false
P006711,Fjord Clavier Premium,Fjord,CAT010,S0276,279.41,7.485,false
P006712,Fjord Sac de sport Premium,Fjord,CAT026,S0492,195.11,3.186,false
P006713,Lumen Sac à main Ultra,Lumen,CAT013,S0454,60.35,2.671,true
P006714,Orbit Filtre à air Classic,Orbit,CAT038,S0283,92.89,2.169,false
P006715,Ember Arrosoir Essentiel,Ember,CAT004,S0221,7.86,1.506,false
P006716,Orbit Crème hydratante Nomade,Orbit,CAT020,S0253,52.76,1.137,false
P006717,Ursa Casque vélo Essentiel,Ursa,CAT025,S0279,18.42,10.022,false
P006718,Vertex Crème hydratante Compact,Vertex,CAT020,S0455,249.10,11.549,false
P006719,Ivory Nettoyant jantes Pro,Ivory,CAT037,S0181,189.28,5.177,false
P006720,Orbit Sérum Éco,Orbit,CAT019,S0477,6.01,4.929,false
P006721,Cirrus Housse de couette Pro,Cirrus,CAT002,S0551,89.06,6.525,false
P006722,Terra Écharpe Pro,Terra,CAT016,S0565,205.88,9.427,false
P006723,Cirrus Bouilloire Ultra,Cirrus,CAT006,S0454,32.87,7.885,true
P006724,Juniper Casque vélo Éco,Juniper,CAT023,S0169,60.44,2.465,false
P006725,Terra Shampooing Pro,Terra,CAT022,S0217,73.46,2.694,false
P006726,Halcyon Chaussures de trail Premium,Halcyon,CAT026,S0021,87.36,7.724,false
P006727,Meridian Housse de couette Nomade,Meridian,CAT006,S0196,185.90,8.069,false
P006728,Solstice Jeu de plateau Éco,Solstice,CAT030,S0082,37.43,8.118,false
P006729,Rivage Brosse Compact,Rivage,CAT018,S0376,56.36,8.222,true
P006730,Orbit Palette XL,Orbit,CAT021,S0135,47.27,6.369,false
P006731,Windrow Ceinture Essentiel,Windrow,CAT015,S0469,85.75,6.576,false
P006732,Alvora Clé à cliquet Signature,Alvora,CAT036,S0546,35.34,0.422,false
P006733,Delvia Webcam Nomade,Delvia,CAT007,S0554,76.16,3.585,false
P006734,Delvia Eau de toilette Ultra,Delvia,CAT021,S0176,220.79,7.123,false
P006735,Windrow Sac de sport XL,Windrow,CAT024,S0351,15.76,0.213,false
P006736,Delvia Set de couverts Pro,Delvia,CAT006,S0178,54.63,6.180,false
P006737,Rivage Palette XL,Rivage,CAT021,S0271,16.63,4.122,false
P006738,Ember Clé à cliquet XL,Ember,CAT037,S0268,67.19,1.340,false
P006739,Vertex Ceinture Signature,Vertex,CAT014,S0541,50.69,10.122,false
P006740,Cirrus Beau livre Signature,Cirrus,CAT035,S0444,38.01,8.158,false
P006741,Ivory Beau livre Signature,Ivory,CAT033,S0032,275.72,0.504,false
P006742,Kestrel Bouilloire Pro,Kestrel,CAT005,S0247,56.91,6.870,false
P006743,Granit Nettoyant jantes Compact,Granit,CAT037,S0398,125.96,3.092,false
P006744,Zephyr Casque vélo Nomade,Zephyr,CAT024,S0185,53.08,0.685,false
P006745,Ursa Gourde Éco,Ursa,CAT027,S0506,164.17,7.118,false
P006746,Delvia Clé à cliquet Pro,Delvia,CAT039,S0296,119.99,3.380,false
P006747,Halcyon Haltères Signature,Halcyon,CAT023,S0597,85.05,2.316,false
P006748,Meridian Sérum Nomade,Meridian,CAT020,S0368,10.45,10.815,false
P006749,Delvia Beau livre Classic,Delvia,CAT033,S0586,196.00,11.843,false
P006750,Kestrel Figurine Premium,Kestrel,CAT029,S0280,49.85,10.707,false
P006751,Rivage Bouilloire Nomade,Rivage,CAT005,S0398,114.53,1.653,false
P006752,Windrow Vinyle Nomade,Windrow,CAT034,S0024,54.91,8.958,false
P006753,Ivory Clé à cliquet Pro,Ivory,CAT039,S0238,54.79,11.078,false
P006754,Ember Puzzle Pro,Ember,CAT031,S0524,22.06,6.907,false
P006755,Fjord Ceinture Essentiel,Fjord,CAT013,S0541,157.97,5.124,false
P006756,Fjord Enceinte Compact,Fjord,CAT010,S0451,97.65,2.962,false
P006757,Alvora Chargeur Pro,Alvora,CAT010,S0227,33.70,7.010,false
P006758,Ivory Veste Classic,Ivory,CAT017,S0440,58.73,3.742,false
P006759,Meridian Palette Éco,Meridian,CAT020,S0101,65.52,0.859,false
P006760,Quartz Montre Premium,Quartz,CAT017,S0371,186.90,11.853,false
P006761,Zephyr Coffret BD Pro,Zephyr,CAT035,S0322,145.44,3.602,false
P006762,Ursa Nettoyant jantes Premium,Ursa,CAT036,S0241,17.29,4.301,false
P006763,Orbit Haltères Nomade,Orbit,CAT026,S0263,176.52,2.190,false
P006764,Terra Clé à cliquet XL,Terra,CAT039,S0007,181.68,4.550,false
P006765,Ursa Vinyle Compact,Ursa,CAT032,S0570,228.05,6.170,false
P006766,Ivory Chargeur Compact,Ivory,CAT007,S0188,29.91,2.621,false
P006767,Halcyon Nettoyant jantes Essentiel,Halcyon,CAT038,S0468,74.80,7.095,false
P006768,Granit Chargeur XL,Granit,CAT009,S0056,141.79,1.953,false
P006769,Kestrel Crème hydratante Éco,Kestrel,CAT022,S0132,27.62,8.127,false
P006770,Quartz Clé à cliquet Essentiel,Quartz,CAT037,S0224,28.62,7.337,false
P006771,Bexon Arrosoir XL,Bexon,CAT004,S0251,186.80,2.649,false
P006772,Kestrel Montre Classic,Kestrel,CAT013,S0291,78.81,1.922,false
P006773,Bexon Étagère Ultra,Bexon,CAT001,S0522,13.79,2.684,false
P006774,Ember Brosse Nomade,Ember,CAT019,S0595,30.47,6.665,false
P006775,Vertex Eau de toilette Premium,Vertex,CAT022,S0460,79.09,6.713,false
P006776,Orbit Palette Signature,Orbit,CAT021,S0541,94.20,7.134,true
P006777,Fjord Puzzle Ultra,Fjord,CAT031,S0191,116.89,4.748,false
P006778,Kestrel Haltères Pro,Kestrel,CAT023,S0125,52.22,9.775,false
P006779,Meridian Casque vélo Premium,Meridian,CAT026,S0186,72.79,7.682,false
P006780,Quartz Roman XL,Quartz,CAT033,S0016,49.17,2.684,false
P006781,Meridian Sac à main Compact,Meridian,CAT017,S0596,60.93,1.647,false
P006782,Halcyon Clé à cliquet Ultra,Halcyon,CAT038,S0355,67.41,9.234,true
P006783,Zephyr Beau livre Signature,Zephyr,CAT033,S0314,173.21,4.831,false
P006784,Bexon Vinyle Classic,Bexon,CAT034,S0389,21.17,8.283,false
P006785,Quartz Manuel Classic,Quartz,CAT034,S0467,109.02,4.248,false
P006786,Meridian Peluche Éco,Meridian,CAT031,S0337,50.49,4.842,false
P006787,Juniper Montre Nomade,Juniper,CAT014,S0005,68.71,8.383,false
P006788,Zephyr Roman Ultra,Zephyr,CAT035,S0160,41.94,7.918,true
P006789,Meridian Jeu de plateau Signature,Meridian,CAT031,S0269,66.92,4.246,false
P006790,Fjord Veste Classic,Fjord,CAT017,S0291,8.30,9.077,false
P006791,Terra Montre connectée Signature,Terra,CAT007,S0028,28.94,1.503,false
P006792,Kestrel Puzzle Signature,Kestrel,CAT029,S0206,43.53,7.875,false
P006793,Juniper Manuel Signature,Juniper,CAT033,S0326,50.49,10.684,false
P006794,Granit Clavier Signature,Granit,CAT007,S0312,71.36,11.730,false
P006795,Terra Manuel Éco,Terra,CAT032,S0060,38.73,9.049,false
P006796,Ivory Casque vélo XL,Ivory,CAT025,S0297,38.47,8.647,false
P006797,Quartz Chargeur Premium,Quartz,CAT012,S0044,247.70,0.164,false
P006798,Delvia Housse de couette Pro,Delvia,CAT003,S0587,224.54,11.923,false
P006799,Delvia Chaussures de trail Classic,Delvia,CAT024,S0478,249.26,4.054,false
P006800,Cirrus Roman Éco,Cirrus,CAT035,S0570,17.22,0.649,false
P006801,Quartz Sérum Éco,Quartz,CAT020,S0333,32.29,1.156,false
P006802,Cirrus Palette Compact,Cirrus,CAT021,S0595,92.90,6.598,false
P006803,Zephyr Bouilloire Compact,Zephyr,CAT003,S0092,91.44,7.931,false
P006804,Nordis Souris Ultra,Nordis,CAT008,S0013,120.05,0.083,false
P006805,Ember Poêle Classic,Ember,CAT004,S0592,73.61,5.270,false
P006806,Quartz Crème hydratante XL,Quartz,CAT022,S0429,174.20,3.540,false
P006807,Ursa Poêle Ultra,Ursa,CAT001,S0530,16.67,11.403,false
P006808,Delvia Puzzle Compact,Delvia,CAT028,S0600,81.13,2.633,true
P006809,Orbit Sneakers Essentiel,Orbit,CAT016,S0068,91.10,1.895,false
P006810,Lumen Brosse XL,Lumen,CAT019,S0101,27.46,1.830,true
P006811,Delvia Beau livre Classic,Delvia,CAT034,S0324,91.76,9.832,false
P006812,Pallas Webcam Nomade,Pallas,CAT010,S0468,60.37,9.733,true
P006813,Vertex Beau livre Premium,Vertex,CAT033,S0326,67.38,4.544,false
P006814,Windrow Webcam Nomade,Windrow,CAT011,S0048,161.85,7.380,false
P006815,Solstice Crème hydratante XL,Solstice,CAT020,S0273,16.69,7.147,false
P006816,Pallas Puzzle Essentiel,Pallas,CAT030,S0477,68.63,6.559,false
P006817,Solstice Tapis de yoga Signature,Solstice,CAT023,S0039,17.37,9.442,true
P006818,Bexon Cube éducatif Ultra,Bexon,CAT028,S0572,79.04,9.205,false
P006819,Lumen Étagère Classic,Lumen,CAT002,S0251,158.93,0.937,false
P006820,Vertex Beau livre Pro,Vertex,CAT035,S0570,53.77,9.312,false
P006821,Ember Webcam XL,Ember,CAT010,S0056,46.98,1.757,false
P006822,Bexon Palette Pro,Bexon,CAT020,S0217,190.58,0.346,true
P006823,Vertex Ceinture Classic,Vertex,CAT013,S0130,150.39,3.850,false
P006824,Nordis Housse de couette Nomade,Nordis,CAT004,S0405,17.82,7.485,false
P006825,Ember Montre Compact,Ember,CAT013,S0277,148.84,8.713,false
P006826,Solstice Roman Nomade,Solstice,CAT033,S0406,176.47,2.835,false
P006827,Lumen Manuel Essentiel,Lumen,CAT033,S0313,49.44,5.712,false
P006828,Solstice Enceinte Pro,Solstice,CAT012,S0367,5.99,5.014,false
P006829,Delvia Tapis de yoga XL,Delvia,CAT024,S0502,85.57,2.988,false
P006830,Alvora Lampe Ultra,Alvora,CAT001,S0317,94.95,0.530,false
P006831,Delvia Crème hydratante Classic,Delvia,CAT020,S0454,64.48,5.289,false
P006832,Kestrel Montre connectée Pro,Kestrel,CAT012,S0419,100.20,10.105,false
P006833,Halcyon Sneakers Classic,Halcyon,CAT015,S0246,115.29,4.945,false
P006834,Pallas Sneakers Éco,Pallas,CAT016,S0492,68.19,11.854,false
P006835,Terra Sérum Nomade,Terra,CAT019,S0588,74.86,11.737,false
P006836,Lumen Beau livre Signature,Lumen,CAT034,S0116,12.57,9.673,false
P006837,Rivage Manuel Nomade,Rivage,CAT034,S0073,8.11,0.435,false
P006838,Rivage Poêle Signature,Rivage,CAT002,S0416,122.35,5.283,false
P006839,Delvia Roman Signature,Delvia,CAT035,S0517,207.46,2.766,false
P006840,Delvia Haltères Nomade,Delvia,CAT026,S0095,68.60,4.153,false
P006841,Bexon Housse de couette Compact,Bexon,CAT001,S0390,81.07,10.468,false
P006842,Orbit Webcam Éco,Orbit,CAT009,S0312,28.77,3.804,false
P006843,Pallas Puzzle Ultra,Pallas,CAT030,S0149,14.70,3.003,false
P006844,Bexon Brosse Pro,Bexon,CAT021,S0473,47.88,2.577,false
P006845,Granit Tapis de yoga Classic,Granit,CAT023,S0231,141.53,2.951,false
P006846,Kestrel Webcam Premium,Kestrel,CAT011,S0259,167.60,7.268,false
P006847,Ivory Bouilloire Signature,Ivory,CAT006,S0421,11.71,6.026,false
P006848,Quartz Casque Signature,Quartz,CAT009,S0569,64.87,4.890,false
P006849,Pallas Gourde XL,Pallas,CAT026,S0395,163.48,3.247,false
P006850,Fjord Bâche XL,Fjord,CAT039,S0224,55.66,6.405,false
P006851,Zephyr Haltères Essentiel,Zephyr,CAT025,S0308,6.01,5.611,false
P006852,Ember Puzzle Pro,Ember,CAT028,S0408,90.69,4.015,false
P006853,Kestrel Tapis de yoga Classic,Kestrel,CAT024,S0255,35.79,7.888,false
P006854,Lumen Clé à cliquet Essentiel,Lumen,CAT039,S0055,151.48,6.706,false
P006855,Meridian Crème hydratante Ultra,Meridian,CAT019,S0165,20.54,9.097,true
P006856,Pallas Peluche XL,Pallas,CAT028,S0289,92.51,3.428,false
P006857,Ursa Tapis de yoga Essentiel,Ursa,CAT027,S0256,20.70,0.628,false
P006858,Halcyon Coffret BD Éco,Halcyon,CAT032,S0223,74.40,1.115,false
P006859,Lumen Ceinture Éco,Lumen,CAT017,S0456,94.47,0.615,false
P006860,Alvora Roman Pro,Alvora,CAT032,S0467,72.41,5.568,false
P006861,Kestrel Set de couverts Premium,Kestrel,CAT006,S0369,253.36,0.879,false
P006862,Nordis Manuel Signature,Nordis,CAT034,S0262,151.68,2.987,false
P006863,Cirrus Tapis de yoga Premium,Cirrus,CAT023,S0566,59.15,3.062,false
P006864,Nordis Vinyle Essentiel,Nordis,CAT033,S0547,38.47,0.123,false
P006865,Terra Montre connectée Classic,Terra,CAT011,S0532,79.13,8.254,false
P006866,Juniper Poêle Signature,Juniper,CAT006,S0409,57.89,3.679,false
P006867,Fjord Trottinette Essentiel,Fjord,CAT028,S0498,60.25,9.548,false
P006868,Halcyon Casque vélo Essentiel,Halcyon,CAT026,S0254,103.37,3.021,false
P006869,Fjord Poêle Essentiel,Fjord,CAT004,S0417,67.56,3.673,false
P006870,Ursa Housse de couette Éco,Ursa,CAT006,S0344,145.67,2.978,true
P006871,Vertex Chargeur Classic,Vertex,CAT008,S0587,46.66,3.394,true
P006872,Orbit Palette Classic,Orbit,CAT018,S0471,44.18,11.934,true
P006873,Ember Peluche Essentiel,Ember,CAT029,S0082,4.93,8.025,false
P006874,Halcyon Peluche Classic,Halcyon,CAT031,S0558,172.51,3.738,false
P006875,Halcyon Clavier Classic,Halcyon,CAT011,S0230,63.90,10.337,false
P006876,Orbit Enceinte XL,Orbit,CAT009,S0511,135.56,11.174,false
P006877,Windrow Cube éducatif Éco,Windrow,CAT031,S0127,69.59,2.344,false
P006878,Juniper Filtre à air Signature,Juniper,CAT038,S0268,29.08,6.840,false
P006879,Rivage Chemise Signature,Rivage,CAT017,S0315,29.50,8.658,false
P006880,Kestrel Bouilloire Nomade,Kestrel,CAT003,S0161,141.85,8.062,false
P006881,Kestrel Clavier Ultra,Kestrel,CAT007,S0177,134.56,4.393,false
P006882,Cirrus Cube éducatif Essentiel,Cirrus,CAT028,S0106,61.24,5.156,false
P006883,Solstice Bâche Classic,Solstice,CAT039,S0391,83.35,3.799,false
P006884,Meridian Haltères Éco,Meridian,CAT024,S0012,88.29,9.274,false
P006885,Rivage Housse de couette Signature,Rivage,CAT005,S0317,156.78,6.663,false
P006886,Meridian Souris Pro,Meridian,CAT012,S0249,12.48,4.884,true
P006887,Ivory Enceinte Nomade,Ivory,CAT009,S0539,79.53,1.236,false
P006888,Solstice Veste XL,Solstice,CAT014,S0479,87.66,2.575,false
P006889,Lumen Manuel Signature,Lumen,CAT033,S0160,6.18,6.468,false
P006890,Juniper Chargeur Premium,Juniper,CAT010,S0451,28.71,3.927,false
P006891,Quartz Set de couverts Compact,Quartz,CAT006,S0417,20.11,9.820,false
P006892,Alvora Figurine Essentiel,Alvora,CAT029,S0527,51.97,7.665,false
P006893,Vertex Set de couverts Compact,Vertex,CAT001,S0237,43.69,4.719,false
P006894,Zephyr Tapis de yoga Essentiel,Zephyr,CAT025,S0403,56.23,8.115,false
P006895,Ember Enceinte Premium,Ember,CAT009,S0224,34.81,7.865,false
P006896,Nordis Sneakers Premium,Nordis,CAT017,S0031,37.27,10.173,false
P006897,Delvia Jeu de plateau Signature,Delvia,CAT029,S0215,14.12,8.653,false
P006898,Terra Manuel Ultra,Terra,CAT035,S0322,134.51,9.449,false
P006899,Fjord Crème hydratante Signature,Fjord,CAT019,S0486,132.53,9.946,false
P006900,Pallas Sérum Pro,Pallas,CAT022,S0544,75.76,6.561,false
P006901,Halcyon Filtre à air Nomade,Halcyon,CAT037,S0553,74.12,7.293,false
P006902,Cirrus Montre connectée Compact,Cirrus,CAT012,S0171,31.97,9.593,false
P006903,Rivage Shampooing Éco,Rivage,CAT022,S0473,248.44,11.086,false
P006904,Rivage Brosse Signature,Rivage,CAT022,S0433,77.05,9.323,false
P006905,Meridian Roman Éco,Meridian,CAT032,S0032,120.53,5.302,false
P006906,Ivory Souris XL,Ivory,CAT011,S0140,10.93,3.746,false
P006907,Pallas Souris Compact,Pallas,CAT008,S0444,186.95,4.706,false
P006908,Meridian Shampooing Éco,Meridian,CAT019,S0576,27.48,6.119,false
P006909,Pallas Chemise Compact,Pallas,CAT013,S0179,77.34,8.630,false
P006910,Ivory Manuel Compact,Ivory,CAT032,S0313,30.03,11.970,false
P006911,Fjord Sneakers Premium,Fjord,CAT013,S0523,21.30,3.510,false
P006912,Meridian Manuel Compact,Meridian,CAT032,S0053,115.33,1.106,false
P006913,Ivory Montre Ultra,Ivory,CAT015,S0453,57.72,2.957,false
P006914,Juniper Eau de toilette Premium,Juniper,CAT022,S0552,79.69,4.157,false
P006915,Pallas Vinyle Essentiel,Pallas,CAT034,S0146,99.54,8.802,false
P006916,Ivory Sneakers Classic,Ivory,CAT013,S0332,66.09,10.656,false
P006917,Kestrel Roman Compact,Kestrel,CAT033,S0223,36.47,3.783,false
P006918,Orbit Peluche Compact,Orbit,CAT030,S0260,78.55,11.631,false
P006919,Terra Veste Classic,Terra,CAT017,S0531,42.74,2.992,false
P006920,Solstice Cube éducatif Ultra,Solstice,CAT031,S0303,32.52,8.471,false
P006921,Solstice Figurine Compact,Solstice,CAT029,S0082,270.74,4.462,false
P006922,Bexon Casque Pro,Bexon,CAT012,S0393,28.86,8.475,false
P006923,Meridian Peluche Compact,Meridian,CAT031,S0264,17.34,2.683,false
P006924,Granit Jeu de plateau Classic,Granit,CAT029,S0497,62.63,1.036,false
P006925,Ember Écharpe Compact,Ember,CAT014,S0169,90.24,10.811,false
P006926,Halcyon Arrosoir Classic,Halcyon,CAT003,S0585,35.73,6.778,false
P006927,Zephyr Gourde XL,Zephyr,CAT024,S0021,78.21,9.569,false
P006928,Ember Cube éducatif Ultra,Ember,CAT029,S0116,218.48,10.095,false
P006929,Fjord Housse de couette Essentiel,Fjord,CAT002,S0600,55.44,5.971,false
P006930,Windrow Souris Signature,Windrow,CAT007,S0249,67.57,6.643,false
P006931,Bexon Brosse Compact,Bexon,CAT022,S0135,70.95,5.310,false
P006932,Terra Écharpe XL,Terra,CAT013,S0454,86.64,5.888,false
P006933,Zephyr Coffret BD XL,Zephyr,CAT034,S0367,228.31,1.003,false
P006934,Juniper Lampe Compact,Juniper,CAT004,S0008,79.31,7.040,false
P006935,Granit Haltères Compact,Granit,CAT023,S0244,7.03,1.812,false
P006936,Windrow Housse de couette Signature,Windrow,CAT005,S0173,205.52,11.705,true
P006937,Ursa Trottinette XL,Ursa,CAT029,S0497,23.33,10.985,false
P006938,Halcyon Chaussures de trail Essentiel,Halcyon,CAT025,S0156,21.15,1.166,false
P006939,Pallas Trottinette Ultra,Pallas,CAT030,S0594,62.63,10.653,false
P006940,Vertex Sac de sport XL,Vertex,CAT024,S0164,101.39,1.151,false
P006941,Fjord Roman Nomade,Fjord,CAT035,S0324,60.73,7.370,false
P006942,Orbit Sérum Nomade,Orbit,CAT021,S0200,54.15,8.374,false
P006943,Lumen Lampe Signature,Lumen,CAT001,S0114,90.30,4.415,false
P006944,Solstice Figurine Signature,Solstice,CAT031,S0427,147.42,10.084,false
P006945,Delvia Étagère Éco,Delvia,CAT005,S0519,167.53,3.886,false
P006946,Ivory Poêle Pro,Ivory,CAT006,S0089,95.47,4.665,false
P006947,Alvora Sneakers Éco,Alvora,CAT017,S0290,83.03,7.322,false
P006948,Quartz Eau de toilette XL,Quartz,CAT022,S0076,22.61,9.249,false
P006949,Ursa Clavier Éco,Ursa,CAT010,S0427,48.17,4.209,false
P006950,Delvia Tapis de yoga Pro,Delvia,CAT027,S0560,57.24,7.637,false
P006951,Meridian Bâche Nomade,Meridian,CAT038,S0198,73.66,3.501,false
P006952,Juniper Beau livre Premium,Juniper,CAT034,S0137,34.40,6.223,false
P006953,Kestrel Veste Éco,Kestrel,CAT017,S0515,83.32,6.566,false
P006954,Solstice Figurine Nomade,Solstice,CAT028,S0418,59.06,8.525,true
P006955,Granit Veste Nomade,Granit,CAT017,S0153,188.61,3.520,false
P006956,Orbit Beau livre Signature,Orbit,CAT033,S0211,112.57,1.181,false
P006957,Bexon Set de couverts Éco,Bexon,CAT005,S0140,27.53,11.844,false
P006958,Orbit Montre Signature,Orbit,CAT014,S0282,88.88,11.753,false
P006959,Granit Casque vélo Pro,Granit,CAT026,S0185,39.12,8.225,false
P006960,Quartz Montre connectée Classic,Quartz,CAT007,S0590,15.20,5.474,false
P006961,Ursa Tapis de yoga Premium,Ursa,CAT023,S0281,256.20,5.294,false
P006962,Halcyon Chaussures de trail Éco,Halcyon,CAT025,S0051,14.00,7.806,false
P006963,Solstice Palette XL,Solstice,CAT018,S0505,91.28,0.796,false
P006964,Quartz Beau livre Classic,Quartz,CAT033,S0467,68.67,2.135,false
P006965,Zephyr Ceinture Éco,Zephyr,CAT016,S0124,90.85,4.013,false
P006966,Lumen Crème hydratante Nomade,Lumen,CAT019,S0443,53.93,0.876,false
P006967,Juniper Gourde Signature,Juniper,CAT027,S0187,23.73,9.835,false
P006968,Nordis Set de couverts Nomade,Nordis,CAT002,S0519,74.73,3.485,false
P006969,Cirrus Puzzle Compact,Cirrus,CAT031,S0500,61.44,10.023,false
P006970,Vertex Casque vélo Compact,Vertex,CAT023,S0372,11.22,4.561,false
P006971,Fjord Figurine Classic,Fjord,CAT030,S0206,69.94,4.817,false
P006972,Cirrus Sac à main XL,Cirrus,CAT014,S0164,59.74,5.210,false
P006973,Rivage Palette Classic,Rivage,CAT022,S0126,49.87,0.139,false
P006974,Fjord Trottinette Éco,Fjord,CAT030,S0389,28.20,4.761,false
P006975,Cirrus Clé à cliquet Éco,Cirrus,CAT037,S0387,140.46,11.958,false
P006976,Terra Ceinture Classic,Terra,CAT014,S0454,11.86,2.175,false
P006977,Alvora Puzzle Pro,Alvora,CAT031,S0005,112.01,8.323,false
P006978,Bexon Filtre à air Signature,Bexon,CAT036,S0122,23.34,6.233,false
P006979,Bexon Clé à cliquet Nomade,Bexon,CAT038,S0411,42.29,6.091,false
P006980,Ivory Montre connectée Compact,Ivory,CAT011,S0580,42.59,10.288,false
P006981,Nordis Sérum Compact,Nordis,CAT020,S0176,80.49,3.211,false
P006982,Nordis Eau de toilette Classic,Nordis,CAT022,S0333,11.10,2.195,false
P006983,Ember Lampe XL,Ember,CAT001,S0487,96.28,8.371,false
P006984,Vertex Manuel Éco,Vertex,CAT034,S0404,160.09,10.341,false
P006985,Ivory Webcam XL,Ivory,CAT011,S0030,115.54,6.241,true
P006986,Pallas Housse de couette Classic,Pallas,CAT005,S0205,270.29,1.811,false
P006987,Ursa Manuel Pro,Ursa,CAT034,S0227,67.00,2.362,true
P006988,Ivory Sérum Essentiel,Ivory,CAT018,S0493,180.67,4.248,false
P006989,Ember Bouilloire Compact,Ember,CAT004,S0127,182.36,8.398,false
P006990,Ivory Lampe Classic,Ivory,CAT001,S0573,20.84,11.356,false
P006991,Solstice Palette Signature,Solstice,CAT021,S0493,163.56,11.079,false
P006992,Ember Cube éducatif Essentiel,Ember,CAT028,S0076,70.88,4.318,false
P006993,Ivory Chemise Nomade,Ivory,CAT016,S0438,83.88,9.905,false
P006994,Windrow Bouilloire Premium,Windrow,CAT006,S0398,114.74,11.454,false
P006995,Kestrel Puzzle Pro,Kestrel,CAT031,S0289,119.89,6.791,false
P006996,Zephyr Vinyle Pro,Zephyr,CAT035,S0267,43.91,10.060,false
P006997,Fjord Clé à cliquet Signature,Fjord,CAT037,S0396,94.54,6.864,false
P006998,Granit Chaussures de trail Compact,Granit,CAT024,S0079,66.30,6.883,false
P006999,Vertex Veste Signature,Vertex,CAT016,S0058,214.49,11.563,false
P007000,Vertex Figurine Premium,Vertex,CAT031,S0389,43.65,5.924,false
P007001,Bexon Ceinture Éco,Bexon,CAT017,S0058,118.66,11.238,false
P007002,Cirrus Shampooing Classic,Cirrus,CAT020,S0536,224.25,9.630,true
P007003,Kestrel Eau de toilette Compact,Kestrel,CAT020,S0536,67.07,11.890,false
P007004,Granit Filtre à air Pro,Granit,CAT038,S0164,84.94,10.300,false
P007005,Alvora Sac de sport Classic,Alvora,CAT026,S0428,41.17,10.388,false
P007006,Terra Shampooing Essentiel,Terra,CAT021,S0108,20.51,1.508,false
P007007,Zephyr Chargeur XL,Zephyr,CAT008,S0459,71.25,2.956,false
P007008,Meridian Enceinte Pro,Meridian,CAT007,S0471,24.84,7.587,false
P007009,Cirrus Sac de sport Pro,Cirrus,CAT026,S0331,87.23,1.171,false
P007010,Halcyon Beau livre Premium,Halcyon,CAT033,S0098,130.79,11.720,false
P007011,Nordis Veste Nomade,Nordis,CAT014,S0224,52.89,6.486,false
P007012,Orbit Chemise Éco,Orbit,CAT017,S0311,218.77,1.065,false
P007013,Ivory Chaussures de trail Ultra,Ivory,CAT025,S0086,20.01,2.506,false
P007014,Ivory Beau livre Classic,Ivory,CAT032,S0223,131.43,2.835,false
P007015,Alvora Enceinte Essentiel,Alvora,CAT010,S0230,59.67,1.227,false
P007016,Juniper Figurine Pro,Juniper,CAT029,S0346,32.29,2.960,false
P007017,Vertex Casque Essentiel,Vertex,CAT009,S0459,11.62,4.167,false
P007018,Pallas Haltères Nomade,Pallas,CAT026,S0506,86.02,7.188,true
P007019,Ivory Palette Classic,Ivory,CAT021,S0206,157.36,4.255,false
P007020,Kestrel Filtre à air Pro,Kestrel,CAT037,S0268,113.96,0.733,false
P007021,Quartz Brosse Classic,Quartz,CAT019,S0521,256.83,9.554,true
P007022,Vertex Veste Classic,Vertex,CAT013,S0159,20.26,2.367,true
P007023,Bexon Puzzle Nomade,Bexon,CAT028,S0134,15.21,4.981,false
P007024,Kestrel Ceinture Essentiel,Kestrel,CAT017,S0584,109.13,7.523,false
P007025,Meridian Montre connectée Classic,Meridian,CAT012,S0581,79.06,10.460,false
P007026,Zephyr Nettoyant jantes Essentiel,Zephyr,CAT038,S0131,125.52,5.791,false
P007027,Bexon Chaussures de trail Compact,Bexon,CAT026,S0299,167.68,5.170,false
P007028,Zephyr Sneakers Classic,Zephyr,CAT016,S0116,93.57,0.576,false
P007029,Ember Manuel Compact,Ember,CAT032,S0060,241.01,7.931,false
P007030,Alvora Étagère Signature,Alvora,CAT005,S0161,101.83,4.207,false
P007031,Halcyon Casque XL,Halcyon,CAT009,S0437,61.16,9.005,false
P007032,Delvia Peluche Éco,Delvia,CAT028,S0213,31.94,10.322,false
P007033,Windrow Ceinture XL,Windrow,CAT013,S0166,29.62,2.801,false
P007034,Cirrus Lampe Ultra,Cirrus,CAT003,S0008,56.81,1.312,false
P007035,Granit Haltères XL,Granit,CAT024,S0204,53.16,1.056,false
P007036,Zephyr Vinyle Ultra,Zephyr,CAT032,S0053,128.84,11.452,false
P007037,Terra Montre connectée Premium,Terra,CAT008,S0583,72.75,5.342,false
P007038,Quartz Crème hydratante Éco,Quartz,CAT019,S0108,144.78,0.904,true
P007039,Meridian Écharpe Ultra,Meridian,CAT017,S0469,54.51,11.665,false
P007040,Alvora Haltères Essentiel,Alvora,CAT027,S0508,48.76,10.996,false
P007041,Kestrel Roman XL,Kestrel,CAT032,S0096,25.60,8.048,false
P007042,Alvora Vinyle Éco,Alvora,CAT033,S0450,74.91,0.950,true
P007043,Ivory Shampooing Classic,Ivory,CAT022,S0176,19.73,7.843,false
P007044,Rivage Chemise Éco,Rivage,CAT016,S0527,69.96,3.365,false
P007045,Orbit Shampooing Signature,Orbit,CAT020,S0574,68.21,10.334,false
P007046,Ursa Clavier Classic,Ursa,CAT010,S0578,45.50,8.620,false
P007047,Ursa Chargeur Pro,Ursa,CAT012,S0550,44.64,0.148,false
P007048,Ursa Filtre à air Éco,Ursa,CAT037,S0261,265.32,10.863,false
P007049,Solstice Chaussures de trail XL,Solstice,CAT025,S0295,83.23,1.931,false
P007050,Bexon Souris Essentiel,Bexon,CAT009,S0056,49.33,11.154,false
P007051,Vertex Bouilloire Ultra,Vertex,CAT004,S0115,253.98,9.038,false
P007052,Terra Bouilloire XL,Terra,CAT003,S0356,74.74,7.934,false
P007053,Rivage Bâche Ultra,Rivage,CAT037,S0024,280.77,3.208,false
P007054,Juniper Shampooing Ultra,Juniper,CAT019,S0463,14.76,7.196,true
P007055,Cirrus Beau livre Nomade,Cirrus,CAT035,S0325,68.94,11.347,false
P007056,Rivage Montre Pro,Rivage,CAT013,S0301,186.27,6.894,true
P007057,Alvora Peluche Nomade,Alvora,CAT028,S0461,220.54,0.769,false
P007058,Lumen Casque vélo Ultra,Lumen,CAT025,S0192,45.33,6.880,false
P007059,Granit Nettoyant jantes Éco,Granit,CAT038,S0172,207.35,2.442,false
P007060,Cirrus Clé à cliquet Éco,Cirrus,CAT038,S0472,270.73,10.136,false
P007061,Juniper Souris Premium,Juniper,CAT009,S0136,31.84,8.989,false
P007062,Bexon Sneakers Essentiel,Bexon,CAT017,S0228,81.70,6.866,true
P007063,Granit Lampe Signature,Granit,CAT005,S0363,59.37,1.143,true
P007064,Fjord Trottinette XL,Fjord,CAT028,S0458,85.07,10.366,true
P007065,Pallas Filtre à air Ultra,Pallas,CAT039,S0397,71.41,1.894,false
P007066,Ember Arrosoir Premium,Ember,CAT001,S0251,94.01,4.143,false
P007067,Halcyon Haltères Éco,Halcyon,CAT024,S0119,74.06,10.460,false
P007068,Rivage Clavier Nomade,Rivage,CAT008,S0318,33.79,1.306,false
P007069,Halcyon Filtre à air Ultra,Halcyon,CAT039,S0229,7.19,3.325,false
P007070,Terra Clé à cliquet Classic,Terra,CAT039,S0021,8.97,6.839,false
P007071,Vertex Clé à cliquet Compact,Vertex,CAT039,S0593,18.43,0.441,false
P007072,Granit Chaussures de trail Signature,Granit,CAT027,S0169,80.50,8.497,false
P007073,Solstice Perceuse Éco,Solstice,CAT037,S0241,24.46,7.665,false
P007074,Terra Shampooing Nomade,Terra,CAT022,S0521,261.54,4.671,false
P007075,Bexon Bâche XL,Bexon,CAT036,S0332,64.08,2.761,true
P007076,Cirrus Webcam Essentiel,Cirrus,CAT008,S0056,30.79,11.234,false
P007077,Cirrus Crème hydratante Ultra,Cirrus,CAT019,S0027,77.46,4.656,false
P007078,Ember Enceinte XL,Ember,CAT007,S0581,31.53,4.247,false
P007079,Nordis Souris Nomade,Nordis,CAT009,S0383,195.52,8.827,false
P007080,Delvia Clé à cliquet Pro,Delvia,CAT037,S0357,25.91,5.385,false
P007081,Quartz Bâche Nomade,Quartz,CAT038,S0175,30.79,1.083,true
P007082,Ivory Casque Premium,Ivory,CAT012,S0155,123.93,11.748,true
P007083,Halcyon Brosse Ultra,Halcyon,CAT021,S0122,34.37,3.593,true
P007084,Alvora Brosse Signature,Alvora,CAT021,S0015,42.01,7.053,false
P007085,Rivage Sac à main Classic,Rivage,CAT017,S0130,187.66,10.650,false
P007086,Halcyon Figurine Compact,Halcyon,CAT029,S0461,47.50,9.230,false
P007087,Rivage Shampooing Ultra,Rivage,CAT019,S0163,40.29,0.837,false
P007088,Halcyon Brosse Classic,Halcyon,CAT019,S0424,31.37,10.446,false
P007089,Juniper Chargeur Éco,Juniper,CAT007,S0587,257.42,10.050,false
P007090,Zephyr Perceuse Essentiel,Zephyr,CAT039,S0033,258.15,8.649,false
P007091,Ursa Nettoyant jantes Éco,Ursa,CAT039,S0570,92.21,2.438,false
P007092,Solstice Beau livre Ultra,Solstice,CAT035,S0322,13.60,2.166,false
P007093,Kestrel Palette XL,Kestrel,CAT022,S0397,24.57,7.911,false
P007094,Terra Housse de couette Classic,Terra,CAT002,S0118,262.61,9.211,false
P007095,Bexon Sac de sport Premium,Bexon,CAT026,S0283,141.30,4.080,false
P007096,Ember Écharpe Premium,Ember,CAT013,S0563,64.01,6.243,false
P007097,Lumen Beau livre Classic,Lumen,CAT032,S0167,63.21,8.879,false
P007098,Juniper Bâche Nomade,Juniper,CAT039,S0123,67.30,11.230,false
P007099,Granit Clavier Essentiel,Granit,CAT010,S0150,13.09,2.165,false
P007100,Cirrus Cube éducatif Signature,Cirrus,CAT029,S0069,253.61,3.045,false
P007101,Granit Chemise Compact,Granit,CAT016,S0441,46.07,4.463,false
P007102,Orbit Montre Éco,Orbit,CAT015,S0555,72.58,3.674,false
P007103,Ember Nettoyant jantes Éco,Ember,CAT037,S0520,241.18,4.214,true
P007104,Juniper Arrosoir Compact,Juniper,CAT006,S0573,26.84,1.751,false
P007105,Orbit Étagère Éco,Orbit,CAT004,S0481,43.87,8.306,false
P007106,Granit Casque vélo Ultra,Granit,CAT025,S0332,65.41,2.886,false
P007107,Quartz Chemise XL,Quartz,CAT017,S0130,182.12,8.910,false
P007108,Nordis Casque Ultra,Nordis,CAT009,S0412,15.42,0.938,false
P007109,Solstice Tapis de yoga Nomade,Solstice,CAT025,S0493,47.83,10.076,true
P007110,Granit Tapis de yoga Éco,Granit,CAT023,S0051,9.93,2.509,false
P007111,Ember Jeu de plateau XL,Ember,CAT030,S0129,121.88,7.397,false
P007112,Orbit Cube éducatif Premium,Orbit,CAT029,S0220,197.83,11.511,false
P007113,Bexon Figurine Éco,Bexon,CAT028,S0459,69.50,6.896,false
P007114,Kestrel Figurine Classic,Kestrel,CAT031,S0527,36.46,4.629,false
P007115,Nordis Shampooing Éco,Nordis,CAT018,S0283,33.44,2.245,false
P007116,Halcyon Sneakers Classic,Halcyon,CAT013,S0272,86.56,8.844,false
P007117,Lumen Chemise XL,Lumen,CAT013,S0563,57.59,4.808,false
P007118,Ember Bouilloire Éco,Ember,CAT003,S0409,144.23,0.245,false
P007119,Quartz Arrosoir Éco,Quartz,CAT003,S0556,160.86,9.430,false
P007120,Vertex Clavier Nomade,Vertex,CAT007,S0230,22.24,0.126,false
P007121,Rivage Nettoyant jantes XL,Rivage,CAT039,S0123,79.28,7.854,false
P007122,Orbit Brosse Compact,Orbit,CAT019,S0281,78.34,2.878,false
P007123,Bexon Housse de couette Pro,Bexon,CAT004,S0513,166.15,7.129,false
P007124,Delvia Sac de sport Classic,Delvia,CAT025,S0510,36.22,1.450,false
P007125,Cirrus Haltères Nomade,Cirrus,CAT024,S0169,10.79,3.986,false
P007126,Orbit Veste Éco,Orbit,CAT015,S0422,259.14,1.040,false
P007127,Lumen Set de couverts Compact,Lumen,CAT002,S0376,235.93,6.049,true
P007128,Pallas Casque vélo Compact,Pallas,CAT025,S0586,68.10,3.786,false
P007129,Orbit Chargeur Essentiel,Orbit,CAT009,S0587,99.79,0.180,false
P007130,Ivory Arrosoir Essentiel,Ivory,CAT002,S0168,35.42,7.049,false
P007131,Solstice Vinyle Signature,Solstice,CAT033,S0467,92.19,8.069,false
P007132,Granit Clavier Éco,Granit,CAT010,S0517,52.71,4.861,false
P007133,Alvora Sérum Premium,Alvora,CAT021,S0462,29.44,8.515,false
P007134,Ivory Montre Pro,Ivory,CAT016,S0215,71.46,6.568,false
P007135,Nordis Clavier Pro,Nordis,CAT012,S0348,84.28,11.846,false
P007136,Cirrus Filtre à air Premium,Cirrus,CAT036,S0319,57.57,4.767,true
P007137,Bexon Enceinte Classic,Bexon,CAT011,S0248,102.71,0.739,false
P007138,Zephyr Montre connectée Signature,Zephyr,CAT009,S0255,146.98,0.762,false
P007139,Kestrel Manuel Signature,Kestrel,CAT033,S0019,20.93,5.517,false
P007140,Windrow Montre XL,Windrow,CAT014,S0515,162.78,5.265,false
P007141,Fjord Chaussures de trail XL,Fjord,CAT026,S0256,93.07,9.977,false
P007142,Juniper Sac à main Pro,Juniper,CAT014,S0423,149.40,4.977,false
P007143,Nordis Enceinte Nomade,Nordis,CAT011,S0587,52.93,10.517,false
P007144,Quartz Jeu de plateau Signature,Quartz,CAT029,S0110,56.30,11.905,false
P007145,Pallas Crème hydratante Éco,Pallas,CAT021,S0176,39.59,5.484,false
P007146,Rivage Sac à main Premium,Rivage,CAT014,S0423,87.81,3.481,false
P007147,Halcyon Manuel Premium,Halcyon,CAT033,S0073,76.24,2.793,false
P007148,Kestrel Souris Classic,Kestrel,CAT009,S0038,26.58,8.672,false
P007149,Windrow Bouilloire XL,Windrow,CAT004,S0535,88.34,9.132,false
P007150,Vertex Nettoyant jantes Nomade,Vertex,CAT037,S0348,33.60,8.830,false
P007151,Bexon Set de couverts Essentiel,Bexon,CAT001,S0009,262.25,10.329,false
P007152,Delvia Clavier Compact,Delvia,CAT012,S0468,59.79,3.755,false
P007153,Quartz Sérum Premium,Quartz,CAT021,S0363,91.94,0.701,false
P007154,Juniper Écharpe Éco,Juniper,CAT014,S0124,243.22,10.942,false
P007155,Ivory Perceuse XL,Ivory,CAT036,S0202,93.21,9.874,false
P007156,Granit Sérum Signature,Granit,CAT022,S0478,37.10,1.740,false
P007157,Cirrus Clavier Compact,Cirrus,CAT011,S0142,65.62,6.531,false
P007158,Orbit Coffret BD Essentiel,Orbit,CAT035,S0309,237.99,3.406,false
P007159,Bexon Housse de couette Pro,Bexon,CAT006,S0396,98.05,7.827,false
P007160,Ursa Coffret BD Nomade,Ursa,CAT032,S0559,38.73,9.216,false
P007161,Lumen Clé à cliquet Premium,Lumen,CAT036,S0501,71.12,2.998,false
P007162,Windrow Veste Signature,Windrow,CAT015,S0164,175.14,5.895,false
P007163,Rivage Crème hydratante Essentiel,Rivage,CAT018,S0136,179.65,5.319,false
P007164,Ivory Coffret BD Essentiel,Ivory,CAT034,S0399,46.50,3.675,false
P007165,Orbit Coffret BD Éco,Orbit,CAT032,S0320,45.22,4.911,false
P007166,Kestrel Roman Compact,Kestrel,CAT032,S0570,182.22,4.511,false
P007167,Kestrel Housse de couette XL,Kestrel,CAT003,S0127,36.71,7.106,false
P007168,Granit Chaussures de trail Essentiel,Granit,CAT026,S0226,49.56,2.553,false
P007169,Halcyon Roman Éco,Halcyon,CAT034,S0160,54.95,3.807,false
P007170,Delvia Figurine Signature,Delvia,CAT028,S0191,80.05,8.145,false
P007171,Orbit Lampe Pro,Orbit,CAT002,S0513,149.47,11.425,false
P007172,Fjord Arrosoir Premium,Fjord,CAT006,S0018,67.77,2.221,false
P007173,Cirrus Poêle Premium,Cirrus,CAT002,S0349,107.57,10.867,false
P007174,Fjord Clavier Compact,Fjord,CAT007,S0280,31.68,4.994,true
P007175,Solstice Crème hydratante Premium,Solstice,CAT019,S0536,92.78,3.083,false
P007176,Ursa Housse de couette Nomade,Ursa,CAT002,S0409,88.34,7.080,false
P007177,Rivage Housse de couette Ultra,Rivage,CAT006,S0585,155.07,8.931,false
P007178,Windrow Shampooing Essentiel,Windrow,CAT020,S0447,60.44,4.655,false
P007179,Ivory Figurine Premium,Ivory,CAT031,S0149,76.38,10.342,true
P007180,Ember Roman Compact,Ember,CAT032,S0183,283.71,10.323,false
P007181,Alvora Beau livre Pro,Alvora,CAT033,S0509,88.86,10.855,false
P007182,Nordis Chaussures de trail XL,Nordis,CAT024,S0496,55.69,5.139,false
P007183,Zephyr Housse de couette Pro,Zephyr,CAT004,S0360,58.85,5.648,false
P007184,Meridian Clé à cliquet Éco,Meridian,CAT038,S0268,37.04,9.316,false
P007185,Meridian Palette Ultra,Meridian,CAT021,S0434,166.20,10.282,false
P007186,Ember Roman Compact,Ember,CAT033,S0359,125.80,5.000,false
P007187,Vertex Shampooing Ultra,Vertex,CAT019,S0355,8.66,8.047,false
P007188,Halcyon Étagère Éco,Halcyon,CAT001,S0556,30.76,4.340,false
P007189,Solstice Bouilloire XL,Solstice,CAT002,S0516,85.46,6.546,false
P007190,Orbit Trottinette Classic,Orbit,CAT030,S0084,58.50,1.404,true
P007191,Granit Cube éducatif Ultra,Granit,CAT029,S0082,69.44,9.298,false
P007192,Meridian Eau de toilette Premium,Meridian,CAT018,S0333,168.39,11.932,false
P007193,Rivage Roman Compact,Rivage,CAT034,S0326,185.43,5.689,false
P007194,Cirrus Bâche Signature,Cirrus,CAT037,S0484,59.48,7.398,false
P007195,Pallas Crème hydratante Essentiel,Pallas,CAT020,S0574,182.83,8.611,false
P007196,Nordis Manuel XL,Nordis,CAT033,S0020,122.28,7.122,false
P007197,Kestrel Poêle Premium,Kestrel,CAT004,S0483,21.97,3.424,false
P007198,Nordis Set de couverts XL,Nordis,CAT001,S0516,89.42,1.510,false
P007199,Ivory Casque vélo Éco,Ivory,CAT027,S0156,57.84,3.703,false
P007200,Juniper Bouilloire XL,Juniper,CAT005,S0390,5.17,3.034,false
P007201,Nordis Étagère Essentiel,Nordis,CAT003,S0306,80.61,10.638,false
P007202,Windrow Filtre à air Premium,Windrow,CAT037,S0133,35.92,6.548,false
P007203,Halcyon Crème hydratante XL,Halcyon,CAT022,S0209,21.82,5.728,false
P007204,Ember Étagère Signature,Ember,CAT003,S0277,210.10,2.938,false
P007205,Windrow Chaussures de trail Pro,Windrow,CAT024,S0185,234.13,2.855,true
P007206,Cirrus Shampooing Pro,Cirrus,CAT019,S0135,69.65,4.244,false
P007207,Cirrus Palette Signature,Cirrus,CAT021,S0368,12.83,5.068,false
P007208,Lumen Figurine Classic,Lumen,CAT031,S0264,43.93,5.250,false
P007209,Delvia Souris Signature,Delvia,CAT008,S0045,111.22,6.296,false
P007210,Ursa Ceinture Éco,Ursa,CAT016,S0243,27.14,3.786,false
P007211,Zephyr Souris XL,Zephyr,CAT007,S0108,102.93,1.449,true
P007212,Quartz Chargeur Signature,Quartz,CAT012,S0481,12.21,8.739,false
P007213,Cirrus Enceinte Nomade,Cirrus,CAT010,S0188,71.35,0.499,true
P007214,Ivory Poêle XL,Ivory,CAT003,S0239,51.64,1.706,false
P007215,Lumen Sneakers Ultra,Lumen,CAT015,S0388,40.72,8.519,false
P007216,Orbit Vinyle Essentiel,Orbit,CAT032,S0203,165.65,0.162,false
P007217,Orbit Chaussures de trail Nomade,Orbit,CAT026,S0039,68.56,1.990,false
P007218,Fjord Nettoyant jantes Nomade,Fjord,CAT036,S0102,135.73,6.606,false
P007219,Vertex Crème hydratante Nomade,Vertex,CAT019,S0366,88.45,7.676,false
P007220,Cirrus Veste Pro,Cirrus,CAT014,S0250,34.21,0.955,false
P007221,Orbit Nettoyant jantes XL,Orbit,CAT038,S0224,180.82,1.179,false
P007222,Orbit Trottinette XL,Orbit,CAT031,S0045,43.99,10.826,false
P007223,Lumen Bâche Compact,Lumen,CAT037,S0044,60.45,3.225,false
P007224,Ember Bouilloire Pro,Ember,CAT003,S0115,18.72,5.248,false
P007225,Delvia Shampooing Nomade,Delvia,CAT018,S0323,208.69,4.025,false
P007226,Halcyon Sac de sport XL,Halcyon,CAT025,S0438,18.11,4.526,false
P007227,Nordis Sérum Compact,Nordis,CAT021,S0027,5.95,9.766,false
P007228,Quartz Haltères Nomade,Quartz,CAT026,S0374,93.30,11.398,false
P007229,Lumen Clavier Éco,Lumen,CAT007,S0419,234.23,8.243,false
P007230,Fjord Cube éducatif Pro,Fjord,CAT030,S0268,83.38,3.817,false
P007231,Halcyon Sérum XL,Halcyon,CAT022,S0541,62.25,10.829,false
P007232,Lumen Roman Ultra,Lumen,CAT033,S0570,91.56,0.404,true
P007233,Delvia Puzzle Éco,Delvia,CAT030,S0389,29.22,7.412,false
P007234,Juniper Sérum Premium,Juniper,CAT020,S0592,280.25,6.385,true
P007235,Delvia Brosse Pro,Delvia,CAT020,S0273,59.64,5.740,false
P007236,Bexon Sérum Premium,Bexon,CAT019,S0424,162.47,2.129,false
P007237,Terra Cube éducatif Compact,Terra,CAT031,S0386,15.42,11.533,false
P007238,Alvora Chaussures de trail Nomade,Alvora,CAT023,S0021,80.53,6.457,false
P007239,Terra Poêle Éco,Terra,CAT004,S0006,115.74,10.913,false
P007240,Windrow Écharpe Pro,Windrow,CAT014,S0465,29.62,8.652,false
P007241,Quartz Perceuse Classic,Quartz,CAT038,S0415,124.48,9.426,false
P007242,Vertex Montre connectée Signature,Vertex,CAT012,S0499,30.40,0.780,false
P007243,Ember Crème hydratante Premium,Ember,CAT019,S0100,110.20,9.805,false
P007244,Rivage Sérum Signature,Rivage,CAT021,S0106,69.42,1.929,false
P007245,Zephyr Webcam Signature,Zephyr,CAT011,S0581,39.52,7.852,false
P007246,Zephyr Perceuse Classic,Zephyr,CAT038,S0034,54.19,5.288,false
P007247,Orbit Peluche Nomade,Orbit,CAT029,S0534,164.83,0.632,false
P007248,Fjord Brosse Classic,Fjord,CAT021,S0323,59.79,11.614,false
P007249,Vertex Vinyle Nomade,Vertex,CAT034,S0586,21.25,8.022,false
P007250,Ivory Coffret BD Signature,Ivory,CAT032,S0073,67.93,4.938,false
P007251,Nordis Clavier Nomade,Nordis,CAT008,S0399,129.85,10.213,false
P007252,Windrow Casque vélo Essentiel,Windrow,CAT024,S0054,112.98,4.619,false
P007253,Bexon Écharpe Ultra,Bexon,CAT017,S0347,46.75,11.325,false
P007254,Pallas Chaussures de trail Premium,Pallas,CAT024,S0524,149.94,5.235,false
P007255,Ember Bouilloire Compact,Ember,CAT006,S0452,44.17,0.638,false
P007256,Delvia Beau livre Nomade,Delvia,CAT034,S0324,22.44,8.125,false
P007257,Solstice Palette Classic,Solstice,CAT020,S0544,25.57,8.787,false
P007258,Halcyon Figurine Classic,Halcyon,CAT029,S0457,34.32,6.535,false
P007259,Ivory Figurine XL,Ivory,CAT031,S0372,61.60,6.008,false
P007260,Zephyr Veste Signature,Zephyr,CAT013,S0596,32.04,3.638,false
P007261,Vertex Casque Éco,Vertex,CAT012,S0580,82.42,2.169,false
P007262,Granit Clavier Éco,Granit,CAT012,S0437,36.56,4.043,false
P007263,Quartz Veste Éco,Quartz,CAT015,S0441,280.52,7.582,false
P007264,Meridian Beau livre Premium,Meridian,CAT032,S0290,89.41,3.162,false
P007265,Cirrus Beau livre Nomade,Cirrus,CAT035,S0150,34.07,6.088,false
P007266,Delvia Chaussures de trail Signature,Delvia,CAT027,S0134,39.11,8.429,false
P007267,Delvia Roman XL,Delvia,CAT035,S0160,60.07,1.088,false
P007268,Ursa Arrosoir XL,Ursa,CAT002,S0475,68.02,1.838,false
P007269,Orbit Gourde Premium,Orbit,CAT026,S0395,55.50,2.473,false
P007270,Rivage Cube éducatif Signature,Rivage,CAT030,S0458,154.48,0.646,false
P007271,Ivory Beau livre Signature,Ivory,CAT035,S0311,148.44,11.670,false
P007272,Fjord Montre Ultra,Fjord,CAT013,S0278,26.06,8.998,false
P007273,Fjord Haltères Nomade,Fjord,CAT026,S0186,10.38,1.877,false
P007274,Zephyr Chemise Nomade,Zephyr,CAT016,S0214,32.09,8.796,true
P007275,Meridian Filtre à air Ultra,Meridian,CAT036,S0123,26.21,5.272,false
P007276,Orbit Filtre à air Premium,Orbit,CAT037,S0384,75.49,7.511,false
P007277,Juniper Crème hydratante Nomade,Juniper,CAT019,S0489,261.92,11.863,false
P007278,Fjord Perceuse Classic,Fjord,CAT039,S0286,247.55,7.130,false
P007279,Rivage Montre connectée Classic,Rivage,CAT012,S0065,182.25,3.377,false
P007280,Juniper Ceinture Classic,Juniper,CAT017,S0363,235.07,11.434,false
P007281,Quartz Sérum Ultra,Quartz,CAT022,S0145,118.60,8.658,false
P007282,Solstice Set de couverts Signature,Solstice,CAT004,S0278,150.31,3.139,false
P007283,Vertex Clé à cliquet Ultra,Vertex,CAT037,S0357,28.81,0.996,false
P007284,Juniper Cube éducatif Classic,Juniper,CAT030,S0381,105.49,1.655,false
P007285,Meridian Beau livre Pro,Meridian,CAT033,S0466,10.99,1.442,false
P007286,Nordis Filtre à air Éco,Nordis,CAT037,S0108,46.53,11.520,false
P007287,Terra Housse de couette Compact,Terra,CAT006,S0349,33.33,4.388,false
P007288,Pallas Vinyle Essentiel,Pallas,CAT032,S0570,129.49,5.455,false
P007289,Delvia Webcam Signature,Delvia,CAT012,S0530,84.51,3.507,false
P007290,Orbit Vinyle Signature,Orbit,CAT032,S0146,22.54,8.592,false
P007291,Quartz Arrosoir Nomade,Quartz,CAT005,S0363,54.43,0.453,false
P007292,Delvia Jeu de plateau Éco,Delvia,CAT028,S0430,189.23,6.335,false
P007293,Kestrel Étagère Classic,Kestrel,CAT001,S0535,238.98,10.817,false
P007294,Bexon Chaussures de trail Classic,Bexon,CAT027,S0502,31.13,11.909,false
P007295,Solstice Shampooing Compact,Solstice,CAT020,S0588,56.78,8.814,false
P007296,Rivage Sérum XL,Rivage,CAT019,S0273,67.41,9.919,false
P007297,Kestrel Sérum Pro,Kestrel,CAT022,S0582,33.56,11.668,false
P007298,Quartz Montre Classic,Quartz,CAT016,S0365,191.11,4.443,false
P007299,Fjord Manuel Premium,Fjord,CAT034,S0087,35.23,10.126,false
P007300,Windrow Trottinette Premium,Windrow,CAT030,S0084,13.63,7.365,false
P007301,Halcyon Sac à main Premium,Halcyon,CAT014,S0566,87.26,1.109,false
P007302,Lumen Sac à main Essentiel,Lumen,CAT015,S0321,161.33,11.811,false
P007303,Fjord Nettoyant jantes Classic,Fjord,CAT039,S0325,77.24,4.045,false
P007304,Quartz Sérum Classic,Quartz,CAT020,S0193,98.10,8.313,false
P007305,Vertex Cube éducatif Ultra,Vertex,CAT030,S0600,41.84,10.448,false
P007306,Quartz Jeu de plateau Signature,Quartz,CAT029,S0328,51.83,0.616,false
P007307,Cirrus Arrosoir Signature,Cirrus,CAT004,S0006,18.84,7.459,false
P007308,Rivage Coffret BD Ultra,Rivage,CAT035,S0570,83.69,5.407,true
P007309,Ivory Jeu de plateau XL,Ivory,CAT028,S0104,77.82,0.335,false
P007310,Vertex Housse de couette Compact,Vertex,CAT005,S0420,25.68,7.421,false
P007311,Cirrus Puzzle Essentiel,Cirrus,CAT028,S0194,82.63,5.841,false
P007312,Juniper Bâche Signature,Juniper,CAT037,S0099,38.39,5.945,false
P007313,Solstice Sérum Signature,Solstice,CAT022,S0482,69.27,9.551,false
P007314,Alvora Beau livre Signature,Alvora,CAT033,S0496,166.57,8.068,false
P007315,Quartz Enceinte XL,Quartz,CAT009,S0537,17.05,8.028,false
P007316,Ivory Ceinture Premium,Ivory,CAT017,S0365,110.92,8.019,false
P007317,Kestrel Clé à cliquet Nomade,Kestrel,CAT039,S0538,63.37,7.931,false
P007318,Cirrus Webcam XL,Cirrus,CAT009,S0328,185.08,8.445,false
P007319,Halcyon Bouilloire XL,Halcyon,CAT003,S0245,81.92,10.471,false
P007320,Rivage Bâche Ultra,Rivage,CAT038,S0358,76.32,0.265,false
P007321,Meridian Crème hydratante Nomade,Meridian,CAT019,S0540,32.09,11.885,false
P007322,Pallas Trottinette Compact,Pallas,CAT030,S0534,89.57,8.312,false
P007323,Alvora Set de couverts Premium,Alvora,CAT006,S0360,242.12,3.808,false
P007324,Bexon Enceinte Ultra,Bexon,CAT010,S0412,156.90,4.229,false
P007325,Zephyr Bâche Ultra,Zephyr,CAT038,S0501,74.03,5.650,false
P007326,Kestrel Roman XL,Kestrel,CAT032,S0311,96.78,0.188,false
P007327,Bexon Montre connectée Premium,Bexon,CAT010,S0056,69.00,9.252,false
P007328,Ember Peluche Ultra,Ember,CAT030,S0346,78.35,3.081,false
P007329,Orbit Jeu de plateau Classic,Orbit,CAT031,S0408,29.20,8.615,false
P007330,Ivory Webcam Premium,Ivory,CAT009,S0486,70.78,2.051,false
P007331,Kestrel Crème hydratante Nomade,Kestrel,CAT021,S0194,8.09,10.925,false
P007332,Meridian Vinyle Nomade,Meridian,CAT032,S0032,87.39,9.354,false
P007333,Alvora Brosse Nomade,Alvora,CAT021,S0526,94.83,4.500,false
P007334,Ivory Écharpe Essentiel,Ivory,CAT014,S0227,179.18,5.972,false
P007335,Cirrus Housse de couette Classic,Cirrus,CAT006,S0148,122.55,8.250,false
P007336,Vertex Enceinte Signature,Vertex,CAT010,S0285,28.46,5.327,false
P007337,Juniper Écharpe Nomade,Juniper,CAT015,S0212,84.70,9.105,false
P007338,Delvia Chaussures de trail Pro,Delvia,CAT023,S0308,184.56,0.408,false
P007339,Halcyon Chargeur Classic,Halcyon,CAT009,S0346,58.11,10.182,true
P007340,Pallas Ceinture Premium,Pallas,CAT017,S0028,15.68,9.469,false
P007341,Ivory Figurine Ultra,Ivory,CAT031,S0206,82.33,0.405,false
P007342,Rivage Clé à cliquet Nomade,Rivage,CAT037,S0538,21.42,4.484,false
P007343,Meridian Shampooing XL,Meridian,CAT019,S0041,62.81,11.808,false
P007344,Fjord Veste Essentiel,Fjord,CAT014,S0580,76.29,11.104,false
P007345,Nordis Bouilloire Nomade,Nordis,CAT002,S0487,50.92,5.861,false
P007346,Halcyon Perceuse Compact,Halcyon,CAT038,S0198,55.19,5.642,false
P007347,Ivory Eau de toilette Classic,Ivory,CAT020,S0076,31.16,4.317,false
P007348,Alvora Casque XL,Alvora,CAT010,S0454,21.02,7.537,false
P007349,Kestrel Housse de couette Compact,Kestrel,CAT003,S0584,82.39,3.333,false
P007350,Quartz Figurine Essentiel,Quartz,CAT028,S0377,9.50,4.692,false
P007351,Delvia Sérum Nomade,Delvia,CAT022,S0447,232.82,7.625,false
P007352,Alvora Vinyle Premium,Alvora,CAT034,S0154,40.07,2.578,false
P007353,Rivage Sac de sport Nomade,Rivage,CAT026,S0319,19.93,10.292,false
P007354,Nordis Étagère Premium,Nordis,CAT001,S0040,20.42,8.933,false
P007355,Juniper Lampe Essentiel,Juniper,CAT001,S0161,19.59,5.349,false
P007356,Meridian Beau livre Essentiel,Meridian,CAT034,S0098,83.37,5.394,false
P007357,Delvia Trottinette Signature,Delvia,CAT029,S0328,10.61,6.298,false
P007358,Quartz Casque Essentiel,Quartz,CAT009,S0255,72.08,4.427,false
P007359,Quartz Filtre à air Compact,Quartz,CAT036,S0384,25.39,7.168,false
P007360,Delvia Sac de sport Essentiel,Delvia,CAT025,S0125,32.59,2.973,false
P007361,Juniper Eau de toilette Essentiel,Juniper,CAT022,S0493,55.75,10.799,false
P007362,Terra Housse de couette Premium,Terra,CAT003,S0162,214.95,7.063,false
P007363,Ivory Webcam Pro,Ivory,CAT007,S0225,61.80,5.950,true
P007364,Kestrel Écharpe Signature,Kestrel,CAT014,S0440,42.05,6.036,false
P007365,Ember Beau livre Premium,Ember,CAT033,S0207,211.28,1.095,false
P007366,Vertex Haltères Signature,Vertex,CAT025,S0351,241.10,0.783,false
P007367,Pallas Ceinture Pro,Pallas,CAT014,S0583,118.41,8.482,false
P007368,Zephyr Arrosoir Pro,Zephyr,CAT003,S0376,167.58,7.094,false
P007369,Orbit Sérum Éco,Orbit,CAT019,S0474,47.89,1.866,false
P007370,Windrow Housse de couette Essentiel,Windrow,CAT004,S0012,164.97,5.289,true
P007371,Terra Puzzle Pro,Terra,CAT028,S0244,33.23,6.510,false
P007372,Bexon Roman Classic,Bexon,CAT034,S0586,45.05,7.783,false
P007373,Vertex Ceinture Ultra,Vertex,CAT017,S0354,90.67,6.076,false
P007374,Halcyon Souris Nomade,Halcyon,CAT009,S0567,128.46,8.872,false
P007375,Quartz Chemise Premium,Quartz,CAT016,S0243,50.36,2.360,false
P007376,Orbit Sac de sport XL,Orbit,CAT023,S0186,44.36,3.332,false
P007377,Ursa Brosse Premium,Ursa,CAT019,S0094,77.76,9.683,false
P007378,Nordis Ceinture Classic,Nordis,CAT014,S0508,78.19,7.975,false
P007379,Zephyr Perceuse Essentiel,Zephyr,CAT037,S0281,53.21,0.583,false
P007380,Nordis Eau de toilette Essentiel,Nordis,CAT020,S0536,226.80,1.281,false
P007381,Cirrus Palette Éco,Cirrus,CAT018,S0062,65.67,4.284,false
P007382,Pallas Webcam Signature,Pallas,CAT012,S0009,89.95,5.357,false
P007383,Zephyr Trottinette Signature,Zephyr,CAT029,S0141,211.84,9.228,false
P007384,Vertex Chaussures de trail Classic,Vertex,CAT025,S0012,86.46,4.715,true
P007385,Quartz Sac à main Essentiel,Quartz,CAT015,S0044,45.31,11.349,false
P007386,Lumen Chaussures de trail Éco,Lumen,CAT027,S0307,12.90,5.280,false
P007387,Pallas Haltères Premium,Pallas,CAT027,S0119,47.20,3.484,false
P007388,Delvia Sac à main Nomade,Delvia,CAT016,S0365,25.32,4.974,false
P007389,Fjord Tapis de yoga Nomade,Fjord,CAT026,S0009,30.09,1.582,false
P007390,Alvora Housse de couette Nomade,Alvora,CAT003,S0417,8.18,6.455,false
P007391,Pallas Gourde Compact,Pallas,CAT023,S0081,12.82,0.484,false
P007392,Quartz Beau livre Premium,Quartz,CAT033,S0517,33.58,2.874,false
P007393,Juniper Chaussures de trail Premium,Juniper,CAT027,S0287,48.02,8.276,false
P007394,Pallas Brosse Ultra,Pallas,CAT019,S0108,111.13,0.527,false
P007395,Vertex Haltères Éco,Vertex,CAT025,S0490,4.67,5.328,false
P007396,Nordis Jeu de plateau Premium,Nordis,CAT029,S0244,53.36,6.765,false
P007397,Cirrus Souris Signature,Cirrus,CAT008,S0218,6.04,4.881,false
P007398,Quartz Ceinture Signature,Quartz,CAT015,S0375,54.08,0.710,false
P007399,Bexon Tapis de yoga Classic,Bexon,CAT024,S0254,67.20,9.090,false
P007400,Halcyon Set de couverts Pro,Halcyon,CAT002,S0092,75.25,2.604,false
P007401,Cirrus Enceinte Ultra,Cirrus,CAT008,S0036,89.92,8.368,false
P007402,Delvia Clé à cliquet Nomade,Delvia,CAT038,S0131,253.65,11.003,true
P007403,Rivage Set de couverts Éco,Rivage,CAT006,S0350,47.99,10.781,false
P007404,Delvia Lampe Classic,Delvia,CAT002,S0127,252.47,9.952,false
P007405,Fjord Cube éducatif Compact,Fjord,CAT031,S0558,68.23,3.292,false
P007406,Windrow Haltères Signature,Windrow,CAT024,S0330,147.38,9.657,true
P007407,Granit Nettoyant jantes Essentiel,Granit,CAT037,S0229,141.21,3.061,false
P007408,Alvora Clé à cliquet Nomade,Alvora,CAT039,S0545,140.05,10.136,false
P007409,Cirrus Jeu de plateau Nomade,Cirrus,CAT031,S0010,213.24,10.360,false
P007410,Rivage Filtre à air Signature,Rivage,CAT037,S0106,228.93,9.188,false
P007411,Lumen Poêle Essentiel,Lumen,CAT003,S0239,65.56,6.808,false
P007412,Ember Ceinture Premium,Ember,CAT016,S0044,36.43,1.882,false
P007413,Ivory Enceinte Compact,Ivory,CAT010,S0292,46.79,8.378,false
P007414,Juniper Sac à main Nomade,Juniper,CAT013,S0058,147.05,5.412,false
P007415,Pallas Nettoyant jantes Premium,Pallas,CAT039,S0204,83.22,11.370,false
P007416,Pallas Chemise Nomade,Pallas,CAT016,S0375,24.82,2.778,false
P007417,Vertex Sac de sport Pro,Vertex,CAT025,S0095,77.49,11.617,true
P007418,Alvora Crème hydratante Essentiel,Alvora,CAT022,S0163,75.85,2.631,false
P007419,Kestrel Étagère Nomade,Kestrel,CAT001,S0081,86.38,6.304,false
P007420,Vertex Roman Compact,Vertex,CAT033,S0309,92.19,6.845,false
P007421,Ember Sac de sport Compact,Ember,CAT024,S0186,214.44,0.117,false
P007422,Halcyon Eau de toilette Compact,Halcyon,CAT019,S0595,90.30,9.972,false
P007423,Cirrus Arrosoir Essentiel,Cirrus,CAT005,S0436,274.98,11.823,true
P007424,Delvia Manuel Éco,Delvia,CAT033,S0517,20.36,10.155,true
P007425,Windrow Beau livre Ultra,Windrow,CAT033,S0416,73.77,7.134,false
P007426,Juniper Étagère Éco,Juniper,CAT003,S0279,24.16,6.390,false
P007427,Zephyr Ceinture Pro,Zephyr,CAT014,S0069,91.07,11.887,false
P007428,Zephyr Webcam Ultra,Zephyr,CAT011,S0500,77.88,1.722,false
P007429,Nordis Clé à cliquet Classic,Nordis,CAT038,S0167,25.08,9.955,false
P007430,Fjord Ceinture Signature,Fjord,CAT015,S0423,71.90,0.119,false
P007431,Zephyr Peluche Signature,Zephyr,CAT030,S0244,14.70,3.108,false
P007432,Bexon Nettoyant jantes Signature,Bexon,CAT037,S0123,171.50,3.787,false
P007433,Ursa Webcam Pro,Ursa,CAT010,S0481,70.49,6.659,false
P007434,Nordis Coffret BD Classic,Nordis,CAT035,S0577,91.87,1.564,false
P007435,Ivory Webcam Premium,Ivory,CAT011,S0367,67.77,6.232,false
P007436,Pallas Eau de toilette Signature,Pallas,CAT021,S0132,81.87,1.338,false
P007437,Granit Set de couverts Éco,Granit,CAT006,S0519,72.03,9.160,false
P007438,Rivage Set de couverts Premium,Rivage,CAT001,S0363,6.84,7.446,false
P007439,Granit Peluche Nomade,Granit,CAT030,S0191,103.42,3.753,false
P007440,Granit Clé à cliquet Compact,Granit,CAT037,S0325,82.50,4.867,false
P007441,Vertex Ceinture Premium,Vertex,CAT014,S0209,78.20,4.009,false
P007442,Alvora Casque vélo Compact,Alvora,CAT026,S0502,12.50,10.731,false
P007443,Bexon Chaussures de trail Essentiel,Bexon,CAT025,S0560,271.09,5.913,false
P007444,Ursa Webcam XL,Ursa,CAT008,S0463,7.11,5.652,false
P007445,Alvora Filtre à air Pro,Alvora,CAT038,S0275,26.37,11.441,true
P007446,Pallas Beau livre Éco,Pallas,CAT034,S0211,50.23,2.902,false
P007447,Vertex Étagère Signature,Vertex,CAT002,S0350,90.81,7.624,false
P007448,Zephyr Sac de sport Premium,Zephyr,CAT026,S0308,87.68,11.328,false
P007449,Ursa Gourde Signature,Ursa,CAT025,S0330,264.63,11.051,false
P007450,Rivage Montre connectée Pro,Rivage,CAT011,S0035,34.32,2.688,false
P007451,Delvia Trottinette XL,Delvia,CAT031,S0210,107.55,11.075,true
P007452,Granit Puzzle Essentiel,Granit,CAT031,S0408,85.17,0.260,false
P007453,Alvora Manuel Nomade,Alvora,CAT033,S0211,152.32,9.314,false
P007454,Pallas Shampooing Compact,Pallas,CAT018,S0541,42.37,9.151,false
P007455,Quartz Figurine Éco,Quartz,CAT028,S0303,112.54,10.443,true
P007456,Quartz Jeu de plateau Nomade,Quartz,CAT028,S0280,75.95,2.588,false
P007457,Pallas Enceinte Classic,Pallas,CAT012,S0086,54.98,9.908,false
P007458,Fjord Roman Essentiel,Fjord,CAT034,S0307,89.50,3.112,false
P007459,Cirrus Peluche Classic,Cirrus,CAT031,S0373,35.88,8.724,false
P007460,Halcyon Shampooing Nomade,Halcyon,CAT020,S0273,184.85,2.790,false
P007461,Ursa Bâche Premium,Ursa,CAT037,S0313,40.78,1.093,false
P007462,Halcyon Chaussures de trail Essentiel,Halcyon,CAT023,S0479,80.73,10.752,false
P007463,Windrow Bouilloire Compact,Windrow,CAT004,S0277,154.93,4.199,false
P007464,Delvia Cube éducatif Pro,Delvia,CAT029,S0389,80.14,4.657,false
P007465,Delvia Peluche Signature,Delvia,CAT028,S0129,18.85,11.481,false
P007466,Lumen Trottinette Ultra,Lumen,CAT031,S0520,54.55,9.734,false
P007467,Cirrus Chemise Classic,Cirrus,CAT014,S0070,58.49,8.902,false
P007468,Orbit Nettoyant jantes Éco,Orbit,CAT038,S0479,105.01,4.586,false
P007469,Alvora Housse de couette Premium,Alvora,CAT004,S0161,18.28,6.728,false
P007470,Kestrel Arrosoir XL,Kestrel,CAT006,S0438,64.09,0.306,false
P007471,Ivory Shampooing Signature,Ivory,CAT019,S0253,50.99,1.841,false
P007472,Cirrus Veste Premium,Cirrus,CAT015,S0358,55.92,10.317,false
P007473,Orbit Sac à main Classic,Orbit,CAT014,S0360,86.30,3.883,false
P007474,Bexon Gourde XL,Bexon,CAT023,S0205,16.76,9.803,false
P007475,Bexon Chargeur Nomade,Bexon,CAT011,S0459,56.44,3.712,true
P007476,Zephyr Puzzle Premium,Zephyr,CAT028,S0510,33.56,3.964,true
P007477,Solstice Gourde Essentiel,Solstice,CAT023,S0546,89.06,3.959,false
P007478,Orbit Bâche Éco,Orbit,CAT037,S0448,41.79,8.080,false
P007479,Cirrus Palette Essentiel,Cirrus,CAT020,S0364,49.81,1.680,false
P007480,Halcyon Sac de sport Essentiel,Halcyon,CAT027,S0463,40.74,9.422,false
P007481,Kestrel Écharpe Premium,Kestrel,CAT017,S0206,68.91,0.209,false
P007482,Granit Sac à main Pro,Granit,CAT015,S0531,56.64,9.008,false
P007483,Bexon Puzzle Premium,Bexon,CAT029,S0078,64.68,9.788,false
P007484,Cirrus Brosse Signature,Cirrus,CAT022,S0493,63.83,3.287,false
P007485,Solstice Gourde Pro,Solstice,CAT027,S0348,78.27,0.383,false
P007486,Ursa Sac de sport Premium,Ursa,CAT023,S0490,81.26,5.716,false
P007487,Quartz Eau de toilette Premium,Quartz,CAT022,S0364,52.15,0.255,true
P007488,Granit Beau livre Signature,Granit,CAT032,S0392,15.07,8.206,false
P007489,Meridian Bouilloire Éco,Meridian,CAT002,S0540,83.30,9.058,false
P007490,Cirrus Tapis de yoga Éco,Cirrus,CAT023,S0288,33.41,2.548,false
P007491,Alvora Nettoyant jantes Nomade,Alvora,CAT037,S0395,47.32,9.495,false
P007492,Meridian Arrosoir Premium,Meridian,CAT002,S0069,138.71,5.095,false
P007493,Zephyr Brosse Pro,Zephyr,CAT022,S0355,113.65,4.972,false
P007494,Fjord Casque Essentiel,Fjord,CAT008,S0419,157.99,11.833,false
P007495,Solstice Arrosoir XL,Solstice,CAT005,S0349,57.22,6.118,false
P007496,Rivage Crème hydratante XL,Rivage,CAT022,S0031,262.62,8.118,false
P007497,Granit Casque Classic,Granit,CAT010,S0276,35.74,6.752,false
P007498,Juniper Gourde Pro,Juniper,CAT026,S0333,91.04,1.760,false
P007499,Nordis Clavier Compact,Nordis,CAT008,S0292,24.11,6.496,false
P007500,Windrow Filtre à air Premium,Windrow,CAT039,S0229,34.95,5.696,false
P007501,Juniper Figurine Classic,Juniper,CAT029,S0303,78.36,0.079,false
P007502,Cirrus Sac à main XL,Cirrus,CAT015,S0371,66.16,7.564,false
P007503,Ember Nettoyant jantes XL,Ember,CAT039,S0171,86.63,10.521,false
P007504,Delvia Ceinture Pro,Delvia,CAT017,S0457,173.89,2.793,false
P007505,Windrow Puzzle Éco,Windrow,CAT030,S0381,92.29,1.678,false
P007506,Granit Cube éducatif Essentiel,Granit,CAT030,S0576,28.22,4.274,false
P007507,Granit Sac à main Ultra,Granit,CAT013,S0282,23.56,2.698,false
P007508,Terra Roman Ultra,Terra,CAT033,S0026,17.38,0.662,false
P007509,Rivage Coffret BD Classic,Rivage,CAT032,S0060,201.02,3.843,false
P007510,Windrow Housse de couette Signature,Windrow,CAT006,S0540,83.87,10.017,false
P007511,Zephyr Eau de toilette Ultra,Zephyr,CAT020,S0041,105.57,2.285,false
P007512,Granit Poêle Éco,Granit,CAT006,S0114,7.59,6.891,false
P007513,Kestrel Beau livre Premium,Kestrel,CAT035,S0362,21.27,7.085,false
P007514,Cirrus Puzzle Classic,Cirrus,CAT030,S0084,83.08,2.214,false
P007515,Orbit Beau livre Éco,Orbit,CAT032,S0154,93.18,5.097,false
P007516,Halcyon Ceinture Éco,Halcyon,CAT013,S0191,132.04,5.994,false
P007517,Cirrus Bouilloire Pro,Cirrus,CAT005,S0398,22.24,5.574,false
P007518,Ember Clé à cliquet Nomade,Ember,CAT039,S0072,63.44,4.956,true
P007519,Vertex Perceuse Éco,Vertex,CAT038,S0353,53.39,8.855,false
P007520,Ursa Enceinte Nomade,Ursa,CAT008,S0478,59.13,3.777,false
P007521,Delvia Sac de sport XL,Delvia,CAT027,S0400,129.20,3.559,false
P007522,Kestrel Housse de couette Éco,Kestrel,CAT004,S0349,77.48,10.284,false
P007523,Halcyon Coffret BD Compact,Halcyon,CAT034,S0496,56.59,11.138,false
P007524,Granit Jeu de plateau Signature,Granit,CAT030,S0549,150.33,9.502,true
P007525,Ursa Sérum Pro,Ursa,CAT019,S0275,125.40,4.031,false
P007526,Delvia Crème hydratante Compact,Delvia,CAT019,S0300,126.04,7.294,false
P007527,Halcyon Trottinette Nomade,Halcyon,CAT029,S0328,138.54,7.273,true
P007528,Granit Bâche Pro,Granit,CAT036,S0015,52.10,11.512,false
P007529,Meridian Beau livre Éco,Meridian,CAT034,S0304,94.98,5.715,false
P007530,Ember Vinyle Compact,Ember,CAT033,S0424,66.69,6.799,false
P007531,Vertex Chemise Premium,Vertex,CAT014,S0508,51.54,10.970,false
P007532,Cirrus Ceinture Nomade,Cirrus,CAT015,S0485,174.14,5.481,false
P007533,Zephyr Roman Premium,Zephyr,CAT035,S0489,34.97,7.586,false
P007534,Rivage Poêle Compact,Rivage,CAT006,S0059,82.02,7.032,false
P007535,Solstice Nettoyant jantes Éco,Solstice,CAT036,S0484,92.18,6.613,true
P007536,Kestrel Casque vélo Ultra,Kestrel,CAT023,S0297,46.64,8.276,false
P007537,Rivage Beau livre Premium,Rivage,CAT035,S0174,109.60,6.705,false
P007538,Cirrus Vinyle Compact,Cirrus,CAT033,S0149,30.32,7.034,false
P007539,Delvia Vinyle XL,Delvia,CAT032,S0110,43.93,0.594,false
P007540,Delvia Filtre à air XL,Delvia,CAT038,S0555,73.89,9.659,false
P007541,Cirrus Coffret BD Ultra,Cirrus,CAT035,S0324,16.35,0.977,true
P007542,Alvora Haltères Compact,Alvora,CAT025,S0560,64.91,8.099,false
P007543,Juniper Perceuse Compact,Juniper,CAT038,S0341,42.13,0.417,false
P007544,Rivage Filtre à air Classic,Rivage,CAT038,S0558,7.32,10.213,false
P007545,Alvora Sérum Nomade,Alvora,CAT021,S0105,15.33,5.055,false
P007546,Solstice Sac de sport Pro,Solstice,CAT024,S0120,84.26,2.525,false
P007547,Meridian Arrosoir XL,Meridian,CAT001,S0093,20.90,9.569,false
P007548,Bexon Casque Essentiel,Bexon,CAT009,S0459,53.52,2.235,false
P007549,Cirrus Perceuse Éco,Cirrus,CAT037,S0411,23.91,7.064,false
P007550,Lumen Ceinture Éco,Lumen,CAT014,S0059,73.70,5.582,false
P007551,Quartz Sac à main XL,Quartz,CAT016,S0574,35.14,6.320,false
P007552,Quartz Brosse Essentiel,Quartz,CAT019,S0142,31.38,3.236,false
P007553,Rivage Enceinte XL,Rivage,CAT009,S0116,64.94,5.017,false
P007554,Delvia Casque Ultra,Delvia,CAT010,S0004,251.57,3.920,false
P007555,Alvora Montre Premium,Alvora,CAT013,S0164,16.04,10.886,false
P007556,Granit Coffret BD Ultra,Granit,CAT032,S0211,64.94,4.819,false
P007557,Cirrus Housse de couette Compact,Cirrus,CAT002,S0592,36.53,5.134,false
P007558,Solstice Haltères Éco,Solstice,CAT027,S0050,11.06,10.665,false
P007559,Rivage Tapis de yoga Nomade,Rivage,CAT024,S0385,45.38,8.303,false
P007560,Halcyon Vinyle Éco,Halcyon,CAT034,S0575,177.15,7.828,false
P007561,Windrow Arrosoir Classic,Windrow,CAT002,S0196,172.49,2.273,false
P007562,Meridian Coffret BD Pro,Meridian,CAT032,S0026,37.82,9.237,false
P007563,Zephyr Vinyle Signature,Zephyr,CAT035,S0012,19.24,10.475,false
P007564,Granit Bouilloire Pro,Granit,CAT003,S0420,122.95,8.142,false
P007565,Granit Crème hydratante Ultra,Granit,CAT020,S0335,94.74,0.825,false
P007566,Cirrus Coffret BD Nomade,Cirrus,CAT035,S0290,34.59,10.816,false
P007567,Vertex Casque vélo Premium,Vertex,CAT023,S0478,11.46,8.303,false
P007568,Zephyr Manuel Signature,Zephyr,CAT035,S0379,11.69,0.266,false
P007569,Kestrel Arrosoir Classic,Kestrel,CAT005,S0487,23.58,9.168,false
P007570,Ursa Clé à cliquet Classic,Ursa,CAT039,S0240,118.90,8.818,false
P007571,Cirrus Chaussures de trail Essentiel,Cirrus,CAT027,S0039,85.48,3.636,false
P007572,Nordis Webcam Signature,Nordis,CAT009,S0539,68.27,1.175,false
P007573,Halcyon Peluche Essentiel,Halcyon,CAT031,S0558,45.32,2.472,false
P007574,Fjord Chargeur Premium,Fjord,CAT008,S0402,84.23,1.719,false
P007575,Juniper Bouilloire Pro,Juniper,CAT003,S0189,66.83,5.928,false
P007576,Zephyr Cube éducatif Ultra,Zephyr,CAT031,S0560,93.98,7.258,false
P007577,Nordis Nettoyant jantes Essentiel,Nordis,CAT038,S0593,54.68,5.403,false
P007578,Juniper Clé à cliquet Pro,Juniper,CAT037,S0075,39.58,4.238,false
P007579,Lumen Arrosoir Compact,Lumen,CAT003,S0114,262.41,9.612,false
P007580,Rivage Sac de sport Nomade,Rivage,CAT026,S0095,36.10,2.393,false
P007581,Vertex Clavier Premium,Vertex,CAT008,S0117,28.74,11.940,true
P007582,Quartz Écharpe Pro,Quartz,CAT014,S0566,75.64,5.896,false
P007583,Kestrel Brosse Ultra,Kestrel,CAT018,S0136,10.90,1.382,true
P007584,Alvora Lampe Pro,Alvora,CAT004,S0519,20.45,8.222,false
P007585,Nordis Trottinette Ultra,Nordis,CAT031,S0201,60.00,6.659,false
P007586,Orbit Roman Éco,Orbit,CAT035,S0060,59.37,8.680,false
P007587,Cirrus Housse de couette Ultra,Cirrus,CAT001,S0396,180.44,5.160,false
P007588,Granit Sac à main Compact,Granit,CAT014,S0410,40.28,4.680,false
P007589,Cirrus Clé à cliquet Compact,Cirrus,CAT039,S0538,75.01,4.826,false
P007590,Lumen Manuel Compact,Lumen,CAT034,S0290,19.72,9.623,false
P007591,Juniper Brosse Signature,Juniper,CAT022,S0052,52.13,6.058,false
P007592,Rivage Veste Premium,Rivage,CAT015,S0485,55.69,0.530,false
P007593,Ember Peluche Essentiel,Ember,CAT028,S0364,84.78,7.920,true
P007594,Nordis Housse de couette Pro,Nordis,CAT006,S0042,77.60,6.513,false
P007595,Ursa Roman Essentiel,Ursa,CAT034,S0001,52.92,6.865,false
P007596,Meridian Lampe Essentiel,Meridian,CAT006,S0278,22.93,1.616,false
P007597,Windrow Eau de toilette Éco,Windrow,CAT018,S0219,109.06,10.381,false
P007598,Lumen Sac de sport Signature,Lumen,CAT024,S0081,66.87,7.805,false
P007599,Lumen Sac à main Classic,Lumen,CAT016,S0440,72.10,9.258,false
P007600,Juniper Figurine Compact,Juniper,CAT028,S0401,24.98,8.428,false
P007601,Ivory Figurine Essentiel,Ivory,CAT029,S0543,14.58,7.912,true
P007602,Meridian Figurine Nomade,Meridian,CAT029,S0151,69.66,1.667,false
P007603,Alvora Housse de couette Signature,Alvora,CAT001,S0360,93.09,4.865,false
P007604,Vertex Perceuse XL,Vertex,CAT038,S0055,31.61,7.472,false
P007605,Nordis Poêle Ultra,Nordis,CAT006,S0306,9.75,7.803,false
P007606,Delvia Sérum Premium,Delvia,CAT020,S0170,211.20,5.460,false
P007607,Fjord Palette Ultra,Fjord,CAT018,S0253,94.16,11.047,false
P007608,Alvora Puzzle Ultra,Alvora,CAT028,S0274,31.20,6.484,false
P007609,Windrow Bâche Signature,Windrow,CAT038,S0286,83.66,4.770,false
P007610,Zephyr Haltères Ultra,Zephyr,CAT026,S0512,273.93,7.993,true
P007611,Pallas Sérum Classic,Pallas,CAT022,S0464,18.75,4.549,false
P007612,Granit Sérum Premium,Granit,CAT020,S0489,46.13,4.170,false
P007613,Granit Crème hydratante Classic,Granit,CAT022,S0083,4.58,3.860,false
P007614,Juniper Écharpe Premium,Juniper,CAT017,S0583,235.12,9.859,false
P007615,Lumen Poêle Classic,Lumen,CAT001,S0450,34.84,0.158,false
P007616,Juniper Sérum Pro,Juniper,CAT021,S0552,186.45,0.176,false
P007617,Terra Clavier Compact,Terra,CAT011,S0248,26.41,0.247,false
P007618,Halcyon Bouilloire Nomade,Halcyon,CAT002,S0327,15.52,9.459,false
P007619,Pallas Arrosoir Nomade,Pallas,CAT006,S0168,52.66,11.659,false
P007620,Ember Lampe Nomade,Ember,CAT002,S0386,88.40,1.828,false
P007621,Terra Peluche Pro,Terra,CAT030,S0427,141.92,9.747,false
P007622,Terra Crème hydratante Premium,Terra,CAT018,S0368,85.43,9.816,false
P007623,Halcyon Lampe Pro,Halcyon,CAT001,S0488,206.37,0.595,false
P007624,Delvia Chaussures de trail Nomade,Delvia,CAT027,S0120,48.83,2.053,false
P007625,Kestrel Arrosoir Premium,Kestrel,CAT001,S0018,117.11,7.071,false
P007626,Quartz Manuel Classic,Quartz,CAT033,S0359,48.10,3.943,true
P007627,Fjord Bouilloire Nomade,Fjord,CAT003,S0514,177.28,8.530,false
P007628,Nordis Casque vélo Premium,Nordis,CAT025,S0319,73.14,3.544,false
P007629,Alvora Figurine Pro,Alvora,CAT031,S0247,25.16,8.013,false
P007630,Solstice Casque vélo Premium,Solstice,CAT023,S0385,67.34,11.301,false
P007631,Meridian Montre connectée Nomade,Meridian,CAT012,S0142,29.02,6.966,false
P007632,Cirrus Bâche Éco,Cirrus,CAT038,S0099,30.00,4.104,false
P007633,Meridian Enceinte Pro,Meridian,CAT012,S0367,9.79,6.846,false
P007634,Delvia Housse de couette Premium,Delvia,CAT004,S0357,84.42,2.971,false
P007635,Ursa Souris Pro,Ursa,CAT011,S0143,43.04,5.755,false
P007636,Orbit Sac de sport Compact,Orbit,CAT023,S0546,35.66,5.299,false
P007637,Solstice Arrosoir Pro,Solstice,CAT006,S0483,55.18,0.181,false
P007638,Fjord Bouilloire Signature,Fjord,CAT006,S0247,39.81,6.293,false
P007639,Kestrel Manuel Nomade,Kestrel,CAT033,S0431,58.79,7.021,false
P007640,Delvia Brosse Compact,Delvia,CAT021,S0193,41.34,7.697,true
P007641,Solstice Gourde Compact,Solstice,CAT025,S0287,26.27,2.099,false
P007642,Granit Enceinte XL,Granit,CAT009,S0587,86.58,9.905,false
P007643,Meridian Brosse Classic,Meridian,CAT018,S0052,33.87,11.549,false
P007644,Juniper Brosse Pro,Juniper,CAT019,S0108,17.47,1.415,false
P007645,Pallas Arrosoir Signature,Pallas,CAT001,S0083,80.85,11.598,false
P007646,Granit Casque Classic,Granit,CAT009,S0530,89.58,10.731,false
P007647,Delvia Chemise Éco,Delvia,CAT016,S0544,6.14,3.220,false
P007648,Ursa Lampe Nomade,Ursa,CAT002,S0162,12.93,4.202,false
P007649,Pallas Webcam Nomade,Pallas,CAT007,S0255,77.26,4.882,false
P007650,Ember Housse de couette Pro,Ember,CAT004,S0017,46.35,2.594,false
P007651,Meridian Sneakers Ultra,Meridian,CAT013,S0382,67.61,10.409,false
P007652,Bexon Tapis de yoga Ultra,Bexon,CAT027,S0395,21.64,10.337,false
P007653,Orbit Clé à cliquet Essentiel,Orbit,CAT037,S0107,78.69,0.342,false
P007654,Windrow Bâche Compact,Windrow,CAT039,S0293,54.07,8.150,false
P007655,Cirrus Gourde Compact,Cirrus,CAT024,S0308,52.84,1.065,true
P007656,Fjord Perceuse Éco,Fjord,CAT039,S0106,133.77,5.933,false
P007657,Granit Nettoyant jantes Pro,Granit,CAT038,S0340,93.17,7.007,false
P007658,Zephyr Manuel Premium,Zephyr,CAT034,S0267,76.63,9.279,false
P007659,Ember Filtre à air Classic,Ember,CAT039,S0055,18.66,2.615,false
P007660,Halcyon Enceinte Compact,Halcyon,CAT007,S0583,24.41,11.264,false
P007661,Zephyr Shampooing Essentiel,Zephyr,CAT018,S0576,94.81,6.998,true
P007662,Juniper Manuel Compact,Juniper,CAT035,S0496,60.24,8.980,false
P007663,Granit Haltères Éco,Granit,CAT023,S0095,88.01,5.854,false
P007664,Juniper Veste XL,Juniper,CAT017,S0354,6.13,4.435,false
P007665,Ivory Haltères Premium,Ivory,CAT024,S0506,67.63,0.990,false
P007666,Quartz Sneakers XL,Quartz,CAT016,S0059,76.97,1.931,false
P007667,Fjord Set de couverts Ultra,Fjord,CAT002,S0006,63.78,5.000,false
P007668,Orbit Peluche Signature,Orbit,CAT031,S0257,22.32,1.186,false
P007669,Terra Poêle Signature,Terra,CAT006,S0199,80.41,7.536,false
P007670,Pallas Poêle Premium,Pallas,CAT004,S0161,32.20,1.930,false
P007671,Lumen Trottinette Premium,Lumen,CAT030,S0180,27.58,5.450,false
P007672,Vertex Sac de sport Nomade,Vertex,CAT027,S0415,6.21,11.109,false
P007673,Meridian Nettoyant jantes XL,Meridian,CAT036,S0397,157.37,7.749,false
P007674,Fjord Webcam Essentiel,Fjord,CAT011,S0567,73.41,2.204,false
P007675,Meridian Chemise Signature,Meridian,CAT017,S0523,37.38,11.710,false
P007676,Windrow Trottinette Classic,Windrow,CAT030,S0396,12.65,10.190,false
P007677,Alvora Housse de couette XL,Alvora,CAT003,S0514,55.40,7.904,false
P007678,Juniper Coffret BD Essentiel,Juniper,CAT033,S0032,47.45,10.908,true
P007679,Lumen Perceuse XL,Lumen,CAT039,S0242,80.63,8.574,false
P007680,Zephyr Poêle Essentiel,Zephyr,CAT002,S0540,93.55,3.671,false
P007681,Granit Beau livre Signature,Granit,CAT033,S0577,34.33,4.863,false
P007682,Ivory Lampe Compact,Ivory,CAT001,S0466,62.34,9.740,false
P007683,Ivory Casque vélo Ultra,Ivory,CAT023,S0185,31.74,8.595,false
P007684,Meridian Étagère Essentiel,Meridian,CAT002,S0118,31.57,8.999,false
P007685,Lumen Étagère Classic,Lumen,CAT004,S0018,89.73,10.391,false
P007686,Orbit Arrosoir XL,Orbit,CAT005,S0248,82.14,5.817,false
P007687,Lumen Vinyle Compact,Lumen,CAT033,S0177,110.54,8.619,false
P007688,Delvia Set de couverts Nomade,Delvia,CAT004,S0221,119.07,2.309,false
P007689,Windrow Jeu de plateau Éco,Windrow,CAT029,S0082,30.83,5.701,false
P007690,Alvora Palette Ultra,Alvora,CAT020,S0218,25.71,7.820,false
P007691,Kestrel Nettoyant jantes Pro,Kestrel,CAT039,S0240,83.96,6.895,false
P007692,Halcyon Housse de couette Classic,Halcyon,CAT005,S0378,226.43,2.503,false
P007693,Fjord Casque Nomade,Fjord,CAT010,S0462,27.77,1.897,false
P007694,Meridian Clavier Nomade,Meridian,CAT007,S0532,79.19,6.931,false
P007695,Zephyr Eau de toilette Compact,Zephyr,CAT020,S0041,63.16,3.202,false
P007696,Rivage Sac à main Compact,Rivage,CAT017,S0454,171.44,5.320,false
P007697,Fjord Arrosoir Ultra,Fjord,CAT002,S0542,63.47,8.564,false
P007698,Granit Eau de toilette Nomade,Granit,CAT018,S0236,185.26,2.007,false
P007699,Quartz Housse de couette Essentiel,Quartz,CAT002,S0487,5.90,2.402,false
P007700,Kestrel Webcam Nomade,Kestrel,CAT011,S0091,32.61,9.913,false
P007701,Ursa Puzzle Classic,Ursa,CAT028,S0264,19.65,1.343,false
P007702,Ursa Housse de couette Pro,Ursa,CAT003,S0589,86.17,1.666,false
P007703,Alvora Vinyle Compact,Alvora,CAT033,S0569,216.72,10.334,false
P007704,Cirrus Perceuse Premium,Cirrus,CAT037,S0435,157.73,5.571,false
P007705,Windrow Chaussures de trail Signature,Windrow,CAT024,S0192,87.99,8.641,false
P007706,Kestrel Roman Pro,Kestrel,CAT034,S0547,13.08,8.714,false
P007707,Cirrus Veste Classic,Cirrus,CAT016,S0031,8.56,0.897,false
P007708,Quartz Brosse XL,Quartz,CAT020,S0135,22.72,10.377,false
P007709,Solstice Brosse XL,Solstice,CAT018,S0131,23.51,9.013,false
P007710,Bexon Vinyle Compact,Bexon,CAT034,S0104,106.22,6.996,false
P007711,Granit Puzzle Nomade,Granit,CAT029,S0197,31.14,7.415,false
P007712,Kestrel Sérum Pro,Kestrel,CAT020,S0132,36.52,0.231,false
P007713,Quartz Bouilloire XL,Quartz,CAT005,S0407,71.42,5.087,false
P007714,Cirrus Haltères Premium,Cirrus,CAT027,S0152,114.42,8.011,false
P007715,Windrow Vinyle Classic,Windrow,CAT034,S0325,75.85,7.882,false
P007716,Ursa Poêle Pro,Ursa,CAT003,S0579,53.05,4.477,false
P007717,Quartz Filtre à air Essentiel,Quartz,CAT038,S0583,120.68,5.816,false
P007718,Ursa Peluche Ultra,Ursa,CAT030,S0151,94.88,10.292,false
P007719,Terra Jeu de plateau Éco,Terra,CAT031,S0457,34.22,6.957,false
P007720,Delvia Perceuse XL,Delvia,CAT036,S0245,75.38,0.788,false
P007721,Orbit Montre connectée XL,Orbit,CAT007,S0569,48.73,8.843,false
P007722,Lumen Filtre à air Signature,Lumen,CAT038,S0210,251.15,0.692,false
P007723,Cirrus Étagère Éco,Cirrus,CAT003,S0265,14.21,9.988,false
P007724,Bexon Bouilloire XL,Bexon,CAT004,S0416,87.51,7.835,false
P007725,Ivory Gourde Nomade,Ivory,CAT024,S0051,168.23,1.620,false
P007726,Nordis Sérum Essentiel,Nordis,CAT018,S0482,41.98,5.446,true
P007727,Lumen Arrosoir Éco,Lumen,CAT005,S0316,27.16,3.644,false
P007728,Zephyr Cube éducatif Éco,Zephyr,CAT029,S0561,156.53,3.981,false
P007729,Nordis Bouilloire Pro,Nordis,CAT004,S0277,86.58,4.556,false
P007730,Ursa Crème hydratante XL,Ursa,CAT019,S0318,61.19,11.173,false
P007731,Orbit Lampe Signature,Orbit,CAT004,S0519,54.54,1.433,false
P007732,Lumen Étagère Classic,Lumen,CAT001,S0148,28.78,10.279,false
P007733,Rivage Souris Signature,Rivage,CAT009,S0310,70.44,9.599,false
P007734,Rivage Enceinte Signature,Rivage,CAT010,S0383,46.90,9.804,false
P007735,Nordis Tapis de yoga Ultra,Nordis,CAT024,S0287,70.48,9.501,false
P007736,Windrow Gourde Signature,Windrow,CAT027,S0079,187.64,8.551,false
P007737,Ember Manuel XL,Ember,CAT034,S0594,154.80,6.840,false
P007738,Rivage Palette Essentiel,Rivage,CAT018,S0219,79.54,1.589,false
P007739,Quartz Chargeur Premium,Quartz,CAT008,S0117,45.50,6.016,false
P007740,Granit Poêle Nomade,Granit,CAT001,S0407,228.84,0.582,false
P007741,Windrow Bouilloire Ultra,Windrow,CAT005,S0302,26.67,11.524,false
P007742,Juniper Sneakers XL,Juniper,CAT014,S0064,30.78,0.279,false
P007743,Windrow Casque vélo Nomade,Windrow,CAT024,S0506,37.11,9.776,false
P007744,Rivage Ceinture Essentiel,Rivage,CAT016,S0024,8.39,10.885,false
P007745,Solstice Trottinette Éco,Solstice,CAT029,S0373,89.33,3.549,false
P007746,Solstice Écharpe Compact,Solstice,CAT014,S0472,130.99,5.294,false
P007747,Nordis Sérum Essentiel,Nordis,CAT018,S0492,59.63,5.237,false
P007748,Terra Souris Premium,Terra,CAT009,S0569,72.35,10.302,false
P007749,Ursa Sneakers Compact,Ursa,CAT017,S0584,19.41,7.378,true
P007750,Solstice Beau livre Pro,Solstice,CAT034,S0464,34.85,3.256,false
P007751,Delvia Sac de sport XL,Delvia,CAT023,S0254,29.75,11.540,false
P007752,Terra Sérum Premium,Terra,CAT018,S0466,129.44,0.584,false
P007753,Halcyon Bâche Ultra,Halcyon,CAT039,S0436,32.81,6.241,false
P007754,Vertex Nettoyant jantes Pro,Vertex,CAT039,S0400,84.78,6.115,false
P007755,Fjord Bâche Éco,Fjord,CAT037,S0133,78.13,10.501,false
P007756,Rivage Puzzle XL,Rivage,CAT030,S0572,144.05,4.124,false
P007757,Lumen Bâche Éco,Lumen,CAT037,S0484,74.43,2.356,false
P007758,Quartz Ceinture Classic,Quartz,CAT017,S0068,79.40,8.519,true
P007759,Ursa Figurine Signature,Ursa,CAT031,S0149,7.18,5.939,true
P007760,Vertex Trottinette Éco,Vertex,CAT031,S0010,89.58,4.589,false
P007761,Bexon Casque vélo Éco,Bexon,CAT023,S0184,75.96,9.791,true
P007762,Solstice Palette Ultra,Solstice,CAT021,S0504,29.84,5.174,false
P007763,Zephyr Souris Pro,Zephyr,CAT011,S0029,33.05,0.926,false
P007764,Lumen Crème hydratante Pro,Lumen,CAT022,S0473,17.15,0.609,false
P007765,Terra Sérum Premium,Terra,CAT022,S0493,80.09,0.400,false
P007766,Ursa Bâche Classic,Ursa,CAT039,S0133,183.56,10.367,false
P007767,Quartz Gourde Compact,Quartz,CAT025,S0594,87.05,11.842,false
P007768,Quartz Ceinture Pro,Quartz,CAT015,S0491,176.78,10.038,false
P007769,Fjord Chemise Compact,Fjord,CAT014,S0408,10.48,6.671,false
P007770,Windrow Coffret BD Classic,Windrow,CAT034,S0404,273.73,2.500,false
P007771,Pallas Manuel Ultra,Pallas,CAT034,S0315,78.10,3.536,false
P007772,Nordis Sac à main Compact,Nordis,CAT014,S0453,27.45,11.425,false
P007773,Ursa Roman Éco,Ursa,CAT033,S0016,87.38,10.236,false
P007774,Juniper Bâche Compact,Juniper,CAT037,S0155,179.19,5.194,false
P007775,Ember Bâche XL,Ember,CAT038,S0198,87.82,10.864,false
P007776,Quartz Beau livre Nomade,Quartz,CAT033,S0137,73.15,4.551,false
P007777,Meridian Montre connectée Classic,Meridian,CAT009,S0030,72.07,2.759,true
P007778,Pallas Crème hydratante Pro,Pallas,CAT020,S0462,63.47,1.748,false
P007779,Fjord Sérum Essentiel,Fjord,CAT021,S0134,71.07,5.700,false
P007780,Lumen Brosse Ultra,Lumen,CAT021,S0354,214.53,2.066,false
P007781,Cirrus Montre XL,Cirrus,CAT013,S0556,57.01,2.795,false
P007782,Cirrus Casque vélo Éco,Cirrus,CAT027,S0189,97.89,3.765,false
P007783,Meridian Eau de toilette Signature,Meridian,CAT021,S0532,11.54,1.786,true
P007784,Solstice Trottinette Éco,Solstice,CAT029,S0082,121.21,5.776,false
P007785,Solstice Sac à main XL,Solstice,CAT013,S0011,30.13,1.916,true
P007786,Solstice Housse de couette Nomade,Solstice,CAT003,S0069,63.18,1.723,false
P007787,Delvia Étagère Éco,Delvia,CAT001,S0279,188.90,3.803,false
P007788,Nordis Trottinette Pro,Nordis,CAT030,S0244,102.53,10.820,false
P007789,Terra Brosse XL,Terra,CAT020,S0541,49.44,10.683,false
P007790,Granit Shampooing Essentiel,Granit,CAT020,S0027,6.39,6.378,true
P007791,Quartz Chaussures de trail Classic,Quartz,CAT026,S0525,59.51,11.511,false
P007792,Lumen Clavier XL,Lumen,CAT009,S0580,72.47,1.189,false
P007793,Ursa Eau de toilette XL,Ursa,CAT021,S0482,36.22,8.446,false
P007794,Orbit Sérum Pro,Orbit,CAT019,S0018,39.89,3.107,false
P007795,Lumen Bouilloire Éco,Lumen,CAT005,S0173,21.56,6.698,false
P007796,Nordis Sac de sport Essentiel,Nordis,CAT025,S0157,35.85,6.956,true
P007797,Pallas Arrosoir Pro,Pallas,CAT004,S0062,58.59,10.968,false
P007798,Terra Peluche Pro,Terra,CAT030,S0005,24.87,4.038,false
P007799,Ivory Filtre à air Pro,Ivory,CAT038,S0269,92.26,7.947,true
P007800,Solstice Poêle Nomade,Solstice,CAT001,S0421,195.71,10.078,false
P007801,Bexon Eau de toilette Nomade,Bexon,CAT019,S0424,72.73,1.420,false
P007802,Delvia Vinyle Nomade,Delvia,CAT033,S0358,253.17,9.795,false
P007803,Fjord Eau de toilette XL,Fjord,CAT020,S0219,277.95,7.304,true
P007804,Meridian Brosse Pro,Meridian,CAT019,S0105,50.50,11.206,false
P007805,Pallas Bâche XL,Pallas,CAT038,S0102,19.28,7.089,false
P007806,Vertex Crème hydratante Essentiel,Vertex,CAT018,S0478,94.95,9.617,false
P007807,Ursa Montre connectée Éco,Ursa,CAT012,S0412,42.42,10.317,false
P007808,Pallas Puzzle Classic,Pallas,CAT031,S0305,131.71,7.987,false
P007809,Solstice Clé à cliquet Nomade,Solstice,CAT039,S0216,46.88,11.011,false
P007810,Halcyon Perceuse Ultra,Halcyon,CAT039,S0492,27.23,7.483,false
P007811,Fjord Bouilloire XL,Fjord,CAT006,S0452,119.91,3.684,false
P007812,Windrow Filtre à air Nomade,Windrow,CAT036,S0159,80.88,5.588,false
P007813,Ursa Coffret BD Classic,Ursa,CAT033,S0547,9.74,11.804,false
P007814,Ursa Sérum Classic,Ursa,CAT020,S0264,13.71,11.363,false
P007815,Lumen Tapis de yoga Ultra,Lumen,CAT027,S0178,83.70,4.582,false
P007816,Orbit Filtre à air Compact,Orbit,CAT037,S0293,57.42,5.806,false
P007817,Halcyon Roman XL,Halcyon,CAT032,S0096,92.87,1.829,false
P007818,Cirrus Palette XL,Cirrus,CAT022,S0595,209.07,2.223,true
P007819,Alvora Webcam Essentiel,Alvora,CAT008,S0512,24.63,11.249,false
P007820,Rivage Puzzle Ultra,Rivage,CAT030,S0457,14.89,9.320,false
P007821,Solstice Montre Essentiel,Solstice,CAT017,S0028,26.27,11.706,false
P007822,Meridian Veste Compact,Meridian,CAT013,S0159,30.34,10.033,false
P007823,Vertex Sérum Nomade,Vertex,CAT021,S0558,35.11,8.259,false
P007824,Pallas Casque vélo Essentiel,Pallas,CAT024,S0051,81.78,4.718,false
P007825,Solstice Housse de couette Essentiel,Solstice,CAT004,S0449,178.93,9.171,false
P007826,Fjord Lampe Ultra,Fjord,CAT006,S0406,11.53,8.747,false
P007827,Juniper Trottinette Classic,Juniper,CAT028,S0016,38.06,8.600,false
P007828,Lumen Vinyle Pro,Lumen,CAT034,S0146,82.55,6.576,false
P007829,Bexon Coffret BD Pro,Bexon,CAT033,S0363,128.72,8.555,false
P007830,Orbit Bouilloire Premium,Orbit,CAT003,S0042,75.55,1.032,false
P007831,Granit Cube éducatif Pro,Granit,CAT029,S0600,30.10,0.501,false
P007832,Meridian Brosse Nomade,Meridian,CAT018,S0533,159.26,1.582,false
P007833,Windrow Coffret BD XL,Windrow,CAT032,S0211,40.98,7.037,false
P007834,Windrow Vinyle Pro,Windrow,CAT032,S0028,84.28,10.701,false
P007835,Ember Shampooing Nomade,Ember,CAT021,S0072,227.99,9.680,false
P007836,Bexon Haltères Classic,Bexon,CAT023,S0220,14.93,0.735,false
P007837,Juniper Beau livre Ultra,Juniper,CAT032,S0047,5.15,11.215,false
P007838,Quartz Filtre à air Classic,Quartz,CAT038,S0155,93.45,6.751,false
P007839,Pallas Étagère Pro,Pallas,CAT002,S0279,31.91,1.305,false
P007840,Orbit Manuel Premium,Orbit,CAT034,S0431,252.61,2.957,false
P007841,Halcyon Roman Compact,Halcyon,CAT033,S0290,176.00,3.975,false
P007842,Lumen Puzzle Signature,Lumen,CAT029,S0084,68.62,6.506,false
P007843,Halcyon Manuel Classic,Halcyon,CAT035,S0281,272.11,7.624,false
P007844,Orbit Sneakers Essentiel,Orbit,CAT013,S0477,84.07,10.560,false
P007845,Meridian Écharpe Pro,Meridian,CAT014,S0545,74.30,11.785,false
P007846,Kestrel Eau de toilette Pro,Kestrel,CAT019,S0214,12.82,4.883,false
P007847,Fjord Clavier Premium,Fjord,CAT007,S0549,168.74,0.882,false
P007848,Meridian Ceinture Compact,Meridian,CAT015,S0321,77.20,10.742,false
P007849,Ivory Lampe Essentiel,Ivory,CAT002,S0189,13.43,8.968,false
P007850,Rivage Clé à cliquet Ultra,Rivage,CAT039,S0305,84.92,1.706,true
P007851,Orbit Perceuse Compact,Orbit,CAT036,S0397,93.66,4.036,true
P007852,Ursa Palette Compact,Ursa,CAT020,S0101,125.86,2.453,false
P007853,Fjord Sac de sport Essentiel,Fjord,CAT024,S0292,200.02,11.637,false
P007854,Windrow Cube éducatif Éco,Windrow,CAT029,S0149,90.56,5.498,false
P007855,Orbit Palette Classic,Orbit,CAT019,S0318,206.75,0.986,true
P007856,Cirrus Arrosoir Ultra,Cirrus,CAT004,S0118,107.31,3.615,false
P007857,Granit Chaussures de trail Éco,Granit,CAT025,S0297,45.18,5.604,false
P007858,Delvia Palette Signature,Delvia,CAT019,S0171,28.59,1.751,true
P007859,Cirrus Poêle Éco,Cirrus,CAT002,S0316,50.75,6.849,false
P007860,Ursa Figurine Éco,Ursa,CAT028,S0561,58.90,0.696,false
P007861,Solstice Montre connectée Nomade,Solstice,CAT008,S0235,185.29,5.327,false
P007862,Ursa Lampe Signature,Ursa,CAT001,S0376,54.52,9.604,false
P007863,Ursa Enceinte Pro,Ursa,CAT012,S0590,59.22,2.839,false
P007864,Alvora Perceuse Compact,Alvora,CAT037,S0046,32.70,0.347,false
P007865,Zephyr Étagère Essentiel,Zephyr,CAT003,S0573,23.32,8.184,false
P007866,Bexon Clavier Premium,Bexon,CAT007,S0029,131.45,10.926,false
P007867,Delvia Nettoyant jantes Éco,Delvia,CAT039,S0099,7.50,2.475,false
P007868,Orbit Housse de couette Éco,Orbit,CAT006,S0548,43.36,10.153,false
P007869,Quartz Souris Pro,Quartz,CAT012,S0530,50.43,6.498,false
P007870,Cirrus Montre connectée Nomade,Cirrus,CAT009,S0587,17.08,11.655,false
P007871,Alvora Haltères Premium,Alvora,CAT027,S0566,15.44,4.249,false
P007872,Alvora Shampooing Nomade,Alvora,CAT019,S0049,205.91,6.582,false
P007873,Delvia Eau de toilette Nomade,Delvia,CAT019,S0135,103.15,8.434,false
P007874,Nordis Chaussures de trail Compact,Nordis,CAT024,S0125,170.45,11.223,false
P007875,Juniper Brosse Pro,Juniper,CAT018,S0002,51.20,0.074,false
P007876,Bexon Souris Signature,Bexon,CAT011,S0276,84.34,11.389,true
P007877,Meridian Nettoyant jantes Pro,Meridian,CAT037,S0436,59.18,6.506,false
P007878,Granit Webcam Premium,Granit,CAT007,S0029,134.74,9.695,false
P007879,Meridian Bouilloire Signature,Meridian,CAT004,S0449,9.43,9.967,false
P007880,Windrow Sérum Signature,Windrow,CAT020,S0348,17.77,4.354,false
P007881,Ember Veste Ultra,Ember,CAT015,S0164,72.72,3.671,false
P007882,Granit Chaussures de trail Compact,Granit,CAT025,S0256,55.78,1.423,false
P007883,Rivage Puzzle Essentiel,Rivage,CAT031,S0549,99.00,3.900,true
P007884,Terra Figurine Classic,Terra,CAT028,S0213,26.14,8.807,false
P007885,Windrow Cube éducatif Ultra,Windrow,CAT030,S0010,61.95,5.709,false
P007886,Lumen Housse de couette Signature,Lumen,CAT003,S0168,135.10,6.636,false
P007887,Windrow Chargeur Signature,Windrow,CAT012,S0486,74.12,11.235,false
P007888,Zephyr Lampe Essentiel,Zephyr,CAT001,S0475,94.96,10.244,false
P007889,Lumen Roman Premium,Lumen,CAT034,S0304,14.95,8.281,true
P007890,Nordis Palette Éco,Nordis,CAT020,S0582,80.46,6.900,false
P007891,Terra Set de couverts Premium,Terra,CAT004,S0069,5.03,0.300,false
P007892,Zephyr Beau livre Ultra,Zephyr,CAT032,S0370,28.27,9.904,false
P007893,Lumen Bouilloire Classic,Lumen,CAT006,S0144,47.87,8.973,false
P007894,Rivage Poêle Essentiel,Rivage,CAT006,S0008,156.73,11.567,true
P007895,Zephyr Roman Classic,Zephyr,CAT035,S0307,74.00,0.791,false
P007896,Granit Sneakers Ultra,Granit,CAT017,S0321,153.20,5.511,false
P007897,Orbit Puzzle Éco,Orbit,CAT028,S0360,84.47,1.564,true
P007898,Orbit Bouilloire Nomade,Orbit,CAT006,S0466,71.92,11.913,false
P007899,Vertex Figurine Éco,Vertex,CAT028,S0201,62.05,8.675,false
P007900,Quartz Palette XL,Quartz,CAT022,S0576,59.50,7.890,false
P007901,Nordis Coffret BD Signature,Nordis,CAT034,S0225,48.47,6.351,false
P007902,Meridian Montre XL,Meridian,CAT016,S0185,26.38,2.807,false
P007903,Lumen Brosse Compact,Lumen,CAT021,S0300,194.39,11.203,false
P007904,Bexon Housse de couette XL,Bexon,CAT001,S0475,34.73,7.160,false
P007905,Alvora Peluche XL,Alvora,CAT031,S0118,264.65,4.145,false
P007906,Vertex Brosse Pro,Vertex,CAT018,S0049,85.98,5.466,false
P007907,Fjord Bouilloire Pro,Fjord,CAT001,S0092,9.29,8.216,false
P007908,Fjord Sac de sport Signature,Fjord,CAT024,S0109,22.33,3.383,false
P007909,Meridian Étagère XL,Meridian,CAT003,S0371,72.03,4.982,false
P007910,Granit Palette Ultra,Granit,CAT018,S0236,23.21,7.088,false
P007911,Zephyr Bouilloire Classic,Zephyr,CAT005,S0352,29.75,0.502,false
P007912,Delvia Figurine XL,Delvia,CAT030,S0471,91.16,3.164,false
P007913,Granit Arrosoir Classic,Granit,CAT001,S0485,14.29,4.540,true
P007914,Granit Puzzle Nomade,Granit,CAT029,S0557,19.95,10.372,false
P007915,Kestrel Sérum Ultra,Kestrel,CAT022,S0077,138.09,1.678,false
P007916,Terra Sac à main Compact,Terra,CAT013,S0159,59.09,11.672,false
P007917,Solstice Figurine Pro,Solstice,CAT031,S0269,111.11,0.756,true
P007918,Kestrel Eau de toilette Signature,Kestrel,CAT020,S0200,31.51,11.752,false
P007919,Quartz Montre connectée Éco,Quartz,CAT008,S0485,101.76,9.244,false
P007920,Ember Trottinette Premium,Ember,CAT031,S0041,84.14,2.465,false
P007921,Ivory Sérum Compact,Ivory,CAT020,S0582,132.80,6.288,false
P007922,Delvia Sac de sport Compact,Delvia,CAT025,S0495,8.01,5.172,false
P007923,Orbit Tapis de yoga Compact,Orbit,CAT025,S0428,80.72,2.150,false
P007924,Juniper Eau de toilette Premium,Juniper,CAT020,S0582,73.99,10.615,false
P007925,Nordis Shampooing XL,Nordis,CAT022,S0504,29.98,3.803,false
P007926,Ursa Shampooing Nomade,Ursa,CAT021,S0214,67.50,2.502,false
P007927,Ember Peluche Essentiel,Ember,CAT030,S0425,281.09,0.939,false
P007928,Rivage Perceuse Signature,Rivage,CAT036,S0072,184.30,10.497,false
P007929,Delvia Haltères XL,Delvia,CAT024,S0458,91.61,1.904,false
P007930,Quartz Bâche Classic,Quartz,CAT036,S0464,180.06,11.983,true
P007931,Juniper Veste Signature,Juniper,CAT014,S0444,65.13,10.607,true
P007932,Pallas Palette Nomade,Pallas,CAT021,S0482,25.02,8.197,true
P007933,Granit Perceuse Essentiel,Granit,CAT036,S0380,31.11,7.255,false
P007934,Bexon Chaussures de trail Classic,Bexon,CAT023,S0039,22.40,6.802,false
P007935,Terra Sac de sport XL,Terra,CAT026,S0566,46.30,6.343,false
P007936,Meridian Trottinette Compact,Meridian,CAT028,S0461,61.26,1.192,false
P007937,Vertex Ceinture Signature,Vertex,CAT013,S0315,176.35,11.669,false
P007938,Alvora Shampooing Ultra,Alvora,CAT022,S0473,42.02,11.898,false
P007939,Windrow Cube éducatif Premium,Windrow,CAT028,S0500,128.01,2.563,false
P007940,Nordis Housse de couette XL,Nordis,CAT001,S0283,207.23,3.981,true
P007941,Fjord Set de couverts Compact,Fjord,CAT001,S0283,76.32,6.591,false
P007942,Ivory Sac de sport Éco,Ivory,CAT027,S0525,89.21,8.475,false
P007943,Terra Crème hydratante Classic,Terra,CAT018,S0356,31.12,2.070,false
P007944,Fjord Lampe Nomade,Fjord,CAT005,S0407,37.91,1.822,false
P007945,Delvia Cube éducatif Premium,Delvia,CAT029,S0430,219.36,7.703,false
P007946,Alvora Souris Classic,Alvora,CAT010,S0578,205.01,9.370,false
P007947,Terra Haltères Nomade,Terra,CAT027,S0208,6.09,6.303,false
P007948,Terra Crème hydratante Signature,Terra,CAT018,S0103,36.28,9.607,false
P007949,Granit Crème hydratante Premium,Granit,CAT022,S0309,17.09,2.255,false
P007950,Juniper Brosse Pro,Juniper,CAT022,S0482,190.23,3.631,false
P007951,Fjord Eau de toilette Éco,Fjord,CAT018,S0460,89.95,2.676,false
P007952,Nordis Nettoyant jantes Ultra,Nordis,CAT039,S0375,121.74,6.364,false
P007953,Quartz Haltères Nomade,Quartz,CAT026,S0119,219.54,11.208,false
P007954,Delvia Housse de couette Pro,Delvia,CAT006,S0221,189.63,10.575,false
P007955,Lumen Vinyle Nomade,Lumen,CAT034,S0154,79.06,5.219,true
P007956,Halcyon Montre Nomade,Halcyon,CAT013,S0393,143.70,3.533,false
P007957,Pallas Manuel Compact,Pallas,CAT035,S0160,48.05,0.166,false
P007958,Fjord Lampe Premium,Fjord,CAT002,S0251,81.88,4.570,false
P007959,Fjord Coffret BD Compact,Fjord,CAT035,S0137,80.48,3.051,true
P007960,Ursa Eau de toilette Ultra,Ursa,CAT021,S0434,264.40,2.222,false
P007961,Ursa Vinyle Premium,Ursa,CAT032,S0211,160.95,8.146,false
P007962,Granit Shampooing Signature,Granit,CAT022,S0217,136.01,3.120,true
P007963,Lumen Veste Compact,Lumen,CAT017,S0347,182.68,8.697,false
P007964,Orbit Bouilloire Nomade,Orbit,CAT003,S0349,200.01,8.016,false
P007965,Rivage Filtre à air Premium,Rivage,CAT039,S0353,12.43,9.629,false
P007966,Pallas Eau de toilette XL,Pallas,CAT022,S0288,14.42,5.432,false
P007967,Rivage Montre Premium,Rivage,CAT016,S0179,192.56,7.312,false
P007968,Orbit Shampooing Essentiel,Orbit,CAT019,S0536,71.02,10.728,true
P007969,Granit Chaussures de trail Nomade,Granit,CAT026,S0422,44.52,7.371,false
P007970,Quartz Housse de couette XL,Quartz,CAT003,S0069,41.05,3.224,false
P007971,Rivage Haltères Éco,Rivage,CAT023,S0226,70.42,1.768,false
P007972,Solstice Vinyle Ultra,Solstice,CAT032,S0399,84.29,6.964,false
P007973,Orbit Manuel Ultra,Orbit,CAT035,S0509,58.74,0.196,false
P007974,Vertex Manuel Ultra,Vertex,CAT032,S0020,80.88,0.869,false
P007975,Terra Vinyle Premium,Terra,CAT035,S0307,21.64,0.708,false
P007976,Fjord Roman Compact,Fjord,CAT035,S0309,49.29,11.710,false
P007977,Meridian Sérum Signature,Meridian,CAT019,S0217,46.66,9.705,false
P007978,Quartz Roman Compact,Quartz,CAT035,S0496,56.92,4.996,false
P007979,Halcyon Chaussures de trail XL,Halcyon,CAT026,S0059,253.57,5.981,false
P007980,Halcyon Chargeur Ultra,Halcyon,CAT011,S0329,190.96,3.777,false
P007981,Quartz Poêle Essentiel,Quartz,CAT001,S0006,61.38,2.244,false
P007982,Terra Nettoyant jantes Pro,Terra,CAT037,S0007,20.79,4.342,false
P007983,Quartz Cube éducatif Nomade,Quartz,CAT029,S0244,23.99,0.303,false
P007984,Windrow Poêle Classic,Windrow,CAT003,S0550,71.19,9.373,false
P007985,Zephyr Vinyle XL,Zephyr,CAT033,S0328,58.48,7.757,false
P007986,Terra Chemise Essentiel,Terra,CAT014,S0028,24.94,0.675,false
P007987,Ursa Bâche Classic,Ursa,CAT036,S0053,21.86,10.943,true
P007988,Fjord Housse de couette Ultra,Fjord,CAT002,S0556,8.65,3.959,false
P007989,Alvora Clavier Classic,Alvora,CAT012,S0363,13.98,7.607,true
P007990,Ursa Casque Pro,Ursa,CAT012,S0481,42.33,1.551,false
P007991,Halcyon Jeu de plateau Signature,Halcyon,CAT031,S0430,69.13,0.051,false
P007992,Orbit Roman Pro,Orbit,CAT035,S0598,48.00,7.951,false
P007993,Cirrus Casque vélo Essentiel,Cirrus,CAT025,S0039,33.17,8.523,false
P007994,Rivage Eau de toilette Classic,Rivage,CAT019,S0283,132.04,10.071,false
P007995,Zephyr Filtre à air Essentiel,Zephyr,CAT036,S0484,23.03,3.893,false
P007996,Cirrus Sneakers Compact,Cirrus,CAT016,S0342,69.84,3.850,false
P007997,Lumen Lampe Signature,Lumen,CAT006,S0302,125.01,6.445,false
P007998,Halcyon Sérum Signature,Halcyon,CAT020,S0473,73.11,8.599,false
P007999,Ursa Sérum Pro,Ursa,CAT021,S0113,39.98,3.071,false
P008000,Granit Figurine Nomade,Granit,CAT028,S0205,67.55,5.779,false
