order_id;order_line_id;order_ts;customer_id;seller_id;product_id;quantity;unit_price;discount_amount;currency;shipping_country;payment_method;order_status;shipping_address
ORD-20260601-00000;ORD-20260601-00000-1;2026-06-01 13:05:44;C019659;S0534;P005556;1;56,08;2,80;EUR;BE;CARD;SHIPPED;13 allée des Peupliers, 1000 Bruxelles
ORD-20260601-00000;ORD-20260601-00000-1;2026-06-01 13:05:44;C019659;S0534;P005556;1;56,08;2,80;EUR;BE;CARD;SHIPPED;13 allée des Peupliers, 1000 Bruxelles
ORD-20260601-00000;ORD-20260601-00000-2;2026-06-01 13:05:44;C019659;S0048;P005230;1;23,48;0,00;EUR;BE;CARD;SHIPPED;13 allée des Peupliers, 1000 Bruxelles
ORD-20260601-00001;ORD-20260601-00001-1;2026-06-01 15:04:01;C016645;S0434;P005021;4;35,77;0,00;EUR;ES;PAYPAL;Delivered;37 allée des Peupliers, 46001 Valence
ORD-20260601-00001;ORD-20260601-00001-2;2026-06-01 15:04:01;C016645;S0425;P005786;1;87,20;4,36;EUR;ES;PAYPAL;Delivered;37 allée des Peupliers, 46001 Valence
ORD-20260601-00001;ORD-20260601-00001-3;2026-06-01 15:04:01;C016645;S0557;P002441;2;60,73;12,15;EUR;ES;PAYPAL;DELIVERED;37 allée des Peupliers, 46001 Valence
ORD-20260601-00001;ORD-20260601-00001-4;2026-06-01 15:04:01;C016645;S0193;P003859;1;23,35;0,00;EUR;ES;PAYPAL;DELIVERED;37 allée des Peupliers, 46001 Valence
ORD-20260601-00002;ORD-20260601-00002-1;2026-06-01 06:28:21;C021890;S0299;P000825;1;106,26;0,00;EUR;FR;PAYPAL;DELIVERED;84 chemin des Vignes, 35000 Rennes
ORD-20260601-00002;ORD-20260601-00002-2;2026-06-01 06:28:21;C021890;S0325;P001787;1;67,54;6,75;EUR;FR;PAYPAL;DELIVERED;84 chemin des Vignes, 35000 Rennes
ORD-20260601-00003;ORD-20260601-00003-1;2026-06-01 14:31:15;C001566;S0355;P007187;1;8,47;0,85;EUR;FR;CARD;DELIVERED;153 rue du Général Leclerc, 13008 Marseille
ORD-20260601-00003;ORD-20260601-00003-2;2026-06-01 14:31:15;C001566;S0071;P001073;1;177,92;0,00;EUR;FR;CARD;DELIVERED;153 rue du Général Leclerc, 13008 Marseille
ORD-20260601-00004;ORD-20260601-00004-1;2026-06-01 15:08:15;C003131;S0243;P003091;1;31,47;3,15;EUR;BE;PAYPAL;DELIVERED;25 route de Bordeaux, 4000 Liège
ORD-20260601-00005;ORD-20260601-00005-1;2026-06-01 19:28:45;C009692;S0051;P000916;2;223,22;0,00;EUR;ES;CARD;CANCELLED;28 avenue des Tilleuls, 28001 Madrid
ORD-20260601-00005;ORD-20260601-00005-2;2026-06-01 19:28:45;C009692;S0354;P007780;1;173,63;26,04;EUR;ES;CARD;CANCELLED;28 avenue des Tilleuls, 28001 Madrid
ORD-20260601-00005;ORD-20260601-00005-3;2026-06-01 19:28:45;C009692;S0376;P006729;1;56,91;0,00;EUR;ES;CARD;CANCELLED;28 avenue des Tilleuls, 28001 Madrid
ORD-20260601-00005;ORD-20260601-00005-4;2026-06-01 19:28:45;C009692;S0294;P005823;1;92,34;0,00;EUR;ES;CARD; CANCELLED ;28 avenue des Tilleuls, 28001 Madrid
ORD-20260601-00005;ORD-20260601-00005-5;2026-06-01 19:28:45;C009692;S0347;P001716;1;45,17;2,26;EUR;ES;CARD;CANCELLED;28 avenue des Tilleuls, 28001 Madrid
ORD-20260601-00005;ORD-20260601-00005-5;2026-06-01 19:28:45;C009692;S0347;P001716;1;45,17;2,26;EUR;ES;CARD;CANCELLED;28 avenue des Tilleuls, 28001 Madrid
ORD-20260601-00006;ORD-20260601-00006-1;2026-06-01 20:21:22;C018505;S0522;P004481;2;45,70;13,71;EUR;BE;APPLEPAY;delivered;41 place de l'Église, 2000 Anvers
ORD-20260601-00006;ORD-20260601-00006-2;2026-06-01 20:21:22;C018505;S0507;P005783;1;47,24;4,72;EUR;BE;APPLEPAY;DELIVERED;41 place de l'Église, 2000 Anvers
ORD-20260601-00007;ORD-20260601-00007-1;2026-06-01 14:12:28;C021850;S0238;P005133;1;20,71;0,00;EUR;BE;CARD;delivered;68 place de l'Église, 4000 Liège
ORD-20260601-00007;ORD-20260601-00007-2;2026-06-01 14:12:28;C021850;S0573;P005064;1;56,31;0,00;EUR;BE;CARD; DELIVERED ;68 place de l'Église, 4000 Liège
ORD-20260601-00008;ORD-20260601-00008-1;2026-06-01 12:33:21;C023009;S0141;P006281;3;85,73;0,00;EUR;FR;CARD;DELIVERED;69 cours Gambetta, 75011 Paris
ORD-20260601-00009;ORD-20260601-00009-1;2026-06-01 17:36:20;C003915;S0590;P000218;4;74,34;0,00;EUR;FR;CARD;DELIVERED;151 avenue des Tilleuls, 59000 Lille
ORD-20260601-00010;ORD-20260601-00010-1;2026-06-01 15:29:20;C012115;S0372;P004348;1;47,65;4,76;EUR;ES;CARD;SHIPPED;27 rue du Général Leclerc, 28001 Madrid
ORD-20260601-00011;ORD-20260601-00011-1;2026-06-01 14:27:15;C003497;S0348;P000658;1;21,05;0,00;EUR;ES;PAYPAL;DELIVERED;71 avenue des Tilleuls, 08001 Barcelone
ORD-20260601-00011;ORD-20260601-00011-2;2026-06-01 14:27:15;C003497;S0459;P001191;1;162,93;8,15;EUR;ES;PAYPAL;Delivered;71 avenue des Tilleuls, 08001 Barcelone
ORD-20260601-00012;ORD-20260601-00012-1;2026-06-01 03:13:16;C014783;S0114;P005584;1;138,49;0,00;EUR;FR;CARD;SHIPPED;136 avenue des Tilleuls, 67000 Strasbourg
ORD-20260601-00012;ORD-20260601-00012-2;2026-06-01 03:13:16;C014783;S0098;P002407;1;59,46;8,92;EUR;FR;CARD;SHIPPED;136 avenue des Tilleuls, 67000 Strasbourg
ORD-20260601-00012;ORD-20260601-00012-3;2026-06-01 03:13:16;C014783;S0191;P003486;1;35,16;0,00;EUR;FR;CARD;SHIPPED;136 avenue des Tilleuls, 67000 Strasbourg
ORD-20260601-00013;ORD-20260601-00013-1;2026-06-01 16:28:53;C017615;S0227;P000855;3;15,19;0,00;EUR;FR;CARD;DELIVERED;99 avenue des Tilleuls, 13008 Marseille
ORD-20260601-00013;ORD-20260601-00013-2;2026-06-01 16:28:53;C017615;S0153;P003786;2;44,85;4,49;EUR;FR;CARD;DELIVERED;99 avenue des Tilleuls, 13008 Marseille
ORD-20260601-00014;ORD-20260601-00014-1;2026-06-01 16:03:29;C016395;S0282;P000741;2;67,13;0,00;EUR;BE;CARD;PENDING;107 quai des Chartrons, 2000 Anvers
ORD-20260601-00015;ORD-20260601-00015-1;2026-06-01 23:36:57;C001045;S0484;P001857;1;33,34;0,00;EUR;ES;CARD; DELIVERED ;3 allée des Peupliers, 08001 Barcelone
ORD-20260601-00016;ORD-20260601-00016-1;2026-06-01 07:33:12;C020573;S0072;P007928;1;179,09;0,00;EUR;IT;PAYPAL;DELIVERED;144 rue de la République, 00184 Rome
ORD-20260601-00016;ORD-20260601-00016-2;2026-06-01 07:33:12;C020573;S0506;P006259;1;46,85;7,03;EUR;IT;PAYPAL;DELIVERED;144 rue de la République, 00184 Rome
ORD-20260601-00017;ORD-20260601-00017-1;2026-06-01 19:33:53;C002940;S0023;P006204;1;15,24;0,00;EUR;NL;CARD;Delivered;137 avenue des Tilleuls, 1011 Amsterdam
ORD-20260601-00017;ORD-20260601-00017-2;2026-06-01 19:33:53;C002940;S0247;P007638;2;40,56;0,00;EUR;NL;CARD;delivered;137 avenue des Tilleuls, 1011 Amsterdam
ORD-20260601-00017;ORD-20260601-00017-2;2026-06-01 19:33:53;C002940;S0247;P007638;2;40,56;0,00;EUR;NL;CARD;delivered;137 avenue des Tilleuls, 1011 Amsterdam
ORD-20260601-00017;ORD-20260601-00017-3;2026-06-01 19:33:53;C002940;S0523;P004901;3;105,43;0,00;EUR;NL;CARD;delivered;137 avenue des Tilleuls, 1011 Amsterdam
ORD-20260601-00018;ORD-20260601-00018-1;2026-06-01 23:02:22;C013317;S0454;P006713;3;57,46;17,24;EUR;FR;APPLEPAY;DELIVERED;99 place de l'Église, 69003 Lyon
ORD-20260601-00019;ORD-20260601-00019-1;2026-06-01 04:34:48;C007405;S0396;P002476;3;14,76;0,00;EUR;IT;CARD; SHIPPED ;89 chemin des Vignes, 00184 Rome
ORD-20260601-00019;ORD-20260601-00019-2;2026-06-01 04:34:48;C007405;S0162;P001956;1;43,43;6,51;EUR;IT;CARD;SHIPPED;89 chemin des Vignes, 00184 Rome
ORD-20260601-00019;ORD-20260601-00019-3;2026-06-01 04:34:48;C007405;S0464;P007930;1;172,17;0,00;EUR;IT;CARD;SHIPPED;89 chemin des Vignes, 00184 Rome
ORD-20260601-00019;ORD-20260601-00019-4;2026-06-01 04:34:48;C007405;S0586;P002954;1;73,43;0,00;EUR;IT;CARD;SHIPPED;89 chemin des Vignes, 00184 Rome
ORD-20260601-00019;ORD-20260601-00019-5;2026-06-01 04:34:48;C007405;S0267;P000914;1;71,36;0,00;EUR;IT;CARD;SHIPPED;89 chemin des Vignes, 00184 Rome
ORD-20260601-00020;ORD-20260601-00020-1;2026-06-01 16:42:16;C002531;S0544;P007257;2;24,67;7,40;EUR;DE;CARD; DELIVERED ;106 rue du Général Leclerc, 20095 Hambourg
ORD-20260601-00021;ORD-20260601-00021-1;2026-06-01 16:47:11;C012680;S0257;P007668;1;21,69;0,00;EUR;NL;CARD;delivered;142 rue de la République, 1011 Amsterdam
ORD-20260601-00021;ORD-20260601-00021-2;2026-06-01 16:47:11;C012680;S0129;P003113;2;76,10;15,22;EUR;NL;CARD;DELIVERED;142 rue de la République, 1011 Amsterdam
ORD-20260601-00022;ORD-20260601-00022-1;2026-06-01 11:18:21;C013312;S0547;P004224;1;201,68;20,17;EUR;FR;CARD;DELIVERED;153 boulevard Saint-Michel, 31000 Toulouse
ORD-20260601-00023;ORD-20260601-00023-1;2026-06-01 18:59:52;C023867;S0214;P004957;1;61,29;6,13;EUR;FR;CARD;DELIVERED;44 quai des Chartrons, 35000 Rennes
ORD-20260601-00023;ORD-20260601-00023-2;2026-06-01 18:59:52;C023867;S0445;P003530;1;63,53;0,00;EUR;FR;CARD;DELIVERED;44 quai des Chartrons, 35000 Rennes
ORD-20260601-00023;ORD-20260601-00023-3;2026-06-01 18:59:52;C023867;S0036;P001291;1;28,71;2,87;EUR;FR;CARD;delivered;44 quai des Chartrons, 35000 Rennes
ORD-20260601-00024;ORD-20260601-00024-1;2026-06-01 16:53:02;C022617;S0551;P000921;1;22,80;0,00;EUR;BE;CARD;DELIVERED;61 rue Victor Hugo, 1000 Bruxelles
ORD-20260601-00024;ORD-20260601-00024-2;2026-06-01 16:53:02;C022617;S0574;P000037;1;46,86;0,00;EUR;BE;CARD;Delivered;61 rue Victor Hugo, 1000 Bruxelles
ORD-20260601-00025;ORD-20260601-00025-1;2026-06-01 09:43:06;C010961;S0330;P002026;1;15,16;0,76;EUR;IT;CARD;DELIVERED;93 avenue des Tilleuls, 00184 Rome
ORD-20260601-00025;ORD-20260601-00025-2;2026-06-01 09:43:06;C010961;S0421;P001721;1;68,68;0,00;EUR;IT;CARD; DELIVERED ;93 avenue des Tilleuls, 00184 Rome
ORD-20260601-00025;ORD-20260601-00025-3;2026-06-01 09:43:06;C010961;S0515;P007140;1;168,24;0,00;EUR;IT;CARD;DELIVERED;93 avenue des Tilleuls, 00184 Rome
ORD-20260601-00026;ORD-20260601-00026-1;2026-06-01 18:52:23;C001085;S0288;P004482;1;84,44;8,44;EUR;BE;PAYPAL; DELIVERED ;29 boulevard Saint-Michel, 2000 Anvers
ORD-20260601-00026;ORD-20260601-00026-2;2026-06-01 18:52:23;C001085;S0063;P006345;1;142,74;0,00;EUR;BE;PAYPAL;DELIVERED;29 boulevard Saint-Michel, 2000 Anvers
ORD-20260601-00027;ORD-20260601-00027-1;2026-06-01 12:14:25;C019564;S0032;P003560;2;44,11;13,23;EUR;FR;CARD; DELIVERED ;156 quai des Chartrons, 31000 Toulouse
ORD-20260601-00027;ORD-20260601-00027-2;2026-06-01 12:14:25;C019564;S0320;P001052;1;72,26;7,23;EUR;FR;CARD;DELIVERED;156 quai des Chartrons, 31000 Toulouse
ORD-20260601-00028;ORD-20260601-00028-1;2026-06-01 04:30:03;C002045;S0554;P002511;2;32,96;0,00;EUR;BE;CARD;DELIVERED;50 rue Victor Hugo, 1000 Bruxelles
ORD-20260601-00028;ORD-20260601-00028-2;2026-06-01 04:30:03;C002045;S0078;P002488;1;90,44;4,52;EUR;BE;CARD; DELIVERED ;50 rue Victor Hugo, 1000 Bruxelles
ORD-20260601-00028;ORD-20260601-00028-3;2026-06-01 04:30:03;C002045;S0584;P002260;1;60,58;0,00;EUR;BE;CARD;DELIVERED;50 rue Victor Hugo, 1000 Bruxelles
ORD-20260601-00029;ORD-20260601-00029-1;2026-06-01 15:29:55;C024910;S0440;P004196;1;59,10;2,96;EUR;FR;PAYPAL;CANCELLED;143 quai des Chartrons, 69003 Lyon
ORD-20260601-00030;ORD-20260601-00030-1;2026-06-01 08:08:27;C001193;S0240;P002568;1;22,48;0,00;EUR;FR;CARD;SHIPPED;68 place de l'Église, 35000 Rennes
ORD-20260601-00031;ORD-20260601-00031-1;2026-06-01 09:21:55;C021116;S0466;P007898;2;73,84;7,38;EUR;BE;PAYPAL;delivered;79 rue du Général Leclerc, 1000 Bruxelles
ORD-20260601-00031;ORD-20260601-00031-2;2026-06-01 09:21:55;C021116;S0369;P005591;3;130,34;0,00;EUR;BE;PAYPAL;DELIVERED;79 rue du Général Leclerc, 1000 Bruxelles
ORD-20260601-00031;ORD-20260601-00031-2;2026-06-01 09:21:55;C021116;S0369;P005591;3;130,34;0,00;EUR;BE;PAYPAL;DELIVERED;79 rue du Général Leclerc, 1000 Bruxelles
ORD-20260601-00032;ORD-20260601-00032-1;2026-06-01 15:20:03;C019297;S0283;P006714;1;81,06;8,11;EUR;BE;PAYPAL;DELIVERED;165 avenue des Tilleuls, 4000 Liège
ORD-20260601-00033;ORD-20260601-00033-1;2026-06-01 09:41:55;C998438;S0354;P000871;1;86,31;0,00;EUR;FR;CARD;DELIVERED;69 place de l'Église, 35000 Rennes
ORD-20260601-00034;ORD-20260601-00034-1;2026-06-01 15:51:04;C009186;S0230;P003567;1;46,76;0,00;EUR;ES;CARD;CANCELLED;97 avenue des Tilleuls, 08001 Barcelone
ORD-20260601-00035;ORD-20260601-00035-1;2026-06-01 08:01:26;C023458;S0016;P005864;1;45,26;4,53;EUR;FR;PAYPAL;CANCELLED;47 place de l'Église, 35000 Rennes
ORD-20260601-00036;ORD-20260601-00036-1;2026-06-01 08:02:50;C023386;S0302;P001098;2;172,55;0,00;EUR;FR;CARD;delivered;172 chemin des Vignes, 67000 Strasbourg
ORD-20260601-00036;ORD-20260601-00036-2;2026-06-01 08:02:50;C023386;S0473;P005371;4;12,50;0,00;EUR;FR;CARD;DELIVERED;172 chemin des Vignes, 67000 Strasbourg
ORD-20260601-00036;ORD-20260601-00036-3;2026-06-01 08:02:50;C023386;S0589;P005374;1;15,73;0,00;EUR;FR;CARD;DELIVERED;172 chemin des Vignes, 67000 Strasbourg
ORD-20260601-00037;ORD-20260601-00037-1;2026-06-01 17:18:26;C015965;S0308;P004946;1;25,26;3,79;EUR;BE;APPLEPAY;DELIVERED;83 cours Gambetta, 4000 Liège
ORD-20260601-00038;ORD-20260601-00038-1;2026-06-01 18:11:19;C014564;S0550;P001454;3;226,15;67,85;EUR;FR;CARD;SHIPPED;19 boulevard Saint-Michel, 69003 Lyon
ORD-20260601-00039;ORD-20260601-00039-1;2026-06-01 11:52:42;C003969;S0384;P006490;1;41,77;6,27;EUR;FR;CARD;Delivered;97 quai des Chartrons, 67000 Strasbourg
ORD-20260601-00040;ORD-20260601-00040-1;2026-06-01 21:25:41;C004688;S0489;P001303;1;72,50;0,00;EUR;FR;GIFTCARD;DELIVERED;140 rue du Général Leclerc, 13008 Marseille
ORD-20260601-00040;ORD-20260601-00040-1;2026-06-01 21:25:41;C004688;S0489;P001303;1;72,50;0,00;EUR;FR;GIFTCARD;DELIVERED;140 rue du Général Leclerc, 13008 Marseille
ORD-20260601-00040;ORD-20260601-00040-2;2026-06-01 21:25:41;C004688;S0062;P001869;1;21,02;3,15;EUR;FR;GIFTCARD;DELIVERED;140 rue du Général Leclerc, 13008 Marseille
ORD-20260601-00041;ORD-20260601-00041-1;2026-06-01 04:54:41;C024464;S0166;P001583;3;149,66;0,00;EUR;ES;CARD;DELIVERED;46 rue de la République, 28001 Madrid
ORD-20260601-00042;ORD-20260601-00042-1;2026-06-01 19:26:36;C000483;S0556;P007188;1;30,16;0,00;EUR;ES;CARD;CANCELLED;156 place de l'Église, 28001 Madrid
ORD-20260601-00042;ORD-20260601-00042-2;2026-06-01 19:26:36;C000483;S0512;P002733;1;124,06;18,61;EUR;ES;CARD;CANCELLED;156 place de l'Église, 28001 Madrid
ORD-20260601-00043;ORD-20260601-00043-1;2026-06-01 08:31:04;C008781;S0124;P007154;0;232,59;34,89;EUR;BE;CARD;Delivered;135 boulevard Saint-Michel, 2000 Anvers
ORD-20260601-00043;ORD-20260601-00043-2;2026-06-01 08:31:04;C008781;S0502;P004259;1;65,28;0,00;EUR;BE;CARD;DELIVERED;135 boulevard Saint-Michel, 2000 Anvers
ORD-20260601-00043;ORD-20260601-00043-3;2026-06-01 08:31:04;C008781;S0416;P000594;1;53,77;0,00;EUR;BE;CARD;DELIVERED;135 boulevard Saint-Michel, 2000 Anvers
ORD-20260601-00043;ORD-20260601-00043-4;2026-06-01 08:31:04;C008781;S0261;P004507;1;44,72;2,24;EUR;BE;CARD;DELIVERED;135 boulevard Saint-Michel, 2000 Anvers
ORD-20260601-00044;ORD-20260601-00044-1;2026-06-01 09:14:50;C002302;S0301;P004993;1;170,51;25,58;EUR;ES;GIFTCARD;delivered;172 rue Victor Hugo, 28001 Madrid
ORD-20260601-00045;ORD-20260601-00045-1;2026-06-01 13:46:46;C013749;S0107;P004884;1;7,27;0,00;EUR;FR;CARD;delivered;11 allée des Peupliers, 44000 Nantes
ORD-20260601-00045;ORD-20260601-00045-2;2026-06-01 13:46:46;C013749;S0514;P005051;1;54,40;5,44;EUR;FR;CARD;DELIVERED;11 allée des Peupliers, 44000 Nantes
ORD-20260601-00046;ORD-20260601-00046-1;2026-06-01 14:22:45;C018930;S0043;P002521;1;17,01;1,70;EUR;FR;APPLEPAY;SHIPPED;86 impasse du Moulin, 31000 Toulouse
ORD-20260601-00046;ORD-20260601-00046-2;2026-06-01 14:22:45;C018930;S0281;P001503;1;42,94;0,00;EUR;FR;APPLEPAY;shipped;86 impasse du Moulin, 31000 Toulouse
ORD-20260601-00046;ORD-20260601-00046-3;2026-06-01 14:22:45;C018930;S0455;P004395;1;61,20;0,00;EUR;FR;APPLEPAY;SHIPPED;86 impasse du Moulin, 31000 Toulouse
ORD-20260601-00046;ORD-20260601-00046-4;2026-06-01 14:22:45;C018930;S0134;P005843;4;21,83;8,73;EUR;FR;APPLEPAY;SHIPPED;86 impasse du Moulin, 31000 Toulouse
ORD-20260601-00046;ORD-20260601-00046-4;2026-06-01 14:22:45;C018930;S0134;P005843;4;21,83;8,73;EUR;FR;APPLEPAY;SHIPPED;86 impasse du Moulin, 31000 Toulouse
ORD-20260601-00047;ORD-20260601-00047-1;2026-06-01 10:13:49;C024849;S0391;P005482;1;20,85;2,09;EUR;ES;PAYPAL;SHIPPED;136 quai des Chartrons, 08001 Barcelone
ORD-20260601-00047;ORD-20260601-00047-2;2026-06-01 10:13:49;C024849;S0238;P006237;1;58,06;0,00;EUR;ES;PAYPAL;shipped;136 quai des Chartrons, 08001 Barcelone
ORD-20260601-00048;ORD-20260601-00048-1;2026-06-01 12:33:40;C007819;S0465;P000581;2;9,57;0,00;EUR;ES;CARD; DELIVERED ;124 quai des Chartrons, 08001 Barcelone
ORD-20260601-00049;ORD-20260601-00049-1;2026-06-01 17:45:59;C000176;S0325;P002356;4;22,43;8,97;EUR;FR;CARD;DELIVERED;58 chemin des Vignes, 13008 Marseille
ORD-20260601-00050;ORD-20260601-00050-1;2026-06-01 19:39:45;C012078;S0461;P000325;2;75,23;15,05;EUR;BE;CARD;DELIVERED;107 allée des Peupliers, 2000 Anvers
ORD-20260601-00050;ORD-20260601-00050-2;2026-06-01 19:39:45;C012078;S0187;P001713;1;73,59;3,68;EUR;BE;CARD;DELIVERED;107 allée des Peupliers, 2000 Anvers
ORD-20260601-00050;ORD-20260601-00050-3;2026-06-01 19:39:45;C012078;S0048;P005230;2;22,96;0,00;EUR;BE;CARD;Delivered;107 allée des Peupliers, 2000 Anvers
ORD-20260601-00050;ORD-20260601-00050-4;2026-06-01 19:39:45;C012078;S0259;P002369;1;17,97;1,80;EUR;BE;CARD;DELIVERED;107 allée des Peupliers, 2000 Anvers
ORD-20260601-00051;ORD-20260601-00051-1;2026-06-01 17:36:06;C018565;S0118;P007905;1;219,11;0,00;EUR;FR;CARD; CANCELLED ;102 route de Bordeaux, 35000 Rennes
ORD-20260601-00051;ORD-20260601-00051-2;2026-06-01 17:36:06;C018565;S0246;P004523;1;75,21;3,76;EUR;FR;CARD;cancelled;102 route de Bordeaux, 35000 Rennes
ORD-20260601-00052;ORD-20260601-00052-1;2026-06-01 12:35:01;C007497;S0083;P006466;4;76,00;45,60;EUR;DE;CARD;DELIVERED;117 route de Bordeaux, 10115 Berlin
ORD-20260601-00052;ORD-20260601-00052-2;2026-06-01 12:35:01;C007497;S0301;P004993;1;163,80;24,57;EUR;DE;CARD;DELIVERED;117 route de Bordeaux, 10115 Berlin
ORD-20260601-00053;ORD-20260601-00053-1;2026-06-01 14:54:50;C012147;S0531;P006919;1;37,71;1,89;EUR;FR;CARD;SHIPPED;22 quai des Chartrons, 44000 Nantes
ORD-20260601-00054;ORD-20260601-00054-1;2026-06-01 08:13:34;C012455;S0396;P002614;3;45,42;0,00;EUR;BE;APPLEPAY;SHIPPED;75 impasse du Moulin, 1000 Bruxelles
ORD-20260601-00055;ORD-20260601-00055-1;2026-06-01 20:23:23;C000814;S0369;P002422;1;64,54;3,23;EUR;FR;CARD; DELIVERED ;106 rue du Général Leclerc, 75011 Paris
ORD-20260601-00055;ORD-20260601-00055-2;2026-06-01 20:23:23;C000814;S0161;P007670;1;31,81;3,18;EUR;FR;CARD;DELIVERED;106 rue du Général Leclerc, 75011 Paris
ORD-20260601-00055;ORD-20260601-00055-3;2026-06-01 20:23:23;C000814;S0138;P000595;1;32,11;0,00;EUR;FR;CARD;DELIVERED;106 rue du Général Leclerc, 75011 Paris
ORD-20260601-00055;ORD-20260601-00055-4;2026-06-01 20:23:23;C000814;S0295;P006435;1;21,89;0,00;EUR;FR;CARD;DELIVERED;106 rue du Général Leclerc, 75011 Paris
ORD-20260601-00056;ORD-20260601-00056-1;2026-06-01 13:26:48;C007502;S0450;P007615;2;35,69;7,14;EUR;FR;CARD;SHIPPED;132 rue de la République, 59000 Lille
ORD-20260601-00056;ORD-20260601-00056-2;2026-06-01 13:26:48;C007502;S0530;P003843;1;194,35;9,72;EUR;FR;CARD;SHIPPED;132 rue de la République, 59000 Lille
ORD-20260601-00056;ORD-20260601-00056-3;2026-06-01 13:26:48;C007502;S0007;P003754;4;90,27;36,11;EUR;FR;CARD;SHIPPED;132 rue de la République, 59000 Lille
ORD-20260601-00056;ORD-20260601-00056-4;2026-06-01 13:26:48;C007502;S0253;P000696;1;125,65;6,28;EUR;FR;CARD;shipped;132 rue de la République, 59000 Lille
ORD-20260601-00057;ORD-20260601-00057-1;2026-06-01 14:25:45;C009702;S0248;P002582;2;153,85;15,38;EUR;BE;PAYPAL;PENDING;120 place de l'Église, 1000 Bruxelles
ORD-20260601-00058;ORD-20260601-00058-1;2026-06-01 14:19:14;C007581;S0137;P000972;1;45,54;0,00;EUR;FR;CARD;Delivered;116 rue de la République, 69003 Lyon
ORD-20260601-00058;ORD-20260601-00058-2;2026-06-01 14:19:14;C007581;S0517;P006163;1;15,81;0,00;EUR;FR;CARD;DELIVERED;116 rue de la République, 69003 Lyon
ORD-20260601-00059;ORD-20260601-00059-1;2026-06-01 15:39:40;C016658;S0554;P002353;1;65,43;9,81;EUR;FR;PAYPAL; DELIVERED ;73 quai des Chartrons, 67000 Strasbourg
ORD-20260601-00059;ORD-20260601-00059-2;2026-06-01 15:39:40;C016658;S0351;P002809;1;35,79;5,37;EUR;FR;PAYPAL;DELIVERED;73 quai des Chartrons, 67000 Strasbourg
ORD-20260601-00060;ORD-20260601-00060-1;2026-06-01 12:02:33;C002311;S0083;P002516;1;56,78;0,00;EUR;DE;TRANSFER;DELIVERED;30 rue Victor Hugo, 10115 Berlin
ORD-20260601-00061;ORD-20260601-00061-1;2026-06-01 20:44:02;C022636;S0592;P001674;2;52,88;0,00;EUR;IT;CARD;DELIVERED;180 chemin des Vignes, 20121 Milan
ORD-20260601-00061;ORD-20260601-00061-2;2026-06-01 20:44:02;C022636;S0589;P005137;1;46,19;0,00;EUR;IT;CARD;DELIVERED;180 chemin des Vignes, 20121 Milan
ORD-20260601-00061;ORD-20260601-00061-3;2026-06-01 20:44:02;C022636;S0185;P005888;1;57,46;0,00;EUR;IT;CARD;DELIVERED;180 chemin des Vignes, 20121 Milan
ORD-20260601-00061;ORD-20260601-00061-4;2026-06-01 20:44:02;C022636;S0504;P006128;1;47,64;0,00;EUR;IT;CARD;DELIVERED;180 chemin des Vignes, 20121 Milan
ORD-20260601-00062;ORD-20260601-00062-1;2026-06-01 17:27:16;C023389;S0568;P004786;2;67,97;13,59;EUR;BE;CARD;DELIVERED;50 allée des Peupliers, 4000 Liège
ORD-20260601-00063;ORD-20260601-00063-1;2026-06-01 16:57:09;C002945;S0083;P002119;1;44,60;2,23;EUR;ES;CARD;DELIVERED;26 avenue des Tilleuls, 08001 Barcelone
ORD-20260601-00064;ORD-20260601-00064-1;2026-06-01 15:07:05;C021655;S0041;P002364;1;43,54;4,35;EUR;ES;CARD;delivered;108 rue de la République, 28001 Madrid
ORD-20260601-00064;ORD-20260601-00064-2;2026-06-01 15:07:05;C021655;S0566;P007301;2;89,94;26,98;EUR;ES;CARD;DELIVERED;108 rue de la République, 28001 Madrid
ORD-20260601-00064;ORD-20260601-00064-3;2026-06-01 15:07:05;C992192;S0282;P005248;1;86,70;0,00;EUR;ES;CARD;delivered;108 rue de la République, 28001 Madrid
ORD-20260601-00064;ORD-20260601-00064-4;2026-06-01 15:07:05;C021655;S0023;P002796;1;59,32;2,97;EUR;ES;CARD;delivered;108 rue de la République, 28001 Madrid
ORD-20260601-00065;ORD-20260601-00065-1;2026-06-01 18:03:26;C014823;S0551;P001795;1;90,23;0,00;EUR;DE;CARD;DELIVERED;157 rue du Général Leclerc, 20095 Hambourg
ORD-20260601-00065;ORD-20260601-00065-2;2026-06-01 18:03:26;C014823;S0075;P007578;1;33,65;3,37;EUR;DE;CARD;DELIVERED;157 rue du Général Leclerc, 20095 Hambourg
ORD-20260601-00066;ORD-20260601-00066-1;2026-06-01 13:32:35;C006737;S0327;P002802;3;29,55;8,87;EUR;FR;CARD;DELIVERED;34 chemin des Vignes, 69003 Lyon
ORD-20260601-00067;ORD-20260601-00067-1;2026-06-01 06:57:52;C007522;S0326;P006793;1;52,09;0,00;EUR;BE;PAYPAL;delivered;99 route de Bordeaux, 2000 Anvers
ORD-20260601-00067;ORD-20260601-00067-2;2026-06-01 06:57:52;C007522;S0466;P007682;1;50,63;0,00;EUR;BE;PAYPAL;DELIVERED;99 route de Bordeaux, 2000 Anvers
ORD-20260601-00068;ORD-20260601-00068-1;2026-06-01 17:48:12;C024195;S0230;P004435;2;91,95;9,20;EUR;FR;APPLEPAY;DELIVERED;174 boulevard Saint-Michel, 44000 Nantes
ORD-20260601-00069;ORD-20260601-00069-1;2026-06-01 18:13:58;C010367;S0433;P002265;1;37,76;0,00;EUR;FR;CARD;DELIVERED;154 avenue des Tilleuls, 44000 Nantes
ORD-20260601-00070;ORD-20260601-00070-1;2026-06-01 10:04:46;C006181;S0322;P002838;1;47,50;4,75;EUR;IT;CARD;DELIVERED;2 rue Victor Hugo, 20121 Milan
ORD-20260601-00071;ORD-20260601-00071-1;2026-06-01 14:25:45;C019004;S0509;P001862;2;66,64;6,66;EUR;DE;CARD; DELIVERED ;110 chemin des Vignes, 80331 Munich
ORD-20260601-00072;ORD-20260601-00072-1;2026-06-01 20:52:29;C007665;S0260;P005697;3;63,28;28,48;EUR;FR;CARD;Delivered;109 rue Victor Hugo, 69003 Lyon
ORD-20260601-00073;ORD-20260601-00073-1;2026-06-01 09:09:14;C006500;S0007;P006764;1;173,83;17,38;EUR;FR;CARD;DELIVERED;62 rue de la République, 13008 Marseille
ORD-20260601-00073;ORD-20260601-00073-2;2026-06-01 09:09:14;C006500;S0435;P002183;1;55,35;0,00;EUR;FR;CARD;Delivered;62 rue de la République, 13008 Marseille
ORD-20260601-00074;ORD-20260601-00074-1;2026-06-01 20:36:31;C023478;S0339;P001870;1;122,15;6,11;EUR;FR;CARD;DELIVERED;126 chemin des Vignes, 33000 Bordeaux
ORD-20260601-00074;ORD-20260601-00074-2;2026-06-01 20:36:31;C023478;S0465;P006477;1;27,06;0,00;EUR;FR;CARD; DELIVERED ;126 chemin des Vignes, 33000 Bordeaux
ORD-20260601-00075;ORD-20260601-00075-1;2026-06-01 16:00:28;C012829;S0014;P003102;1;57,52;5,75;EUR;FR;PAYPAL;PENDING;175 rue Victor Hugo, 31000 Toulouse
ORD-20260601-00075;ORD-20260601-00075-2;2026-06-01 16:00:28;C012829;S0487;P001266;1;25,97;1,30;EUR;FR;PAYPAL;PENDING;175 rue Victor Hugo, 31000 Toulouse
ORD-20260601-00075;ORD-20260601-00075-3;2026-06-01 16:00:28;C012829;S0164;P004745;2;36,53;0,00;EUR;FR;PAYPAL;PENDING;175 rue Victor Hugo, 31000 Toulouse
ORD-20260601-00075;ORD-20260601-00075-4;2026-06-01 16:00:28;C012829;S0394;P004350;2;46,35;0,00;EUR;FR;PAYPAL;PENDING;175 rue Victor Hugo, 31000 Toulouse
ORD-20260601-00075;ORD-20260601-00075-5;2026-06-01 16:00:28;C012829;S0481;P007212;1;10,95;0,00;EUR;FR;PAYPAL;PENDING;175 rue Victor Hugo, 31000 Toulouse
ORD-20260601-00076;ORD-20260601-00076-1;2026-06-01 14:10:13;C022711;S0297;P004129;1;93,68;0,00;EUR;DE;CARD;shipped;59 quai des Chartrons, 10115 Berlin
ORD-20260601-00077;ORD-20260601-00077-1;2026-06-01 17:46:17;C022315;S0432;P006498;1;115,76;0,00;EUR;FR;PAYPAL;DELIVERED;174 quai des Chartrons, 67000 Strasbourg
ORD-20260601-00077;ORD-20260601-00077-2;2026-06-01 17:46:17;C022315;S0008;P005544;2;8,37;0,00;EUR;FR;PAYPAL;DELIVERED;174 quai des Chartrons, 67000 Strasbourg
ORD-20260601-00078;ORD-20260601-00078-1;2026-06-01 15:02:00;C002215;S0531;P000281;1;151,65;0,00;EUR;BE;APPLEPAY;DELIVERED;45 cours Gambetta, 4000 Liège
ORD-20260601-00078;ORD-20260601-00078-2;2026-06-01 15:02:00;C990330;S0442;P006090;1;19,70;1,97;EUR;BE;APPLEPAY; DELIVERED ;45 cours Gambetta, 4000 Liège
ORD-20260601-00078;ORD-20260601-00078-3;2026-06-01 15:02:00;C002215;S0028;P007834;1;72,68;10,90;EUR;BE;APPLEPAY;DELIVERED;45 cours Gambetta, 4000 Liège
ORD-20260601-00078;ORD-20260601-00078-4;2026-06-01 15:02:00;C002215;S0544;P000675;2;63,62;12,72;EUR;BE;APPLEPAY;DELIVERED;45 cours Gambetta, 4000 Liège
ORD-20260601-00078;ORD-20260601-00078-5;2026-06-01 15:02:00;C002215;S0062;P000612;1;35,50;3,55;EUR;BE;APPLEPAY;DELIVERED;45 cours Gambetta, 4000 Liège
ORD-20260601-00079;ORD-20260601-00079-1;2026-06-01 15:33:02;C020533;S0556;P005113;1;41,14;0,00;EUR;BE;CARD;DELIVERED;77 impasse du Moulin, 4000 Liège
ORD-20260601-00080;ORD-20260601-00080-1;2026-06-01 13:46:26;C024536;S0189;P000781;1;11,66;0,00;EUR;FR;CARD;DELIVERED;132 place de l'Église, 44000 Nantes
ORD-20260601-00081;ORD-20260601-00081-1;2026-06-01 13:47:03;C000543;S0434;P003678;1;44,45;0,00;EUR;FR;CARD;delivered;139 boulevard Saint-Michel, 31000 Toulouse
ORD-20260601-00081;ORD-20260601-00081-2;2026-06-01 13:47:03;C000543;S0100;P003071;2;36,80;7,36;EUR;FR;CARD;DELIVERED;139 boulevard Saint-Michel, 31000 Toulouse
ORD-20260601-00082;ORD-20260601-00082-1;2026-06-01 10:13:04;C016604;S0337;P006786;3;41,59;0,00;EUR;ES;TRANSFER;Delivered;24 impasse du Moulin, 46001 Valence
ORD-20260601-00082;ORD-20260601-00082-2;2026-06-01 10:13:04;C016604;S0583;P007367;1;114,06;11,41;EUR;ES;TRANSFER;DELIVERED;24 impasse du Moulin, 46001 Valence
ORD-20260601-00082;ORD-20260601-00082-3;2026-06-01 10:13:04;C016604;S0322;P003837;1;38,81;0,00;EUR;ES;TRANSFER;DELIVERED;24 impasse du Moulin, 46001 Valence
ORD-20260601-00083;ORD-20260601-00083-1;2026-06-01 09:12:44;C021375;S0315;P006244;1;17,72;0,00;EUR;ES;CARD;Cancelled;89 rue Victor Hugo, 28001 Madrid
ORD-20260601-00084;ORD-20260601-00084-1;2026-06-01 13:59:12;C010851;S0251;P006016;1;6,35;0,00;EUR;BE;CARD;Pending;67 boulevard Saint-Michel, 1000 Bruxelles
ORD-20260601-00084;ORD-20260601-00084-2;2026-06-01 13:59:12;C010851;S0300;P002627;1;105,58;0,00;EUR;BE;CARD;PENDING;67 boulevard Saint-Michel, 1000 Bruxelles
ORD-20260601-00084;ORD-20260601-00084-3;2026-06-01 13:59:12;C010851;S0338;P003822;1;81,79;0,00;EUR;BE;CARD;PENDING;67 boulevard Saint-Michel, 1000 Bruxelles
ORD-20260601-00085;ORD-20260601-00085-1;2026-06-01 16:41:18;C004196;S0231;P006845;4;144,80;0,00;EUR;FR;APPLEPAY;DELIVERED;118 rue de la République, 33000 Bordeaux
ORD-20260601-00085;ORD-20260601-00085-2;2026-06-01 16:41:18;C004196;S0360;P007323;1;202,51;10,13;EUR;FR;APPLEPAY;DELIVERED;118 rue de la République, 33000 Bordeaux
ORD-20260601-00085;ORD-20260601-00085-3;2026-06-01 16:41:18;C004196;S0332;P003846;3;57,07;17,12;EUR;FR;APPLEPAY;DELIVERED;118 rue de la République, 33000 Bordeaux
ORD-20260601-00086;ORD-20260601-00086-1;2026-06-01 12:01:05;C003519;S0500;P001071;1;23,72;0,00;EUR;DE;GIFTCARD;DELIVERED;79 allée des Peupliers, 10115 Berlin
ORD-20260601-00087;ORD-20260601-00087-1;2026-06-01 10:01:03;C006904;S0497;P002383;1;68,10;10,21;EUR;BE;PAYPAL;DELIVERED;151 place de l'Église, 1000 Bruxelles
ORD-20260601-00087;ORD-20260601-00087-2;2026-06-01 10:01:03;C006904;S0485;P002696;1;13,53;0,00;EUR;BE;PAYPAL;DELIVERED;151 place de l'Église, 1000 Bruxelles
ORD-20260601-00088;ORD-20260601-00088-1;2026-06-01 15:54:55;C008142;S0257;P001172;1;27,11;0,00;EUR;FR;APPLEPAY;Delivered;136 boulevard Saint-Michel, 59000 Lille
ORD-20260601-00088;ORD-20260601-00088-2;2026-06-01 15:54:55;C008142;S0376;P004492;3;30,23;0,00;EUR;FR;APPLEPAY;DELIVERED;136 boulevard Saint-Michel, 59000 Lille
ORD-20260601-00089;ORD-20260601-00089-1;2026-06-01 11:12:11;C019387;S0215;P002009;2;35,30;0,00;EUR;FR;TRANSFER;DELIVERED;15 boulevard Saint-Michel, 13008 Marseille
ORD-20260601-00090;ORD-20260601-00090-1;2026-06-01 10:46:04;C006357;S0526;P006552;1;23,90;1,20;EUR;DE;PAYPAL;DELIVERED;176 allée des Peupliers, 20095 Hambourg
ORD-20260601-00091;ORD-20260601-00091-1;2026-06-01 15:26:28;C009209;S0028;P000372;2;263,52;26,35;EUR;BE;PAYPAL;DELIVERED;3 avenue des Tilleuls, 2000 Anvers
ORD-20260601-00092;ORD-20260601-00092-1;2026-06-01 08:28:29;C000855;S0240;P001875;1;74,44;7,44;EUR;FR;CARD;delivered;113 rue Victor Hugo, 75011 Paris
ORD-20260601-00092;ORD-20260601-00092-2;2026-06-01 08:28:29;C000855;S0522;P003995;1;43,79;4,38;EUR;FR;CARD;delivered;113 rue Victor Hugo, 75011 Paris
ORD-20260601-00093;ORD-20260601-00093-1;2026-06-01 18:44:03;C018776;S0549;P004717;1;38,17;0,00;EUR;ES;CARD;DELIVERED;162 chemin des Vignes, 08001 Barcelone
ORD-20260601-00093;ORD-20260601-00093-2;2026-06-01 18:44:03;C018776;S0580;P003638;3;159,17;47,75;EUR;ES;CARD;delivered;162 chemin des Vignes, 08001 Barcelone
ORD-20260601-00093;ORD-20260601-00093-3;2026-06-01 18:44:03;C018776;S0135;P005279;1;18,14;0,00;EUR;ES;CARD;DELIVERED;162 chemin des Vignes, 08001 Barcelone
ORD-20260601-00093;ORD-20260601-00093-4;2026-06-01 18:44:03;C018776;S0011;P000686;1;74,08;0,00;EUR;ES;CARD;DELIVERED;162 chemin des Vignes, 08001 Barcelone
ORD-20260601-00094;ORD-20260601-00094-1;2026-06-01 13:42:11;C014296;S0247;P004164;1;130,01;0,00;EUR;FR;PAYPAL;DELIVERED;81 cours Gambetta, 31000 Toulouse
ORD-20260601-00094;ORD-20260601-00094-2;2026-06-01 13:42:11;C014296;S0083;P006215;4;76,68;30,67;EUR;FR;PAYPAL;DELIVERED;81 cours Gambetta, 31000 Toulouse
ORD-20260601-00094;ORD-20260601-00094-3;2026-06-01 13:42:11;C014296;S0314;P006783;2;174,63;0,00;EUR;FR;PAYPAL;DELIVERED;81 cours Gambetta, 31000 Toulouse
ORD-20260601-00094;ORD-20260601-00094-3;2026-06-01 13:42:11;C014296;S0314;P006783;2;174,63;0,00;EUR;FR;PAYPAL;DELIVERED;81 cours Gambetta, 31000 Toulouse
ORD-20260601-00095;ORD-20260601-00095-1;2026-06-01 12:51:17;C016031;S0371;P006760;2;172,32;0,00;EUR;FR;CARD; DELIVERED ;69 impasse du Moulin, 44000 Nantes
ORD-20260601-00096;ORD-20260601-00096-1;2026-06-01 13:11:14;C003708;S0269;P002326;2;131,47;13,15;EUR;FR;CARD;delivered;143 rue du Général Leclerc, 13008 Marseille
ORD-20260601-00096;ORD-20260601-00096-2;2026-06-01 13:11:14;C003708;S0300;P007903;1;170,39;25,56;EUR;FR;CARD;DELIVERED;143 rue du Général Leclerc, 13008 Marseille
ORD-20260601-00096;ORD-20260601-00096-3;2026-06-01 13:11:14;C003708;S0146;P004044;2;105,30;31,59;EUR;FR;CARD;Delivered;143 rue du Général Leclerc, 13008 Marseille
ORD-20260601-00097;ORD-20260601-00097-1;2026-06-01 18:27:35;C008775;S0338;P000755;1;27,63;0,00;EUR;FR;CARD;DELIVERED;108 rue de la République, 75011 Paris
ORD-20260601-00097;ORD-20260601-00097-2;2026-06-01 18:27:35;C008775;S0549;P002474;1;11,37;0,00;EUR;FR;CARD; DELIVERED ;108 rue de la République, 75011 Paris
ORD-20260601-00098;ORD-20260601-00098-1;2026-06-01 13:13:45;C015531;S0587;P007143;2;44,31;8,86;EUR;FR;CARD;DELIVERED;137 quai des Chartrons, 33000 Bordeaux
ORD-20260601-00099;ORD-20260601-00099-1;2026-06-01 16:09:40;C023744;S0257;P000800;1;93,50;0,00;EUR;BE;CARD;Delivered;135 chemin des Vignes, 2000 Anvers
ORD-20260601-00099;ORD-20260601-00099-2;2026-06-01 16:09:40;C023744;S0435;P006674;1;64,10;3,21;EUR;BE;CARD;Delivered;135 chemin des Vignes, 2000 Anvers
ORD-20260601-00100;ORD-20260601-00100-1;2026-06-01 11:36:01;C001614;S0532;P006865;1;73,71;11,06;EUR;IT;CARD;DELIVERED;172 route de Bordeaux, 20121 Milan
ORD-20260601-00100;ORD-20260601-00100-2;2026-06-01 11:36:01;C001614;S0523;P006318;1;73,45;0,00;EUR;IT;CARD;DELIVERED;172 route de Bordeaux, 20121 Milan
ORD-20260601-00101;ORD-20260601-00101-1;2026-06-01 15:58:32;C017092;S0214;P006292;1;11,39;1,71;EUR;FR;CARD;SHIPPED;35 avenue des Tilleuls, 69003 Lyon
ORD-20260601-00101;ORD-20260601-00101-2;2026-06-01 15:58:32;C017092;S0082;P000151;1;37,91;0,00;EUR;FR;CARD; SHIPPED ;35 avenue des Tilleuls, 69003 Lyon
ORD-20260601-00102;ORD-20260601-00102-1;2026-06-01 15:05:42;C013137;S0425;P003410;1;109,88;0,00;EUR;ES;PAYPAL;SHIPPED;167 allée des Peupliers, 08001 Barcelone
ORD-20260601-00103;ORD-20260601-00103-1;2026-06-01 18:42:01;C004320;S0320;P002170;1;237,91;0,00;EUR;FR;PAYPAL;DELIVERED;174 allée des Peupliers, 33000 Bordeaux
ORD-20260601-00103;ORD-20260601-00103-2;2026-06-01 18:42:01;C004320;S0205;P006168;1;80,25 €;0,00;EUR;FR;PAYPAL;DELIVERED;174 allée des Peupliers, 33000 Bordeaux
ORD-20260601-00104;ORD-20260601-00104-1;2026-06-01 22:18:11;C007158;S0059;P007979;1;207,38;0,00;EUR;IT;CARD;DELIVERED;155 route de Bordeaux, 00184 Rome
ORD-20260601-00105;ORD-20260601-00105-1;2026-06-01 13:21:43;C005472;S0517;P001688;3;19,50;0,00;EUR;DE;PAYPAL;DELIVERED;47 impasse du Moulin, 10115 Berlin
ORD-20260601-00106;ORD-20260601-00106-1;2026-06-01 12:34:35;C019678;S0537;P005318;1;76,78;3,84;EUR;ES;PAYPAL;returned;91 rue du Général Leclerc, 46001 Valence
ORD-20260601-00106;ORD-20260601-00106-2;2026-06-01 12:34:35;C019678;S0007;P001176;1;61,18;0,00;EUR;ES;PAYPAL;RETURNED;91 rue du Général Leclerc, 46001 Valence
ORD-20260601-00107;ORD-20260601-00107-1;2026-06-01 16:28:15;C020528;S0325;P001294;2;102,47;0,00;EUR;FR;PAYPAL;DELIVERED;55 impasse du Moulin, 69003 Lyon
ORD-20260601-00107;ORD-20260601-00107-2;2026-06-01 16:28:15;C020528;S0395;P007491;1;48,69;4,87;EUR;FR;PAYPAL;delivered;55 impasse du Moulin, 69003 Lyon
ORD-20260601-00107;ORD-20260601-00107-2;2026-06-01 16:28:15;C020528;S0395;P007491;1;48,69;4,87;EUR;FR;PAYPAL;delivered;55 impasse du Moulin, 69003 Lyon
ORD-20260601-00108;ORD-20260601-00108-1;2026-06-01 15:10:32;C005422;S0191;P006173;2;82,80;0,00;EUR;ES;CARD;SHIPPED;48 avenue des Tilleuls, 28001 Madrid
ORD-20260601-00108;ORD-20260601-00108-2;2026-06-01 15:10:32;C005422;S0012;P005905;2;286,87;0,00;EUR;ES;CARD;SHIPPED;48 avenue des Tilleuls, 28001 Madrid
ORD-20260601-00108;ORD-20260601-00108-3;2026-06-01 15:10:32;C005422;S0292;P002722;1;29,25;0,00;EUR;ES;CARD;SHIPPED;48 avenue des Tilleuls, 28001 Madrid
ORD-20260601-00108;ORD-20260601-00108-4;2026-06-01 15:10:32;C005422;S0589;P000237;1;40,56;4,06;EUR;ES;CARD;SHIPPED;48 avenue des Tilleuls, 28001 Madrid
ORD-20260601-00108;ORD-20260601-00108-5;2026-06-01 15:10:32;C005422;S0488;P001644;3;50,12;15,04;EUR;ES;CARD;SHIPPED;48 avenue des Tilleuls, 28001 Madrid
ORD-20260601-00109;ORD-20260601-00109-1;2026-06-01 20:02:08;C009935;S0512;P001499;3;10,51;0,00;EUR;IT;CARD;RETURNED;41 quai des Chartrons, 20121 Milan
ORD-20260601-00109;ORD-20260601-00109-2;2026-06-01T20:46;C009935;S0485;P002182;3;81,47;0,00;EUR;IT;CARD;RETURNED;41 quai des Chartrons, 20121 Milan
ORD-20260601-00109;ORD-20260601-00109-3;2026-06-01 20:02:08;C009935;S0407;P007740;1;192,58;0,00;EUR;IT;CARD; RETURNED ;41 quai des Chartrons, 20121 Milan
ORD-20260601-00110;ORD-20260601-00110-1;2026-06-01 10:25:22;C020344;S0136;P004016;1;78,33;11,75;EUR;BE;TRANSFER;DELIVERED;167 quai des Chartrons, 2000 Anvers
ORD-20260601-00110;ORD-20260601-00110-2;2026-06-01 10:25:22;C020344;S0589;P002869;1;53,23;2,66;EUR;BE;TRANSFER; DELIVERED ;167 quai des Chartrons, 2000 Anvers
ORD-20260601-00110;ORD-20260601-00110-3;2026-06-01 10:25:22;C020344;S0592;P000020;2;55,63;11,13;EUR;BE;TRANSFER;DELIVERED;167 quai des Chartrons, 2000 Anvers
ORD-20260601-00111;ORD-20260601-00111-1;2026-06-01 18:42:44;C015439;S0113;P006493;2;9,86;1,97;EUR;FR;CARD;RETURNED;122 quai des Chartrons, 44000 Nantes
ORD-20260601-00111;ORD-20260601-00111-2;2026-06-01 18:42:44;C015439;S0296;P003111;1;35,20;3,52;EUR;FR;CARD;RETURNED;122 quai des Chartrons, 44000 Nantes
ORD-20260601-00112;ORD-20260601-00112-1;2026-06-01 19:37:00;C014858;S0347;P003180;1;41,01;0,00;EUR;FR;CARD;DELIVERED;6 chemin des Vignes, 33000 Bordeaux
ORD-20260601-00112;ORD-20260601-00112-2;2026-06-01 19:37:00;C014858;S0347;P003069;1;7,09;1,06;EUR;FR;CARD;Delivered;6 chemin des Vignes, 33000 Bordeaux
ORD-20260601-00113;ORD-20260601-00113-1;2026-06-01 10:58:52;C008925;S0320;P002170;1;223,21;0,00;EUR;ES;CARD;DELIVERED;168 boulevard Saint-Michel, 28001 Madrid
ORD-20260601-00114;ORD-20260601-00114-1;2026-06-01 09:09:42;C004362;S0082;P004388;1;70,11;7,01;EUR;ES;TRANSFER;DELIVERED;69 route de Bordeaux, 46001 Valence
ORD-20260601-00115;ORD-20260601-00115-1;2026-06-01 11:35:55;C024527;S0095;P003665;1;70,70;0,00;EUR;BE;PAYPAL;returned;64 allée des Peupliers, 1000 Bruxelles
ORD-20260601-00116;ORD-20260601-00116-1;2026-06-01 10:39:12;C012968;S0401;P003431;1;48,09;4,81;EUR;BE;CARD; DELIVERED ;60 impasse du Moulin, 2000 Anvers
ORD-20260601-00116;ORD-20260601-00116-2;2026-06-01 10:39:12;C012968;S0354;P003817;3;150,26;67,62;EUR;BE;CARD;DELIVERED;60 impasse du Moulin, 2000 Anvers
ORD-20260601-00117;ORD-20260601-00117-1;2026-06-01 17:07:34;C016255;S0582;P007890;3;77,23;0,00;EUR;FR;CARD;delivered;83 rue Victor Hugo, 35000 Rennes
ORD-20260601-00118;ORD-20260601-00118-1;2026-06-01 15:02:58;C007616;S0391;P004509;2;96,73;9,67;EUR;ES;CARD;DELIVERED;66 rue de la République, 28001 Madrid
ORD-20260601-00118;ORD-20260601-00118-2;2026-06-01 15:02:58;C007616;S0120;P000122;1;10,41;0,52;EUR;ES;CARD;DELIVERED;66 rue de la République, 28001 Madrid
ORD-20260601-00119;ORD-20260601-00119-1;2026-06-01 10:40:10;C015986;S0278;P002401;2;65,64;0,00;EUR;FR;CARD;SHIPPED;36 boulevard Saint-Michel, 69003 Lyon
ORD-20260601-00119;ORD-20260601-00119-2;2026-06-01 10:40:10;C015986;S0039;P000391;1;228,76;0,00;EUR;FR;CARD;SHIPPED;36 boulevard Saint-Michel, 69003 Lyon
ORD-20260601-00120;ORD-20260601-00120-1;2026-06-01 15:50:33;C021802;S0461;P007936;4;49,92;19,97;EUR;FR;CARD; SHIPPED ;166 rue du Général Leclerc, 13008 Marseille
ORD-20260601-00121;ORD-20260601-00121-1;2026-06-01 17:00:43;C007740;S0590;P007863;1;50,53;0,00;EUR;FR;CARD; DELIVERED ;140 quai des Chartrons, 67000 Strasbourg
ORD-20260601-00121;ORD-20260601-00121-2;2026-06-01 17:00:43;C007740;S0408;P000995;1;19,15;2,87;EUR;FR;CARD;DELIVERED;140 quai des Chartrons, 67000 Strasbourg
ORD-20260601-00121;ORD-20260601-00121-3;2026-06-01 17:00:43;C007740;S0280;P000077;2;62,71;18,81;EUR;FR;CARD; DELIVERED ;140 quai des Chartrons, 67000 Strasbourg
ORD-20260601-00121;ORD-20260601-00121-4;2026-06-01 17:00:43;C007740;S0273;P005207;1;21,05;0,00;EUR;FR;CARD;DELIVERED;140 quai des Chartrons, 67000 Strasbourg
ORD-20260601-00122;ORD-20260601-00122-1;2026-06-01 15:20:39;C014615;S0427;P001692;1;72,57;0,00;EUR;FR;CARD;DELIVERED;35 impasse du Moulin, 67000 Strasbourg
ORD-20260601-00122;ORD-20260601-00122-2;2026-06-01 15:20:39;C014615;S0502;P001036;1;76,87;0,00;EUR;FR;CARD; DELIVERED ;35 impasse du Moulin, 67000 Strasbourg
ORD-20260601-00123;ORD-20260601-00123-1;2026-06-01 19:49:39;C021595;S0316;P001414;1;191,88;9,59;EUR;DE;CARD;DELIVERED;161 rue Victor Hugo, 20095 Hambourg
ORD-20260601-00124;ORD-20260601-00124-1;2026-06-01 16:02:42;C012103;S0356;P004214;1;67,81;10,17;EUR;FR;CARD;DELIVERED;67 quai des Chartrons, 44000 Nantes
ORD-20260601-00124;ORD-20260601-00124-2;2026-06-01 16:02:42;C012103;S0543;P002458;1;68,21;3,41;EUR;FR;CARD;DELIVERED;67 quai des Chartrons, 44000 Nantes
ORD-20260601-00125;ORD-20260601-00125-1;2026-06-01 18:15:31;C018499;S0440;P007364;1;38,11;0,00;EUR;FR;CARD;DELIVERED;109 quai des Chartrons, 13008 Marseille
ORD-20260601-00126;ORD-20260601-00126-1;2026-06-01 14:54:51;C015532;S0092;P001884;3;29,47;8,84;EUR;FR;CARD;PENDING;15 rue du Général Leclerc, 59000 Lille
ORD-20260601-00126;ORD-20260601-00126-2;2026-06-01 14:54:51;C015532;S0573;P005555;1;64,18;0,00;EUR;FR;CARD; PENDING ;15 rue du Général Leclerc, 59000 Lille
ORD-20260601-00126;ORD-20260601-00126-3;2026-06-01 14:54:51;C015532;S0147;P001577;1;69,07;0,00;EUR;FR;CARD;pending;15 rue du Général Leclerc, 59000 Lille
ORD-20260601-00126;ORD-20260601-00126-4;2026-06-01 14:54:51;C015532;S0253;P007471;1;48,91;4,89;EUR;FR;CARD;pending;15 rue du Général Leclerc, 59000 Lille
ORD-20260601-00127;ORD-20260601-00127-1;2026-06-01 13:43:16;C018612;S0541;P004009;1;36,89;0,00;EUR;FR;CARD;DELIVERED;163 place de l'Église, 35000 Rennes
ORD-20260601-00127;ORD-20260601-00127-2;2026-06-01 13:43:16;C018612;S0493;P005049;2;25,79;0,00;EUR;FR;CARD;DELIVERED;163 place de l'Église, 35000 Rennes
ORD-20260601-00128;ORD-20260601-00128-1;2026-06-01 10:21:25;C006573;S0167;P007429;1;24,97;3,75;EUR;DE;CARD;DELIVERED;117 chemin des Vignes, 10115 Berlin
ORD-20260601-00128;ORD-20260601-00128-2;2026-06-01 10:21:25;C006573;S0460;P000953;1; 65,75;9,86;EUR;DE;CARD; DELIVERED ;117 chemin des Vignes, 10115 Berlin
ORD-20260601-00128;ORD-20260601-00128-3;2026-06-01 10:21:25;C006573;S0587;P002523;1;176,12;26,42;EUR;DE;CARD;Delivered;117 chemin des Vignes, 10115 Berlin
ORD-20260601-00128;ORD-20260601-00128-4;2026-06-01 10:21:25;C006573;S0578;P004025;1;56,49;5,65;EUR;DE;CARD;DELIVERED;117 chemin des Vignes, 10115 Berlin
ORD-20260601-00129;ORD-20260601-00129-1;2026-06-01 15:09:11;C005800;S0134;P002371;1;56,24;0,00;EUR;FR;PAYPAL;DELIVERED;160 route de Bordeaux, 75011 Paris
ORD-20260601-00130;ORD-20260601-00130-1;2026-06-01 15:04:17;C021086;S0210;P003093;1;19,85;2,98;EUR;FR;CARD;DELIVERED;150 quai des Chartrons, 44000 Nantes
ORD-20260601-00131;ORD-20260601-00131-1;2026-06-01 18:17:33;C009675;S0553;P003878;1;39,09;0,00;EUR;BE;CARD; RETURNED ;68 cours Gambetta, 1000 Bruxelles
ORD-20260601-00131;ORD-20260601-00131-2;2026-06-01 18:17:33;C009675;S0332;P002310;1;33,59;3,36;EUR;BE;CARD;returned;68 cours Gambetta, 1000 Bruxelles
ORD-20260601-00131;ORD-20260601-00131-3;2026-06-01 18:17:33;C994847;S0129;P004739;1;19,81;1,98;EUR;BE;CARD;RETURNED;68 cours Gambetta, 1000 Bruxelles
ORD-20260601-00132;ORD-20260601-00132-1;2026-06-01 18:15:07;C010033;S0284;P000186;1;54,95;0,00;EUR;BE;CARD;Returned;34 rue Victor Hugo, 2000 Anvers
ORD-20260601-00133;ORD-20260601-00133-1;2026-06-01 17:27:19;C021319;S0040;P007354;1;18,61;0,00;EUR;DE;GIFTCARD;CANCELLED;87 rue du Général Leclerc, 10115 Berlin
ORD-20260601-00133;ORD-20260601-00133-2;2026-06-01 17:27:19;C021319;S0264;P006923;1;14,05;0,70;EUR;DE;GIFTCARD;Cancelled;87 rue du Général Leclerc, 10115 Berlin
ORD-20260601-00133;ORD-20260601-00133-3;2026-06-01 17:27:19;C021319;S0451;P002339;1;51,84;0,00;EUR;DE;GIFTCARD;cancelled;87 rue du Général Leclerc, 10115 Berlin
ORD-20260601-00134;ORD-20260601-00134-1;2026-06-01 17:29:25;C018744;S0115;P002544;2;41,95;8,39;EUR;FR;TRANSFER; DELIVERED ;155 quai des Chartrons, 59000 Lille
ORD-20260601-00135;ORD-20260601-00135-1;2026-06-01 12:49:08;C007192;S0355;P001841;1;22,25;0,00;EUR;DE;CARD;DELIVERED;158 rue Victor Hugo, 10115 Berlin
ORD-20260601-00136;ORD-20260601-00136-1;2026-06-01 18:05:16;C020370;S0244;P005039;1;32,35;0,00;EUR;IT;PAYPAL;DELIVERED;78 avenue des Tilleuls, 00184 Rome
ORD-20260601-00136;ORD-20260601-00136-2;2026-06-01 18:05:16;C020370;S0186;P004902;1;60,93;0,00;EUR;IT;PAYPAL;Delivered;78 avenue des Tilleuls, 00184 Rome
ORD-20260601-00136;ORD-20260601-00136-3;2026-06-01 18:05:16;C020370;S0272;P000201;1;72,21;10,83;EUR;IT;PAYPAL;delivered;78 avenue des Tilleuls, 00184 Rome
ORD-20260601-00137;ORD-20260601-00137-1;2026-06-01 10:42:51;C000388;S0442;P002060;2;57,83;0,00;EUR;IT;PAYPAL;Delivered;158 route de Bordeaux, 20121 Milan
ORD-20260601-00138;ORD-20260601-00138-1;2026-06-01 12:57:13;C006118;S0205;P001967;2;54,91;16,47;EUR;NL;CARD;DELIVERED;172 impasse du Moulin, 1011 Amsterdam
ORD-20260601-00138;ORD-20260601-00138-2;2026-06-01 12:57:13;C006118;S0007;P003558;2;77,40;0,00;EUR;NL;CARD;DELIVERED;172 impasse du Moulin, 1011 Amsterdam
ORD-20260601-00139;ORD-20260601-00139-1;2026-06-01 13:23:30;C014951;S0122;P005457;2;58,99;0,00;EUR;ES;CARD;DELIVERED;40 route de Bordeaux, 08001 Barcelone
ORD-20260601-00140;ORD-20260601-00140-1;2026-06-01 15:50:01;C017887;S0578;P003306;3;70,62;21,19;EUR;FR;CARD;DELIVERED;61 place de l'Église, 44000 Nantes
ORD-20260601-00140;ORD-20260601-00140-2;2026-06-01 15:50:01;C017887;S0532;P006339;1;23,97;3,60;EUR;FR;CARD;DELIVERED;61 place de l'Église, 44000 Nantes
ORD-20260601-00140;ORD-20260601-00140-2;2026-06-01 15:50:01;C017887;S0532;P006339;1;23,97;3,60;EUR;FR;CARD;DELIVERED;61 place de l'Église, 44000 Nantes
ORD-20260601-00141;ORD-20260601-00141-1;2026-06-01 21:02:19;C010553;S0084;P003481;1;66,40;0,00;EUR;FR;CARD;CANCELLED;78 cours Gambetta, 75011 Paris
ORD-20260601-00142;ORD-20260601-00142-1;2026-06-01 15:30:07;C006183;S0427;P000024;1;19,63;0,98;EUR;DE;PAYPAL;DELIVERED;177 rue de la République, 20095 Hambourg
ORD-20260601-00143;ORD-20260601-00143-1;2026-06-01 07:12:01;C016852;S0460;P001592;1;61,89;0,00;EUR;FR;TRANSFER;PENDING;36 cours Gambetta, 59000 Lille
ORD-20260601-00143;ORD-20260601-00143-2;2026-06-01 07:12:01;C016852;S0191;P005522;2;48,03;0,00;EUR;FR;TRANSFER;PENDING;36 cours Gambetta, 59000 Lille
ORD-20260601-00144;ORD-20260601-00144-1;2026-06-01 14:35:04;C008300;S0467;P001742;1;140,43;0,00;EUR;FR;CARD;DELIVERED;101 chemin des Vignes, 35000 Rennes
ORD-20260601-00144;ORD-20260601-00144-2;2026-06-01 14:35:04;C008300;S0172;P007059;2;193,01;0,00;EUR;FR;CARD;DELIVERED;101 chemin des Vignes, 35000 Rennes
ORD-20260601-00144;ORD-20260601-00144-3;2026-06-01 14:35:04;C008300;S0033;P005660;1;57,28;0,00;EUR;FR;CARD;DELIVERED;101 chemin des Vignes, 35000 Rennes
ORD-20260601-00144;ORD-20260601-00144-4;2026-06-01 14:35:04;C008300;S0287;P001603;1;84,00;8,40;EUR;FR;CARD; DELIVERED ;101 chemin des Vignes, 35000 Rennes
ORD-20260601-00145;ORD-20260601-00145-1;2026-06-01 16:27:35;C014173;S0587;P000623;1;90,55;0,00;EUR;FR;PAYPAL;PENDING;61 place de l'Église, 33000 Bordeaux
ORD-20260601-00145;ORD-20260601-00145-2;2026-06-01 16:27:35;C014173;S0063;P002887;3;40,55;18,25;EUR;FR;PAYPAL;PENDING;61 place de l'Église, 33000 Bordeaux
ORD-20260601-00146;ORD-20260601-00146-1;2026-06-01 12:18:37;C004523;S0599;P004334;1;30,47;0,00;EUR;DE;CARD;SHIPPED;146 impasse du Moulin, 10115 Berlin
ORD-20260601-00147;ORD-20260601-00147-1;2026-06-01 14:13:44;C019734;S0545;P003239;4;110,79;0,00;EUR;FR;TRANSFER; DELIVERED ;163 place de l'Église, 44000 Nantes
ORD-20260601-00148;ORD-20260601-00148-1;2026-06-01 13:50:44;C003230;S0186;P000852;1;79,21;0,00;EUR;IT;CARD;DELIVERED;132 boulevard Saint-Michel, 00184 Rome
ORD-20260601-00148;ORD-20260601-00148-2;2026-06-01 13:50:44;C003230;S0457;P002636;2;42,23;4,22;EUR;IT;CARD;delivered;132 boulevard Saint-Michel, 00184 Rome
ORD-20260601-00148;ORD-20260601-00148-3;2026-06-01 13:50:44;C003230;S0597;P002272;1;54,85;5,49;EUR;IT;CARD;DELIVERED;132 boulevard Saint-Michel, 00184 Rome
ORD-20260601-00149;ORD-20260601-00149-1;2026-06-01 15:42:51;C015367;S0076;P006992;3;73,97;0,00;EUR;FR;CARD;DELIVERED;85 place de l'Église, 35000 Rennes
ORD-20260601-00149;ORD-20260601-00149-2;2026-06-01 15:42:51;C015367;S0296;P005355;1;65,05;3,25;EUR;FR;CARD;Delivered;85 place de l'Église, 35000 Rennes
ORD-20260601-00150;ORD-20260601-00150-1;2026-06-01 13:51:10;C015556;S0573;P000289;1;50,32;0,00;EUR;ES;APPLEPAY;delivered;11 place de l'Église, 28001 Madrid
ORD-20260601-00150;ORD-20260601-00150-2;2026-06-01 13:51:10;C015556;S0344;P006870;1;145,84;0,00;EUR;ES;APPLEPAY; DELIVERED ;11 place de l'Église, 28001 Madrid
ORD-20260601-00150;ORD-20260601-00150-3;2026-06-01 13:51:10;C015556;S0481;P002915;1;91,09;4,55;EUR;ES;APPLEPAY;Delivered;11 place de l'Église, 28001 Madrid
ORD-20260601-00150;ORD-20260601-00150-4;2026-06-01 13:51:10;C015556;S0468;P000072;1;223,22;11,16;EUR;ES;APPLEPAY; DELIVERED ;11 place de l'Église, 28001 Madrid
ORD-20260601-00150;ORD-20260601-00150-5;2026-06-01 13:51:10;C015556;S0536;P006358;2;20,14;0,00;EUR;ES;APPLEPAY; DELIVERED ;11 place de l'Église, 28001 Madrid
ORD-20260601-00151;ORD-20260601-00151-1;2026-06-01 17:16:51;C005749;S0496;P007978;2;54,13;5,41;EUR;IT;CARD;DELIVERED;124 rue de la République, 00184 Rome
ORD-20260601-00152;ORD-20260601-00152-1;2026-06-01 20:05:08;C018905;S0440;P002771;2;204,01;0,00;EUR;FR;CARD;shipped;151 rue du Général Leclerc, 33000 Bordeaux
ORD-20260601-00153;ORD-20260601-00153-1;2026-06-01 13:01:50;C007951;S0273;P004264;1;58,57;5,86;EUR;FR;PAYPAL;delivered;69 impasse du Moulin, 44000 Nantes
ORD-20260601-00153;ORD-20260601-00153-2;2026-06-01 13:01:50;C007951;S0455;P001927;1;265,38;13,27;EUR;FR;PAYPAL;DELIVERED;69 impasse du Moulin, 44000 Nantes
ORD-20260601-00153;ORD-20260601-00153-3;2026-06-01 13:01:50;C007951;S0068;P003085;1;61,72;9,26;EUR;FR;PAYPAL;DELIVERED;69 impasse du Moulin, 44000 Nantes
ORD-20260601-00154;ORD-20260601-00154-1;2026-06-01 10:38:24;C020014;S0507;P004585;1;70,16;10,52;EUR;BE;CARD;DELIVERED;131 quai des Chartrons, 2000 Anvers
ORD-20260601-00155;ORD-20260601-00155-1;2026-06-01 14:28:16;C024826;S0352;P005241;2;45,13;0,00;EUR;ES;CARD;DELIVERED;53 chemin des Vignes, 28001 Madrid
ORD-20260601-00155;ORD-20260601-00155-2;2026-06-01 14:28:16;C024826;S0141;P003997;3;67,94;0,00;EUR;ES;CARD;delivered;53 chemin des Vignes, 28001 Madrid
ORD-20260601-00156;ORD-20260601-00156-1;2026-06-01 14:48:13;C009249;S0583;P004754;4;14,80;8,88;EUR;IT;CARD;DELIVERED;77 boulevard Saint-Michel, 20121 Milan
ORD-20260601-00156;ORD-20260601-00156-2;2026-06-01 14:48:13;C009249;S0510;P000557;2;40,35;0,00;EUR;IT;CARD;DELIVERED;77 boulevard Saint-Michel, 20121 Milan
ORD-20260601-00156;ORD-20260601-00156-3;2026-06-01 14:48:13;C009249;S0272;P002945;1;162,62;0,00;EUR;IT;CARD; DELIVERED ;77 boulevard Saint-Michel, 20121 Milan
ORD-20260601-00156;ORD-20260601-00156-4;2026-06-01 14:48:13;C009249;S0434;P000837;1;206,20;0,00;EUR;IT;CARD; DELIVERED ;77 boulevard Saint-Michel, 20121 Milan
ORD-20260601-00157;ORD-20260601-00157-1;2026-06-01 12:23:25;C004461;S0254;P007399;2;66,50;0,00;EUR;ES;CARD;Delivered;24 rue du Général Leclerc, 08001 Barcelone
ORD-20260601-00158;ORD-20260601-00158-1;2026-06-01 05:20:27;C019745;S0515;P000073;2;50,91;0,00;EUR;ES;CARD;DELIVERED;32 allée des Peupliers, 08001 Barcelone
ORD-20260601-00159;ORD-20260601-00159-1;2026-06-01 16:11:40;C005776;S0161;P007469;3;18,32;0,00;EUR;FR;CARD;DELIVERED;79 rue du Général Leclerc, 33000 Bordeaux
ORD-20260601-00159;ORD-20260601-00159-2;2026-06-01 16:11:40;C005776;S0205;P005668;2;23,60;2,36;EUR;FR;CARD; DELIVERED ;79 rue du Général Leclerc, 33000 Bordeaux
ORD-20260601-00159;ORD-20260601-00159-3;2026-06-01 16:11:40;C005776;S0354;P000782;1;85,86;8,59;EUR;FR;CARD;DELIVERED;79 rue du Général Leclerc, 33000 Bordeaux
ORD-20260601-00160;ORD-20260601-00160-1;2026-06-01 23:54:07;C003535;S0276;P003524;1;31,99;0,00;EUR;FR;CARD;DELIVERED;22 chemin des Vignes, 33000 Bordeaux
ORD-20260601-00160;ORD-20260601-00160-2;2026-06-01 23:54:07;C003535;S0215;P000644;1;72,06;0,00;EUR;FR;CARD;Delivered;22 chemin des Vignes, 33000 Bordeaux
ORD-20260601-00160;ORD-20260601-00160-3;2026-06-01 23:54:07;C003535;S0243;P003765;1;60,23;0,00;EUR;FR;CARD;DELIVERED;22 chemin des Vignes, 33000 Bordeaux
ORD-20260601-00161;ORD-20260601-00161-1;2026-06-01 07:33:24;C020937;S0022;P001616;2;172,54;17,25;EUR;BE;CARD;DELIVERED;164 route de Bordeaux, 2000 Anvers
ORD-20260601-00161;ORD-20260601-00161-2;2026-06-01 07:33:24;C020937;S0163;P004628;2;19,63;0,00;EUR;BE;CARD;Delivered;164 route de Bordeaux, 2000 Anvers
ORD-20260601-00162;ORD-20260601-00162-1;2026-06-01 07:49:55;C019950;S0050;P000509;1;111,16;0,00;EUR;BE;PAYPAL;DELIVERED;82 boulevard Saint-Michel, 4000 Liège
ORD-20260601-00162;ORD-20260601-00162-2;2026-06-01 07:49:55;C019950;S0281;P005989;3;140,09;0,00;EUR;BE;PAYPAL;delivered;82 boulevard Saint-Michel, 4000 Liège
ORD-20260601-00162;ORD-20260601-00162-3;2026-06-01 07:49:55;C019950;S0055;P007659;1;18,69;1,87;EUR;BE;PAYPAL; DELIVERED ;82 boulevard Saint-Michel, 4000 Liège
ORD-20260601-00163;ORD-20260601-00163-1;2026-06-01 08:28:42;C003860;S0466;P004340;1;50,15;5,02;EUR;FR;TRANSFER;Delivered;67 route de Bordeaux, 75011 Paris
ORD-20260601-00163;ORD-20260601-00163-2;2026-06-01 08:28:42;C003860;S0310;P002639;2;34,47;0,00;EUR;FR;TRANSFER;DELIVERED;67 route de Bordeaux, 75011 Paris
ORD-20260601-00163;ORD-20260601-00163-3;2026-06-01 08:28:42;C003860;S0570;P006471;1;59,68;8,95;EUR;FR;TRANSFER;DELIVERED;67 route de Bordeaux, 75011 Paris
ORD-20260601-00164;ORD-20260601-00164-1;2026-06-01 22:00:08;C005703;S0292;P001777;2;10,85;1,08;EUR;FR;CARD;CANCELLED;131 boulevard Saint-Michel, 33000 Bordeaux
ORD-20260601-00165;ORD-20260601-00165-1;2026-06-01 18:26:01;C016054;S0089;P004521;1;47,84;0,00;EUR;DE;CARD;RETURNED;14 avenue des Tilleuls, 10115 Berlin
ORD-20260601-00166;ORD-20260601-00166-1;2026-06-01 14:52:07;C011726;S0175;P005411;4;13,52;5,41;EUR;FR;CARD;DELIVERED;85 impasse du Moulin, 44000 Nantes
ORD-20260601-00166;ORD-20260601-00166-2;2026-06-01 14:52:07;C011726;S0388;P007215;1;35,28;5,29;EUR;FR;CARD;DELIVERED;85 impasse du Moulin, 44000 Nantes
ORD-20260601-00166;ORD-20260601-00166-3;2026-06-01 14:52:07;C011726;S0575;P006467;1;274,27;0,00;EUR;FR;CARD;DELIVERED;85 impasse du Moulin, 44000 Nantes
ORD-20260601-00167;ORD-20260601-00167-1;2026-06-01 15:46:20;C023108;S0387;P005349;2;29,31;8,79;EUR;FR;CARD;DELIVERED;109 impasse du Moulin, 59000 Lille
ORD-20260601-00168;ORD-20260601-00168-1;2026-06-01 13:16:57;C012253;S0548;P000981;1;50,27;2,51;EUR;ES;PAYPAL;DELIVERED;10 quai des Chartrons, 46001 Valence
ORD-20260601-00169;ORD-20260601-00169-1;2026-06-01 14:10:37;C021461;S0583;P004754;1;15,05;0,00;EUR;FR;CARD;Delivered;128 rue Victor Hugo, 59000 Lille
ORD-20260601-00169;ORD-20260601-00169-2;2026-06-01 14:10:37;C021461;S0558;P004732;1;257,68;0,00;EUR;FR;CARD;DELIVERED;128 rue Victor Hugo, 59000 Lille
ORD-20260601-00169;ORD-20260601-00169-3;2026-06-01 14:10:37;C021461;S0013;P003061;1;222,22;22,22;EUR;FR;CARD;DELIVERED;128 rue Victor Hugo, 59000 Lille
ORD-20260601-00169;ORD-20260601-00169-4;2026-06-01 14:10:37;C021461;S0581;P001194;1;68,62;0,00;EUR;FR;CARD;DELIVERED;128 rue Victor Hugo, 59000 Lille
ORD-20260601-00170;ORD-20260601-00170-1;2026-06-01 08:12:40;C008354;S0021;P001979;1;75,92;3,80;EUR;ES;CARD;DELIVERED;133 rue du Général Leclerc, 28001 Madrid
ORD-20260601-00171;ORD-20260601-00171-1;2026-06-01 18:10:55;C002843;S0210;P002618;3;42,43;19,09;EUR;FR;CARD;Delivered;162 boulevard Saint-Michel, 13008 Marseille
ORD-20260601-00172;ORD-20260601-00172-1;2026-06-01 17:27:15;C017727;S0335;P002587;2;27,11;0,00;EUR;BE;TRANSFER;DELIVERED;14 rue de la République, 1000 Bruxelles
ORD-20260601-00173;ORD-20260601-00173-1;2026-06-01 12:12:27;C002718;S0427;P004036;1;19,96;0,00;EUR;NL;PAYPAL;DELIVERED;95 boulevard Saint-Michel, 1011 Amsterdam
ORD-20260601-00173;ORD-20260601-00173-2;2026-06-01 12:12:27;C002718;S0278;P000326;1;75,27;0,00;EUR;NL;PAYPAL;DELIVERED;95 boulevard Saint-Michel, 1011 Amsterdam
ORD-20260601-00174;ORD-20260601-00174-1;2026-06-01 17:40:20;C014348;S0123;P007098;1;67,09;0,00;EUR;FR;CARD;DELIVERED;164 rue Victor Hugo, 67000 Strasbourg
ORD-20260601-00174;ORD-20260601-00174-2;2026-06-01 17:40:20;C014348;S0463;P005262;2;39,04;0,00;EUR;FR;CARD;DELIVERED;164 rue Victor Hugo, 67000 Strasbourg
ORD-20260601-00174;ORD-20260601-00174-3;2026-06-01 17:40:20;C014348;S0355;P007187;1;8,70;0,87;EUR;FR;CARD;DELIVERED;164 rue Victor Hugo, 67000 Strasbourg
ORD-20260601-00174;ORD-20260601-00174-4;2026-06-01 17:40:20;C014348;S0096;P004384;1;83,60;4,18;EUR;FR;CARD;DELIVERED;164 rue Victor Hugo, 67000 Strasbourg
ORD-20260601-00175;ORD-20260601-00175-1;2026-06-01 23:15:23;C005185;S0583;P004754;2;15,45;1,54;EUR;FR;CARD;DELIVERED;48 allée des Peupliers, 44000 Nantes
ORD-20260601-00175;ORD-20260601-00175-2;2026-06-01 23:15:23;C005185;S0217;P003050;1;35,81;5,37;EUR;FR;CARD;DELIVERED;48 allée des Peupliers, 44000 Nantes
ORD-20260601-00175;ORD-20260601-00175-3;2026-06-01 23:15:23;C005185;S0566;P007871;2;12,85;1,29;EUR;FR;CARD;DELIVERED;48 allée des Peupliers, 44000 Nantes
ORD-20260601-00176;ORD-20260601-00176-1;2026-06-01 18:41:49;C002526;S0056;P005379;2;81,86;0,00;EUR;ES;PAYPAL;DELIVERED;95 rue Victor Hugo, 08001 Barcelone
ORD-20260601-00177;ORD-20260601-00177-1;2026-06-01 09:19:45;C006450;S0419;P001629;1;71,78;3,59;EUR;FR;CARD; PENDING ;160 rue Victor Hugo, 44000 Nantes
ORD-20260601-00177;ORD-20260601-00177-2;2026-06-01 09:19:45;C006450;S0035;P001922;1;237,09;35,56;EUR;FR;CARD;PENDING;160 rue Victor Hugo, 44000 Nantes
ORD-20260601-00177;ORD-20260601-00177-3;2026-06-01 09:19:45;C006450;S0454;P006713;4;49,42;19,77;EUR;FR;CARD;PENDING;160 rue Victor Hugo, 44000 Nantes
ORD-20260601-00178;ORD-20260601-00178-1;2026-06-01 23:27:00;C001872;S0397;P002723;1;31,12;4,67;EUR;FR;CARD;Delivered;120 chemin des Vignes, 59000 Lille
ORD-20260601-00179;ORD-20260601-00179-1;2026-06-01 13:23:14;C020953;S0395;P007491;1;41,17;2,06;EUR;FR;CARD;delivered;78 rue du Général Leclerc, 31000 Toulouse
ORD-20260601-00179;ORD-20260601-00179-2;2026-06-01 13:23:14;C020953;S0173;P002296;1;158,25;0,00;EUR;FR;CARD;DELIVERED;78 rue du Général Leclerc, 31000 Toulouse
ORD-20260601-00180;ORD-20260601-00180-1;2026-06-01 08:53:02;C009019;S0139;P001358;2;156,40;15,64;EUR;IT;CARD;DELIVERED;34 chemin des Vignes, 00184 Rome
ORD-20260601-00180;ORD-20260601-00180-2;2026-06-01 08:53:02;C009019;S0504;P000490;1;85,94;8,59;EUR;IT;CARD; DELIVERED ;34 chemin des Vignes, 00184 Rome
ORD-20260601-00180;ORD-20260601-00180-3;2026-06-01 08:53:02;C009019;S0236;P003713;1;44,06;4,41;EUR;IT;CARD; DELIVERED ;34 chemin des Vignes, 00184 Rome
ORD-20260601-00181;ORD-20260601-00181-1;2026-06-01 16:48:44;C006575;S0073;P004041;3;106,48;47,92;EUR;BE;TRANSFER;DELIVERED;121 rue Victor Hugo, 4000 Liège
ORD-20260601-00182;ORD-20260601-00182-1;2026-06-01 20:50:59;C001497;S0573;P004137;1;71,92;10,79;EUR;FR;PAYPAL;PENDING;18 chemin des Vignes, 44000 Nantes
ORD-20260601-00182;ORD-20260601-00182-2;2026-06-01 20:50:59;C001497;S0575;P006531;1;55,30;0,00;EUR;FR;PAYPAL;PENDING;18 chemin des Vignes, 44000 Nantes
ORD-20260601-00183;ORD-20260601-00183-1;2026-06-01 16:00:47;C020375;S0321;P003894;2;112,41;0,00;EUR;ES;CARD;Delivered;95 rue de la République, 46001 Valence
ORD-20260601-00183;ORD-20260601-00183-2;2026-06-01 16:00:47;C020375;S0529;P005263;1;118,50;5,93;EUR;ES;CARD;Delivered;95 rue de la République, 46001 Valence
ORD-20260601-00183;ORD-20260601-00183-3;2026-06-01 16:00:47;C020375;S0214;P006292;1;10,64;1,06;EUR;ES;CARD;Delivered;95 rue de la République, 46001 Valence
ORD-20260601-00183;ORD-20260601-00183-4;2026-06-01 16:00:47;C020375;S0328;P007527;1;122,47;0,00;EUR;ES;CARD;DELIVERED;95 rue de la République, 46001 Valence
ORD-20260601-00183;ORD-20260601-00183-5;2026-06-01 16:00:47;C020375;S0341;P004843;1;218,29;0,00;EUR;ES;CARD;DELIVERED;95 rue de la République, 46001 Valence
ORD-20260601-00184;ORD-20260601-00184-1;2026-06-01 15:14:46;C014346;S0448;P005421;1;36,55;5,48;EUR;DE;CARD;Returned;57 impasse du Moulin, 20095 Hambourg
ORD-20260601-00185;ORD-20260601-00185-1;2026-06-01 15:59:58;C010666;S0392;P000328;1;101,14;5,06;EUR;BE;PAYPAL;DELIVERED;51 place de l'Église, 4000 Liège
ORD-20260601-00185;ORD-20260601-00185-1;2026-06-01 15:59:58;C010666;S0392;P000328;1;101,14;5,06;EUR;BE;PAYPAL;DELIVERED;51 place de l'Église, 4000 Liège
ORD-20260601-00185;ORD-20260601-00185-2;2026-06-01 15:59:58;C010666;S0470;P001411;1;104,73;15,71;EUR;BE;PAYPAL; DELIVERED ;51 place de l'Église, 4000 Liège
ORD-20260601-00186;ORD-20260601-00186-1;2026-06-01 12:43:37;C005645;S0250;P005700;1;64,33;3,22;EUR;BE;GIFTCARD;DELIVERED;118 allée des Peupliers, 1000 Bruxelles
ORD-20260601-00186;ORD-20260601-00186-2;2026-06-01 12:43:37;C005645;S0021;P002452;1;57,51;2,88;EUR;BE;GIFTCARD;DELIVERED;118 allée des Peupliers, 1000 Bruxelles
ORD-20260601-00187;ORD-20260601-00187-1;2026-06-01 04:30:08;C023059;S0109;P003610;1;17,25;1,73;EUR;ES;CARD;DELIVERED;4 quai des Chartrons, 46001 Valence
ORD-20260601-00188;ORD-20260601-00188-1;2026-06-01 11:57:57;C016328;S0364;P003708;1;53,04;5,30;EUR;FR;CARD;DELIVERED;143 boulevard Saint-Michel, 31000 Toulouse
ORD-20260601-00188;ORD-20260601-00188-2;2026-06-01 11:57:57;C016328;S0024;P000371;1;17,14;0,00;EUR;FR;CARD; DELIVERED ;143 boulevard Saint-Michel, 31000 Toulouse
ORD-20260601-00188;ORD-20260601-00188-3;2026-06-01 11:57:57;C016328;S0166;P004752;2;47,16;4,72;EUR;FR;CARD;DELIVERED;143 boulevard Saint-Michel, 31000 Toulouse
ORD-20260601-00188;ORD-20260601-00188-3;2026-06-01 11:57:57;C016328;S0166;P004752;2;47,16;4,72;EUR;FR;CARD;DELIVERED;143 boulevard Saint-Michel, 31000 Toulouse
ORD-20260601-00189;ORD-20260601-00189-1;2026-06-01 20:13:57;C008099;S0536;P006358;1;21,46;1,07;EUR;BE;CARD;DELIVERED;26 rue de la République, 1000 Bruxelles
ORD-20260601-00189;ORD-20260601-00189-2;2026-06-01 20:13:57;C008099;S0523;P000877;1;151,01;7,55;EUR;BE;CARD;DELIVERED;26 rue de la République, 1000 Bruxelles
ORD-20260601-00190;ORD-20260601-00190-1;2026-06-01 13:41:51;C024668;S0116;P002689;1;21,60;3,24;EUR;BE;CARD;CANCELLED;140 avenue des Tilleuls, 2000 Anvers
ORD-20260601-00191;ORD-20260601-00191-1;2026-06-01 12:51:33;C008504;S0422;P000874;4;52,60;31,56;EUR;FR;CARD;Shipped;32 cours Gambetta, 69003 Lyon
ORD-20260601-00192;ORD-20260601-00192-1;2026-06-01 15:47:47;C010500;S0116;P001282;1;139,78;0,00;EUR;FR;CARD;DELIVERED;107 rue du Général Leclerc, 69003 Lyon
ORD-20260601-00193;ORD-20260601-00193-1;2026-06-01 17:38:06;C017739;S0308;P000725;2;27,97;0,00;EUR;FR;GIFTCARD;shipped;66 boulevard Saint-Michel, 75011 Paris
ORD-20260601-00193;ORD-20260601-00193-2;2026-06-01 17:38:06;C017739;S0307;P004100;1;69,25;6,93;EUR;FR;GIFTCARD;shipped;66 boulevard Saint-Michel, 75011 Paris
ORD-20260601-00193;ORD-20260601-00193-3;2026-06-01 17:38:06;C017739;S0087;P003526;3;17,31;0,00;EUR;FR;GIFTCARD;SHIPPED;66 boulevard Saint-Michel, 75011 Paris
ORD-20260601-00194;ORD-20260601-00194-1;2026-06-01 17:56:16;C005629;S0586;P003621;2;65,74;0,00;EUR;NL;CARD;DELIVERED;78 rue du Général Leclerc, 1011 Amsterdam
ORD-20260601-00195;ORD-20260601-00195-1;2026-06-01 10:08:38;C011584;S0140;P003007;1;17,40;0,00;EUR;FR;PAYPAL;DELIVERED;34 avenue des Tilleuls, 44000 Nantes
ORD-20260601-00196;ORD-20260601-00196-1;2026-06-01 12:33:38;C014620;S0131;P003706;1;26,10;0,00;EUR;FR;CARD;DELIVERED;90 route de Bordeaux, 13008 Marseille
ORD-20260601-00197;ORD-20260601-00197-1;2026-06-01 13:31:38;C005339;S0292;P000542;1;18,32;2,75;EUR;ES;CARD;Returned;82 boulevard Saint-Michel, 08001 Barcelone
ORD-20260601-00197;ORD-20260601-00197-2;2026-06-01 13:31:38;C005339;S0156;P004778;1;80,75;0,00;EUR;ES;CARD;Returned;82 boulevard Saint-Michel, 08001 Barcelone
ORD-20260601-00198;ORD-20260601-00198-1;2026-06-01 23:03:03;C002824;S0435;P006231;1;64,76;9,71;EUR;FR;GIFTCARD;Delivered;161 rue de la République, 59000 Lille
ORD-20260601-00198;ORD-20260601-00198-2;2026-06-01 23:03:03;C002824;S0404;P004157;1;9,27;0,00;EUR;FR;GIFTCARD;DELIVERED;161 rue de la République, 59000 Lille
ORD-20260601-00199;ORD-20260601-00199-1;2026-06-01 13:56:10;C006168;S0011;P002717;1;90,40;9,04;EUR;DE;CARD;PENDING;26 rue de la République, 20095 Hambourg
ORD-20260601-00199;ORD-20260601-00199-2;2026-06-01 13:56:10;C006168;S0573;P000192;4;111,00;0,00;EUR;DE;CARD;PENDING;26 rue de la République, 20095 Hambourg
ORD-20260601-00200;ORD-20260601-00200-1;2026-06-01 17:52:16;C015411;S0200;P006627;1;15,59;0,00;EUR;BE;CARD;SHIPPED;141 rue du Général Leclerc, 2000 Anvers
ORD-20260601-00200;ORD-20260601-00200-2;2026-06-01 17:52:16;C015411;S0350;P007447;3;81,83;24,55;EUR;BE;CARD;Shipped;141 rue du Général Leclerc, 2000 Anvers
ORD-20260601-00200;ORD-20260601-00200-3;2026-06-01 17:52:16;C015411;S0236;P007698;1;174,19;0,00;EUR;BE;CARD;SHIPPED;141 rue du Général Leclerc, 2000 Anvers
ORD-20260601-00201;ORD-20260601-00201-1;06/01/2026;C001478;S0376;P002034;1;52,99;5,30;EUR;IT;PAYPAL;DELIVERED;38 rue du Général Leclerc, 00184 Rome
ORD-20260601-00201;ORD-20260601-00201-2;2026-06-01 13:19:38;C001478;S0341;P003588;1;25,93;1,30;EUR;IT;PAYPAL;DELIVERED;38 rue du Général Leclerc, 00184 Rome
ORD-20260601-00201;ORD-20260601-00201-3;2026-06-01 13:19:38;C001478;S0438;P007470;2;55,55;0,00;EUR;IT;PAYPAL;Delivered;38 rue du Général Leclerc, 00184 Rome
ORD-20260601-00202;ORD-20260601-00202-1;2026-06-01 15:17:20;C007806;S0558;P005503;1;19,00;0,95;EUR;FR;CARD;RETURNED;117 boulevard Saint-Michel, 35000 Rennes
ORD-20260601-00203;ORD-20260601-00203-1;2026-06-01 20:25:47;C024841;S0451;P006641;4;54,34;0,00;EUR;DE;CARD;PENDING;139 allée des Peupliers, 10115 Berlin
ORD-20260601-00203;ORD-20260601-00203-2;2026-06-01 20:25:47;C024841;S0335;P005733;2;85,21;0,00;EUR;DE;CARD;PENDING;139 allée des Peupliers, 10115 Berlin
ORD-20260601-00203;ORD-20260601-00203-3;2026-06-01 20:25:47;C024841;S0337;P006656;1;48,55;0,00;EUR;DE;CARD; PENDING ;139 allée des Peupliers, 10115 Berlin
ORD-20260601-00203;ORD-20260601-00203-4;2026-06-01 20:25:47;C024841;S0356;P001992;1;60,80;0,00;EUR;DE;CARD;PENDING;139 allée des Peupliers, 10115 Berlin
ORD-20260601-00204;ORD-20260601-00204-1;2026-06-01 20:22:04;C003448;S0462;P001537;1;195,37;29,31;EUR;DE;CARD;SHIPPED;54 route de Bordeaux, 10115 Berlin
ORD-20260601-00204;ORD-20260601-00204-2;2026-06-01 20:22:04;C003448;S0399;P001904;2;64,84;0,00;EUR;DE;CARD;SHIPPED;54 route de Bordeaux, 10115 Berlin
ORD-20260601-00204;ORD-20260601-00204-3;2026-06-01 20:22:04;C003448;S0271;P006547;1;67,44;3,37;EUR;DE;CARD;Shipped;54 route de Bordeaux, 10115 Berlin
ORD-20260601-00204;ORD-20260601-00204-4;2026-06-01 20:22:04;C003448;S0209;P002894;2;62,30;0,00;EUR;DE;CARD;SHIPPED;54 route de Bordeaux, 10115 Berlin
ORD-20260601-00205;ORD-20260601-00205-1;2026-06-01 13:22:25;C024448;S0200;P007918;1;30,32;0,00;EUR;FR;TRANSFER;DELIVERED;3 rue de la République, 75011 Paris
ORD-20260601-00206;ORD-20260601-00206-1;2026-06-01 19:49:49;C023630;S0119;P004183;2;30,88;0,00;EUR;ES;CARD;CANCELLED;135 cours Gambetta, 08001 Barcelone
ORD-20260601-00206;ORD-20260601-00206-2;2026-06-01 19:49:49;C023630;S0591;P001138;1;10,85;1,08;EUR;ES;CARD;CANCELLED;135 cours Gambetta, 08001 Barcelone
ORD-20260601-00207;ORD-20260601-00207-1;2026-06-01 17:12:13;C021759;S0352;P004497;2;69,28;20,78;EUR;FR;CARD;DELIVERED;105 route de Bordeaux, 44000 Nantes
ORD-20260601-00207;ORD-20260601-00207-2;2026-06-01 17:12:13;C021759;S0160;P003518;2;48,65;9,73;EUR;FR;CARD;DELIVERED;105 route de Bordeaux, 44000 Nantes
ORD-20260601-00207;ORD-20260601-00207-3;2026-06-01 17:12:13;C021759;S0248;P001068;1;84,83;4,24;EUR;FR;CARD;delivered;105 route de Bordeaux, 44000 Nantes
ORD-20260601-00208;ORD-20260601-00208-1;2026-06-01 18:45:46;C006510;S0522;P002281;1;67,00;0,00;EUR;FR;PAYPAL;DELIVERED;56 chemin des Vignes, 44000 Nantes
ORD-20260601-00208;ORD-20260601-00208-2;2026-06-01 18:45:46;C006510;S0499;P006672;1;165,80;8,29;EUR;FR;PAYPAL; DELIVERED ;56 chemin des Vignes, 44000 Nantes
ORD-20260601-00208;ORD-20260601-00208-3;2026-06-01 18:45:46;C006510;S0292;P004562;1;79,89;11,98;EUR;FR;PAYPAL;DELIVERED;56 chemin des Vignes, 44000 Nantes
ORD-20260601-00208;ORD-20260601-00208-4;2026-06-01 18:45:46;C006510;S0059;P000876;1;30,96;1,55;EUR;FR;PAYPAL; DELIVERED ;56 chemin des Vignes, 44000 Nantes
ORD-20260601-00208;ORD-20260601-00208-5;2026-06-01 18:45:46;C006510;S0240;P001290;1;71,20;0,00;EUR;FR;PAYPAL;DELIVERED;56 chemin des Vignes, 44000 Nantes
ORD-20260601-00209;ORD-20260601-00209-1;2026-06-01 18:20:24;C001250;S0051;P007725;1;172,19;25,83;EUR;FR;CARD;CANCELLED;89 rue Victor Hugo, 69003 Lyon
ORD-20260601-00209;ORD-20260601-00209-2;2026-06-01 18:20:24;C001250;S0260;P001312;1;12,41;0,00;EUR;FR;CARD;Cancelled;89 rue Victor Hugo, 69003 Lyon
ORD-20260601-00210;ORD-20260601-00210-1;2026-06-01 14:46:46;C007639;S0555;P003653;1;65,02;0,00;EUR;FR;CARD;RETURNED;91 place de l'Église, 69003 Lyon
ORD-20260601-00210;ORD-20260601-00210-2;2026-06-01 14:46:46;C007639;S0465;P005866;1;72,70;3,64;EUR;FR;CARD;RETURNED;91 place de l'Église, 69003 Lyon
ORD-20260601-00210;ORD-20260601-00210-3;2026-06-01 14:46:46;C007639;S0513;P002906;2;62,95;0,00;EUR;FR;CARD;RETURNED;91 place de l'Église, 69003 Lyon
ORD-20260601-00211;ORD-20260601-00211-1;2026-06-01 12:13:26;C011328;S0071;P001073;1;180,81;18,08;EUR;FR;CARD;PENDING;106 cours Gambetta, 35000 Rennes
ORD-20260601-00212;ORD-20260601-00212-1;2026-06-01 14:38:58;C001200;S0104;P007309;1;74,00;3,70;EUR;FR;CARD;RETURNED;111 cours Gambetta, 75011 Paris
ORD-20260601-00213;ORD-20260601-00213-1;2026-06-01 13:48:59;C010738;S0397;P007065;1;67,98;0,00;EUR;BE;CARD;DELIVERED;93 chemin des Vignes, 1000 Bruxelles
ORD-20260601-00214;ORD-20260601-00214-1;2026-06-01 23:33:28;C019233;S0553;P001937;1;9,97;1,50;EUR;ES;PAYPAL;DELIVERED;86 rue Victor Hugo; Batiment A; 28001 Madrid
ORD-20260601-00214;ORD-20260601-00214-2;2026-06-01 23:33:28;C019233;S0157;P002967;1;30,82;1,54;EUR;ES;PAYPAL;Delivered;86 rue Victor Hugo, 28001 Madrid
ORD-20260601-00214;ORD-20260601-00214-3;2026-06-01 23:33:28;C019233;S0549;P004717;1;35,65;0,00;EUR;ES;PAYPAL;Delivered;86 rue Victor Hugo, 28001 Madrid
ORD-20260601-00215;ORD-20260601-00215-1;2026-06-01 07:00:38;C014938;S0419;P007494;1;156,30;0,00;EUR;FR;CARD;DELIVERED;146 rue de la République, 44000 Nantes
ORD-20260601-00216;ORD-20260601-00216-1;2026-06-01 20:01:09;C012297;S0595;P001125;2;95,13;0,00;EUR;FR;CARD;DELIVERED;96 boulevard Saint-Michel, 35000 Rennes
ORD-20260601-00216;ORD-20260601-00216-2;2026-06-01 20:01:09;C012297;S0410;P004257;1;25,29;0,00;EUR;FR;CARD;DELIVERED;96 boulevard Saint-Michel, 35000 Rennes
ORD-20260601-00217;ORD-20260601-00217-1;2026-06-01 10:41:37;C014184;S0149;P001353;1;62,65;9,40;EUR;NL;TRANSFER;Delivered;66 allée des Peupliers, 1011 Amsterdam
ORD-20260601-00217;ORD-20260601-00217-2;2026-06-01 10:41:37;C014184;S0568;P005257;1;100,87;0,00;EUR;NL;TRANSFER; DELIVERED ;66 allée des Peupliers, 1011 Amsterdam
ORD-20260601-00218;ORD-20260601-00218-1;2026-06-01 13:48:51;C011611;S0269;P005720;1;33,93;1,70;EUR;DE;CARD;DELIVERED;14 boulevard Saint-Michel, 10115 Berlin
ORD-20260601-00218;ORD-20260601-00218-2;2026-06-01 13:48:51;C011611;S0135;P005245;4;35,73;0,00;EUR;DE;CARD;DELIVERED;14 boulevard Saint-Michel, 10115 Berlin
ORD-20260601-00219;ORD-20260601-00219-1;2026-06-01 12:12:46;C013521;S0537;P005258;1;73,81;7,38;EUR;NL;PAYPAL;DELIVERED;6 rue du Général Leclerc, 1011 Amsterdam
ORD-20260601-00219;ORD-20260601-00219-2;2026-06-01 12:12:46;C013521;S0056;P006608;1;67,48;0,00;EUR;NL;PAYPAL;DELIVERED;6 rue du Général Leclerc, 1011 Amsterdam
ORD-20260601-00219;ORD-20260601-00219-3;2026-06-01 12:12:46;C013521;S0251;P003759;2;146,61;14,66;EUR;NL;PAYPAL;DELIVERED;6 rue du Général Leclerc, 1011 Amsterdam
ORD-20260601-00220;ORD-20260601-00220-1;2026-06-01 14:28:00;C017163;S0177;P001440;2;138,43;0,00;EUR;FR;CARD;DELIVERED;74 rue du Général Leclerc, 13008 Marseille
ORD-20260601-00220;ORD-20260601-00220-2;2026-06-01 14:28:00;C017163;S0245;P007720;1;70,79;0,00;EUR;FR;CARD;DELIVERED;74 rue du Général Leclerc, 13008 Marseille
ORD-20260601-00221;ORD-20260601-00221-1;2026-06-01 13:18:43;C000745;S0207;P003182;1;132,17;0,00;EUR;FR;APPLEPAY;DELIVERED;14 chemin des Vignes, 75011 Paris
ORD-20260601-00222;ORD-20260601-00222-1;2026-06-01 15:53:27;C003878;S0088;P005986;1;36,27;5,44;EUR;ES;APPLEPAY;DELIVERED;37 avenue des Tilleuls, 28001 Madrid
ORD-20260601-00222;ORD-20260601-00222-2;2026-06-01 15:53:27;C003878;S0487;P007345;4;51,12;10,22;EUR;ES;APPLEPAY;DELIVERED;37 avenue des Tilleuls, 28001 Madrid
ORD-20260601-00223;ORD-20260601-00223-1;2026-06-01 15:21:32;C016219;S0460;P007951;1;85,24;4,26;EUR;DE;TRANSFER;DELIVERED;55 chemin des Vignes, 80331 Munich
ORD-20260601-00223;ORD-20260601-00223-2;2026-06-01 15:21:32;C016219;S0350;P006083;3;39,14;0,00;EUR;DE;TRANSFER;DELIVERED;55 chemin des Vignes, 80331 Munich
ORD-20260601-00223;ORD-20260601-00223-3;2026-06-01 15:21:32;C016219;S0062;P004111;1;265,94;0,00;EUR;DE;TRANSFER;Delivered;55 chemin des Vignes, 80331 Munich
ORD-20260601-00223;ORD-20260601-00223-4;2026-06-01 15:21:32;C016219;S0041;P002991;2;197,72;59,32;EUR;DE;TRANSFER;Delivered;55 chemin des Vignes, 80331 Munich
ORD-20260601-00224;ORD-20260601-00224-1;2026-06-01 14:07:05;C014267;S0458;P000807;2;97,55;29,26;EUR;ES;TRANSFER;DELIVERED;117 quai des Chartrons, 28001 Madrid
ORD-20260601-00224;ORD-20260601-00224-2;2026-06-01 14:07:05;C014267;S0443;P000177;1;29,62;0,00;EUR;ES;TRANSFER;delivered;117 quai des Chartrons, 28001 Madrid
ORD-20260601-00225;ORD-20260601-00225-1;2026-06-01 12:54:19;C002099;S0028;P006791;4;23,29;9,32;EUR;ES;CARD;RETURNED;48 impasse du Moulin, 46001 Valence
ORD-20260601-00226;ORD-20260601-00226-1;2026-06-01 11:55:58;C000372;S0316;P003231;1;61,19;0,00;EUR;DE;CARD;DELIVERED;59 chemin des Vignes, 20095 Hambourg
ORD-20260601-00227;ORD-20260601-00227-1;2026-06-01 10:54:33;C021463;S0275;P001601;1;4,46;0,22;EUR;FR;PAYPAL;delivered;71 rue Victor Hugo, 75011 Paris
ORD-20260601-00227;ORD-20260601-00227-2;2026-06-01 10:54:33;C021463;S0392;P003576;2;206,05;41,21;EUR;FR;PAYPAL;DELIVERED;71 rue Victor Hugo, 75011 Paris
ORD-20260601-00228;ORD-20260601-00228-1;2026-06-01 15:29:31;C012227;S0006;P003655;4;40,46;8,09;EUR;FR;CARD; DELIVERED ;152 rue Victor Hugo, 33000 Bordeaux
ORD-20260601-00229;ORD-20260601-00229-1;2026-06-01 15:53:40;C020324;S0110;P001516;1;54,49;2,72;EUR;ES;CARD;DELIVERED;129 cours Gambetta, 08001 Barcelone
ORD-20260601-00230;ORD-20260601-00230-1;2026-06-01 19:19:01;C011193;S0026;P007562;1;35,61;0,00;EUR;DE;CARD;CANCELLED;142 place de l'Église, 80331 Munich
ORD-20260601-00231;ORD-20260601-00231-1;2026-06-01 19:09:13;C018624;S0408;P007452;2;77,60;0,00;EUR;FR;PAYPAL; RETURNED ;21 place de l'Église, 44000 Nantes
ORD-20260601-00231;ORD-20260601-00231-2;2026-06-01 19:09:13;C018624;S0368;P000670;1;36,02;5,40;EUR;FR;PAYPAL;RETURNED;21 place de l'Église, 44000 Nantes
ORD-20260601-00231;ORD-20260601-00231-2;2026-06-01 19:09:13;C018624;S0368;P000670;1;36,02;5,40;EUR;FR;PAYPAL;RETURNED;21 place de l'Église, 44000 Nantes
ORD-20260601-00232;ORD-20260601-00232-1;2026-06-01 16:49:40;C019605;S0015;P006625;1;115,33;11,53;EUR;IT;PAYPAL;DELIVERED;98 cours Gambetta, 00184 Rome
ORD-20260601-00233;ORD-20260601-00233-1;2026-06-01 22:39:38;C001196;S0536;P007002;1;231,17;11,56;EUR;DE;APPLEPAY;PENDING;113 chemin des Vignes, 20095 Hambourg
ORD-20260601-00233;ORD-20260601-00233-2;2026-06-01 22:39:38;C001196;S0436;P000575;3;13,42;2,01;EUR;DE;APPLEPAY;PENDING;113 chemin des Vignes, 20095 Hambourg
ORD-20260601-00233;ORD-20260601-00233-3;2026-06-01 22:39:38;C001196;S0093;P005377;4;13,31;5,32;EUR;DE;APPLEPAY;Pending;113 chemin des Vignes, 20095 Hambourg
ORD-20260601-00234;ORD-20260601-00234-1;2026-06-01 09:23:02;C016445;S0256;P007141;1;97,61;4,88;EUR;FR;CARD;DELIVERED;165 rue du Général Leclerc, 59000 Lille
ORD-20260601-00235;ORD-20260601-00235-1;2026-06-01 15:49:25;C014590;S0460;P000369;1;30,23;0,00;EUR;FR;TRANSFER;Delivered;127 quai des Chartrons, 35000 Rennes
ORD-20260601-00235;ORD-20260601-00235-2;2026-06-01 15:49:25;C014590;S0151;P003798;2;45,56;4,56;EUR;FR;TRANSFER;DELIVERED;127 quai des Chartrons, 35000 Rennes
ORD-20260601-00236;ORD-20260601-00236-1;2026-06-01 14:38:16;C003687;S0537;P004269;1;124,14;0,00;EUR;FR;PAYPAL; DELIVERED ;127 chemin des Vignes, 44000 Nantes
ORD-20260601-00236;ORD-20260601-00236-2;2026-06-01 14:38:16;C003687;S0019;P002897;1;71,77;0,00;EUR;FR;PAYPAL;DELIVERED;127 chemin des Vignes, 44000 Nantes
ORD-20260601-00236;ORD-20260601-00236-3;2026-06-01 14:38:16;C003687;S0210;P998391;1;49,93;2,50;EUR;FR;PAYPAL; DELIVERED ;127 chemin des Vignes, 44000 Nantes
ORD-20260601-00237;ORD-20260601-00237-1;2026-06-01 09:09:55;C018513;S0321;P002840;1;211,62;0,00;EUR;BE;CARD;DELIVERED;179 cours Gambetta, 2000 Anvers
ORD-20260601-00238;ORD-20260601-00238-1;2026-06-01 10:56:04;C023358;S0098;P007010;3;115,40;34,62;EUR;ES;CARD;PENDING;120 rue Victor Hugo, 28001 Madrid
ORD-20260601-00239;ORD-20260601-00239-1;2026-06-01 18:35:31;C021091;S0375;P007416;4;21,63;4,33;EUR;FR;PAYPAL;DELIVERED;163 rue du Général Leclerc, 13008 Marseille
ORD-20260601-00239;ORD-20260601-00239-2;2026-06-01 18:35:31;C021091;S0527;P003445;1;18,66;0,00;EUR;FR;PAYPAL;DELIVERED;163 rue du Général Leclerc, 13008 Marseille
ORD-20260601-00240;ORD-20260601-00240-1;2026-06-01 15:42:15;C018061;S0490;P007395;2;3,76;0,75;EUR;BE;PAYPAL;DELIVERED;74 chemin des Vignes, 2000 Anvers
ORD-20260601-00240;ORD-20260601-00240-2;2026-06-01 15:42:15;C999439;S0349;P005576;1;168,27;0,00;EUR;BE;PAYPAL;DELIVERED;74 chemin des Vignes, 2000 Anvers
ORD-20260601-00240;ORD-20260601-00240-3;2026-06-01 15:42:15;C018061;S0012;P002021;2;63,31;0,00;EUR;BE;PAYPAL; DELIVERED ;74 chemin des Vignes, 2000 Anvers
ORD-20260601-00241;ORD-20260601-00241-1;2026-06-01 15:30:09;C020205;S0477;P006720;1;5,05;0,00;EUR;ES;CARD;delivered;1 route de Bordeaux, 08001 Barcelone
ORD-20260601-00241;ORD-20260601-00241-2;2026-06-01 15:30:09;C020205;S0569;P006121;2;171,99;51,60;EUR;ES;CARD;DELIVERED;1 route de Bordeaux, 08001 Barcelone
ORD-20260601-00241;ORD-20260601-00241-3;2026-06-01 15:30:09;C020205;S0014;P000394;1;37,18;3,72;EUR;ES;CARD;DELIVERED;1 route de Bordeaux, 08001 Barcelone
ORD-20260601-00242;ORD-20260601-00242-1;2026-06-01 11:41:21;C008006;S0217;P006822;1;171,94;0,00;EUR;ES;TRANSFER; DELIVERED ;26 allée des Peupliers, 08001 Barcelone
ORD-20260601-00242;ORD-20260601-00242-2;2026-06-01 11:41:21;C008006;S0525;P002078;2;39,18;0,00;EUR;ES;TRANSFER;delivered;26 allée des Peupliers, 08001 Barcelone
ORD-20260601-00243;ORD-20260601-00243-1;2026-06-01 17:58:57;C014542;S0390;P002987;2;18,86;3,77;EUR;IT;CARD;DELIVERED;17 allée des Peupliers, 20121 Milan
ORD-20260601-00243;ORD-20260601-00243-2;2026-06-01 17:58:57;C014542;S0227;P003697;2;17,06;5,12;EUR;IT;CARD;Delivered;17 allée des Peupliers, 20121 Milan
ORD-20260601-00244;ORD-20260601-00244-1;2026-06-01 15:32:14;C024932;S0250;P003770;1;134,40;20,16;EUR;BE;TRANSFER;delivered;123 place de l'Église, 4000 Liège
ORD-20260601-00245;ORD-20260601-00245-1;2026-06-01 14:53:38;C024343;S0332;P003340;2;53,16;0,00;EUR;BE;CARD;DELIVERED;36 place de l'Église, 2000 Anvers
ORD-20260601-00246;ORD-20260601-00246-1;2026-06-01 12:26:23;C022807;S0196;P001465;1;238,79;35,82;EUR;ES;GIFTCARD; DELIVERED ;61 rue Victor Hugo, 08001 Barcelone
ORD-20260601-00246;ORD-20260601-00246-2;2026-06-01 12:26:23;C022807;S0193;P007304;2;94,90;0,00;EUR;ES;GIFTCARD;Delivered;61 rue Victor Hugo, 08001 Barcelone
ORD-20260601-00247;ORD-20260601-00247-1;2026-06-01 12:25:30;C001158;S0183;P005034;1;13,98;2,10;EUR;FR;CARD;DELIVERED;67 rue de la République, 35000 Rennes
ORD-20260601-00248;ORD-20260601-00248-1;2026-06-01 16:00:21;C023428;S0179;P005077;2;38,26;0,00;EUR;IT;TRANSFER;delivered;70 allée des Peupliers, 00184 Rome
ORD-20260601-00248;ORD-20260601-00248-2;2026-06-01 16:00:21;C023428;S0277;P006053;1;126,70;6,34;EUR;IT;TRANSFER;DELIVERED;70 allée des Peupliers, 00184 Rome
ORD-20260601-00248;ORD-20260601-00248-3;2026-06-01 16:00:21;C023428;S0141;P006463;1;171,20;25,68;EUR;IT;TRANSFER;Delivered;70 allée des Peupliers, 00184 Rome
ORD-20260601-00249;ORD-20260601-00249-1;2026-06-01 11:39:34;C007908;S0234;P000709;1;13,49;0,67;EUR;FR;CARD;CANCELLED;47 rue de la République, 75011 Paris
ORD-20260601-00249;ORD-20260601-00249-2;2026-06-01 11:39:34;C007908;S0149;P006843;1;12,36;0,00;EUR;FR;CARD; CANCELLED ;47 rue de la République, 75011 Paris
ORD-20260601-00250;ORD-20260601-00250-1;2026-06-01 14:43:45;C017362;S0071;P004413;1;144,27;14,43;EUR;IT;CARD;shipped;171 chemin des Vignes, 20121 Milan
ORD-20260601-00250;ORD-20260601-00250-2;2026-06-01 14:43:45;C017362;S0575;P000440;1;63,06;0,00;EUR;IT;CARD;SHIPPED;171 chemin des Vignes, 20121 Milan
ORD-20260601-00250;ORD-20260601-00250-3;2026-06-01 14:43:45;C017362;S0241;P007073;1;22,33;3,35;EUR;IT;CARD;SHIPPED;171 chemin des Vignes, 20121 Milan
ORD-20260601-00250;ORD-20260601-00250-4;2026-06-01 14:43:45;C017362;S0004;P000826;2;16,73;0,00;EUR;IT;CARD;SHIPPED;171 chemin des Vignes, 20121 Milan
ORD-20260601-00250;ORD-20260601-00250-5;2026-06-01 14:43:45;C017362;S0120;P000963;1;4,32;0,65;EUR;IT;CARD;Shipped;171 chemin des Vignes, 20121 Milan
ORD-20260601-00251;ORD-20260601-00251-1;2026-06-01 11:57:38;C016918;S0060;P001725;2;46,00;0,00;EUR;DE;CARD;DELIVERED;145 cours Gambetta, 20095 Hambourg
ORD-20260601-00251;ORD-20260601-00251-2;2026-06-01 11:57:38;C016918;S0352;P001540;1;30,91;0,00;EUR;DE;CARD; DELIVERED ;145 cours Gambetta, 20095 Hambourg
ORD-20260601-00252;ORD-20260601-00252-1;2026-06-01 08:32:22;C010036;S0304;P006529;1;65,64;0,00;EUR;FR;CARD;DELIVERED;135 impasse du Moulin, 75011 Paris
ORD-20260601-00252;ORD-20260601-00252-2;2026-06-01 08:32:22;C010036;S0517;P001688;2;18,75;0,00;EUR;FR;CARD;DELIVERED;135 impasse du Moulin, 75011 Paris
ORD-20260601-00252;ORD-20260601-00252-3;2026-06-01 08:32:22;C010036;S0495;P007922;2;6,92;2,08;EUR;FR;CARD;delivered;135 impasse du Moulin, 75011 Paris
ORD-20260601-00252;ORD-20260601-00252-4;2026-06-01 08:32:22;C010036;S0472;P002581;1;74,36;7,44;EUR;FR;CARD;DELIVERED;135 impasse du Moulin, 75011 Paris
ORD-20260601-00253;ORD-20260601-00253-1;2026-06-01 17:26:59;C018055;S0142;P003844;1;49,91;7,49;EUR;FR;APPLEPAY;DELIVERED;163 allée des Peupliers, 44000 Nantes
ORD-20260601-00254;ORD-20260601-00254-1;2026-06-01 09:37:16;C014407;S0036;P004544;2;126,72;12,67;EUR;DE;PAYPAL;shipped;115 rue Victor Hugo, 80331 Munich
ORD-20260601-00255;ORD-20260601-00255-1;2026-06-01 17:32:52;C012029;S0474;P003785;1;49,90;0,00;EUR;ES;CARD;delivered;138 rue de la République, 46001 Valence
ORD-20260601-00256;ORD-20260601-00256-1;2026-06-01 16:14:35;C001723;S0515;P002846;1;20,24;0,00;EUR;IT;PAYPAL;cancelled;29 place de l'Église, 20121 Milan
ORD-20260601-00257;ORD-20260601-00257-1;2026-06-01 03:23:43;C013213;S0205;P006651;1;73,49;0,00;EUR;FR;CARD;delivered;17 chemin des Vignes, 33000 Bordeaux
ORD-20260601-00257;ORD-20260601-00257-2;2026-06-01 03:23:43;C013213;S0108;P004579;1;17,68;0,00;EUR;FR;CARD;DELIVERED;17 chemin des Vignes, 33000 Bordeaux
ORD-20260601-00257;ORD-20260601-00257-3;2026-06-01 03:23:43;C013213;S0253;P004068;1;39,94;0,00;EUR;FR;CARD;delivered;17 chemin des Vignes, 33000 Bordeaux
ORD-20260601-00257;ORD-20260601-00257-4;2026-06-01 03:23:43;C013213;S0081;P004449;1;212,20;21,22;EUR;FR;CARD;delivered;17 chemin des Vignes, 33000 Bordeaux
ORD-20260601-00257;ORD-20260601-00257-5;2026-06-01 03:23:43;C013213;S0463;P001700;2;104,26;0,00;EUR;FR;CARD;DELIVERED;17 chemin des Vignes, 33000 Bordeaux
ORD-20260601-00258;ORD-20260601-00258-1;2026-06-01 16:25:23;C008425;S0137;P006952;2;29,31;0,00;EUR;DE;PAYPAL;DELIVERED;121 boulevard Saint-Michel, 80331 Munich
ORD-20260601-00258;ORD-20260601-00258-2;2026-06-01 16:25:23;C008425;S0475;P007888;3;82,13;0,00;EUR;DE;PAYPAL;DELIVERED;121 boulevard Saint-Michel, 80331 Munich
ORD-20260601-00258;ORD-20260601-00258-3;2026-06-01 16:25:23;C008425;S0423;P001553;1;49,07;7,36;EUR;DE;PAYPAL;DELIVERED;121 boulevard Saint-Michel, 80331 Munich
ORD-20260601-00259;ORD-20260601-00259-1;2026-06-01 13:31:41;C004732;S0265;P005997;3;53,87;16,16;EUR;FR;CARD;DELIVERED;143 quai des Chartrons, 31000 Toulouse
ORD-20260601-00259;ORD-20260601-00259-2;2026-06-01 13:31:41;C004732;S0180;P000664;1;117,82;11,78;EUR;FR;CARD;DELIVERED;143 quai des Chartrons, 31000 Toulouse
ORD-20260601-00259;ORD-20260601-00259-3;2026-06-01 13:31:41;C004732;S0236;P003713;1;37,47;0,00;EUR;FR;CARD;DELIVERED;143 quai des Chartrons, 31000 Toulouse
ORD-20260601-00260;ORD-20260601-00260-1;2026-06-01 19:41:45;C011286;S0589;P000469;1;60,06;6,01;EUR;IT;CARD;DELIVERED;43 place de l'Église, 00184 Rome
ORD-20260601-00260;ORD-20260601-00260-2;2026-06-01 19:41:45;C011286;S0420;P005074;2;119,87;0,00;EUR;IT;CARD;DELIVERED;43 place de l'Église, 00184 Rome
ORD-20260601-00260;ORD-20260601-00260-3;2026-06-01 19:41:45;C011286;S0083;P004001;1;22,72;0,00;EUR;IT;CARD;DELIVERED;43 place de l'Église, 00184 Rome
ORD-20260601-00260;ORD-20260601-00260-4;2026-06-01 19:41:45;C011286;S0207;P006504;1;39,77;5,97;EUR;IT;CARD;delivered;43 place de l'Église, 00184 Rome
ORD-20260601-00261;ORD-20260601-00261-1;2026-06-01 10:19:23;C021210;S0055;P007604;1;27,67;0,00;EUR;IT;CARD;CANCELLED;46 quai des Chartrons, 00184 Rome
ORD-20260601-00261;ORD-20260601-00261-2;2026-06-01 10:19:23;C021210;S0529;P005076;1;12,35;0,00;EUR;IT;CARD;CANCELLED;46 quai des Chartrons, 00184 Rome
ORD-20260601-00262;ORD-20260601-00262-1;2026-06-01 11:40:29;C006520;S0578;P003306;2;72,72;0,00;EUR;BE;PAYPAL;shipped;32 allée des Peupliers, 4000 Liège
ORD-20260601-00262;ORD-20260601-00262-2;2026-06-01 11:40:29;C006520;S0133;P001686;1;81,88;12,28;EUR;BE;PAYPAL;SHIPPED;32 allée des Peupliers, 4000 Liège
ORD-20260601-00263;ORD-20260601-00263-1;2026-06-01 16:18:53;C013979;S0264;P006923;2;15,44;0,00;EUR;FR;CARD;delivered;47 avenue des Tilleuls, 33000 Bordeaux
ORD-20260601-00264;ORD-20260601-00264-1;2026-06-01 12:42:02;C018968;S0019;P003845;2;84,11;0,00;EUR;DE;APPLEPAY;CANCELLED;60 allée des Peupliers, 80331 Munich
ORD-20260601-00264;ORD-20260601-00264-2;2026-06-01 12:42:02;C018968;S0295;P006481;1;15,47;0,00;EUR;DE;APPLEPAY;Cancelled;60 allée des Peupliers, 80331 Munich
ORD-20260601-00264;ORD-20260601-00264-3;2026-06-01 12:42:02;C018968;S0253;P000608;2;57,04;0,00;EUR;DE;APPLEPAY;CANCELLED;60 allée des Peupliers, 80331 Munich
ORD-20260601-00264;ORD-20260601-00264-4;2026-06-01 12:42:02;C018968;S0027;P002939;1;174,60;8,73;EUR;DE;APPLEPAY;CANCELLED;60 allée des Peupliers, 80331 Munich
ORD-20260601-00265;ORD-20260601-00265-1;2026-06-01 10:13:41;C014016;S0183;P002169;1;50,33;0,00;EUR;BE;PAYPAL;DELIVERED;67 rue Victor Hugo, 4000 Liège
ORD-20260601-00265;ORD-20260601-00265-2;2026-06-01 10:13:41;C014016;S0398;P004844;1;16,05;2,41;EUR;BE;PAYPAL;DELIVERED;67 rue Victor Hugo, 4000 Liège
ORD-20260601-00265;ORD-20260601-00265-3;2026-06-01 10:13:41;C014016;S0174;P003699;1;107,92;0,00;EUR;BE;PAYPAL; DELIVERED ;67 rue Victor Hugo, 4000 Liège
ORD-20260601-00266;ORD-20260601-00266-1;2026-06-01 21:07:39;C015882;S0424;P007530;1;69,41;10,41;EUR;FR;CARD;delivered;125 impasse du Moulin, 31000 Toulouse
ORD-20260601-00266;ORD-20260601-00266-2;2026-06-01 21:07:39;C015882;S0301;P006049;1;12,63;1,89;EUR;FR;CARD;Delivered;125 impasse du Moulin, 31000 Toulouse
ORD-20260601-00266;ORD-20260601-00266-3;2026-06-01 21:07:39;C015882;S0349;P004923;1;139,30;0,00;EUR;FR;CARD;DELIVERED;125 impasse du Moulin, 31000 Toulouse
ORD-20260601-00267;ORD-20260601-00267-1;2026-06-01 14:33:22;C002170;S0236;P003096;1;128,67;6,43;EUR;FR;PAYPAL;DELIVERED;103 avenue des Tilleuls, 67000 Strasbourg
ORD-20260601-00267;ORD-20260601-00267-2;2026-06-01 14:33:22;C002170;S0520;P004663;3;239,43;107,74;EUR;FR;PAYPAL;DELIVERED;103 avenue des Tilleuls, 67000 Strasbourg
ORD-20260601-00268;ORD-20260601-00268-1;2026-06-01 21:17:41;C010245;S0071;P005619;2;71,88;21,56;EUR;IT;CARD;RETURNED;151 allée des Peupliers, 20121 Milan
ORD-20260601-00268;ORD-20260601-00268-2;2026-06-01 21:17:41;C010245;S0048;P005230;1;27,72;0,00;EUR;IT;CARD;RETURNED;151 allée des Peupliers, 20121 Milan
ORD-20260601-00269;ORD-20260601-00269-1;2026-06-01 17:16:59;C015575;S0328;P006061;1;237,80;0,00;EUR;ES;PAYPAL;DELIVERED;112 chemin des Vignes, 08001 Barcelone
ORD-20260601-00269;ORD-20260601-00269-2;2026-06-01 17:16:59;C015575;S0379;P003917;1;65,96;6,60;EUR;ES;PAYPAL; DELIVERED ;112 chemin des Vignes, 08001 Barcelone
ORD-20260601-00270;ORD-20260601-00270-1;2026-06-01 21:18:59;C021132;S0394;P005018;3;57,22;17,17;EUR;ES;CARD;DELIVERED;70 chemin des Vignes, 28001 Madrid
ORD-20260601-00271;ORD-20260601-00271-1;2026-06-01 16:09:08;C009698;S0293;P003345;2;96,25;0,00;EUR;BE;CARD;DELIVERED;168 boulevard Saint-Michel, 4000 Liège
ORD-20260601-00271;ORD-20260601-00271-2;2026-06-01 16:09:08;C009698;S0017;P003297;1;12,58;0,00;EUR;BE;CARD;delivered;168 boulevard Saint-Michel, 4000 Liège
ORD-20260601-00271;ORD-20260601-00271-3;2026-06-01 16:09:08;C009698;S0370;P001960;1;60,23;6,02;EUR;BE;CARD;DELIVERED;168 boulevard Saint-Michel, 4000 Liège
ORD-20260601-00272;ORD-20260601-00272-1;2026-06-01 15:43:31;C018815;S0063;P001438;1;155,43;7,77;EUR;IT;CARD;DELIVERED;49 place de l'Église, 20121 Milan
ORD-20260601-00272;ORD-20260601-00272-2;2026-06-01 15:43:31;C018815;S0527;P003445;1;18,31;0,00;EUR;IT;CARD;DELIVERED;49 place de l'Église, 20121 Milan
ORD-20260601-00273;ORD-20260601-00273-1;2026-06-01 12:07:43;C014109;S0465;P002937;3;56,89;0,00;EUR;FR;CARD;RETURNED;37 route de Bordeaux, 35000 Rennes
ORD-20260601-00274;ORD-20260601-00274-1;2026-06-01 14:54:39;C015729;S0461;P000325;1;83,55;0,00;EUR;FR;CARD;delivered;171 allée des Peupliers, 59000 Lille
ORD-20260601-00274;ORD-20260601-00274-2;2026-06-01 14:54:39;C015729;S0167;P003783;1;174,00;8,70;EUR;FR;CARD;DELIVERED;171 allée des Peupliers, 59000 Lille
ORD-20260601-00275;ORD-20260601-00275-1;2026-06-01 19:19:28;C012763;S0233;P003178;2;58,61;11,72;EUR;ES;CARD;Delivered;103 cours Gambetta, 28001 Madrid
ORD-20260601-00275;ORD-20260601-00275-2;2026-06-01 19:19:28;C012763;S0262;P002478;1;47,68;0,00;EUR;ES;CARD;DELIVERED;103 cours Gambetta, 28001 Madrid
ORD-20260601-00276;ORD-20260601-00276-1;2026-06-01 12:34:38;C002181;S0460;P005968;3;56,78;25,55;EUR;ES;CARD;DELIVERED;154 rue du Général Leclerc, 08001 Barcelone
ORD-20260601-00276;ORD-20260601-00276-2;2026-06-01 12:34:38;C002181;S0555;P007102;1;62,67;0,00;EUR;ES;CARD;DELIVERED;154 rue du Général Leclerc, 08001 Barcelone
ORD-20260601-00276;ORD-20260601-00276-3;2026-06-01 12:34:38;C002181;S0483;P000954;1;48,41;4,84;EUR;ES;CARD;DELIVERED;154 rue du Général Leclerc, 08001 Barcelone
ORD-20260601-00277;ORD-20260601-00277-1;2026-06-01 13:53:22;C012376;S0424;P000277;3;18,89;5,67;EUR;IT;CARD;DELIVERED;150 allée des Peupliers, 00184 Rome
ORD-20260601-00277;ORD-20260601-00277-2;2026-06-01 13:53:22;C012376;S0336;P003059;1;122,04;18,31;EUR;IT;CARD;delivered;150 allée des Peupliers, 00184 Rome
ORD-20260601-00277;ORD-20260601-00277-3;2026-06-01 13:53:22;C012376;S0336;P000458;1;147,47;14,75;EUR;IT;CARD;DELIVERED;150 allée des Peupliers, 00184 Rome
ORD-20260601-00277;ORD-20260601-00277-4;2026-06-01 13:53:22;C012376;S0532;P003183;2;88,06;0,00;EUR;IT;CARD;DELIVERED;150 allée des Peupliers, 00184 Rome
ORD-20260601-00277;ORD-20260601-00277-5;2026-06-01 13:53:22;C012376;S0093;P005377;1;13,92;0,00;EUR;IT;CARD;DELIVERED;150 allée des Peupliers, 00184 Rome
ORD-20260601-00278;ORD-20260601-00278-1;2026-06-01 12:52:48;C011447;S0196;P001102;1;166,35;16,64;EUR;IT;CARD;Shipped;1 rue du Général Leclerc, 00184 Rome
ORD-20260601-00279;ORD-20260601-00279-1;2026-06-01 16:28:12;C023233;S0254;P004913;1;71,29;10,69;EUR;FR;APPLEPAY;DELIVERED;78 chemin des Vignes, 31000 Toulouse
ORD-20260601-00279;ORD-20260601-00279-2;2026-06-01 16:28:12;C023233;S0504;P006128;1;58,48;5,85;EUR;FR;APPLEPAY;delivered;78 chemin des Vignes, 31000 Toulouse
ORD-20260601-00279;ORD-20260601-00279-3;2026-06-01 16:28:12;C023233;S0283;P007940;1;190,83;9,54;EUR;FR;APPLEPAY; DELIVERED ;78 chemin des Vignes, 31000 Toulouse
ORD-20260601-00280;ORD-20260601-00280-1;2026-06-01 18:15:56;C016193;S0348;P000658;1;20,52;1,03;EUR;BE;CARD;DELIVERED;173 allée des Peupliers, 1000 Bruxelles
ORD-20260601-00280;ORD-20260601-00280-2;2026-06-01 18:15:56;C016193;S0250;P003770;1;138,51;20,78;EUR;BE;CARD;DELIVERED;173 allée des Peupliers, 1000 Bruxelles
ORD-20260601-00281;ORD-20260601-00281-1;2026-06-01 14:48:25;C013055;S0570;P005794;1;234,73;0,00;EUR;NL;CARD;PENDING;36 place de l'Église, 1011 Amsterdam
ORD-20260601-00281;ORD-20260601-00281-2;2026-06-01 14:48:25;C013055;S0435;P000294;1;13,31;0,00;EUR;NL;CARD;PENDING;36 place de l'Église, 1011 Amsterdam
ORD-20260601-00282;ORD-20260601-00282-1;2026-06-01 16:17:46;C003669;S0315;P004960;1;149,90;14,99;EUR;FR;CARD; CANCELLED ;31 rue de la République, 75011 Paris
ORD-20260601-00282;ORD-20260601-00282-2;2026-06-01 16:17:46;C003669;S0458;P004354;2;50,73;10,15;EUR;FR;CARD;CANCELLED;31 rue de la République, 75011 Paris
ORD-20260601-00283;ORD-20260601-00283-1;2026-06-01 13:25:35;C008821;S0475;P002268;1;28,29;0,00;EUR;FR;PAYPAL;DELIVERED;129 rue de la République, 33000 Bordeaux
ORD-20260601-00283;ORD-20260601-00283-2;2026-06-01 13:25:35;C008821;S0353;P001523;1;23,46;0,00;EUR;FR;PAYPAL;DELIVERED;129 rue de la République, 33000 Bordeaux
ORD-20260601-00284;ORD-20260601-00284-1;2026-06-01 06:53:11;C003588;S0140;P000633;1;48,62;0,00;EUR;DE;PAYPAL;RETURNED;119 place de l'Église, 20095 Hambourg
ORD-20260601-00285;ORD-20260601-00285-1;2026-06-01 11:24:50;C024350;S0007;P001772;1;73,59;0,00;EUR;FR;CARD;DELIVERED;175 impasse du Moulin, 67000 Strasbourg
ORD-20260601-00285;ORD-20260601-00285-2;2026-06-01 11:24:50;C024350;S0404;P007770;2;266,79;26,68;EUR;FR;CARD;DELIVERED;175 impasse du Moulin, 67000 Strasbourg
ORD-20260601-00286;ORD-20260601-00286-1;2026-06-01 16:10:49;C024469;S0147;P005568;1;97,09;4,85;EUR;FR;TRANSFER;CANCELLED;75 impasse du Moulin, 75011 Paris
ORD-20260601-00286;ORD-20260601-00286-2;2026-06-01 16:10:49;C024469;S0160;P006349;2;53,79;5,38;EUR;FR;TRANSFER;CANCELLED;75 impasse du Moulin, 75011 Paris
ORD-20260601-00287;ORD-20260601-00287-1;2026-06-01 11:02:14;C006167;S0219;P005098;1;87,13;0,00;EUR;FR;CARD;Delivered;133 rue du Général Leclerc, 44000 Nantes
ORD-20260601-00288;ORD-20260601-00288-1;2026-06-01 13:16:37;C007812;S0106;P000518;1;78,48;3,92;EUR;FR;CARD;DELIVERED;10 avenue des Tilleuls, 75011 Paris
ORD-20260601-00288;ORD-20260601-00288-2;2026-06-01 13:16:37;C007812;S0455;P004433;1;183,57;0,00;EUR;FR;CARD;DELIVERED;10 avenue des Tilleuls, 75011 Paris
ORD-20260601-00288;ORD-20260601-00288-3;2026-06-01 13:16:37;C007812;S0408;P002063;1;37,33;5,60;EUR;FR;CARD;DELIVERED;10 avenue des Tilleuls, 75011 Paris
ORD-20260601-00289;ORD-20260601-00289-1;2026-06-01 19:02:20;C024183;S0335;P007565;1;76,80;11,52;EUR;NL;CARD;DELIVERED;106 impasse du Moulin, 1011 Amsterdam
ORD-20260601-00290;ORD-20260601-00290-1;2026-06-01 22:22:22;C000977;S0269;P006434;1;24,98;0,00;EUR;BE;CARD;DELIVERED;71 place de l'Église, 1000 Bruxelles
ORD-20260601-00290;ORD-20260601-00290-2;2026-06-01 22:22:22;C000977;S0269;P006789;1;62,49;9,37;EUR;BE;CARD;DELIVERED;71 place de l'Église, 1000 Bruxelles
ORD-20260601-00291;ORD-20260601-00291-1;2026-06-01 18:32:33;C018184;S0237;P004217;2;4,19;0,84;EUR;BE;PAYPAL;DELIVERED;160 rue Victor Hugo, 4000 Liège
ORD-20260601-00292;ORD-20260601-00292-1;2026-06-01 18:50:29;C019009;S0326;P007193;1;180,31;0,00;EUR;FR;CARD;DELIVERED;157 cours Gambetta, 69003 Lyon
ORD-20260601-00293;ORD-20260601-00293-1;2026-06-01 19:40:09;C016290;S0552;P006914;3;64,61;9,69;EUR;BE;CARD;DELIVERED;59 boulevard Saint-Michel, 1000 Bruxelles
ORD-20260601-00294;ORD-20260601-00294-1;2026-06-01 12:50:06;C002012;S0046;P006649;1;67,51;6,75;EUR;DE;PAYPAL;DELIVERED;88 place de l'Église, 20095 Hambourg
ORD-20260601-00294;ORD-20260601-00294-2;2026-06-01 12:50:06;C002012;S0051;P000916;1;258,11;25,81;EUR;DE;PAYPAL;DELIVERED;88 place de l'Église, 20095 Hambourg
ORD-20260601-00295;ORD-20260601-00295-1;2026-06-01 10:31:34;C010808;S0180;P005523;1;122,03;18,30;EUR;FR;APPLEPAY;RETURNED;45 allée des Peupliers; Batiment C; 31000 Toulouse
ORD-20260601-00296;ORD-20260601-00296-1;2026-06-01 15:43:08;C016050;S0419;P003951;1;83,46;8,35;EUR;FR;CARD;DELIVERED;84 boulevard Saint-Michel, 75011 Paris
ORD-20260601-00296;ORD-20260601-00296-2;2026-06-01 15:43:08;C016050;S0071;P001126;1;25,48;1,27;EUR;FR;CARD;Delivered;84 boulevard Saint-Michel, 75011 Paris
ORD-20260601-00297;ORD-20260601-00297-1;2026-06-01 13:57:44;C005753;S0475;P001779;1;84,47;12,67;EUR;DE;PAYPAL; DELIVERED ;64 avenue des Tilleuls, 80331 Munich
ORD-20260601-00297;ORD-20260601-00297-2;2026-06-01 13:57:44;C005753;S0490;P001335;1;44,78;0,00;EUR;DE;PAYPAL; DELIVERED ;64 avenue des Tilleuls, 80331 Munich
ORD-20260601-00298;ORD-20260601-00298-1;2026-06-01 15:16:35;C020388;S0571;P003391;3;75,95;0,00;EUR;ES;PAYPAL;shipped;141 place de l'Église, 28001 Madrid
ORD-20260601-00298;ORD-20260601-00298-2;2026-06-01 15:16:35;C020388;S0106;P003872;1;66,92;10,04;EUR;ES;PAYPAL;SHIPPED;141 place de l'Église, 28001 Madrid
ORD-20260601-00298;ORD-20260601-00298-3;2026-06-01 15:16:35;C020388;S0356;P001992;1;71,38;7,14;EUR;ES;PAYPAL;shipped;141 place de l'Église, 28001 Madrid
ORD-20260601-00299;ORD-20260601-00299-1;2026-06-01 12:57:46;C008213;S0428;P001699;2;20,02;2,00;EUR;FR;TRANSFER; DELIVERED ;88 chemin des Vignes, 59000 Lille
ORD-20260601-00299;ORD-20260601-00299-2;2026-06-01 12:57:46;C008213;S0479;P007462;1;78,64;3,93;EUR;FR;TRANSFER;delivered;88 chemin des Vignes, 59000 Lille
ORD-20260601-00300;ORD-20260601-00300-1;2026-06-01 20:54:51;C013093;S0568;P001475;1;69,30;6,93;EUR;IT;CARD;DELIVERED;110 quai des Chartrons, 00184 Rome
ORD-20260601-00301;ORD-20260601-00301-1;2026-06-01 13:42:33;C007253;S0547;P006864;1;33,80;0,00;EUR;FR;CARD;DELIVERED;139 allée des Peupliers, 69003 Lyon
ORD-20260601-00301;ORD-20260601-00301-2;2026-06-01 13:42:33;C007253;S0365;P000499;3;63,86;28,74;EUR;FR;CARD;Delivered;139 allée des Peupliers, 69003 Lyon
ORD-20260601-00301;ORD-20260601-00301-3;2026-06-01 13:42:33;C007253;S0473;P006250;1;210,16;31,52;EUR;FR;CARD;Delivered;139 allée des Peupliers, 69003 Lyon
ORD-20260601-00302;ORD-20260601-00302-1;2026-06-01 09:03:07;C002787;S0595;P001125;3;102,33;30,70;EUR;FR;CARD;PENDING;152 allée des Peupliers, 31000 Toulouse
ORD-20260601-00302;ORD-20260601-00302-2;2026-06-01 09:03:07;C002787;S0287;P001603;1;72,36;7,24;EUR;FR;CARD;PENDING;152 allée des Peupliers, 31000 Toulouse
ORD-20260601-00302;ORD-20260601-00302-3;2026-06-01 09:03:07;C002787;S0108;P007211;3;107,12;0,00;EUR;FR;CARD;PENDING;152 allée des Peupliers, 31000 Toulouse
ORD-20260601-00302;ORD-20260601-00302-4;2026-06-01 09:03:07;C002787;S0595;P002935;1;61,89;6,19;EUR;FR;CARD; PENDING ;152 allée des Peupliers, 31000 Toulouse
ORD-20260601-00302;ORD-20260601-00302-5;2026-06-01 09:03:07;C002787;S0157;P004978;1;54,22;0,00;EUR;FR;CARD;PENDING;152 allée des Peupliers, 31000 Toulouse
ORD-20260601-00303;ORD-20260601-00303-1;2026-06-01 13:33:45;C011382;S0074;P005055;1;28,98;0,00;EUR;FR;TRANSFER;DELIVERED;74 boulevard Saint-Michel, 69003 Lyon
ORD-20260601-00303;ORD-20260601-00303-2;2026-06-01 13:33:45;C011382;S0187;P003628;1;12,70;0,00;EUR;FR;TRANSFER; DELIVERED ;74 boulevard Saint-Michel, 69003 Lyon
ORD-20260601-00303;ORD-20260601-00303-3;2026-06-01 13:33:45;C011382;S0146;P004037;1;14,13;0,00;EUR;FR;TRANSFER;DELIVERED;74 boulevard Saint-Michel, 69003 Lyon
ORD-20260601-00304;ORD-20260601-00304-1;2026-06-01 17:23:49;C002106;S0115;P004893;1;48,65;0,00;EUR;BE;TRANSFER;cancelled;57 cours Gambetta, 1000 Bruxelles
ORD-20260601-00305;ORD-20260601-00305-1;2026-06-01 09:33:10;C009633;S0094;P004707;1;61,68;3,08;EUR;ES;CARD;delivered;78 rue du Général Leclerc, 46001 Valence
ORD-20260601-00306;ORD-20260601-00306-1;2026-06-01 13:19:28;C009343;S0425;P004896;1;53,73;2,69;EUR;ES;CARD;Delivered;118 rue Victor Hugo, 28001 Madrid
ORD-20260601-00306;ORD-20260601-00306-2;2026-06-01 13:19:28;C009343;S0260;P001905;1;78,16;3,91;EUR;ES;CARD;DELIVERED;118 rue Victor Hugo, 28001 Madrid
ORD-20260601-00307;ORD-20260601-00307-1;2026-06-01 19:56:19;C017901;S0525;P002202;1;37,12;5,57;EUR;ES;CARD;CANCELLED;79 avenue des Tilleuls, 28001 Madrid
ORD-20260601-00307;ORD-20260601-00307-1;2026-06-01 19:56:19;C017901;S0525;P002202;1;37,12;5,57;EUR;ES;CARD;CANCELLED;79 avenue des Tilleuls, 28001 Madrid
ORD-20260601-00307;ORD-20260601-00307-2;2026-06-01 19:56:19;C017901;S0120;P004779;2;34,90;0,00;EUR;ES;CARD;CANCELLED;79 avenue des Tilleuls, 28001 Madrid
ORD-20260601-00307;ORD-20260601-00307-3;2026-06-01 19:56:19;C017901;S0181;P000008;3;42,32;6,35;EUR;ES;CARD;CANCELLED;79 avenue des Tilleuls, 28001 Madrid
ORD-20260601-00308;ORD-20260601-00308-1;2026-06-01 16:27:05;C014393;S0182;P000198;1;87,19;0,00;EUR;ES;CARD;delivered;65 rue de la République, 08001 Barcelone
ORD-20260601-00308;ORD-20260601-00308-2;2026-06-01 16:27:05;C014393;S0066;P003641;1;167,47;0,00;EUR;ES;CARD;DELIVERED;65 rue de la République, 08001 Barcelone
ORD-20260601-00309;ORD-20260601-00309-1;2026-06-01 10:41:20;C014969;S0021;P005939;4;85,72;0,00;EUR;BE;CARD;Delivered;32 impasse du Moulin, 4000 Liège
ORD-20260601-00310;ORD-20260601-00310-1;2026-06-01 11:17:35;C021517;S0025;P002891;2;44,54;13,36;EUR;DE;CARD; DELIVERED ;159 cours Gambetta, 10115 Berlin
ORD-20260601-00311;ORD-20260601-00311-1;2026-06-01 19:17:02;C001110;S0293;P005176;3;36,03;0,00;EUR;NL;CARD;DELIVERED;8 rue du Général Leclerc, 1011 Amsterdam
ORD-20260601-00312;ORD-20260601-00312-1;2026-06-01 09:28:02;C018081;S0542;P000243;2;85,03;0,00;EUR;FR;CARD;Delivered;61 impasse du Moulin, 59000 Lille
ORD-20260601-00312;ORD-20260601-00312-2;2026-06-01 09:28:02;C018081;S0172;P002147;2;84,83;0,00;EUR;FR;CARD;DELIVERED;61 impasse du Moulin, 59000 Lille
ORD-20260601-00312;ORD-20260601-00312-3;2026-06-01 09:28:02;C018081;S0564;P000576;1;19,56;2,93;EUR;FR;CARD;DELIVERED;61 impasse du Moulin, 59000 Lille
ORD-20260601-00312;ORD-20260601-00312-4;2026-06-01 09:28:02;C018081;S0327;P002802;1;31,71;3,17;EUR;FR;CARD; DELIVERED ;61 impasse du Moulin, 59000 Lille
ORD-20260601-00312;ORD-20260601-00312-5;2026-06-01 09:28:02;C018081;S0080;P006171;1;12,67;0,00;EUR;FR;CARD; DELIVERED ;61 impasse du Moulin, 59000 Lille
ORD-20260601-00313;ORD-20260601-00313-1;2026-06-01 18:34:54;C010361;S0313;P001614;1;26,32;1,32;EUR;FR;CARD;cancelled;176 place de l'Église, 33000 Bordeaux
ORD-20260601-00314;ORD-20260601-00314-1;2026-06-01 16:10:55;C013537;S0566;P002428;1;35,14;5,27;EUR;DE;APPLEPAY;PENDING;87 rue du Général Leclerc, 80331 Munich
ORD-20260601-00315;ORD-20260601-00315-1;2026-06-01 14:37:17;C009942;S0215;P002436;1;148,68;0,00;EUR;NL;CARD;CANCELLED;172 boulevard Saint-Michel, 1011 Amsterdam
ORD-20260601-00315;ORD-20260601-00315-2;2026-06-01 14:37:17;C009942;S0250;P001051;1;28,65;1,43;EUR;NL;CARD;Cancelled;172 boulevard Saint-Michel, 1011 Amsterdam
ORD-20260601-00316;ORD-20260601-00316-1;2026-06-01 12:23:03;C008089;S0397;P007093;1;25,17;0,00;EUR;ES;TRANSFER;DELIVERED;179 avenue des Tilleuls, 28001 Madrid
ORD-20260601-00316;ORD-20260601-00316-2;2026-06-01 12:23:03;C008089;S0161;P005627;1;7,74;0,39;EUR;ES;TRANSFER; DELIVERED ;179 avenue des Tilleuls, 28001 Madrid
ORD-20260601-00316;ORD-20260601-00316-3;2026-06-01 12:23:03;C008089;S0213;P000868;2;68,20;0,00;EUR;ES;TRANSFER;DELIVERED;179 avenue des Tilleuls, 28001 Madrid
ORD-20260601-00317;ORD-20260601-00317-1;2026-06-01 16:31:09;C009685;S0094;P002728;1;20,17;3,03;EUR;IT;CARD;DELIVERED;42 impasse du Moulin, 20121 Milan
ORD-20260601-00318;ORD-20260601-00318-1;2026-06-01 19:36:50;C018424;S0176;P006617;2;93,96;28,19;EUR;NL;CARD;DELIVERED;22 chemin des Vignes, 1011 Amsterdam
ORD-20260601-00319;ORD-20260601-00319-1;2026-06-01 18:04:32;C007159;S0086;P002423;1;77,30;0,00;EUR;BE;APPLEPAY;RETURNED;8 quai des Chartrons, 2000 Anvers
ORD-20260601-00319;ORD-20260601-00319-2;2026-06-01 18:04:32;C007159;S0041;P007695;1;64,79;6,48;EUR;BE;APPLEPAY;RETURNED;8 quai des Chartrons, 2000 Anvers
ORD-20260601-00320;ORD-20260601-00320-1;2026-06-01 17:00:02;C015683;S0539;P006887;1;71,93;0,00;EUR;FR;CARD;Delivered;131 impasse du Moulin, 35000 Rennes
ORD-20260601-00321;ORD-20260601-00321-1;2026-06-01 15:33:41;C015421;S0090;P002211;1;44,96;4,50;EUR;FR;TRANSFER;DELIVERED;15 avenue des Tilleuls, 69003 Lyon
ORD-20260601-00321;ORD-20260601-00321-2;2026-06-01 15:33:41;C015421;S0362;P001025;1;55,64;0,00;EUR;FR;TRANSFER;Delivered;15 avenue des Tilleuls, 69003 Lyon
ORD-20260601-00321;ORD-20260601-00321-3;2026-06-01 15:33:41;C015421;S0405;P006824;2;15,22;0,00;EUR;FR;TRANSFER;DELIVERED;15 avenue des Tilleuls, 69003 Lyon
ORD-20260601-00322;ORD-20260601-00322-1;2026-06-01 16:48:41;C001972;S0412;P004127;1;23,47;1,17;EUR;FR;CARD; DELIVERED ;127 quai des Chartrons, 31000 Toulouse
ORD-20260601-00323;ORD-20260601-00323-1;2026-06-01 15:44:11;C003782;S0193;P002865;2;93,84;9,38;EUR;BE;APPLEPAY; RETURNED ;122 avenue des Tilleuls, 4000 Liège
ORD-20260601-00323;ORD-20260601-00323-2;2026-06-01 15:44:11;C003782;S0552;P000427;1;82,78;0,00;EUR;BE;APPLEPAY;RETURNED;122 avenue des Tilleuls, 4000 Liège
ORD-20260601-00323;ORD-20260601-00323-3;2026-06-01 15:44:11;C003782;S0112;P003309;1;95,81;4,79;EUR;BE;APPLEPAY;RETURNED;122 avenue des Tilleuls, 4000 Liège
ORD-20260601-00324;ORD-20260601-00324-1;2026-06-01 17:21:51;C024036;S0398;P006210;2;60,43;6,04;EUR;FR;PAYPAL;DELIVERED;44 rue du Général Leclerc, 67000 Strasbourg
ORD-20260601-00324;ORD-20260601-00324-2;2026-06-01 17:21:51;C024036;S0230;P001374;3;57,90;17,37;EUR;FR;PAYPAL;delivered;44 rue du Général Leclerc, 67000 Strasbourg
ORD-20260601-00325;ORD-20260601-00325-1;2026-06-01 18:26:57;C012858;S0406;P003489;1;65,49;9,82;EUR;DE;CARD;SHIPPED;116 quai des Chartrons, 80331 Munich
ORD-20260601-00325;ORD-20260601-00325-2;2026-06-01 18:26:57;C012858;S0331;P001448;1;104,84;15,73;EUR;DE;CARD;Shipped;116 quai des Chartrons, 80331 Munich
ORD-20260601-00325;ORD-20260601-00325-3;2026-06-01 18:26:57;C012858;S0019;P003260;1;24,49;0,00;EUR;DE;CARD;shipped;116 quai des Chartrons, 80331 Munich
ORD-20260601-00326;ORD-20260601-00326-1;2026-06-01 15:00:00;C024345;S0041;P003140;1;34,27;0,00;EUR;FR;PAYPAL;Delivered;166 route de Bordeaux, 13008 Marseille
ORD-20260601-00326;ORD-20260601-00326-2;2026-06-01 15:00:00;C024345;S0378;P001625;1;76,46;3,82;EUR;FR;PAYPAL;DELIVERED;166 route de Bordeaux, 13008 Marseille
ORD-20260601-00326;ORD-20260601-00326-3;2026-06-01 15:00:00;C024345;S0072;P002059;1;86,29;0,00;EUR;FR;PAYPAL;Delivered;166 route de Bordeaux, 13008 Marseille
ORD-20260601-00326;ORD-20260601-00326-4;2026-06-01 15:00:00;C024345;S0199;P005493;3;23,18;0,00;EUR;FR;PAYPAL;DELIVERED;166 route de Bordeaux, 13008 Marseille
ORD-20260601-00326;ORD-20260601-00326-5;2026-06-01 15:00:00;C024345;S0329;P000282;1;172,26;0,00;EUR;FR;PAYPAL;DELIVERED;166 route de Bordeaux, 13008 Marseille
ORD-20260601-00327;ORD-20260601-00327-1;2026-06-01 16:08:40;C021133;S0133;P000985;1;110,04;0,00;EUR;FR;CARD;Returned;38 boulevard Saint-Michel, 44000 Nantes
ORD-20260601-00328;ORD-20260601-00328-1;2026-06-01 13:14:21;C022232;S0163;P005266;1;55,94;5,59;EUR;DE;CARD; CANCELLED ;147 rue Victor Hugo, 10115 Berlin
ORD-20260601-00328;ORD-20260601-00328-2;2026-06-01 13:14:21;C022232;S0359;P005749;1;80,85;0,00;EUR;DE;CARD;CANCELLED;147 rue Victor Hugo, 10115 Berlin
ORD-20260601-00328;ORD-20260601-00328-3;2026-06-01 13:14:21;C022232;S0064;P004406;1;54,13;5,41;EUR;DE;CARD;CANCELLED;147 rue Victor Hugo, 10115 Berlin
ORD-20260601-00328;ORD-20260601-00328-4;2026-06-01 13:14:21;C022232;S0481;P003026;1;79,32;0,00;EUR;DE;CARD;CANCELLED;147 rue Victor Hugo, 10115 Berlin
ORD-20260601-00329;ORD-20260601-00329-1;2026-06-01 12:11:56;C002512;S0435;P004795;1;74,11;3,71;EUR;IT;CARD;DELIVERED;34 rue du Général Leclerc, 00184 Rome
ORD-20260601-00329;ORD-20260601-00329-2;2026-06-01 12:11:56;C002512;S0028;P004722;2;95,61;28,68;EUR;IT;CARD;Delivered;34 rue du Général Leclerc, 00184 Rome
ORD-20260601-00330;ORD-20260601-00330-1;2026-06-01 16:20:30;C005943;S0269;P003855;4;26,74;5,35;EUR;FR;PAYPAL;delivered;27 avenue des Tilleuls, 59000 Lille
ORD-20260601-00331;ORD-20260601-00331-1;2026-06-01 16:43:03;C007819;S0223;P006308;1;62,14;0,00;EUR;ES;CARD; SHIPPED ;7 rue Victor Hugo, 08001 Barcelone
ORD-20260601-00331;ORD-20260601-00331-2;2026-06-01 16:43:03;C007819;S0283;P001428;1;76,76;11,51;EUR;ES;CARD;SHIPPED;7 rue Victor Hugo, 08001 Barcelone
ORD-20260601-00331;ORD-20260601-00331-3;2026-06-01 16:43:03;C007819;S0251;P997584;4;62,95;25,18;EUR;ES;CARD;shipped;7 rue Victor Hugo, 08001 Barcelone
ORD-20260601-00332;ORD-20260601-00332-1;2026-06-01 15:10:29;C018363;S0037;P000507;3;51,30;23,08;EUR;BE;CARD;DELIVERED;113 avenue des Tilleuls, 2000 Anvers
ORD-20260601-00333;ORD-20260601-00333-1;2026-06-01 14:57:16;C003341;S0248;P003823;3;74,72;11,21;EUR;NL;CARD;delivered;109 rue de la République, 1011 Amsterdam
ORD-20260601-00333;ORD-20260601-00333-2;2026-06-01 14:57:16;C003341;S0236;P005042;1;65,54;9,83;EUR;NL;CARD;DELIVERED;109 rue de la République, 1011 Amsterdam
ORD-20260601-00334;ORD-20260601-00334-1;2026-06-01 12:33:58;C020299;S0272;P002945;1;148,42;0,00;EUR;IT;CARD;DELIVERED;23 avenue des Tilleuls, 00184 Rome
ORD-20260601-00334;ORD-20260601-00334-2;2026-06-01 12:33:58;C020299;S0440;P006207;2;214,26;21,43;EUR;IT;CARD;Delivered;23 avenue des Tilleuls, 00184 Rome
ORD-20260601-00335;ORD-20260601-00335-1;2026-06-01 15:29:00;C020999;S0566;P001931;3;37,06;0,00;EUR;ES;TRANSFER; DELIVERED ;20 quai des Chartrons, 46001 Valence
ORD-20260601-00335;ORD-20260601-00335-2;2026-06-01 15:29:00;C020999;S0219;P005098;1;91,75;13,76;EUR;ES;TRANSFER;delivered;20 quai des Chartrons, 46001 Valence
ORD-20260601-00336;ORD-20260601-00336-1;2026-06-01 14:47:27;C013357;S0406;P000989;1;11,99;1,20;EUR;FR;CARD;cancelled;126 impasse du Moulin, 59000 Lille
ORD-20260601-00336;ORD-20260601-00336-2;2026-06-01 14:47:27;C013357;S0509;P001862;1;64,27;0,00;EUR;FR;CARD;CANCELLED;126 impasse du Moulin, 59000 Lille
ORD-20260601-00336;ORD-20260601-00336-3;2026-06-01 14:47:27;C990370;S0302;P007741;2;21,58;4,32;EUR;FR;CARD;Cancelled;126 impasse du Moulin, 59000 Lille
ORD-20260601-00336;ORD-20260601-00336-4;2026-06-01 14:47:27;C013357;S0364;P003860;1;80,07;12,01;EUR;FR;CARD; CANCELLED ;126 impasse du Moulin, 59000 Lille
ORD-20260601-00337;ORD-20260601-00337-1;2026-06-01 15:02:12;C012285;S0200;P000220;4;80,31;32,12;EUR;FR;CARD;RETURNED;61 quai des Chartrons, 75011 Paris
ORD-20260601-00337;ORD-20260601-00337-2;2026-06-01 15:02:12;C012285;S0178;P002583;2;69,25;0,00;EUR;FR;CARD;RETURNED;61 quai des Chartrons, 75011 Paris
ORD-20260601-00338;ORD-20260601-00338-1;2026-06-01 15:33:35;C004138;S0259;P004268;1;46,75;2,34;EUR;IT;CARD;PENDING;149 rue du Général Leclerc, 20121 Milan
ORD-20260601-00338;ORD-20260601-00338-2;2026-06-01 15:33:35;C004138;S0283;P007941;3;61,07;27,48;EUR;IT;CARD;PENDING;149 rue du Général Leclerc, 20121 Milan
ORD-20260601-00339;ORD-20260601-00339-1;2026-06-01 21:07:52;C017544;S0026;P003938;2;74,65;7,47;EUR;FR;CARD;DELIVERED;51 rue du Général Leclerc, 35000 Rennes
ORD-20260601-00339;ORD-20260601-00339-2;2026-06-01 21:07:52;C017544;S0463;P006176;2;18,30;5,49;EUR;FR;CARD;delivered;51 rue du Général Leclerc, 35000 Rennes
ORD-20260601-00340;ORD-20260601-00340-1;2026-06-01 16:09:44;C012738;S0501;P007325;2;73,93;0,00;EUR;FR;CARD;CANCELLED;99 boulevard Saint-Michel, 75011 Paris
ORD-20260601-00341;ORD-20260601-00341-1;2026-06-01 11:07:30;C015994;S0567;P007374;1;130,00;6,50;EUR;ES;CARD;DELIVERED;69 impasse du Moulin, 46001 Valence
ORD-20260601-00342;ORD-20260601-00342-1;2026-06-01 11:01:33;C021761;S0435;P005580;1;22,47;2,25;EUR;FR;PAYPAL;DELIVERED;96 route de Bordeaux, 33000 Bordeaux
ORD-20260601-00342;ORD-20260601-00342-2;2026-06-01 11:01:33;C021761;S0373;P003926;1;58,71;0,00;EUR;FR;PAYPAL; DELIVERED ;96 route de Bordeaux, 33000 Bordeaux
ORD-20260601-00342;ORD-20260601-00342-3;2026-06-01 11:01:33;C021761;S0251;P001798;2;72,17;7,22;EUR;FR;PAYPAL;delivered;96 route de Bordeaux, 33000 Bordeaux
ORD-20260601-00342;ORD-20260601-00342-4;2026-06-01 11:01:33;C021761;S0409;P004832;1;54,40;0,00;EUR;FR;PAYPAL;DELIVERED;96 route de Bordeaux, 33000 Bordeaux
ORD-20260601-00342;ORD-20260601-00342-5;2026-06-01 11:01:33;C021761;S0308;P007655;3;54,25;16,28;EUR;FR;PAYPAL;DELIVERED;96 route de Bordeaux, 33000 Bordeaux
ORD-20260601-00343;ORD-20260601-00343-1;2026-06-01 10:43:05;C019303;S0461;P005492;1;76,99;3,85;EUR;IT;CARD;DELIVERED;149 rue Victor Hugo, 20121 Milan
ORD-20260601-00343;ORD-20260601-00343-2;2026-06-01 10:43:05;C019303;S0513;P002986;3;51,64;0,00;EUR;IT;CARD;DELIVERED;149 rue Victor Hugo, 20121 Milan
ORD-20260601-00343;ORD-20260601-00343-3;2026-06-01 10:43:05;C019303;S0261;P004507;3;35,09;0,00;EUR;IT;CARD;DELIVERED;149 rue Victor Hugo, 20121 Milan
ORD-20260601-00343;ORD-20260601-00343-4;2026-06-01 10:43:05;C019303;S0137;P005109;2;151,10;0,00;EUR;IT;CARD;DELIVERED;149 rue Victor Hugo, 20121 Milan
ORD-20260601-00343;ORD-20260601-00343-5;2026-06-01 10:43:05;C019303;S0041;P004300;4;212,56;42,51;EUR;IT;CARD;DELIVERED;149 rue Victor Hugo, 20121 Milan
ORD-20260601-00344;ORD-20260601-00344-1;2026-06-01 12:45:05;C003787;S0565;P000030;3; 34,80;15,66;EUR;FR;PAYPAL;Delivered;62 avenue des Tilleuls, 75011 Paris
ORD-20260601-00345;ORD-20260601-00345-1;2026-06-01 12:31:06;C015124;S0584;P005185;1;134,54;20,18;EUR;IT;TRANSFER;DELIVERED;48 place de l'Église, 20121 Milan
ORD-20260601-00345;ORD-20260601-00345-2;2026-06-01 12:31:06;C015124;S0600;P000927;1;38,89;3,89;EUR;IT;TRANSFER;DELIVERED;48 place de l'Église, 20121 Milan
ORD-20260601-00345;ORD-20260601-00345-3;2026-06-01 12:31:06;C015124;S0572;P005121;2;32,75;6,55;EUR;IT;TRANSFER;Delivered;48 place de l'Église, 20121 Milan
ORD-20260601-00345;ORD-20260601-00345-4;2026-06-01 12:31:06;C015124;S0352;P001540;1;36,24;0,00;EUR;IT;TRANSFER;DELIVERED;48 place de l'Église, 20121 Milan
ORD-20260601-00345;ORD-20260601-00345-5;2026-06-01 12:31:06;C015124;S0489;P004185;1;23,09;1,15;EUR;IT;TRANSFER;DELIVERED;48 place de l'Église, 20121 Milan
ORD-20260601-00346;ORD-20260601-00346-1;2026-06-01 16:35:47;C007080;S0147;P001577;1;64,91;3,25;EUR;IT;PAYPAL;DELIVERED;178 avenue des Tilleuls, 20121 Milan
ORD-20260601-00347;ORD-20260601-00347-1;2026-06-01 19:17:35;C021269;S0244;P006378;2;72,47;0,00;EUR;BE;CARD;DELIVERED;147 place de l'Église, 1000 Bruxelles
ORD-20260601-00348;ORD-20260601-00348-1;2026-06-01 14:25:07;C012874;S0532;P000380;1;118,33;0,00;EUR;ES;APPLEPAY;DELIVERED;102 cours Gambetta, 28001 Madrid
ORD-20260601-00348;ORD-20260601-00348-2;2026-06-01 14:25:07;C012874;S0398;P006743;1;116,95;0,00;EUR;ES;APPLEPAY; DELIVERED ;102 cours Gambetta, 28001 Madrid
ORD-20260601-00349;ORD-20260601-00349-1;2026-06-01 15:57:52;C023643;S0540;P001275;1;54,32;0,00;EUR;BE;CARD;SHIPPED;158 quai des Chartrons, 4000 Liège
ORD-20260601-00349;ORD-20260601-00349-2;2026-06-01 15:57:52;C023643;S0052;P002676;1;37,75;0,00;EUR;BE;CARD;shipped;158 quai des Chartrons, 4000 Liège
ORD-20260601-00349;ORD-20260601-00349-3;2026-06-01 15:57:52;C023643;S0561;P007728;1;142,82;21,42;EUR;BE;CARD;SHIPPED;158 quai des Chartrons, 4000 Liège
ORD-20260601-00349;ORD-20260601-00349-4;2026-06-01 15:57:52;C023643;S0198;P006951;2;60,30;0,00;EUR;BE;CARD; SHIPPED ;158 quai des Chartrons, 4000 Liège
ORD-20260601-00350;ORD-20260601-00350-1;2026-06-01 18:40:57;C009165;S0337;P004237;1;31,43;0,00;EUR;FR;PAYPAL;DELIVERED;78 impasse du Moulin, 35000 Rennes
ORD-20260601-00350;ORD-20260601-00350-2;2026-06-01 18:40:57;C009165;S0224;P007221;1;156,58;23,49;EUR;FR;PAYPAL; DELIVERED ;78 impasse du Moulin, 35000 Rennes
ORD-20260601-00351;ORD-20260601-00351-1;2026-06-01 14:08:02;C011007;S0435;P003812;3;34,24;15,41;EUR;FR;CARD;SHIPPED;104 cours Gambetta, 33000 Bordeaux
ORD-20260601-00352;ORD-20260601-00352-1;2026-06-01 11:39:42;C014980;S0415;P007672;1;5,34;0,00;EUR;FR;CARD;DELIVERED;149 rue du Général Leclerc, 75011 Paris
ORD-20260601-00353;ORD-20260601-00353-1;2026-06-01 13:42:39;C003822;S0468;P003632;1;23,97;2,40;EUR;FR;PAYPAL;DELIVERED;57 impasse du Moulin, 13008 Marseille
ORD-20260601-00354;ORD-20260601-00354-1;2026-06-01 18:19:34;C022138;S0132;P006769;1;24,23;0,00;EUR;FR;PAYPAL;RETURNED;129 chemin des Vignes, 67000 Strasbourg
ORD-20260601-00355;ORD-20260601-00355-1;2026-06-01 14:00:00;C024127;S0182;P003909;2;128,44;0,00;EUR;FR;CARD;DELIVERED;34 impasse du Moulin, 69003 Lyon
ORD-20260601-00355;ORD-20260601-00355-2;2026-06-01 14:00:00;C024127;S0243;P005125;2;58,73;0,00;EUR;FR;CARD;delivered;34 impasse du Moulin, 69003 Lyon
ORD-20260601-00355;ORD-20260601-00355-3;2026-06-01 14:00:00;C024127;S0301;P005007;2;68,78;20,63;EUR;FR;CARD;DELIVERED;34 impasse du Moulin, 69003 Lyon
ORD-20260601-00356;ORD-20260601-00356-1;2026-06-01 13:15:54;C022127;S0224;P002159;1;77,47;7,75;EUR;IT;CARD;RETURNED;64 boulevard Saint-Michel, 00184 Rome
ORD-20260601-00357;ORD-20260601-00357-1;2026-06-01 13:53:31;C005825;S0552;P002819;1;47,19;0,00;EUR;FR;CARD;DELIVERED;123 cours Gambetta, 31000 Toulouse
ORD-20260601-00357;ORD-20260601-00357-2;2026-06-01 13:53:31;C005825;S0263;P006509;1;162,69;24,40;EUR;FR;CARD;DELIVERED;123 cours Gambetta, 31000 Toulouse
ORD-20260601-00358;ORD-20260601-00358-1;2026-06-01 13:53:14;C014712;S0135;P006931;2;56,81;5,68;EUR;ES;TRANSFER;DELIVERED;113 place de l'Église, 28001 Madrid
ORD-20260601-00359;ORD-20260601-00359-1;2026-06-01 13:45:44;C020119;S0598;P000611;2;93,95;9,40;EUR;FR;CARD;SHIPPED;129 place de l'Église, 69003 Lyon
ORD-20260601-00360;ORD-20260601-00360-1;2026-06-01 13:35:55;C004621;S0109;P006486;1;52,01;5,20;EUR;FR;CARD;DELIVERED;101 chemin des Vignes, 35000 Rennes
ORD-20260601-00361;ORD-20260601-00361-1;2026-06-01 14:33:13;C000428;S0062;P002491;1;254,13;12,71;EUR;NL;CARD;SHIPPED;164 quai des Chartrons, 1011 Amsterdam
ORD-20260601-00362;ORD-20260601-00362-1;2026-06-01 13:47:59;C018181;S0566;P007582;2;78,13;0,00;EUR;FR;CARD;DELIVERED;141 rue du Général Leclerc, 33000 Bordeaux
ORD-20260601-00362;ORD-20260601-00362-2;2026-06-01 13:47:59;C018181;S0324;P004703;1;80,25;0,00;EUR;FR;CARD;DELIVERED;141 rue du Général Leclerc, 33000 Bordeaux
ORD-20260601-00362;ORD-20260601-00362-3;2026-06-01 13:47:59;C018181;S0391;P002439;1;63,11;0,00;EUR;FR;CARD;DELIVERED;141 rue du Général Leclerc, 33000 Bordeaux
ORD-20260601-00363;ORD-20260601-00363-1;2026-06-01 15:02:54;C015472;S0038;P000347;1;10,71;0,00;EUR;ES;CARD;DELIVERED;63 chemin des Vignes, 28001 Madrid
ORD-20260601-00363;ORD-20260601-00363-2;2026-06-01 15:02:54;C015472;S0261;P004507;1;41,59;2,08;EUR;ES;CARD;DELIVERED;63 chemin des Vignes, 28001 Madrid
ORD-20260601-00363;ORD-20260601-00363-3;2026-06-01 15:02:54;C015472;S0398;P003192;1;109,26;0,00;EUR;ES;CARD;DELIVERED;63 chemin des Vignes, 28001 Madrid
ORD-20260601-00363;ORD-20260601-00363-4;2026-06-01 15:02:54;C015472;S0420;P004444;1;48,42;4,84;EUR;ES;CARD;DELIVERED;63 chemin des Vignes, 28001 Madrid
ORD-20260601-00364;ORD-20260601-00364-1;2026-06-01 16:04:51;C012145;S0102;P001279;1;6,11;0,31;EUR;NL;CARD;delivered;41 cours Gambetta, 1011 Amsterdam
ORD-20260601-00365;ORD-20260601-00365-1;2026-06-01 14:14:26;C007809;S0230;P001827;1;43,13;0,00;EUR;DE;CARD;delivered;142 rue du Général Leclerc, 80331 Munich
ORD-20260601-00366;ORD-20260601-00366-1;2026-06-01 18:41:13;C020889;S0420;P005676;1;39,01;0,00;EUR;BE;CARD;DELIVERED;77 boulevard Saint-Michel, 1000 Bruxelles
ORD-20260601-00366;ORD-20260601-00366-2;2026-06-01 18:41:13;C020889;S0186;P007273;2;9,89;0,00;EUR;BE;CARD;delivered;77 boulevard Saint-Michel, 1000 Bruxelles
ORD-20260601-00366;ORD-20260601-00366-3;2026-06-01 18:41:13;C020889;S0247;P006742;1;53,28;0,00;EUR;BE;CARD; DELIVERED ;77 boulevard Saint-Michel, 1000 Bruxelles
ORD-20260601-00366;ORD-20260601-00366-4;2026-06-01 18:41:13;C020889;S0202;P003086;1;164,46;24,67;EUR;BE;CARD;Delivered;77 boulevard Saint-Michel, 1000 Bruxelles
ORD-20260601-00366;ORD-20260601-00366-5;2026-06-01 18:41:13;C020889;S0325;P001294;1;112,66;11,27;EUR;BE;CARD;DELIVERED;77 boulevard Saint-Michel, 1000 Bruxelles
ORD-20260601-00366;ORD-20260601-00366-5;2026-06-01 18:41:13;C020889;S0325;P001294;1;112,66;11,27;EUR;BE;CARD;DELIVERED;77 boulevard Saint-Michel, 1000 Bruxelles
ORD-20260601-00367;ORD-20260601-00367-1;2026-06-01 09:05:02;C007199;S0407;P996821;3;38,71;0,00;EUR;IT;CARD;SHIPPED;161 avenue des Tilleuls, 00184 Rome
ORD-20260601-00367;ORD-20260601-00367-2;2026-06-01 09:05:02;C007199;S0004;P004369;1;54,77;2,74;EUR;IT;CARD;shipped;161 avenue des Tilleuls, 00184 Rome
ORD-20260601-00367;ORD-20260601-00367-3;2026-06-01 09:05:02;C999827;S0581;P001194;1;68,13;10,22;EUR;IT;CARD;SHIPPED;161 avenue des Tilleuls, 00184 Rome
ORD-20260601-00367;ORD-20260601-00367-4;2026-06-01 09:05:02;C007199;S0277;P006053;1;146,74;0,00;EUR;IT;CARD;SHIPPED;161 avenue des Tilleuls, 00184 Rome
ORD-20260601-00368;ORD-20260601-00368-1;2026-06-01 16:25:25;C021868;S0463;P001013;3;210,95;0,00;EUR;BE;CARD;DELIVERED;84 route de Bordeaux, 2000 Anvers
ORD-20260601-00369;ORD-20260601-00369-1;2026-06-01 10:24:54;C024336;S0157;P006516;2;62,77;0,00;EUR;FR;CARD;DELIVERED;15 route de Bordeaux, 59000 Lille
ORD-20260601-00369;ORD-20260601-00369-2;2026-06-01 10:24:54;C024336;S0422;P005175;1;188,09;9,40;EUR;FR;CARD;delivered;15 route de Bordeaux, 59000 Lille
ORD-20260601-00370;ORD-20260601-00370-1;2026-06-01 18:06:21;C017316;S0281;P002208;1;21,40;2,14;EUR;IT;TRANSFER;DELIVERED;166 rue du Général Leclerc, 20121 Milan
ORD-20260601-00370;ORD-20260601-00370-2;2026-06-01 18:06:21;C017316;S0189;P007849;2;12,62;2,52;EUR;IT;TRANSFER; DELIVERED ;166 rue du Général Leclerc, 20121 Milan
ORD-20260601-00370;ORD-20260601-00370-3;2026-06-01 18:06:21;C017316;S0563;P002856;1;11,24;1,12;EUR;IT;TRANSFER;DELIVERED;166 rue du Général Leclerc, 20121 Milan
ORD-20260601-00371;ORD-20260601-00371-1;2026-06-01 14:03:29;C023292;S0280;P000770;1;51,62;2,58;EUR;FR;APPLEPAY;delivered;13 allée des Peupliers, 67000 Strasbourg
ORD-20260601-00372;ORD-20260601-00372-1;2026-06-01 16:42:18;C009569;S0447;P007351;1;206,37;30,96;EUR;BE;PAYPAL;DELIVERED;89 place de l'Église, 2000 Anvers
ORD-20260601-00372;ORD-20260601-00372-2;2026-06-01 16:42:18;C009569;S0255;P003930;1;14,49;2,17;EUR;BE;PAYPAL;DELIVERED;89 place de l'Église, 2000 Anvers
ORD-20260601-00372;ORD-20260601-00372-3;2026-06-01 16:42:18;C009569;S0323;P004234;1;79,83;11,97;EUR;BE;PAYPAL;DELIVERED;89 place de l'Église, 2000 Anvers
ORD-20260601-00373;ORD-20260601-00373-1;2026-06-01 20:14:21;C022083;S0286;P003570;1;63,64;0,00;EUR;IT;CARD; DELIVERED ;2 quai des Chartrons, 00184 Rome
ORD-20260601-00373;ORD-20260601-00373-2;2026-06-01 20:14:21;C022083;S0225;P004381;2;32,11;9,63;EUR;IT;CARD;DELIVERED;2 quai des Chartrons, 00184 Rome
ORD-20260601-00374;ORD-20260601-00374-1;2026-06-01 15:39:20;C013869;S0178;P004333;1;80,28;4,01;EUR;FR;PAYPAL;Delivered;41 cours Gambetta, 75011 Paris
ORD-20260601-00375;ORD-20260601-00375-1;2026-06-01 16:47:01;C002985;S0340;P006396;1;29,34;2,93;EUR;IT;PAYPAL;DELIVERED;173 quai des Chartrons, 00184 Rome
ORD-20260601-00376;ORD-20260601-00376-1;2026-06-01 07:02:28;C008588;S0575;P006467;2;273,59;54,72;EUR;DE;CARD;SHIPPED;111 place de l'Église, 20095 Hambourg
ORD-20260601-00376;ORD-20260601-00376-2;2026-06-01 07:02:28;C008588;S0094;P002327;1;64,73;6,47;EUR;DE;CARD;shipped;111 place de l'Église, 20095 Hambourg
ORD-20260601-00376;ORD-20260601-00376-3;2026-06-01 07:02:28;C008588;S0119;P004183;1;33,74;3,37;EUR;DE;CARD;SHIPPED;111 place de l'Église, 20095 Hambourg
ORD-20260601-00376;ORD-20260601-00376-4;2026-06-01 07:02:28;C008588;S0442;P000737;1;120,01;6,00;EUR;DE;CARD; SHIPPED ;111 place de l'Église, 20095 Hambourg
ORD-20260601-00377;ORD-20260601-00377-1;2026-06-01 17:19:39;C023215;S0453;P004638;1;97,72;0,00;EUR;FR;CARD;DELIVERED;22 quai des Chartrons, 69003 Lyon
ORD-20260601-00377;ORD-20260601-00377-2;2026-06-01 17:19:39;C023215;S0509;P007181;4;75,49;30,20;EUR;FR;CARD;DELIVERED;22 quai des Chartrons, 69003 Lyon
ORD-20260601-00378;ORD-20260601-00378-1;2026-06-01 23:45:43;C018572;S0513;P004706;1;169,70;0,00;EUR;FR;APPLEPAY;DELIVERED;142 rue du Général Leclerc, 69003 Lyon
ORD-20260601-00378;ORD-20260601-00378-2;2026-06-01 23:45:43;C018572;S0591;P003433;4;51,59;20,64;EUR;FR;APPLEPAY;DELIVERED;142 rue du Général Leclerc, 69003 Lyon
ORD-20260601-00379;ORD-20260601-00379-1;2026-06-01 12:57:37;C017879;S0583;P001311;4;252,55;0,00;EUR;FR;TRANSFER;DELIVERED;169 quai des Chartrons, 35000 Rennes
ORD-20260601-00379;ORD-20260601-00379-2;2026-06-01 12:57:37;C017879;S0428;P001019;2;53,54;0,00;EUR;FR;TRANSFER;Delivered;169 quai des Chartrons, 35000 Rennes
ORD-20260601-00380;ORD-20260601-00380-1;2026-06-01 16:36:43;C013236;S0103;P000901;1;22,94;0,00;EUR;IT;GIFTCARD;DELIVERED;133 rue de la République, 20121 Milan
ORD-20260601-00381;ORD-20260601-00381-1;2026-06-01 17:05:53;C024353;S0512;P000872;3;142,89;42,87;EUR;DE;CARD;DELIVERED;104 rue du Général Leclerc, 20095 Hambourg
ORD-20260601-00381;ORD-20260601-00381-2;2026-06-01 17:05:53;C024353;S0516;P007198;4;79,78;15,96;EUR;DE;CARD;DELIVERED;104 rue du Général Leclerc, 20095 Hambourg
ORD-20260601-00382;ORD-20260601-00382-1;2026-06-01 15:40:03;C024563;S0387;P004106;1;29,91;4,49;EUR;IT;CARD;DELIVERED;87 quai des Chartrons, 00184 Rome
ORD-20260601-00383;ORD-20260601-00383-1;2026-06-01 20:19:13;C013547;S0244;P007788;1;106,39;10,64;EUR;DE;TRANSFER;Delivered;13 chemin des Vignes, 20095 Hambourg
ORD-20260601-00384;ORD-20260601-00384-1;2026-06-01 17:03:20;C016855;S0300;P001597;1;85,91;0,00;EUR;FR;CARD;DELIVERED;105 rue de la République, 33000 Bordeaux
ORD-20260601-00385;ORD-20260601-00385-1;2026-06-01 18:44:22;C021377;S0367;P007435;2;54,98;0,00;EUR;FR;CARD;DELIVERED;178 rue Victor Hugo, 35000 Rennes
ORD-20260601-00386;ORD-20260601-00386-1;2026-06-01 10:12:55;C004555;S0090;P002211;1;47,52;0,00;EUR;IT;PAYPAL;CANCELLED;104 rue de la République, 00184 Rome
ORD-20260601-00387;ORD-20260601-00387-1;2026-06-01 19:26:28;C021454;S0219;P006599;2;6,58;1,97;EUR;IT;CARD;DELIVERED;3 avenue des Tilleuls, 20121 Milan
ORD-20260601-00387;ORD-20260601-00387-2;2026-06-01 19:26:28;C021454;S0469;P006731;1;81,73;0,00;EUR;IT;CARD;DELIVERED;3 avenue des Tilleuls, 20121 Milan
ORD-20260601-00388;ORD-20260601-00388-1;2026-06-01 13:54:24;C023494;S0102;P001279;1;5,92;0,00;EUR;FR;CARD;Delivered;100 impasse du Moulin, 35000 Rennes
ORD-20260601-00388;ORD-20260601-00388-2;2026-06-01 13:54:24;C023494;S0578;P004025;1;51,12;7,67;EUR;FR;CARD;DELIVERED;100 impasse du Moulin, 35000 Rennes
ORD-20260601-00388;ORD-20260601-00388-3;2026-06-01 13:54:24;C023494;S0254;P007751;1;26,80;0,00;EUR;FR;CARD;DELIVERED;100 impasse du Moulin, 35000 Rennes
ORD-20260601-00389;ORD-20260601-00389-1;2026-06-01 19:06:43;C003699;S0029;P003673;1;69,78;0,00;EUR;FR;GIFTCARD;DELIVERED;58 cours Gambetta, 31000 Toulouse
ORD-20260601-00389;ORD-20260601-00389-2;2026-06-01 19:06:43;C003699;S0154;P005210;2;17,75;0,00;EUR;FR;GIFTCARD;DELIVERED;58 cours Gambetta, 31000 Toulouse
ORD-20260601-00389;ORD-20260601-00389-3;2026-06-01 19:06:43;C003699;S0021;P003147;1;20,00;1,00;EUR;FR;GIFTCARD; DELIVERED ;58 cours Gambetta, 31000 Toulouse
ORD-20260601-00389;ORD-20260601-00389-4;2026-06-01 19:06:43;C003699;S0134;P002470;1;62,96;6,30;EUR;FR;GIFTCARD;DELIVERED;58 cours Gambetta, 31000 Toulouse
ORD-20260601-00390;ORD-20260601-00390-1;2026-06-01 14:30:50;C016654;S0149;P005226;3;27,17;8,15;EUR;ES;CARD;SHIPPED;55 rue Victor Hugo, 46001 Valence
ORD-20260601-00390;ORD-20260601-00390-2;2026-06-01 14:30:50;C016654;S0062;P001869;2;19,56;5,87;EUR;ES;CARD;SHIPPED;55 rue Victor Hugo, 46001 Valence
ORD-20260601-00390;ORD-20260601-00390-3;2026-06-01 14:30:50;C016654;S0438;P006993;1;82,28;0,00;EUR;ES;CARD;SHIPPED;55 rue Victor Hugo, 46001 Valence
ORD-20260601-00391;ORD-20260601-00391-1;2026-06-01 19:36:10;C002698;S0483;P000389;1;48,99;0,00;EUR;BE;CARD;DELIVERED;85 quai des Chartrons, 2000 Anvers
ORD-20260601-00391;ORD-20260601-00391-2;2026-06-01 19:36:10;C002698;S0447;P002180;2;61,72;0,00;EUR;BE;CARD;DELIVERED;85 quai des Chartrons, 2000 Anvers
ORD-20260601-00392;ORD-20260601-00392-1;2026-06-01 15:31:05;C023967;S0105;P004708;1;66,19;9,93;EUR;FR;PAYPAL;DELIVERED;152 place de l'Église, 75011 Paris
ORD-20260601-00393;ORD-20260601-00393-1;2026-06-01 13:01:20;C022066;S0326;P000095;1;89,54;0,00;EUR;BE;CARD;PENDING;16 boulevard Saint-Michel, 1000 Bruxelles
ORD-20260601-00394;ORD-20260601-00394-1;2026-06-01 16:40:07;C008928;S0035;P007450;2;33,14;0,00;EUR;ES;CARD;SHIPPED;178 cours Gambetta, 08001 Barcelone
ORD-20260601-00395;ORD-20260601-00395-1;2026-06-01 18:41:50;C011939;S0473;P003077;1;19,77;0,00;EUR;BE;CARD;delivered;61 rue du Général Leclerc, 1000 Bruxelles
ORD-20260601-00395;ORD-20260601-00395-2;2026-06-01 18:41:50;C011939;S0019;P000100;2;75,73;22,72;EUR;BE;CARD;Delivered;61 rue du Général Leclerc, 1000 Bruxelles
ORD-20260601-00396;ORD-20260601-00396-1;2026-06-01 13:40:52;C002523;S0294;P002994;1;24,05;2,41;EUR;DE;APPLEPAY;CANCELLED;101 allée des Peupliers, 20095 Hambourg
ORD-20260601-00396;ORD-20260601-00396-2;2026-06-01 13:40:52;C002523;S0253;P004068;1;44,32;4,43;EUR;DE;APPLEPAY; CANCELLED ;101 allée des Peupliers, 20095 Hambourg
ORD-20260601-00397;ORD-20260601-00397-1;2026-06-01 14:11:31;C011445;S0142;P002402;3;69,99;0,00;EUR;FR;CARD;DELIVERED;163 quai des Chartrons, 33000 Bordeaux
ORD-20260601-00397;ORD-20260601-00397-2;2026-06-01 14:11:31;C011445;S0154;P007352;2;35,10;7,02;EUR;FR;CARD;DELIVERED;163 quai des Chartrons, 33000 Bordeaux
ORD-20260601-00397;ORD-20260601-00397-3;2026-06-01T14:35;C011445;S0267;P002508;1;72,11;0,00;EUR;FR;CARD;DELIVERED;163 quai des Chartrons, 33000 Bordeaux
ORD-20260601-00398;ORD-20260601-00398-1;2026-06-01 12:49:40;C012323;S0035;P005129;2;34,05;10,21;EUR;ES;PAYPAL;DELIVERED;75 cours Gambetta, 08001 Barcelone
ORD-20260601-00398;ORD-20260601-00398-1;2026-06-01 12:49:40;C012323;S0035;P005129;2;34,05;10,21;EUR;ES;PAYPAL;DELIVERED;75 cours Gambetta, 08001 Barcelone
ORD-20260601-00398;ORD-20260601-00398-2;2026-06-01 12:49:40;C012323;S0388;P005726;1;55,81;0,00;EUR;ES;PAYPAL;DELIVERED;75 cours Gambetta, 08001 Barcelone
ORD-20260601-00398;ORD-20260601-00398-2;2026-06-01 12:49:40;C012323;S0388;P005726;1;55,81;0,00;EUR;ES;PAYPAL;DELIVERED;75 cours Gambetta, 08001 Barcelone
ORD-20260601-00398;ORD-20260601-00398-3;2026-06-01 12:49:40;C012323;S0539;P007572;1;59,09;0,00;EUR;ES;PAYPAL;DELIVERED;75 cours Gambetta, 08001 Barcelone
ORD-20260601-00399;ORD-20260601-00399-1;2026-06-01 22:06:38;C022315;S0268;P003131;1;9,94;0,00;EUR;FR;PAYPAL;DELIVERED;159 cours Gambetta, 67000 Strasbourg
ORD-20260601-00400;ORD-20260601-00400-1;2026-06-01 20:15:26;C003630;S0162;P004623;1;229,69;0,00;EUR;DE;CARD;SHIPPED;5 boulevard Saint-Michel, 20095 Hambourg
ORD-20260601-00400;ORD-20260601-00400-2;2026-06-01 20:15:26;C003630;S0343;P003935;1;81,19;4,06;EUR;DE;CARD;SHIPPED;5 boulevard Saint-Michel, 20095 Hambourg
ORD-20260601-00401;ORD-20260601-00401-1;2026-06-01 18:06:29;C020401;S0135;P005324;2;73,00;0,00;EUR;FR;CARD;DELIVERED;87 allée des Peupliers, 35000 Rennes
ORD-20260601-00402;ORD-20260601-00402-1;2026-06-01 20:58:10;C020987;S0582;P006392;2;66,08;0,00;EUR;FR;TRANSFER;DELIVERED;91 rue de la République, 75011 Paris
ORD-20260601-00402;ORD-20260601-00402-2;2026-06-01 20:58:10;C020987;S0331;P002146;1;58,90;0,00;EUR;FR;TRANSFER;DELIVERED;91 rue de la République, 75011 Paris
ORD-20260601-00402;ORD-20260601-00402-3;2026-06-01 20:58:10;C020987;S0157;P005383;1;68,07;6,81;EUR;FR;TRANSFER;DELIVERED;91 rue de la République, 75011 Paris
ORD-20260601-00402;ORD-20260601-00402-4;2026-06-01 20:58:10;C020987;S0470;P004430;4;46,11;18,44;EUR;FR;TRANSFER;DELIVERED;91 rue de la République, 75011 Paris
ORD-20260601-00403;ORD-20260601-00403-1;2026-06-01 17:33:07;C005990;S0172;P007059;1;166,59;8,33;EUR;FR;CARD;Cancelled;172 chemin des Vignes, 35000 Rennes
ORD-20260601-00404;ORD-20260601-00404-1;2026-06-01 20:09:03;C006213;S0143;P002574;2;8,02;0,00;EUR;FR;CARD;DELIVERED;1 rue Victor Hugo, 59000 Lille
ORD-20260601-00405;ORD-20260601-00405-1;2026-06-01 10:54:07;C018380;S0386;P001669;1;143,84;0,00;EUR;DE;APPLEPAY;delivered;161 avenue des Tilleuls, 20095 Hambourg
ORD-20260601-00406;ORD-20260601-00406-1;2026-06-01 12:29:13;C010175;S0382;P004150;1;52,24;2,61;EUR;ES;CARD;DELIVERED;40 quai des Chartrons, 08001 Barcelone
ORD-20260601-00406;ORD-20260601-00406-2;2026-06-01 12:29:13;C010175;S0025;P004673;1;73,73;3,69;EUR;ES;CARD;DELIVERED;40 quai des Chartrons, 08001 Barcelone
ORD-20260601-00407;ORD-20260601-00407-1;2026-06-01 10:50:38;C016373;S0404;P003214;3;34,49;10,35;EUR;BE;CARD;DELIVERED;153 rue du Général Leclerc, 2000 Anvers
ORD-20260601-00408;ORD-20260601-00408-1;2026-06-01 14:07:25;C014274;S0315;P003690;2;32,69;0,00;EUR;FR;APPLEPAY; DELIVERED ;111 boulevard Saint-Michel, 35000 Rennes
ORD-20260601-00409;ORD-20260601-00409-1;2026-06-01 18:06:41;C012629;S0234;P000846;1;14,49;0,00;EUR;FR;CARD; RETURNED ;29 allée des Peupliers, 35000 Rennes
ORD-20260601-00410;ORD-20260601-00410-1;2026-06-01 15:57:38;C008843;S0217;P003284;1;95,28;0,00;EUR;BE;APPLEPAY;PENDING;166 cours Gambetta, 2000 Anvers
ORD-20260601-00410;ORD-20260601-00410-2;2026-06-01 15:57:38;C008843;S0434;P006149;1;45,79;0,00;EUR;BE;APPLEPAY;PENDING;166 cours Gambetta, 2000 Anvers
ORD-20260601-00410;ORD-20260601-00410-3;2026-06-01 15:57:38;C008843;S0126;P004736;4;64,52;12,90;EUR;BE;APPLEPAY;PENDING;166 cours Gambetta, 2000 Anvers
ORD-20260601-00411;ORD-20260601-00411-1;2026-06-01 17:42:55;C013728;S0444;P005256;1;30,50;0,00;EUR;FR;APPLEPAY;DELIVERED;148 cours Gambetta, 33000 Bordeaux
ORD-20260601-00411;ORD-20260601-00411-2;2026-06-01 17:42:55;C013728;S0343;P003935;1;80,11;0,00;EUR;FR;APPLEPAY;DELIVERED;148 cours Gambetta, 33000 Bordeaux
ORD-20260601-00412;ORD-20260601-00412-1;2026-06-01 16:45:43;C009389;S0322;P004988;1;46,96;2,35;EUR;IT;CARD;DELIVERED;65 rue du Général Leclerc, 20121 Milan
ORD-20260601-00413;ORD-20260601-00413-1;2026-06-01 10:36:25;C010338;S0151;P004319;1;80,11;0,00;EUR;NL;CARD;DELIVERED;172 rue du Général Leclerc, 1011 Amsterdam
ORD-20260601-00413;ORD-20260601-00413-2;2026-06-01 10:36:25;C010338;S0098;P005415;2;27,12;0,00;EUR;NL;CARD;DELIVERED;172 rue du Général Leclerc, 1011 Amsterdam
ORD-20260601-00414;ORD-20260601-00414-1;2026-06-01 13:33:34;C003335;S0048;P006174;2;49,09;9,82;EUR;ES;CARD;cancelled;125 route de Bordeaux, 46001 Valence
ORD-20260601-00415;ORD-20260601-00415-1;2026-06-01 17:38:21;C001324;S0376;P001236;1;4,34;0,22;EUR;ES;TRANSFER;SHIPPED;113 cours Gambetta, 08001 Barcelone
ORD-20260601-00415;ORD-20260601-00415-2;2026-06-01 17:38:21;C001324;S0326;P005240;1;37,32;0,00;EUR;ES;TRANSFER;SHIPPED;113 cours Gambetta, 08001 Barcelone
ORD-20260601-00416;ORD-20260601-00416-1;2026-06-01 16:33:42;C020665;S0585;P002357;2;161,72;0,00;EUR;FR;CARD;DELIVERED;51 rue Victor Hugo, 13008 Marseille
ORD-20260601-00416;ORD-20260601-00416-1;2026-06-01 16:33:42;C020665;S0585;P002357;2;161,72;0,00;EUR;FR;CARD;DELIVERED;51 rue Victor Hugo, 13008 Marseille
ORD-20260601-00417;ORD-20260601-00417-1;2026-06-01 20:52:55;C022815;S0081;P000023;1;55,65;8,35;EUR;FR;PAYPAL;DELIVERED;51 rue de la République, 13008 Marseille
ORD-20260601-00418;ORD-20260601-00418-1;2026-06-01 16:09:41;C017422;S0130;P005182;2;18,49;0,00;EUR;DE;CARD;DELIVERED;93 impasse du Moulin, 20095 Hambourg
ORD-20260601-00418;ORD-20260601-00418-2;2026-06-01 16:09:41;C017422;S0335;P003312;1;26,05;1,30;EUR;DE;CARD;DELIVERED;93 impasse du Moulin, 20095 Hambourg
ORD-20260601-00418;ORD-20260601-00418-3;2026-06-01 16:09:41;C017422;S0522;P002387;1;15,63;0,00;EUR;DE;CARD;DELIVERED;93 impasse du Moulin, 20095 Hambourg
ORD-20260601-00419;ORD-20260601-00419-1;2026-06-01 14:26:42;C006677;S0469;P002770;1;73,00;0,00;EUR;ES;CARD;DELIVERED;31 avenue des Tilleuls, 46001 Valence
ORD-20260601-00420;ORD-20260601-00420-1;2026-06-01 23:01:56;C017162;S0425;P000005;1;168,35;8,42;EUR;ES;PAYPAL; DELIVERED ;165 quai des Chartrons, 28001 Madrid
ORD-20260601-00420;ORD-20260601-00420-2;2026-06-01 23:01:56;C017162;S0453;P003928;1;122,20;0,00;EUR;ES;PAYPAL;Delivered;165 quai des Chartrons, 28001 Madrid
ORD-20260601-00421;ORD-20260601-00421-1;2026-06-01 16:49:58;C015855;S0365;P006398;1;5,80;0,87;EUR;BE;PAYPAL;SHIPPED;92 allée des Peupliers, 1000 Bruxelles
ORD-20260601-00422;ORD-20260601-00422-1;2026-06-01 17:08:20;C001276;S0068;P005232;1;47,36;0,00;EUR;FR;PAYPAL;DELIVERED;140 chemin des Vignes, 59000 Lille
ORD-20260601-00422;ORD-20260601-00422-2;2026-06-01 17:08:20;C001276;S0282;P005804;1;87,23;13,08;EUR;FR;PAYPAL;Delivered;140 chemin des Vignes, 59000 Lille
ORD-20260601-00423;ORD-20260601-00423-1;2026-06-01 15:08:05;C016299;S0214;P006411;2;36,79;0,00;EUR;FR;PAYPAL;DELIVERED;16 cours Gambetta, 35000 Rennes
ORD-20260601-00424;ORD-20260601-00424-1;2026-06-01 06:11:20;C010534;S0200;P002612;1;81,85;0,00;EUR;FR;CARD;CANCELLED;105 rue du Général Leclerc, 44000 Nantes
ORD-20260601-00424;ORD-20260601-00424-2;2026-06-01 06:11:20;C010534;S0413;P004131;2;85,75;17,15;EUR;FR;CARD;CANCELLED;105 rue du Général Leclerc, 44000 Nantes
ORD-20260601-00425;ORD-20260601-00425-1;2026-06-01 15:43:45;C009692;S0065;P007279;2;178,22;0,00;EUR;ES;CARD;CANCELLED;92 avenue des Tilleuls, 28001 Madrid
ORD-20260601-00425;ORD-20260601-00425-2;2026-06-01 15:43:45;C009692;S0451;P000345;2;66,34;0,00;EUR;ES;CARD;CANCELLED;92 avenue des Tilleuls, 28001 Madrid
ORD-20260601-00425;ORD-20260601-00425-3;2026-06-01 15:43:45;C009692;S0488;P002205;1;73,36;0,00;EUR;ES;CARD;CANCELLED;92 avenue des Tilleuls, 28001 Madrid
ORD-20260601-00426;ORD-20260601-00426-1;2026-06-01 21:14:33;C020333;S0088;P003173;1;90,85;13,63;EUR;BE;CARD;CANCELLED;140 rue du Général Leclerc, 4000 Liège
ORD-20260601-00427;ORD-20260601-00427-1;2026-06-01 14:01:43;C018131;S0157;P001656;1;211,35;31,70;EUR;IT;CARD;DELIVERED;125 rue de la République, 20121 Milan
ORD-20260601-00427;ORD-20260601-00427-2;2026-06-01 14:01:43;C018131;S0123;P005883;1;92,23;13,83;EUR;IT;CARD;DELIVERED;125 rue de la République, 20121 Milan
ORD-20260601-00428;ORD-20260601-00428-1;2026-06-01 13:48:51;C008052;S0464;P001091;1;17,73;2,66;EUR;NL;CARD;PENDING;161 rue de la République, 1011 Amsterdam
ORD-20260601-00428;ORD-20260601-00428-2;2026-06-01 13:48:51;C008052;S0016;P003152;1;12,71;1,91;EUR;NL;CARD; PENDING ;161 rue de la République, 1011 Amsterdam
ORD-20260601-00429;ORD-20260601-00429-1;2026-06-01 15:51:13;C003179;S0539;P005167;1;90,39;0,00;EUR;FR;CARD;DELIVERED;11 rue de la République, 75011 Paris
ORD-20260601-00430;ORD-20260601-00430-1;2026-06-01 12:20:56;C008405;S0053;P004236;2;60,64;12,13;EUR;NL;PAYPAL;DELIVERED;60 route de Bordeaux, 1011 Amsterdam
ORD-20260601-00430;ORD-20260601-00430-2;2026-06-01 12:20:56;C008405;S0265;P003899;1;49,25;0,00;EUR;NL;PAYPAL;DELIVERED;60 route de Bordeaux, 1011 Amsterdam
ORD-20260601-00430;ORD-20260601-00430-3;2026-06-01 12:20:56;C990353;S0003;P006609;1;15,04;0,00;EUR;NL;PAYPAL;DELIVERED;60 route de Bordeaux, 1011 Amsterdam
ORD-20260601-00431;ORD-20260601-00431-1;2026-06-01 11:39:53;C021859;S0587;P007129;2;101,62;0,00;EUR;NL;CARD;DELIVERED;164 chemin des Vignes, 1011 Amsterdam
ORD-20260601-00432;ORD-20260601-00432-1;2026-06-01 13:23:08;C008652;S0282;P000987;1;68,93;10,34;EUR;BE;PAYPAL;DELIVERED;172 cours Gambetta, 2000 Anvers
ORD-20260601-00432;ORD-20260601-00432-2;2026-06-01 13:23:08;C008652;S0537;P006502;2;28,14;0,00;EUR;BE;PAYPAL;DELIVERED;172 cours Gambetta, 2000 Anvers
ORD-20260601-00433;ORD-20260601-00433-1;2026-06-01 17:40:24;C009238;S0068;P006425;1;29,58;0,00;EUR;BE;GIFTCARD; SHIPPED ;39 rue du Général Leclerc, 1000 Bruxelles
ORD-20260601-00434;ORD-20260601-00434-1;2026-06-01 12:15:22;C010837;S0335;P002587;2;25,74;7,72;EUR;FR;PAYPAL;DELIVERED;166 place de l'Église, 44000 Nantes
ORD-20260601-00434;ORD-20260601-00434-2;2026-06-01 12:15:22;C010837;S0467;P006593;2;115,28;11,53;EUR;FR;PAYPAL; DELIVERED ;166 place de l'Église, 44000 Nantes
ORD-20260601-00435;ORD-20260601-00435-1;2026-06-01 18:02:04;C018375;S0349;P007287;1;32,07;0,00;EUR;FR;CARD;RETURNED;49 avenue des Tilleuls, 59000 Lille
ORD-20260601-00435;ORD-20260601-00435-2;2026-06-01 18:02:04;C018375;S0379;P000178;1;50,40;5,04;EUR;FR;CARD;RETURNED;49 avenue des Tilleuls, 59000 Lille
ORD-20260601-00436;ORD-20260601-00436-1;2026-06-01 15:33:00;C000260;S0598;P000611;3;82,17;0,00;EUR;IT;PAYPAL;DELIVERED;178 chemin des Vignes, 20121 Milan
ORD-20260601-00437;ORD-20260601-00437-1;2026-06-01 11:34:16;C005844;S0071;P001126;1;30,32;0,00;EUR;DE;CARD;DELIVERED;176 quai des Chartrons, 80331 Munich
ORD-20260601-00437;ORD-20260601-00437-2;2026-06-01 11:34:16;C005844;S0250;P006012;1;5,14;0,77;EUR;DE;CARD;Delivered;176 quai des Chartrons, 80331 Munich
ORD-20260601-00437;ORD-20260601-00437-3;2026-06-01 11:34:16;C005844;S0372;P004991;2;18,74;5,62;EUR;DE;CARD;DELIVERED;176 quai des Chartrons, 80331 Munich
ORD-20260601-00437;ORD-20260601-00437-4;2026-06-01 11:34:16;C005844;S0440;P007599;1;63,96;0,00;EUR;DE;CARD;delivered;176 quai des Chartrons, 80331 Munich
ORD-20260601-00438;ORD-20260601-00438-1;2026-06-01 17:27:44;C002500;S0090;P003654;3;27,29;0,00;EUR;FR;CARD;DELIVERED;110 chemin des Vignes, 13008 Marseille
ORD-20260601-00438;ORD-20260601-00438-2;2026-06-01 17:27:44;C002500;S0506;P000396;1;17,66;0,88;EUR;FR;CARD;DELIVERED;110 chemin des Vignes, 13008 Marseille
ORD-20260601-00439;ORD-20260601-00439-1;2026-06-01 22:59:53;C011646;S0449;P007879;1;9,79;0,00;EUR;FR;CARD;Cancelled;91 rue de la République, 13008 Marseille
ORD-20260601-00439;ORD-20260601-00439-2;2026-06-01 22:59:53;C998284;S0023;P001459;1;118,48;0,00;EUR;FR;CARD;CANCELLED;91 rue de la République, 13008 Marseille
ORD-20260601-00439;ORD-20260601-00439-3;2026-06-01 22:59:53;C011646;S0248;P002137;1;7,45;0,00;EUR;FR;CARD;CANCELLED;91 rue de la République, 13008 Marseille
ORD-20260601-00439;ORD-20260601-00439-4;2026-06-01 22:59:53;C011646;S0097;P006492;1;93,78;9,38;EUR;FR;CARD;cancelled;91 rue de la République, 13008 Marseille
ORD-20260601-00440;ORD-20260601-00440-1;2026-06-01 10:13:47;C005425;S0302;P003179;2;55,57;0,00;EUR;IT;CARD;CANCELLED;136 rue Victor Hugo, 20121 Milan
ORD-20260601-00441;ORD-20260601-00441-1;2026-06-01 17:10:37;C007706;S0378;P003191;2;60,98;6,10;EUR;BE;CARD;delivered;168 avenue des Tilleuls, 2000 Anvers
ORD-20260601-00441;ORD-20260601-00441-2;2026-06-01 17:10:37;C007706;S0299;P005853;1;63,08;3,15;EUR;BE;CARD;delivered;168 avenue des Tilleuls, 2000 Anvers
ORD-20260601-00442;ORD-20260601-00442-1;2026-06-01 19:54:32;C003393;S0119;P001481;4;184,31;0,00;EUR;IT;CARD; DELIVERED ;165 rue de la République, 20121 Milan
ORD-20260601-00443;ORD-20260601-00443-1;2026-06-01 12:06:44;C013055;S0551;P002922;1;36,05;1,80;EUR;NL;CARD; DELIVERED ;143 allée des Peupliers, 1011 Amsterdam
ORD-20260601-00443;ORD-20260601-00443-2;2026-06-01 12:06:44;C013055;S0039;P006817;1;14,82;0,74;EUR;NL;CARD;DELIVERED;143 allée des Peupliers, 1011 Amsterdam
ORD-20260601-00444;ORD-20260601-00444-1;2026-06-01 19:42:59;C023222;S0148;P003752;1;7,19;0,00;EUR;BE;CARD;DELIVERED;50 boulevard Saint-Michel, 1000 Bruxelles
ORD-20260601-00444;ORD-20260601-00444-2;2026-06-01 19:42:59;C023222;S0511;P001807;1;135,68;0,00;EUR;BE;CARD;DELIVERED;50 boulevard Saint-Michel, 1000 Bruxelles
ORD-20260601-00444;ORD-20260601-00444-3;2026-06-01 19:42:59;C023222;S0395;P006849;1;151,79;22,77;EUR;BE;CARD;DELIVERED;50 boulevard Saint-Michel, 1000 Bruxelles
ORD-20260601-00445;ORD-20260601-00445-1;2026-06-01 19:52:44;C004846;S0229;P007407;1;140,83;7,04;EUR;FR;PAYPAL;SHIPPED;164 place de l'Église, 13008 Marseille
ORD-20260601-00445;ORD-20260601-00445-2;2026-06-01 19:52:44;C004846;S0116;P003479;1;59,73;0,00;EUR;FR;PAYPAL;SHIPPED;164 place de l'Église, 13008 Marseille
ORD-20260601-00446;ORD-20260601-00446-1;2026-06-01 19:46:12;C010822;S0590;P006960;1;14,30;2,15;EUR;IT;CARD;DELIVERED;124 allée des Peupliers, 00184 Rome
ORD-20260601-00446;ORD-20260601-00446-2;2026-06-01 19:46:12;C010822;S0467;P001373;1;26,96;2,70;EUR;IT;CARD;DELIVERED;124 allée des Peupliers, 00184 Rome
ORD-20260601-00446;ORD-20260601-00446-3;2026-06-01 19:46:12;C010822;S0240;P002773;1;55,49;5,55;EUR;IT;CARD;DELIVERED;124 allée des Peupliers, 00184 Rome
ORD-20260601-00446;ORD-20260601-00446-4;2026-06-01 19:46:12;C010822;S0441;P005686;2;18,78;3,76;EUR;IT;CARD;delivered;124 allée des Peupliers, 00184 Rome
ORD-20260601-00446;ORD-20260601-00446-5;2026-06-01 19:46:12;C010822;S0410;P003474;1;41,85;4,19;EUR;IT;CARD;DELIVERED;124 allée des Peupliers, 00184 Rome
ORD-20260601-00447;ORD-20260601-00447-1;2026-06-01 23:27:22;C007015;S0241;P003953;2;114,11;22,82;EUR;BE;PAYPAL;DELIVERED;119 quai des Chartrons, 1000 Bruxelles
ORD-20260601-00447;ORD-20260601-00447-2;2026-06-01 23:27:22;C007015;S0095;P007580;2;36,42;10,93;EUR;BE;PAYPAL;Delivered;119 quai des Chartrons, 1000 Bruxelles
ORD-20260601-00447;ORD-20260601-00447-3;2026-06-01 23:27:22;C007015;S0033;P001123;1;144,11;0,00;EUR;BE;PAYPAL;Delivered;119 quai des Chartrons, 1000 Bruxelles
ORD-20260601-00447;ORD-20260601-00447-4;2026-06-01 23:27:22;C007015;S0506;P005755;4;155,32;62,13;EUR;BE;PAYPAL; DELIVERED ;119 quai des Chartrons, 1000 Bruxelles
ORD-20260601-00448;ORD-20260601-00448-1;2026-06-01 07:33:38;C006967;S0277;P004096;3;7,55;3,40;EUR;ES;CARD;DELIVERED;165 allée des Peupliers, 46001 Valence
ORD-20260601-00449;ORD-20260601-00449-1;2026-06-01 16:35:00;C016037;S0468;P002424;1;73,68;7,37;EUR;IT;TRANSFER;DELIVERED;75 quai des Chartrons, 00184 Rome
ORD-20260601-00449;ORD-20260601-00449-2;2026-06-01 16:35:00;C016037;S0283;P003496;1;167,26;16,73;EUR;IT;TRANSFER;DELIVERED;75 quai des Chartrons, 00184 Rome
ORD-20260601-00449;ORD-20260601-00449-3;2026-06-01 16:35:00;C016037;S0342;P004248;2;21,33;2,13;EUR;IT;TRANSFER;DELIVERED;75 quai des Chartrons, 00184 Rome
ORD-20260601-00450;ORD-20260601-00450-1;2026-06-01 14:51:23;C019294;S0321;P002435;1;93,02;13,95;EUR;FR;CARD;DELIVERED;81 rue Victor Hugo, 59000 Lille
ORD-20260601-00451;ORD-20260601-00451-1;2026-06-01 13:40:01;C018181;S0066;P004488;1;79,95;0,00;EUR;FR;TRANSFER;DELIVERED;175 allée des Peupliers, 33000 Bordeaux
ORD-20260601-00452;ORD-20260601-00452-1;2026-06-01 17:37:37;C019613;S0386;P001669;2;164,72;0,00;EUR;BE;CARD;DELIVERED;118 rue Victor Hugo, 1000 Bruxelles
ORD-20260601-00452;ORD-20260601-00452-2;2026-06-01 17:37:37;C019613;S0133;P000985;1;93,72;0,00;EUR;BE;CARD;DELIVERED;118 rue Victor Hugo, 1000 Bruxelles
ORD-20260601-00452;ORD-20260601-00452-3;2026-06-01 17:37:37;C019613;S0354;P003817;1;150,52;0,00;EUR;BE;CARD;DELIVERED;118 rue Victor Hugo, 1000 Bruxelles
ORD-20260601-00452;ORD-20260601-00452-4;2026-06-01 17:37:37;C019613;S0294;P002994;1;22,72;0,00;EUR;BE;CARD;DELIVERED;118 rue Victor Hugo, 1000 Bruxelles
ORD-20260601-00453;ORD-20260601-00453-1;2026-06-01 16:10:25;C007771;S0005;P006559;1;80,66;0,00;EUR;FR;CARD;SHIPPED;112 impasse du Moulin, 13008 Marseille
ORD-20260601-00453;ORD-20260601-00453-2;2026-06-01 16:10:25;C007771;S0003;P000621;1;114,51;0,00;EUR;FR;CARD;SHIPPED;112 impasse du Moulin, 13008 Marseille
ORD-20260601-00454;ORD-20260601-00454-1;2026-06-01 10:23:54;C021290;S0116;P004311;1;93,60;14,04;EUR;ES;CARD;DELIVERED;70 rue du Général Leclerc, 28001 Madrid
ORD-20260601-00454;ORD-20260601-00454-2;2026-06-01 10:23:54;C021290;S0153;P006955;1;173,68;17,37;EUR;ES;CARD;DELIVERED;70 rue du Général Leclerc, 28001 Madrid
ORD-20260601-00455;ORD-20260601-00455-1;2026-06-01 13:18:36;C013005;S0564;P001147;1;15,89;0,00;EUR;IT;CARD; PENDING ;116 avenue des Tilleuls, 00184 Rome
ORD-20260601-00456;ORD-20260601-00456-1;2026-06-01 17:43:06;C013208;S0515;P000248;1;98,92;9,89;EUR;DE;CARD;Delivered;33 quai des Chartrons, 10115 Berlin
ORD-20260601-00456;ORD-20260601-00456-2;2026-06-01 17:43:06;C013208;S0459;P005524;3;44,70;0,00;EUR;DE;CARD; DELIVERED ;33 quai des Chartrons, 10115 Berlin
ORD-20260601-00456;ORD-20260601-00456-3;2026-06-01 17:43:06;C013208;S0332;P005518;1;32,45;0,00;EUR;DE;CARD; DELIVERED ;33 quai des Chartrons, 10115 Berlin
ORD-20260601-00456;ORD-20260601-00456-4;2026-06-01 17:43:06;C013208;S0332;P005518;1;41,03;0,00;EUR;DE;CARD;DELIVERED;33 quai des Chartrons, 10115 Berlin
ORD-20260601-00456;ORD-20260601-00456-5;2026-06-01 17:43:06;C013208;S0046;P002855;1;62,93;3,15;EUR;DE;CARD;DELIVERED;33 quai des Chartrons, 10115 Berlin
ORD-20260601-00457;ORD-20260601-00457-1;2026-06-01 20:36:20;C014874;S0142;P005440;1;55,16;0,00;EUR;FR;APPLEPAY;DELIVERED;146 rue de la République, 31000 Toulouse
ORD-20260601-00458;ORD-20260601-00458-1;2026-06-01 20:56:37;C022895;S0248;P004656;1;4,72;0,00;EUR;FR;CARD;SHIPPED;82 rue Victor Hugo, 31000 Toulouse
ORD-20260601-00458;ORD-20260601-00458-2;2026-06-01 20:56:37;C022895;S0274;P003550;2;75,97;0,00;EUR;FR;CARD; SHIPPED ;82 rue Victor Hugo, 31000 Toulouse
ORD-20260601-00459;ORD-20260601-00459-1;2026-06-01 13:32:33;C016421;S0172;P004081;2;27,39;0,00;EUR;FR;CARD;DELIVERED;132 impasse du Moulin, 31000 Toulouse
ORD-20260601-00460;ORD-20260601-00460-1;2026-06-01 12:12:07;C015102;S0117;P001364;2;85,98;8,60;EUR;ES;CARD;DELIVERED;40 allée des Peupliers, 08001 Barcelone
ORD-20260601-00460;ORD-20260601-00460-2;2026-06-01 12:12:07;C015102;S0103;P000901;1;22,36;1,12;EUR;ES;CARD;DELIVERED;40 allée des Peupliers, 08001 Barcelone
ORD-20260601-00460;ORD-20260601-00460-3;2026-06-01 12:12:07;C015102;S0553;P000863;1;37,31;5,60;EUR;ES;CARD;DELIVERED;40 allée des Peupliers, 08001 Barcelone
ORD-20260601-00460;ORD-20260601-00460-4;2026-06-01 12:12:07;C015102;S0156;P006938;2;22,03 €;0,00;EUR;ES;CARD;DELIVERED;40 allée des Peupliers, 08001 Barcelone
ORD-20260601-00461;ORD-20260601-00461-1;2026-06-01 16:33:37;C013553;S0353;P002246;1;18,44;0,92;EUR;BE;PAYPAL;RETURNED;170 avenue des Tilleuls, 2000 Anvers
ORD-20260601-00461;ORD-20260601-00461-2;2026-06-01 16:33:37;C013553;S0171;P002074;1;26,68;4,00;EUR;BE;PAYPAL;RETURNED;170 avenue des Tilleuls, 2000 Anvers
ORD-20260601-00461;ORD-20260601-00461-3;2026-06-01 16:33:37;C013553;S0573;P002319;1;4,33;0,43;EUR;BE;PAYPAL;returned;170 avenue des Tilleuls, 2000 Anvers
ORD-20260601-00461;ORD-20260601-00461-4;2026-06-01 16:33:37;C013553;S0493;P000293;3;24,10;7,23;EUR;BE;PAYPAL; RETURNED ;170 avenue des Tilleuls, 2000 Anvers
ORD-20260601-00461;ORD-20260601-00461-5;2026-06-01 16:33:37;C013553;S0383;P006591;1;51,83;7,77;EUR;BE;PAYPAL;RETURNED;170 avenue des Tilleuls, 2000 Anvers
ORD-20260601-00462;ORD-20260601-00462-1;2026-06-01 12:42:56;C020652;S0204;P003562;1;17,95;0,00;EUR;IT;TRANSFER;DELIVERED;82 rue du Général Leclerc, 20121 Milan
ORD-20260601-00463;ORD-20260601-00463-1;2026-06-01 14:53:46;C005019;S0247;P006567;1;108,07;0,00;EUR;FR;CARD;SHIPPED;117 allée des Peupliers, 13008 Marseille
ORD-20260601-00463;ORD-20260601-00463-2;2026-06-01 14:53:46;C005019;S0395;P004552;3;107,20;16,08;EUR;FR;CARD;SHIPPED;117 allée des Peupliers, 13008 Marseille
ORD-20260601-00463;ORD-20260601-00463-3;2026-06-01 14:53:46;C005019;S0575;P002238;1;58,16;0,00;EUR;FR;CARD;Shipped;117 allée des Peupliers, 13008 Marseille
ORD-20260601-00464;ORD-20260601-00464-1;2026-06-01 10:07:50;C010505;S0163;P004489;1;65,87;6,59;EUR;BE;PAYPAL;RETURNED;171 rue de la République, 2000 Anvers
ORD-20260601-00464;ORD-20260601-00464-2;2026-06-01 10:07:50;C010505;S0535;P007293;2;193,30;19,33;EUR;BE;PAYPAL; RETURNED ;171 rue de la République, 2000 Anvers
ORD-20260601-00464;ORD-20260601-00464-3;2026-06-01 10:07:50;C010505;S0489;P007612;1;40,40;6,06;EUR;BE;PAYPAL;RETURNED;171 rue de la République, 2000 Anvers
ORD-20260601-00464;ORD-20260601-00464-4;2026-06-01 10:07:50;C010505;S0408;P006852;1;94,83;9,48;EUR;BE;PAYPAL;RETURNED;171 rue de la République, 2000 Anvers
ORD-20260601-00465;ORD-20260601-00465-1;2026-06-01 17:00:50;C020205;S0123;P005237;1;83,71;0,00;EUR;ES;CARD;delivered;40 allée des Peupliers, 08001 Barcelone
ORD-20260601-00466;ORD-20260601-00466-1;2026-06-01 11:38:07;C011276;S0459;P004769;2;50,60;10,12;EUR;IT;CARD;DELIVERED;36 rue de la République, 20121 Milan
ORD-20260601-00466;ORD-20260601-00466-1;2026-06-01 11:38:07;C011276;S0459;P004769;2;50,60;10,12;EUR;IT;CARD;DELIVERED;36 rue de la République, 20121 Milan
ORD-20260601-00467;ORD-20260601-00467-1;2026-06-01 15:37:21;C008605;S0397;P007065;1;70,00;3,50;EUR;DE;CARD;DELIVERED;89 impasse du Moulin, 20095 Hambourg
ORD-20260601-00467;ORD-20260601-00467-2;2026-06-01 15:37:21;C008605;S0236;P002871;1;38,61;0,00;EUR;DE;CARD;DELIVERED;89 impasse du Moulin, 20095 Hambourg
ORD-20260601-00467;ORD-20260601-00467-3;2026-06-01 15:37:21;C008605;S0099;P003285;2;196,50;39,30;EUR;DE;CARD;DELIVERED;89 impasse du Moulin, 20095 Hambourg
ORD-20260601-00467;ORD-20260601-00467-4;2026-06-01 15:37:21;C008605;S0244;P007396;3;43,94;13,18;EUR;DE;CARD; DELIVERED ;89 impasse du Moulin, 20095 Hambourg
ORD-20260601-00468;ORD-20260601-00468-1;2026-06-01 14:51:41;C021696;S0052;P005200;1;47,49;0,00;EUR;FR;CARD;shipped;27 chemin des Vignes, 33000 Bordeaux
ORD-20260601-00468;ORD-20260601-00468-2;2026-06-01 14:51:41;C021696;S0276;P001109;-1;34,80;0,00;EUR;FR;CARD;SHIPPED;27 chemin des Vignes, 33000 Bordeaux
ORD-20260601-00468;ORD-20260601-00468-3;2026-06-01 14:51:41;C021696;S0268;P004084;1;183,22;0,00;EUR;FR;CARD;SHIPPED;27 chemin des Vignes, 33000 Bordeaux
ORD-20260601-00468;ORD-20260601-00468-3;2026-06-01 14:51:41;C021696;S0268;P004084;1;183,22;0,00;EUR;FR;CARD;SHIPPED;27 chemin des Vignes, 33000 Bordeaux
ORD-20260601-00468;ORD-20260601-00468-4;2026-06-01 14:51:41;C021696;S0569;P003853;1;30,39;3,04;EUR;FR;CARD;SHIPPED;27 chemin des Vignes, 33000 Bordeaux
ORD-20260601-00468;ORD-20260601-00468-5;2026-06-01 14:51:41;C021696;S0423;P007146;1;89,58;4,48;EUR;FR;CARD;SHIPPED;27 chemin des Vignes, 33000 Bordeaux
ORD-20260601-00469;ORD-20260601-00469-1;2026-06-01 14:18:05;C023146;S0033;P991625;1;122,14;6,11;EUR;FR;CARD;delivered;104 quai des Chartrons, 31000 Toulouse
ORD-20260601-00469;ORD-20260601-00469-2;2026-06-01 14:18:05;C023146;S0453;P006913;1;50,19;0,00;EUR;FR;CARD;DELIVERED;104 quai des Chartrons, 31000 Toulouse
ORD-20260601-00469;ORD-20260601-00469-3;2026-06-01 14:18:05;C023146;S0396;P000806;3;30,51;0,00;EUR;FR;CARD;DELIVERED;104 quai des Chartrons, 31000 Toulouse
ORD-20260601-00469;ORD-20260601-00469-4;2026-06-01 14:18:05;C023146;S0079;P000783;1;19,39;0,00;EUR;FR;CARD;DELIVERED;104 quai des Chartrons, 31000 Toulouse
ORD-20260601-00469;ORD-20260601-00469-5;2026-06-01 14:18:05;C023146;S0375;P000693;1;84,93;0,00;EUR;FR;CARD;DELIVERED;104 quai des Chartrons, 31000 Toulouse
ORD-20260601-00470;ORD-20260601-00470-1;2026-06-01 19:05:14;C015100;S0448;P007478;1;40,84;2,04;EUR;NL;CARD; CANCELLED ;125 route de Bordeaux, 1011 Amsterdam
ORD-20260601-00470;ORD-20260601-00470-2;2026-06-01 19:05:14;C015100;S0179;P006697;1;5,36;0,00;EUR;NL;CARD;Cancelled;125 route de Bordeaux, 1011 Amsterdam
ORD-20260601-00470;ORD-20260601-00470-3;2026-06-01 19:05:14;C015100;S0279;P003964;2;295,32;0,00;EUR;NL;CARD;CANCELLED;125 route de Bordeaux, 1011 Amsterdam
ORD-20260601-00471;ORD-20260601-00471-1;2026-06-01 17:28:41;C010943;S0297;P000419;1;91,03;0,00;EUR;FR;PAYPAL;PENDING;159 rue du Général Leclerc, 67000 Strasbourg
ORD-20260601-00471;ORD-20260601-00471-2;2026-06-01 17:28:41;C010943;S0534;P000426;1;150,95;0,00;EUR;FR;PAYPAL;PENDING;159 rue du Général Leclerc, 67000 Strasbourg
ORD-20260601-00472;ORD-20260601-00472-1;2026-06-01 12:27:39;C000609;S0223;P005820;2;63,20;0,00;EUR;DE;CARD;DELIVERED;174 boulevard Saint-Michel, 10115 Berlin
ORD-20260601-00473;ORD-20260601-00473-1;2026-06-01 18:08:11;C024540;S0267;P001243;1;79,90;0,00;EUR;NL;CARD;CANCELLED;3 quai des Chartrons, 1011 Amsterdam
ORD-20260601-00473;ORD-20260601-00473-2;2026-06-01 18:08:11;C024540;S0101;P001671;1;26,42;3,96;EUR;NL;CARD;CANCELLED;3 quai des Chartrons, 1011 Amsterdam
ORD-20260601-00474;ORD-20260601-00474-1;2026-06-01 07:48:44;C008662;S0282;P001252;1;29,83;0,00;EUR;BE;CARD;DELIVERED;97 place de l'Église, 4000 Liège
ORD-20260601-00475;ORD-20260601-00475-1;2026-06-01 15:16:51;C001831;S0089;P000745;2;144,28;14,43;EUR;FR;CARD;DELIVERED;33 quai des Chartrons, 33000 Bordeaux
ORD-20260601-00476;ORD-20260601-00476-1;2026-06-01 15:36:12;C002324;S0311;P005682;3;70,64;0,00;EUR;FR;CARD;Delivered;103 rue de la République, 44000 Nantes
ORD-20260601-00477;ORD-20260601-00477-1;2026-06-01 17:46:35;C014944;S0162;P004060;1;20,56;3,08;EUR;FR;CARD;DELIVERED;160 cours Gambetta, 13008 Marseille
ORD-20260601-00477;ORD-20260601-00477-2;2026-06-01 17:46:35;C014944;S0370;P001941;1;114,93;17,24;EUR;FR;CARD;DELIVERED;160 cours Gambetta, 13008 Marseille
ORD-20260601-00477;ORD-20260601-00477-3;2026-06-01 17:46:35;C014944;S0442;P004245;4;117,82;0,00;EUR;FR;CARD;delivered;160 cours Gambetta, 13008 Marseille
ORD-20260601-00477;ORD-20260601-00477-4;2026-06-01 17:46:35;C014944;S0020;P004727;4;184,18;0,00;EUR;FR;CARD;DELIVERED;160 cours Gambetta, 13008 Marseille
ORD-20260601-00478;ORD-20260601-00478-1;2026-06-01 18:58:03;C012258;S0515;P005494;1;80,48;4,02;EUR;BE;CARD;CANCELLED;109 impasse du Moulin, 2000 Anvers
ORD-20260601-00478;ORD-20260601-00478-2;2026-06-01 18:58:03;C012258;S0408;P006852;1;92,32;13,85;EUR;BE;CARD;CANCELLED;109 impasse du Moulin, 2000 Anvers
ORD-20260601-00478;ORD-20260601-00478-3;2026-06-01 18:58:03;C012258;S0135;P005279;1;17,61;2,64;EUR;BE;CARD;cancelled;109 impasse du Moulin, 2000 Anvers
ORD-20260601-00478;ORD-20260601-00478-4;2026-06-01 18:58:03;C012258;S0029;P005966;1;54,52;0,00;EUR;BE;CARD; CANCELLED ;109 impasse du Moulin, 2000 Anvers
ORD-20260601-00479;ORD-20260601-00479-1;2026-06-01 15:02:17;C008043;S0388;P002668;1;105,19;0,00;EUR;BE;PAYPAL;DELIVERED;77 cours Gambetta, 4000 Liège
ORD-20260601-00479;ORD-20260601-00479-2;2026-06-01 15:02:17;C008043;S0085;P005647;1;43,66;2,18;EUR;BE;PAYPAL;DELIVERED;77 cours Gambetta, 4000 Liège
ORD-20260601-00480;ORD-20260601-00480-1;2026-06-01 13:33:14;C015938;S0248;P002720;2;77,64;23,29;EUR;DE;TRANSFER;DELIVERED;58 quai des Chartrons, 10115 Berlin
ORD-20260601-00481;ORD-20260601-00481-1;2026-06-01 14:09:12;C004396;S0373;P005601;1;72,93;0,00;EUR;FR;CARD;Delivered;54 place de l'Église, 44000 Nantes
ORD-20260601-00481;ORD-20260601-00481-2;2026-06-01 14:09:12;C004396;S0014;P999356;-1;84,24;0,00;EUR;FR;CARD;DELIVERED;54 place de l'Église, 44000 Nantes
ORD-20260601-00482;ORD-20260601-00482-1;2026-06-01 12:25:15;C006963;S0399;P001362;1;60,55;0,00;EUR;BE;CARD;DELIVERED;83 rue de la République, 1000 Bruxelles
ORD-20260601-00482;ORD-20260601-00482-2;2026-06-01 12:25:15;C006963;S0434;P003977;1;63,47;9,52;EUR;BE;CARD;DELIVERED;83 rue de la République, 1000 Bruxelles
ORD-20260601-00483;ORD-20260601-00483-1;2026-06-01 22:37:53;C002308;S0041;P001517;1;22,25;0,00;EUR;ES;CARD;CANCELLED;171 allée des Peupliers, 08001 Barcelone
ORD-20260601-00483;ORD-20260601-00483-2;2026-06-01 22:37:53;C002308;S0430;P007991;3;69,33;0,00;EUR;ES;CARD;cancelled;171 allée des Peupliers, 08001 Barcelone
ORD-20260601-00484;ORD-20260601-00484-1;2026-06-01 12:43:14;C020280;S0338;P005402;2;22,55;6,76;EUR;IT;CARD;SHIPPED;114 quai des Chartrons, 00184 Rome
ORD-20260601-00484;ORD-20260601-00484-2;2026-06-01 12:43:14;C020280;S0282;P004135;1;49,99;2,50;EUR;IT;CARD;SHIPPED;114 quai des Chartrons, 00184 Rome
ORD-20260601-00485;ORD-20260601-00485-1;2026-06-01 13:45:57;C012770;S0142;P005440;1;54,42;8,16;EUR;FR;PAYPAL;DELIVERED;77 quai des Chartrons, 59000 Lille
ORD-20260601-00486;ORD-20260601-00486-1;2026-06-01 15:35:33;C006475;S0542;P005782;1;59,18;0,00;EUR;FR;CARD; DELIVERED ;39 chemin des Vignes, 75011 Paris
ORD-20260601-00486;ORD-20260601-00486-2;2026-06-01 15:35:33;C006475;S0353;P002246;3;20,93;0,00;EUR;FR;CARD;Delivered;39 chemin des Vignes, 75011 Paris
ORD-20260601-00486;ORD-20260601-00486-3;2026-06-01 15:35:33;C006475;S0052;P007643;2;30,35;0,00;EUR;FR;CARD;DELIVERED;39 chemin des Vignes, 75011 Paris
ORD-20260601-00487;ORD-20260601-00487-1;2026-06-01 23:24:47;C009905;S0049;P006512;2;76,58;0,00;EUR;FR;TRANSFER;DELIVERED;98 boulevard Saint-Michel, 75011 Paris
ORD-20260601-00487;ORD-20260601-00487-2;2026-06-01 23:24:47;C009905;S0244;P000762;2;72,41;21,72;EUR;FR;TRANSFER;Delivered;98 boulevard Saint-Michel, 75011 Paris
ORD-20260601-00487;ORD-20260601-00487-3;2026-06-01 23:24:47;C009905;S0281;P007379;4;45,24;0,00;EUR;FR;TRANSFER;DELIVERED;98 boulevard Saint-Michel, 75011 Paris
ORD-20260601-00487;ORD-20260601-00487-4;2026-06-01 23:24:47;C009905;S0412;P005607;3;32,27;9,68;EUR;FR;TRANSFER;DELIVERED;98 boulevard Saint-Michel, 75011 Paris
ORD-20260601-00487;ORD-20260601-00487-5;2026-06-01 23:24:47;C009905;S0534;P000677;1;48,93;2,45;EUR;FR;TRANSFER;DELIVERED;98 boulevard Saint-Michel, 75011 Paris
ORD-20260601-00488;ORD-20260601-00488-1;2026-06-01 11:46:40;C001344;S0251;P004175;1;56,46;2,82;EUR;DE;CARD;DELIVERED;33 rue de la République, 80331 Munich
ORD-20260601-00488;ORD-20260601-00488-2;2026-06-01 11:46:40;C001344;S0489;P003740;4;162,16;64,86;EUR;DE;CARD;delivered;33 rue de la République, 80331 Munich
ORD-20260601-00489;ORD-20260601-00489-1;2026-06-01 08:32:27;C008016;S0302;P005111;1;20,85;0,00;EUR;FR;CARD;RETURNED;147 boulevard Saint-Michel, 31000 Toulouse
ORD-20260601-00489;ORD-20260601-00489-2;2026-06-01 08:32:27;C008016;S0061;P001449;1;14,91;0,75;EUR;FR;CARD;RETURNED;147 boulevard Saint-Michel, 31000 Toulouse
ORD-20260601-00490;ORD-20260601-00490-1;2026-06-01 15:22:49;C014665;S0435;P002183;1;68,36;0,00;EUR;ES;PAYPAL;SHIPPED;58 allée des Peupliers, 46001 Valence
ORD-20260601-00490;ORD-20260601-00490-1;2026-06-01 15:22:49;C014665;S0435;P002183;1;68,36;0,00;EUR;ES;PAYPAL;SHIPPED;58 allée des Peupliers, 46001 Valence
ORD-20260601-00491;ORD-20260601-00491-1;2026-06-01 07:12:28;C013648;S0517;P001472;1;76,65;3,83;EUR;FR;CARD;RETURNED;50 boulevard Saint-Michel, 13008 Marseille
ORD-20260601-00491;ORD-20260601-00491-2;2026-06-01 07:12:28;C013648;S0157;P001726;3;77,14;11,57;EUR;FR;CARD;RETURNED;50 boulevard Saint-Michel, 13008 Marseille
ORD-20260601-00491;ORD-20260601-00491-3;2026-06-01 07:12:28;C013648;S0397;P001908;1;60,36;9,05;EUR;FR;CARD;RETURNED;50 boulevard Saint-Michel, 13008 Marseille
ORD-20260601-00492;ORD-20260601-00492-1;2026-06-01 21:51:39;C006511;S0366;P002744;1;46,14;0,00;EUR;FR;CARD;DELIVERED;41 rue Victor Hugo, 67000 Strasbourg
ORD-20260601-00492;ORD-20260601-00492-2;2026-06-01 21:51:39;C992149;S0507;P002604;1;25,20;0,00;EUR;FR;CARD;DELIVERED;41 rue Victor Hugo, 67000 Strasbourg
ORD-20260601-00492;ORD-20260601-00492-3;2026-06-01 21:51:39;C006511;S0257;P000800;3;86,64;0,00;EUR;FR;CARD;DELIVERED;41 rue Victor Hugo, 67000 Strasbourg
ORD-20260601-00492;ORD-20260601-00492-4;2026-06-01 21:51:39;C006511;S0551;P002230;1;119,50;11,95;EUR;FR;CARD;DELIVERED;41 rue Victor Hugo, 67000 Strasbourg
ORD-20260601-00492;ORD-20260601-00492-5;2026-06-01 21:51:39;C006511;S0043;P002521;1;16,64;0,00;EUR;FR;CARD;DELIVERED;41 rue Victor Hugo, 67000 Strasbourg
ORD-20260601-00493;ORD-20260601-00493-1;2026-06-01 15:26:21;C022413;S0509;P003328;2;20,45;0,00;EUR;BE;CARD;DELIVERED;70 place de l'Église, 2000 Anvers
ORD-20260601-00494;ORD-20260601-00494-1;2026-06-01 16:00:59;C013415;S0163;P005266;1;63,09;0,00;EUR;NL;TRANSFER;DELIVERED;152 boulevard Saint-Michel, 1011 Amsterdam
ORD-20260601-00495;ORD-20260601-00495-1;2026-06-01 19:11:35;C015899;S0534;P003615;2;255,25;51,05;EUR;ES;CARD;DELIVERED;69 impasse du Moulin, 46001 Valence
ORD-20260601-00496;ORD-20260601-00496-1;2026-06-01 10:37:29;C017352;S0101;P005797;-2;15,07 €;0,00;EUR;FR;CARD;PENDING;65 allée des Peupliers, 59000 Lille
ORD-20260601-00496;ORD-20260601-00496-2;2026-06-01 10:37:29;C017352;S0196;P003988;1;68,92;6,89;EUR;FR;CARD;PENDING;65 allée des Peupliers, 59000 Lille
ORD-20260601-00496;ORD-20260601-00496-3;2026-06-01 10:37:29;C017352;S0540;P000138;1;30,50;0,00;EUR;FR;CARD;PENDING;65 allée des Peupliers, 59000 Lille
ORD-20260601-00496;ORD-20260601-00496-4;2026-06-01 10:37:29;C017352;S0115;P007051;1;251,13;37,67;EUR;FR;CARD;Pending;65 allée des Peupliers, 59000 Lille
ORD-20260601-00497;ORD-20260601-00497-1;06/01/2026;C008759;S0372;P001507;1;36,75;5,51;EUR;DE;CARD;DELIVERED;23 rue du Général Leclerc, 80331 Munich
ORD-20260601-00497;ORD-20260601-00497-2;2026-06-01 10:08:33;C008759;S0475;P003150;1;214,33;0,00;EUR;DE;CARD;DELIVERED;23 rue du Général Leclerc, 80331 Munich
ORD-20260601-00497;ORD-20260601-00497-3;2026-06-01 10:08:33;C008759;S0026;P000569;1;18,95;0,95;EUR;DE;CARD;Delivered;23 rue du Général Leclerc, 80331 Munich
ORD-20260601-00497;ORD-20260601-00497-4;2026-06-01 10:08:33;C008759;S0365;P005731;1;155,79;23,37;EUR;DE;CARD;DELIVERED;23 rue du Général Leclerc, 80331 Munich
ORD-20260601-00498;ORD-20260601-00498-1;2026-06-01 21:34:46;C024771;S0562;P003194;2;88,94;8,89;EUR;FR;CARD;delivered;127 impasse du Moulin, 31000 Toulouse
ORD-20260601-00498;ORD-20260601-00498-2;2026-06-01 21:34:46;C024771;S0435;P003311;-1;40,34;0,00;EUR;FR;CARD; DELIVERED ;127 impasse du Moulin, 31000 Toulouse
ORD-20260601-00498;ORD-20260601-00498-3;2026-06-01 21:34:46;C024771;S0384;P006063;1;94,19;14,13;EUR;FR;CARD;DELIVERED;127 impasse du Moulin, 31000 Toulouse
ORD-20260601-00498;ORD-20260601-00498-4;2026-06-01 21:34:46;C024771;S0303;P007501;1;73,49;11,02;EUR;FR;CARD;DELIVERED;127 impasse du Moulin, 31000 Toulouse
ORD-20260601-00498;ORD-20260601-00498-5;2026-06-01 21:34:46;C024771;S0455;P004391;1;72,44;0,00;EUR;FR;CARD;Delivered;127 impasse du Moulin, 31000 Toulouse
ORD-20260601-00499;ORD-20260601-00499-1;2026-06-01 09:52:37;C017278;S0092;P007400;1;77,06;0,00;EUR;FR;GIFTCARD; RETURNED ;100 route de Bordeaux, 33000 Bordeaux
ORD-20260601-00499;ORD-20260601-00499-2;2026-06-01 09:52:37;C017278;S0067;P000040;1;13,86;2,08;EUR;FR;GIFTCARD;RETURNED;100 route de Bordeaux, 33000 Bordeaux
ORD-20260601-00500;ORD-20260601-00500-1;2026-06-01 13:40:05;C008452;S0257;P003633;2;4,99;0,00;EUR;IT;PAYPAL;Pending;29 impasse du Moulin, 20121 Milan
ORD-20260601-00501;ORD-20260601-00501-1;2026-06-01 11:08:42;C019881;S0316;P001414;2;196,75;39,35;EUR;FR;CARD;SHIPPED;35 place de l'Église, 35000 Rennes
ORD-20260601-00502;ORD-20260601-00502-1;2026-06-01 14:45:58;C012299;S0511;P004626;1;68,44;6,84;EUR;FR;CARD;CANCELLED;1 cours Gambetta, 69003 Lyon
ORD-20260601-00502;ORD-20260601-00502-2;2026-06-01 14:45:58;C012299;S0352;P006256;1;56,33;2,82;EUR;FR;CARD;CANCELLED;1 cours Gambetta, 69003 Lyon
ORD-20260601-00502;ORD-20260601-00502-3;2026-06-01 14:45:58;C012299;S0273;P005207;4;16,80;3,36;EUR;FR;CARD;cancelled;1 cours Gambetta, 69003 Lyon
ORD-20260601-00502;ORD-20260601-00502-4;2026-06-01 14:45:58;C012299;S0575;P007560;1;153,12;7,66;EUR;FR;CARD;CANCELLED;1 cours Gambetta, 69003 Lyon
ORD-20260601-00503;ORD-20260601-00503-1;2026-06-01 20:12:07;C013387;S0585;P004470;1;26,74;0,00;EUR;FR;PAYPAL; DELIVERED ;106 route de Bordeaux, 44000 Nantes
ORD-20260601-00504;ORD-20260601-00504-1;2026-06-01 16:06:36;C014758;S0440;P004642;1;48,56;2,43;EUR;ES;PAYPAL;Delivered;29 rue Victor Hugo, 08001 Barcelone
ORD-20260601-00504;ORD-20260601-00504-2;2026-06-01 16:06:36;C014758;S0174;P001797;1;246,09;0,00;EUR;ES;PAYPAL;DELIVERED;29 rue Victor Hugo, 08001 Barcelone
ORD-20260601-00504;ORD-20260601-00504-3;2026-06-01 16:06:36;C014758;S0084;P003495;1;49,02;7,35;EUR;ES;PAYPAL; DELIVERED ;29 rue Victor Hugo, 08001 Barcelone
ORD-20260601-00505;ORD-20260601-00505-1;2026-06-01 14:08:25;C003945;S0415;P003167;1;40,25;2,01;EUR;BE;CARD;DELIVERED;3 chemin des Vignes, 1000 Bruxelles
ORD-20260601-00506;ORD-20260601-00506-1;2026-06-01 10:55:49;C007829;S0253;P004294;1;48,13;0,00;EUR;BE;CARD;DELIVERED;171 chemin des Vignes, 1000 Bruxelles
ORD-20260601-00506;ORD-20260601-00506-2;2026-06-01 10:55:49;C007829;S0004;P007554;1;238,56;23,86;EUR;BE;CARD;delivered;171 chemin des Vignes, 1000 Bruxelles
ORD-20260601-00507;ORD-20260601-00507-1;2026-06-01 16:23:17;C021566;S0587;P005926;1;52,63;0,00;EUR;FR;CARD;SHIPPED;69 route de Bordeaux, 13008 Marseille
ORD-20260601-00507;ORD-20260601-00507-2;2026-06-01 16:23:17;C021566;S0185;P005066;2;187,51;0,00;EUR;FR;CARD;SHIPPED;69 route de Bordeaux, 13008 Marseille
ORD-20260601-00507;ORD-20260601-00507-3;2026-06-01 16:23:17;C021566;S0023;P004277;1;260,82;0,00;EUR;FR;CARD;SHIPPED;69 route de Bordeaux, 13008 Marseille
ORD-20260601-00507;ORD-20260601-00507-4;2026-06-01 16:23:17;C021566;S0380;P003293;1;76,86;0,00;EUR;FR;CARD;SHIPPED;69 route de Bordeaux, 13008 Marseille
ORD-20260601-00507;ORD-20260601-00507-5;2026-06-01 16:23:17;C021566;S0122;P001190;1;94,57;0,00;EUR;FR;CARD;SHIPPED;69 route de Bordeaux, 13008 Marseille
ORD-20260601-00508;ORD-20260601-00508-1;2026-06-01 09:22:31;C022874;S0162;P006143;2;58,30;11,66;EUR;FR;CARD; DELIVERED ;138 allée des Peupliers, 33000 Bordeaux
ORD-20260601-00508;ORD-20260601-00508-2;2026-06-01 09:22:31;C022874;S0285;P004652;1;68,52;0,00;EUR;FR;CARD;DELIVERED;138 allée des Peupliers, 33000 Bordeaux
ORD-20260601-00508;ORD-20260601-00508-3;2026-06-01 09:22:31;C022874;S0579;P007716;1;44,29;0,00;EUR;FR;CARD;DELIVERED;138 allée des Peupliers, 33000 Bordeaux
ORD-20260601-00509;ORD-20260601-00509-1;2026-06-01 12:15:57;C003135;S0156;P002005;1;57,00;5,70;EUR;DE;PAYPAL; DELIVERED ;19 rue de la République, 80331 Munich
ORD-20260601-00509;ORD-20260601-00509-2;2026-06-01 12:15:57;C003135;S0090;P005589;4;6,34;0,00;EUR;DE;PAYPAL;DELIVERED;19 rue de la République, 80331 Munich
ORD-20260601-00509;ORD-20260601-00509-3;2026-06-01 12:15:57;C003135;S0535;P001375;1;50,38;0,00;EUR;DE;PAYPAL;DELIVERED;19 rue de la République, 80331 Munich
ORD-20260601-00510;ORD-20260601-00510-1;2026-06-01 20:05:18;C009177;S0270;P003114;3;283,66;0,00;EUR;FR;CARD; CANCELLED ;121 allée des Peupliers, 59000 Lille
ORD-20260601-00511;ORD-20260601-00511-1;2026-06-01 20:45:33;C000432;S0180;P000332;1;60,68;0,00;EUR;IT;CARD; DELIVERED ;148 chemin des Vignes, 00184 Rome
ORD-20260601-00512;ORD-20260601-00512-1;2026-06-01 15:22:44;C006872;S0442;P004258;1;55,14;2,76;EUR;FR;PAYPAL;DELIVERED;148 cours Gambetta, 75011 Paris
ORD-20260601-00512;ORD-20260601-00512-2;2026-06-01 15:22:44;C006872;S0280;P007174;1;26,53;0,00;EUR;FR;PAYPAL;DELIVERED;148 cours Gambetta, 75011 Paris
ORD-20260601-00512;ORD-20260601-00512-3;2026-06-01 15:22:44;C006872;S0497;P005907;4;51,68;10,34;EUR;FR;PAYPAL;DELIVERED;148 cours Gambetta, 75011 Paris
ORD-20260601-00513;ORD-20260601-00513-1;2026-06-01 10:35:33;C000509;S0281;P007379;2;54,77;16,43;EUR;FR;PAYPAL;DELIVERED;141 rue Victor Hugo, 67000 Strasbourg
ORD-20260601-00513;ORD-20260601-00513-2;2026-06-01 10:35:33;C000509;S0460;P005878;1;28,98;0,00;EUR;FR;PAYPAL;DELIVERED;141 rue Victor Hugo, 67000 Strasbourg
ORD-20260601-00514;ORD-20260601-00514-1;2026-06-01 14:45:05;C007551;S0591;P004802;1;52,14;0,00;EUR;BE;APPLEPAY;Delivered;66 rue du Général Leclerc, 1000 Bruxelles
ORD-20260601-00514;ORD-20260601-00514-2;2026-06-01 14:45:05;C007551;S0322;P003327;2;114,06;0,00;EUR;BE;APPLEPAY;DELIVERED;66 rue du Général Leclerc, 1000 Bruxelles
ORD-20260601-00514;ORD-20260601-00514-3;2026-06-01 14:45:05;C007551;S0253;P005486;1;42,74;2,14;EUR;BE;APPLEPAY;DELIVERED;66 rue du Général Leclerc, 1000 Bruxelles
ORD-20260601-00515;ORD-20260601-00515-1;2026-06-01 20:26:00;C016464;S0580;P005750;2;76,21;0,00;EUR;BE;CARD; DELIVERED ;175 quai des Chartrons, 1000 Bruxelles
ORD-20260601-00516;ORD-20260601-00516-1;2026-06-01 08:11:11;C019843;S0493;P004741;2;53,31;0,00;EUR;FR;CARD;DELIVERED;50 allée des Peupliers, 31000 Toulouse
ORD-20260601-00516;ORD-20260601-00516-2;2026-06-01 08:11:11;C019843;S0478;P006799;2;204,71;0,00;EUR;FR;CARD;DELIVERED;50 allée des Peupliers, 31000 Toulouse
ORD-20260601-00516;ORD-20260601-00516-3;2026-06-01 08:11:11;C019843;S0214;P006292;1;10,90;0,00;EUR;FR;CARD;DELIVERED;50 allée des Peupliers, 31000 Toulouse
ORD-20260601-00517;ORD-20260601-00517-1;2026-06-01 12:20:56;C011472;S0397;P007065;3;63,92;9,59;EUR;FR;APPLEPAY;DELIVERED;47 route de Bordeaux, 75011 Paris
ORD-20260601-00518;ORD-20260601-00518-1;2026-06-01 17:08:46;C001365;S0164;P006431;1;194,72;0,00;EUR;FR;CARD;DELIVERED;24 allée des Peupliers; Batiment A; 13008 Marseille
ORD-20260601-00518;ORD-20260601-00518-2;2026-06-01 17:08:46;C001365;S0269;P001587;1;125,93;12,59;EUR;FR;CARD;DELIVERED;24 allée des Peupliers, 13008 Marseille
ORD-20260601-00518;ORD-20260601-00518-3;2026-06-01 17:08:46;C001365;S0030;P002044;1;74,37;11,16;EUR;FR;CARD;Delivered;24 allée des Peupliers, 13008 Marseille
ORD-20260601-00519;ORD-20260601-00519-1;2026-06-01 11:18:13;C001653;S0062;P001953;1;118,85;0,00;EUR;ES;CARD;RETURNED;88 allée des Peupliers, 28001 Madrid
ORD-20260601-00519;ORD-20260601-00519-2;2026-06-01 11:18:13;C001653;S0393;P001847;1;38,16;5,72;EUR;ES;CARD;RETURNED;88 allée des Peupliers, 28001 Madrid
ORD-20260601-00520;ORD-20260601-00520-1;2026-06-01 14:21:54;C007086;S0035;P001648;1;25,53;3,83;EUR;FR;CARD;DELIVERED;125 route de Bordeaux, 67000 Strasbourg
ORD-20260601-00520;ORD-20260601-00520-2;2026-06-01 14:21:54;C007086;S0355;P002292;4;140,46;0,00;EUR;FR;CARD; DELIVERED ;125 route de Bordeaux, 67000 Strasbourg
ORD-20260601-00520;ORD-20260601-00520-3;2026-06-01 14:21:54;C007086;S0441;P000130;1;83,08;0,00;EUR;FR;CARD;DELIVERED;125 route de Bordeaux, 67000 Strasbourg
ORD-20260601-00521;ORD-20260601-00521-1;2026-06-01 20:53:54;C012539;S0511;P004626;1;68,96;0,00;EUR;FR;APPLEPAY; DELIVERED ;41 place de l'Église, 35000 Rennes
ORD-20260601-00522;ORD-20260601-00522-1;2026-06-01 11:55:23;C017567;S0374;P004320;1;14,83;0,00;EUR;BE;CARD;PENDING;51 boulevard Saint-Michel, 4000 Liège
ORD-20260601-00523;ORD-20260601-00523-1;2026-06-01 10:02:35;C020213;S0121;P002434;3;149,92;22,49;EUR;BE;CARD;delivered;168 rue Victor Hugo, 4000 Liège
ORD-20260601-00523;ORD-20260601-00523-2;2026-06-01 10:02:35;C020213;S0185;P000648;2;19,75;0,00;EUR;BE;CARD; DELIVERED ;168 rue Victor Hugo, 4000 Liège
ORD-20260601-00524;ORD-20260601-00524-1;2026-06-01 09:02:26;C019539;S0017;P000110;1;58,47;0,00;EUR;ES;PAYPAL;RETURNED;101 boulevard Saint-Michel, 08001 Barcelone
ORD-20260601-00524;ORD-20260601-00524-2;2026-06-01 09:02:26;C019539;S0164;P006166;1;42,60;0,00;EUR;ES;PAYPAL;RETURNED;101 boulevard Saint-Michel, 08001 Barcelone
ORD-20260601-00524;ORD-20260601-00524-3;2026-06-01 09:02:26;C019539;S0240;P006182;2;172,18;0,00;EUR;ES;PAYPAL; RETURNED ;101 boulevard Saint-Michel, 08001 Barcelone
ORD-20260601-00525;ORD-20260601-00525-1;2026-06-01 20:36:45;C010066;S0510;P003726;1;42,53;0,00;EUR;DE;PAYPAL;RETURNED;24 impasse du Moulin, 10115 Berlin
ORD-20260601-00526;ORD-20260601-00526-1;2026-06-01 21:08:58;C022268;S0440;P005825;1;32,85;3,29;EUR;FR;PAYPAL;CANCELLED;5 boulevard Saint-Michel, 33000 Bordeaux
ORD-20260601-00527;ORD-20260601-00527-1;2026-06-01 11:03:48;C015210;S0001;P001531;1;73,08;3,65;EUR;BE;CARD;DELIVERED;144 cours Gambetta, 1000 Bruxelles
ORD-20260601-00528;ORD-20260601-00528-1;2026-06-01 09:20:57;C001617;S0551;P006721;1;89,32;0,00;EUR;BE;CARD;delivered;155 cours Gambetta, 1000 Bruxelles
ORD-20260601-00529;ORD-20260601-00529-1;2026-06-01 16:32:40;C000976;S0507;P004228;1;172,76;0,00;EUR;FR;CARD; DELIVERED ;153 rue du Général Leclerc, 31000 Toulouse
ORD-20260601-00529;ORD-20260601-00529-2;2026-06-01 16:32:40;C000976;S0010;P007409;1;221,80;0,00;EUR;FR;CARD;DELIVERED;153 rue du Général Leclerc, 31000 Toulouse
ORD-20260601-00530;ORD-20260601-00530-1;2026-06-01 14:39:43;C003404;S0533;P004187;1;27,19;4,08;EUR;NL;CARD; DELIVERED ;106 boulevard Saint-Michel, 1011 Amsterdam
ORD-20260601-00530;ORD-20260601-00530-2;2026-06-01 14:39:43;C003404;S0426;P003406;1;37,92;0,00;EUR;NL;CARD;Delivered;106 boulevard Saint-Michel, 1011 Amsterdam
ORD-20260601-00530;ORD-20260601-00530-3;2026-06-01 14:39:43;C003404;S0430;P002739;2;224,64;22,46;EUR;NL;CARD;DELIVERED;106 boulevard Saint-Michel, 1011 Amsterdam
ORD-20260601-00531;ORD-20260601-00531-1;2026-06-01 12:19:43;C021948;S0211;P001720;1;86,50;0,00;EUR;DE;CARD;Cancelled;23 route de Bordeaux, 20095 Hambourg
ORD-20260601-00532;ORD-20260601-00532-1;2026-06-01 20:33:10;C005964;S0580;P007344;1;74,03;11,10;EUR;FR;CARD; DELIVERED ;157 boulevard Saint-Michel, 69003 Lyon
ORD-20260601-00532;ORD-20260601-00532-2;2026-06-01 20:33:10;C005964;S0378;P001764;1;10,22;0,51;EUR;FR;CARD;DELIVERED;157 boulevard Saint-Michel, 69003 Lyon
ORD-20260601-00532;ORD-20260601-00532-3;2026-06-01 20:33:10;C005964;S0346;P004052;1;74,97;7,50;EUR;FR;CARD;DELIVERED;157 boulevard Saint-Michel, 69003 Lyon
ORD-20260601-00533;ORD-20260601-00533-1;2026-06-01 17:27:37;C017474;S0518;P002538;1;67,25;0,00;EUR;NL;CARD;DELIVERED;10 boulevard Saint-Michel, 1011 Amsterdam
ORD-20260601-00533;ORD-20260601-00533-1;2026-06-01 17:27:37;C017474;S0518;P002538;1;67,25;0,00;EUR;NL;CARD;DELIVERED;10 boulevard Saint-Michel, 1011 Amsterdam
ORD-20260601-00533;ORD-20260601-00533-2;2026-06-01 17:27:37;C017474;S0263;P006071;2;13,19;2,64;EUR;NL;CARD;DELIVERED;10 boulevard Saint-Michel, 1011 Amsterdam
ORD-20260601-00533;ORD-20260601-00533-3;2026-06-01 17:27:37;C017474;S0077;P002455;1;124,34;0,00;EUR;NL;CARD;DELIVERED;10 boulevard Saint-Michel, 1011 Amsterdam
ORD-20260601-00534;ORD-20260601-00534-1;2026-06-01 15:08:46;C003504;S0436;P002792;1;36,39;0,00;EUR;DE;GIFTCARD;DELIVERED;2 rue Victor Hugo, 20095 Hambourg
ORD-20260601-00534;ORD-20260601-00534-2;2026-06-01 15:08:46;C999030;S0213;P007884;1;25,52;3,83;EUR;DE;GIFTCARD;delivered;2 rue Victor Hugo, 20095 Hambourg
ORD-20260601-00534;ORD-20260601-00534-3;2026-06-01 15:08:46;C003504;S0447;P002180;1;49,87;2,49;EUR;DE;GIFTCARD;DELIVERED;2 rue Victor Hugo, 20095 Hambourg
ORD-20260601-00535;ORD-20260601-00535-1;2026-06-01 18:40:22;C016563;S0074;P001740;2;94,91;18,98;EUR;NL;CARD;DELIVERED;107 boulevard Saint-Michel, 1011 Amsterdam
ORD-20260601-00535;ORD-20260601-00535-2;2026-06-01 18:40:22;C016563;S0517;P005386;1;88,79;0,00;EUR;NL;CARD;DELIVERED;107 boulevard Saint-Michel, 1011 Amsterdam
ORD-20260601-00536;ORD-20260601-00536-1;2026-06-01 23:05:47;C007205;S0218;P002655;1;134,23;0,00;EUR;FR;PAYPAL;DELIVERED;41 quai des Chartrons, 75011 Paris
ORD-20260601-00536;ORD-20260601-00536-2;2026-06-01 23:05:47;C007205;S0540;P006127;2;65,99;13,20;EUR;FR;PAYPAL;DELIVERED;41 quai des Chartrons, 75011 Paris
ORD-20260601-00536;ORD-20260601-00536-3;2026-06-01 23:05:47;C007205;S0138;P004711;2;34,29;10,29;EUR;FR;PAYPAL;DELIVERED;41 quai des Chartrons, 75011 Paris
ORD-20260601-00536;ORD-20260601-00536-4;2026-06-01 23:05:47;C007205;S0446;P006026;2;128,05;25,61;EUR;FR;PAYPAL;DELIVERED;41 quai des Chartrons, 75011 Paris
ORD-20260601-00537;ORD-20260601-00537-1;2026-06-01 08:11:23;C024987;S0384;P001115;1;28,18;1,41;EUR;ES;PAYPAL;Delivered;117 allée des Peupliers, 28001 Madrid
ORD-20260601-00537;ORD-20260601-00537-2;2026-06-01 08:11:23;C024987;S0217;P006822;1;194,52;9,73;EUR;ES;PAYPAL;DELIVERED;117 allée des Peupliers, 28001 Madrid
ORD-20260601-00537;ORD-20260601-00537-3;2026-06-01 08:11:23;C024987;S0037;P003067;1;29,97;0,00;EUR;ES;PAYPAL;DELIVERED;117 allée des Peupliers, 28001 Madrid
ORD-20260601-00537;ORD-20260601-00537-4;2026-06-01 08:11:23;C024987;S0399;P004090;1;25,38;0,00;EUR;ES;PAYPAL;DELIVERED;117 allée des Peupliers, 28001 Madrid
ORD-20260601-00538;ORD-20260601-00538-1;2026-06-01 12:15:42;C003500;S0071;P005193;3;12,13;1,82;EUR;IT;GIFTCARD;PENDING;127 quai des Chartrons, 20121 Milan
ORD-20260601-00539;ORD-20260601-00539-1;2026-06-01 12:40:00;C024290;S0530;P004942;1;134,95;0,00;EUR;NL;CARD;CANCELLED;27 rue Victor Hugo, 1011 Amsterdam
ORD-20260601-00540;ORD-20260601-00540-1;2026-06-01 17:24:26;C002406;S0249;P005484;3;7,59;3,42;EUR;ES;CARD;DELIVERED;23 allée des Peupliers, 28001 Madrid
ORD-20260601-00540;ORD-20260601-00540-2;2026-06-01 17:24:26;C002406;S0570;P006471;2;63,30;12,66;EUR;ES;CARD; DELIVERED ;23 allée des Peupliers, 28001 Madrid
ORD-20260601-00541;ORD-20260601-00541-1;2026-06-01 15:46:46;C021079;S0069;P007891;1;4,26;0,21;EUR;FR;TRANSFER;delivered;129 rue Victor Hugo, 31000 Toulouse
ORD-20260601-00541;ORD-20260601-00541-2;2026-06-01 15:46:46;C021079;S0218;P003286;1;81,15;0,00;EUR;FR;TRANSFER; DELIVERED ;129 rue Victor Hugo, 31000 Toulouse
ORD-20260601-00541;ORD-20260601-00541-3;2026-06-01 15:46:46;C021079;S0575;P003966;1;58,56;0,00;EUR;FR;TRANSFER;DELIVERED;129 rue Victor Hugo, 31000 Toulouse
ORD-20260601-00541;ORD-20260601-00541-4;2026-06-01 15:46:46;C021079;S0400;P005808;1;18,12;2,72;EUR;FR;TRANSFER;DELIVERED;129 rue Victor Hugo, 31000 Toulouse
ORD-20260601-00542;ORD-20260601-00542-1;2026-06-01 13:55:20;C006650;S0266;P004546;1;87,61;0,00;EUR;DE;CARD;Shipped;18 place de l'Église, 80331 Munich
ORD-20260601-00542;ORD-20260601-00542-2;2026-06-01 13:55:20;C006650;S0587;P005858;2;128,62;12,86;EUR;DE;CARD;SHIPPED;18 place de l'Église, 80331 Munich
ORD-20260601-00543;ORD-20260601-00543-1;2026-06-01 13:38:03;C005817;S0097;P000976;1;50,30;0,00;EUR;FR;CARD;DELIVERED;21 boulevard Saint-Michel, 13008 Marseille
ORD-20260601-00543;ORD-20260601-00543-2;2026-06-01 13:38:03;C005817;S0141;P005727;1;59,99;9,00;EUR;FR;CARD;DELIVERED;21 boulevard Saint-Michel, 13008 Marseille
ORD-20260601-00544;ORD-20260601-00544-1;2026-06-01 08:55:04;C001819;S0417;P005604;1;157,19;7,86;EUR;FR;CARD;SHIPPED;168 chemin des Vignes, 59000 Lille
ORD-20260601-00545;ORD-20260601-00545-1;2026-06-01 10:12:19;C011107;S0590;P003036;2;189,59;0,00;EUR;NL;CARD;DELIVERED;17 quai des Chartrons, 1011 Amsterdam
ORD-20260601-00545;ORD-20260601-00545-2;2026-06-01 10:12:19;C011107;S0330;P000827;1;120,53;0,00;EUR;NL;CARD;Delivered;17 quai des Chartrons, 1011 Amsterdam
ORD-20260601-00545;ORD-20260601-00545-3;2026-06-01 10:12:19;C011107;S0230;P001469;1;86,31;4,32;EUR;NL;CARD;DELIVERED;17 quai des Chartrons, 1011 Amsterdam
ORD-20260601-00546;ORD-20260601-00546-1;2026-06-01 10:52:51;C007409;S0113;P000706;1;180,68;27,10;EUR;FR;CARD;CANCELLED;42 rue de la République, 67000 Strasbourg
ORD-20260601-00547;ORD-20260601-00547-1;2026-06-01 15:59:36;C008033;S0308;P007338;2;159,38;0,00;EUR;ES;CARD;SHIPPED;134 route de Bordeaux, 28001 Madrid
ORD-20260601-00547;ORD-20260601-00547-2;2026-06-01 15:59:36;C008033;S0440;P006080;1;72,39;7,24;EUR;ES;CARD;SHIPPED;134 route de Bordeaux, 28001 Madrid
ORD-20260601-00548;ORD-20260601-00548-1;2026-06-01 15:51:50;C004574;S0371;P002831;1;171,84;0,00;EUR;BE;TRANSFER;DELIVERED;145 impasse du Moulin, 4000 Liège
ORD-20260601-00549;ORD-20260601-00549-1;2026-06-01 19:58:03;C017985;S0136;P000818;1;54,75;8,21;EUR;ES;APPLEPAY;DELIVERED;145 chemin des Vignes, 08001 Barcelone
ORD-20260601-00549;ORD-20260601-00549-2;2026-06-01 19:58:03;C017985;S0052;P005200;1;52,90;0,00;EUR;ES;APPLEPAY;DELIVERED;145 chemin des Vignes, 08001 Barcelone
ORD-20260601-00549;ORD-20260601-00549-3;2026-06-01 19:58:03;C017985;S0132;P006584;2;15,15;1,52;EUR;ES;APPLEPAY;DELIVERED;145 chemin des Vignes, 08001 Barcelone
ORD-20260601-00549;ORD-20260601-00549-4;2026-06-01 19:58:03;C017985;S0353;P001734;1;96,54;0,00;EUR;ES;APPLEPAY;delivered;145 chemin des Vignes, 08001 Barcelone
ORD-20260601-00549;ORD-20260601-00549-5;2026-06-01 19:58:03;C017985;S0568;P005011;4;112,77;0,00;EUR;ES;APPLEPAY;DELIVERED;145 chemin des Vignes, 08001 Barcelone
ORD-20260601-00550;ORD-20260601-00550-1;2026-06-01 10:32:53;C003859;S0356;P004631;1;6,09;0,61;EUR;ES;CARD; CANCELLED ;78 boulevard Saint-Michel, 46001 Valence
ORD-20260601-00550;ORD-20260601-00550-2;2026-06-01 10:32:53;C003859;S0024;P006252;1;55,76;0,00;EUR;ES;CARD;CANCELLED;78 boulevard Saint-Michel, 46001 Valence
ORD-20260601-00550;ORD-20260601-00550-3;2026-06-01 10:32:53;C003859;S0466;P006582;1;90,18;0,00;EUR;ES;CARD;CANCELLED;78 boulevard Saint-Michel, 46001 Valence
ORD-20260601-00551;ORD-20260601-00551-1;2026-06-01 11:12:02;C007539;S0407;P006689;4;36,54;21,92;EUR;FR;CARD; RETURNED ;132 cours Gambetta, 35000 Rennes
ORD-20260601-00551;ORD-20260601-00551-2;2026-06-01 11:12:02;C007539;S0113;P004955;1;42,67;2,13;EUR;FR;CARD;RETURNED;132 cours Gambetta, 35000 Rennes
ORD-20260601-00552;ORD-20260601-00552-1;2026-06-01 08:04:33;C013624;S0437;P001724;2;24,62;4,92;EUR;BE;PAYPAL;PENDING;11 rue du Général Leclerc, 2000 Anvers
ORD-20260601-00553;ORD-20260601-00553-1;2026-06-01 16:42:53;C005796;S0421;P005122;2;156,13;31,23;EUR;FR;GIFTCARD;DELIVERED;180 avenue des Tilleuls, 75011 Paris
ORD-20260601-00554;ORD-20260601-00554-1;2026-06-01 14:16:03;C024816;S0282;P004422;1;50,35;2,52;EUR;IT;APPLEPAY; RETURNED ;167 rue du Général Leclerc, 20121 Milan
ORD-20260601-00555;ORD-20260601-00555-1;2026-06-01 20:16:14;C020342;S0119;P007387;1;40,54;0,00;EUR;IT;PAYPAL; PENDING ;24 impasse du Moulin, 00184 Rome
ORD-20260601-00556;ORD-20260601-00556-1;2026-06-01 15:52:30;C016692;S0488;P007623;1;194,52;0,00;EUR;DE;APPLEPAY;DELIVERED;34 route de Bordeaux, 80331 Munich
ORD-20260601-00556;ORD-20260601-00556-2;2026-06-01 15:52:30;C016692;S0012;P005905;1;248,30;0,00;EUR;DE;APPLEPAY;DELIVERED;34 route de Bordeaux, 80331 Munich
ORD-20260601-00557;ORD-20260601-00557-1;2026-06-01 10:35:26;C024569;S0516;P000279;2;24,43;2,44;EUR;FR;CARD;DELIVERED;13 rue du Général Leclerc, 67000 Strasbourg
ORD-20260601-00558;ORD-20260601-00558-1;2026-06-01 12:36:41;C024203;S0315;P003690;1;29,53;2,95;EUR;FR;CARD;CANCELLED;130 impasse du Moulin, 31000 Toulouse
ORD-20260601-00559;ORD-20260601-00559-1;2026-06-01 23:42:08;C002291;S0123;P004114;1;20,96;0,00;EUR;BE;CARD;DELIVERED;77 allée des Peupliers, 1000 Bruxelles
ORD-20260601-00559;ORD-20260601-00559-2;2026-06-01 23:42:08;C002291;S0594;P000904;1;42,95;6,44;EUR;BE;CARD;DELIVERED;77 allée des Peupliers, 1000 Bruxelles
ORD-20260601-00560;ORD-20260601-00560-1;2026-06-01 20:09:46;C022326;S0200;P000915;1;92,54;13,88;EUR;FR;CARD;DELIVERED;103 avenue des Tilleuls, 44000 Nantes
ORD-20260601-00561;ORD-20260601-00561-1;2026-06-01 20:08:24;C011880;S0425;P005781;3;65,44;19,63;EUR;FR;PAYPAL;DELIVERED;5 rue de la République, 35000 Rennes
ORD-20260601-00561;ORD-20260601-00561-2;2026-06-01 20:08:24;C011880;S0248;P002720;2;77,83;0,00;EUR;FR;PAYPAL;DELIVERED;5 rue de la République, 35000 Rennes
ORD-20260601-00561;ORD-20260601-00561-3;2026-06-01 20:08:24;C011880;S0546;P006681;1;10,66;0,00;EUR;FR;PAYPAL;DELIVERED;5 rue de la République, 35000 Rennes
ORD-20260601-00561;ORD-20260601-00561-4;2026-06-01 20:08:24;C011880;S0506;P005712;1;118,19;0,00;EUR;FR;PAYPAL;delivered;5 rue de la République, 35000 Rennes
ORD-20260601-00561;ORD-20260601-00561-5;2026-06-01 20:08:24;C011880;S0053;P001203;1;28,36;4,25;EUR;FR;PAYPAL;delivered;5 rue de la République, 35000 Rennes
ORD-20260601-00562;ORD-20260601-00562-1;2026-06-01 19:45:01;C023194;S0127;P007167;1;30,57;0,00;EUR;DE;CARD; DELIVERED ;106 quai des Chartrons, 20095 Hambourg
ORD-20260601-00562;ORD-20260601-00562-2;2026-06-01 19:45:01;C023194;S0365;P000519;1;103,60;0,00;EUR;DE;CARD;delivered;106 quai des Chartrons, 20095 Hambourg
ORD-20260601-00562;ORD-20260601-00562-3;2026-06-01 19:45:01;C023194;S0506;P006273;3;70,86;0,00;EUR;DE;CARD;DELIVERED;106 quai des Chartrons, 20095 Hambourg
ORD-20260601-00563;ORD-20260601-00563-1;2026-06-01 22:18:02;C012779;S0171;P002074;1;23,00;0,00;EUR;DE;PAYPAL;DELIVERED;120 route de Bordeaux, 20095 Hambourg
ORD-20260601-00563;ORD-20260601-00563-2;2026-06-01 22:18:02;C012779;S0459;P002284;4;93,01;0,00;EUR;DE;PAYPAL;DELIVERED;120 route de Bordeaux, 20095 Hambourg
ORD-20260601-00564;ORD-20260601-00564-1;2026-06-01 08:00:44;C017795;S0318;P005655;4;43,78;26,27;EUR;ES;CARD;DELIVERED;51 impasse du Moulin, 46001 Valence
ORD-20260601-00565;ORD-20260601-00565-1;2026-06-01 11:08:38;C009654;S0450;P005716;1;83,06;0,00;EUR;BE;PAYPAL;DELIVERED;52 rue du Général Leclerc, 1000 Bruxelles
ORD-20260601-00565;ORD-20260601-00565-2;2026-06-01 11:08:38;C009654;S0157;P004978;1;51,84;5,18;EUR;BE;PAYPAL;DELIVERED;52 rue du Général Leclerc, 1000 Bruxelles
ORD-20260601-00566;ORD-20260601-00566-1;2026-06-01 19:57:16;C019140;S0447;P007351;1;243,02;24,30;EUR;FR;APPLEPAY;Delivered;100 boulevard Saint-Michel, 59000 Lille
ORD-20260601-00566;ORD-20260601-00566-2;2026-06-01 19:57:16;C019140;S0383;P003677;2;86,26;17,25;EUR;FR;APPLEPAY;DELIVERED;100 boulevard Saint-Michel, 59000 Lille
ORD-20260601-00567;ORD-20260601-00567-1;2026-06-01 11:30:48;C015454;S0513;P001557;1;66,05;0,00;EUR;BE;PAYPAL;delivered;129 allée des Peupliers, 4000 Liège
ORD-20260601-00567;ORD-20260601-00567-2;2026-06-01 11:30:48;C015454;S0483;P004398;1;31,34;0,00;EUR;BE;PAYPAL;DELIVERED;129 allée des Peupliers, 4000 Liège
ORD-20260601-00568;ORD-20260601-00568-1;2026-06-01 16:48:54;C008970;S0523;P000877;1;171,66;17,17;EUR;FR;CARD;DELIVERED;140 route de Bordeaux, 59000 Lille
ORD-20260601-00569;ORD-20260601-00569-1;2026-06-01 21:15:32;C009817;S0460;P000090;3;62,63;0,00;EUR;NL;PAYPAL;DELIVERED;165 place de l'Église, 1011 Amsterdam
ORD-20260601-00570;ORD-20260601-00570-1;2026-06-01 15:31:57;C014696;S0033;P003351;1;88,96;0,00;EUR;DE;GIFTCARD;SHIPPED;54 cours Gambetta, 20095 Hambourg
ORD-20260601-00571;ORD-20260601-00571-1;2026-06-01 13:46:03;C019927;S0283;P000171;1;42,38;4,24;EUR;NL;PAYPAL; SHIPPED ;161 allée des Peupliers, 1011 Amsterdam
ORD-20260601-00572;ORD-20260601-00572-1;2026-06-01 11:42:06;C010081;S0179;P001270;3;9,47;0,00;EUR;FR;PAYPAL;DELIVERED;59 quai des Chartrons, 75011 Paris
ORD-20260601-00572;ORD-20260601-00572-2;2026-06-01 11:42:06;C010081;S0506;P000396;4;15,12;9,07;EUR;FR;PAYPAL;DELIVERED;59 quai des Chartrons, 75011 Paris
ORD-20260601-00573;ORD-20260601-00573-1;2026-06-01 08:40:33;C006252;S0058;P007414;1;144,28;0,00;EUR;ES;CARD;DELIVERED;31 boulevard Saint-Michel, 46001 Valence
ORD-20260601-00573;ORD-20260601-00573-1;2026-06-01 08:40:33;C006252;S0058;P007414;1;144,28;0,00;EUR;ES;CARD;DELIVERED;31 boulevard Saint-Michel, 46001 Valence
ORD-20260601-00574;ORD-20260601-00574-1;2026-06-01 12:32:42;C004890;S0360;P004140;1;28,27;2,83;EUR;ES;APPLEPAY;PENDING;95 quai des Chartrons, 08001 Barcelone
ORD-20260601-00574;ORD-20260601-00574-2;2026-06-01 12:32:42;C004890;S0322;P002391;1;32,36;3,24;EUR;ES;APPLEPAY;Pending;95 quai des Chartrons, 08001 Barcelone
ORD-20260601-00575;ORD-20260601-00575-1;2026-06-01 13:10:15;C007256;S0117;P001083;1;36,05;5,41;EUR;FR;CARD;DELIVERED;91 place de l'Église, 33000 Bordeaux
ORD-20260601-00575;ORD-20260601-00575-2;2026-06-01 13:10:15;C007256;S0372;P001507;1;34,71;0,00;EUR;FR;CARD; DELIVERED ;91 place de l'Église, 33000 Bordeaux
ORD-20260601-00576;ORD-20260601-00576-1;2026-06-01 14:21:07;C017280;S0434;P001341;1;206,02;30,90;EUR;DE;CARD;DELIVERED;67 rue du Général Leclerc, 20095 Hambourg
ORD-20260601-00576;ORD-20260601-00576-2;2026-06-01 14:21:07;C017280;S0392;P004971;1;56,78;5,68;EUR;DE;CARD; DELIVERED ;67 rue du Général Leclerc, 20095 Hambourg
ORD-20260601-00576;ORD-20260601-00576-3;2026-06-01 14:21:07;C017280;S0290;P006947;1;76,98;0,00;EUR;DE;CARD;delivered;67 rue du Général Leclerc, 20095 Hambourg
ORD-20260601-00577;ORD-20260601-00577-1;2026-06-01 13:23:49;C016938;S0167;P005792;2;167,32;0,00;EUR;DE;PAYPAL;DELIVERED;21 cours Gambetta, 80331 Munich
ORD-20260601-00577;ORD-20260601-00577-2;2026-06-01 13:23:49;C016938;S0224;P002159;1;77,66;3,88;EUR;DE;PAYPAL;DELIVERED;21 cours Gambetta, 80331 Munich
ORD-20260601-00578;ORD-20260601-00578-1;2026-06-01 18:19:33;C008983;S0175;P005678;1;38,96;1,95;EUR;ES;CARD; DELIVERED ;130 allée des Peupliers, 08001 Barcelone
ORD-20260601-00578;ORD-20260601-00578-2;2026-06-01 18:19:33;C008983;S0512;P001156;3;99,02;0,00;EUR;ES;CARD;Delivered;130 allée des Peupliers, 08001 Barcelone
ORD-20260601-00579;ORD-20260601-00579-1;2026-06-01 18:00:32;C020730;S0268;P006014;1;31,65;3,17;EUR;ES;CARD;DELIVERED;87 rue du Général Leclerc, 08001 Barcelone
ORD-20260601-00579;ORD-20260601-00579-2;2026-06-01 18:00:32;C020730;S0402;P000071;1;44,03;4,40;EUR;ES;CARD;Delivered;87 rue du Général Leclerc, 08001 Barcelone
ORD-20260601-00579;ORD-20260601-00579-3;2026-06-01 18:00:32;C020730;S0050;P000509;3;103,15;0,00;EUR;ES;CARD;DELIVERED;87 rue du Général Leclerc, 08001 Barcelone
ORD-20260601-00579;ORD-20260601-00579-4;2026-06-01 18:00:32;C020730;S0229;P004697;1;123,27;0,00;EUR;ES;CARD;DELIVERED;87 rue du Général Leclerc, 08001 Barcelone
ORD-20260601-00579;ORD-20260601-00579-5;2026-06-01 18:00:32;C020730;S0265;P001932;2;108,33;10,83;EUR;ES;CARD;DELIVERED;87 rue du Général Leclerc, 08001 Barcelone
ORD-20260601-00580;ORD-20260601-00580-1;2026-06-01 16:27:52;C002157;S0160;P003390;1;28,22;2,82;EUR;BE;CARD;DELIVERED;101 cours Gambetta, 2000 Anvers
ORD-20260601-00581;ORD-20260601-00581-1;2026-06-01 17:56:01;C004120;S0588;P004491;4;129,72;0,00;EUR;FR;CARD;DELIVERED;61 rue de la République, 31000 Toulouse
ORD-20260601-00581;ORD-20260601-00581-2;2026-06-01 17:56:01;C004120;S0369;P000209;1;55,44;8,32;EUR;FR;CARD;DELIVERED;61 rue de la République, 31000 Toulouse
ORD-20260601-00582;ORD-20260601-00582-1;2026-06-01 19:05:17;C024393;S0081;P000023;1;52,82;7,92;EUR;DE;CARD; RETURNED ;43 boulevard Saint-Michel, 10115 Berlin
ORD-20260601-00582;ORD-20260601-00582-2;2026-06-01 19:05:17;C024393;S0461;P001030;1;8,40;0,00;EUR;DE;CARD;RETURNED;43 boulevard Saint-Michel, 10115 Berlin
ORD-20260601-00582;ORD-20260601-00582-3;2026-06-01 19:05:17;C024393;S0379;P003005;3;80,44;0,00;EUR;DE;CARD;RETURNED;43 boulevard Saint-Michel, 10115 Berlin
ORD-20260601-00582;ORD-20260601-00582-4;2026-06-01 19:05:17;C024393;S0407;P001219;2;43,42;0,00;EUR;DE;CARD;RETURNED;43 boulevard Saint-Michel, 10115 Berlin
ORD-20260601-00583;ORD-20260601-00583-1;2026-06-01 12:18:01;C017908;S0512;P002733;1;116,86;0,00;EUR;DE;PAYPAL; DELIVERED ;39 quai des Chartrons, 20095 Hambourg
ORD-20260601-00584;ORD-20260601-00584-1;2026-06-01 17:57:52;C004635;S0147;P001577;1;60,09;0,00;EUR;DE;PAYPAL;DELIVERED;78 cours Gambetta, 10115 Berlin
ORD-20260601-00585;ORD-20260601-00585-1;2026-06-01 18:08:25;C004279;S0255;P002727;2;44,72;4,47;EUR;IT;CARD;delivered;112 allée des Peupliers, 00184 Rome
ORD-20260601-00585;ORD-20260601-00585-2;2026-06-01 18:08:25;C004279;S0014;P003368;4;76,91;30,76;EUR;IT;CARD;DELIVERED;112 allée des Peupliers, 00184 Rome
ORD-20260601-00586;ORD-20260601-00586-1;2026-06-01 10:21:16;C006937;S0295;P002290;1;10,60;1,06;EUR;FR;CARD;DELIVERED;126 allée des Peupliers, 44000 Nantes
ORD-20260601-00586;ORD-20260601-00586-2;2026-06-01 10:21:16;C006937;S0299;P000148;1;147,90;0,00;EUR;FR;CARD;DELIVERED;126 allée des Peupliers, 44000 Nantes
ORD-20260601-00587;ORD-20260601-00587-1;2026-06-01 14:06:53;C015573;S0124;P003470;2;180,57;0,00;EUR;FR;CARD;DELIVERED;107 avenue des Tilleuls, 59000 Lille
ORD-20260601-00587;ORD-20260601-00587-2;2026-06-01 14:06:53;C015573;S0258;P005504;3;94,56;42,55;EUR;FR;CARD;DELIVERED;107 avenue des Tilleuls, 59000 Lille
ORD-20260601-00587;ORD-20260601-00587-3;2026-06-01 14:06:53;C015573;S0502;P004259;3;74,28;0,00;EUR;FR;CARD;DELIVERED;107 avenue des Tilleuls, 59000 Lille
ORD-20260601-00587;ORD-20260601-00587-4;2026-06-01 14:06:53;C015573;S0109;P006685;2;11,39;0,00;EUR;FR;CARD;DELIVERED;107 avenue des Tilleuls, 59000 Lille
ORD-20260601-00587;ORD-20260601-00587-5;2026-06-01 14:06:53;C015573;S0589;P004088;1;108,50;5,43;EUR;FR;CARD;delivered;107 avenue des Tilleuls, 59000 Lille
ORD-20260601-00588;ORD-20260601-00588-1;2026-06-01 20:29:20;C002972;S0460;P005403;1;11,93;0,00;EUR;NL;CARD;DELIVERED;61 impasse du Moulin, 1011 Amsterdam
ORD-20260601-00589;ORD-20260601-00589-1;2026-06-01 16:52:31;C001515;S0042;P005638;1;92,39;0,00;EUR;FR;APPLEPAY;DELIVERED;105 place de l'Église, 35000 Rennes
ORD-20260601-00589;ORD-20260601-00589-2;2026-06-01 16:52:31;C001515;S0305;P007850;2;87,68;0,00;EUR;FR;APPLEPAY;DELIVERED;105 place de l'Église, 35000 Rennes
ORD-20260601-00590;ORD-20260601-00590-1;2026-06-01 18:28:23;C991262;S0381;P004226;2;53,75;0,00;EUR;ES;CARD;DELIVERED;73 impasse du Moulin, 46001 Valence
ORD-20260601-00590;ORD-20260601-00590-2;2026-06-01 18:28:23;C021800;S0589;P005054;1;102,67;10,27;EUR;ES;CARD;DELIVERED;73 impasse du Moulin, 46001 Valence
ORD-20260601-00590;ORD-20260601-00590-3;2026-06-01 18:28:23;C021800;S0179;P001187;2;50,82;15,25;EUR;ES;CARD;DELIVERED;73 impasse du Moulin, 46001 Valence
ORD-20260601-00590;ORD-20260601-00590-4;2026-06-01 18:28:23;C021800;S0390;P006105;1;37,03;1,85;EUR;ES;CARD;DELIVERED;73 impasse du Moulin, 46001 Valence
ORD-20260601-00591;ORD-20260601-00591-1;2026-06-01 12:38:37;C018367;S0403;P001197;2;90,26;9,03;EUR;FR;CARD;SHIPPED;154 boulevard Saint-Michel, 67000 Strasbourg
ORD-20260601-00591;ORD-20260601-00591-2;;C018367;S0065;P001287;1;179,42;8,97;EUR;FR;CARD;SHIPPED;154 boulevard Saint-Michel, 67000 Strasbourg
ORD-20260601-00592;ORD-20260601-00592-1;2026-06-01 14:11:45;C016150;S0463;P001801;1;36,30;0,00;EUR;BE;CARD;DELIVERED;125 rue de la République, 2000 Anvers
ORD-20260601-00593;ORD-20260601-00593-1;2026-06-01 15:55:28;C004920;S0542;P001757;4;73,45;29,38;EUR;DE;CARD;pending;139 allée des Peupliers, 10115 Berlin
ORD-20260601-00593;ORD-20260601-00593-2;2026-06-01 15:55:28;C004920;S0075;P007578;1;39,21;3,92;EUR;DE;CARD;Pending;139 allée des Peupliers, 10115 Berlin
ORD-20260601-00593;ORD-20260601-00593-3;2026-06-01 15:55:28;C004920;S0352;P003544;1;75,26;0,00;EUR;DE;CARD;PENDING;139 allée des Peupliers, 10115 Berlin
ORD-20260601-00593;ORD-20260601-00593-4;2026-06-01 15:55:28;C004920;S0147;P005470;1;80,56;12,08;EUR;DE;CARD;PENDING;139 allée des Peupliers, 10115 Berlin
ORD-20260601-00594;ORD-20260601-00594-1;2026-06-01 11:20:33;C012611;S0500;P000551;3;171,19;51,36;EUR;BE;CARD;Cancelled;66 allée des Peupliers, 4000 Liège
ORD-20260601-00594;ORD-20260601-00594-2;2026-06-01 11:20:33;C012611;S0363;P007291;1;55,05;0,00;EUR;BE;CARD; CANCELLED ;66 allée des Peupliers, 4000 Liège
ORD-20260601-00594;ORD-20260601-00594-3;2026-06-01 11:20:33;C012611;S0369;P002422;1;64,70;9,71;EUR;BE;CARD;Cancelled;66 allée des Peupliers, 4000 Liège
ORD-20260601-00595;ORD-20260601-00595-1;2026-06-01 15:43:34;C017185;S0539;P003027;1;85,26;0,00;EUR;BE;PAYPAL;DELIVERED;65 rue Victor Hugo, 4000 Liège
ORD-20260601-00595;ORD-20260601-00595-2;2026-06-01 15:43:34;C017185;S0063;P001632;1;48,49;2,42;EUR;BE;PAYPAL;DELIVERED;65 rue Victor Hugo, 4000 Liège
ORD-20260601-00595;ORD-20260601-00595-3;2026-06-01 15:43:34;C017185;S0074;P006304;1;17,17;1,72;EUR;BE;PAYPAL;DELIVERED;65 rue Victor Hugo, 4000 Liège
ORD-20260601-00596;ORD-20260601-00596-1;2026-06-01 19:33:44;C015715;S0461;P003703;2;185,21;18,52;EUR;ES;CARD;DELIVERED;161 allée des Peupliers, 28001 Madrid
ORD-20260601-00596;ORD-20260601-00596-2;2026-06-01 19:33:44;C015715;S0056;P007050;1;50,19;5,02;EUR;ES;CARD;DELIVERED;161 allée des Peupliers, 28001 Madrid
ORD-20260601-00597;ORD-20260601-00597-1;2026-06-01 14:52:59;C005459;S0036;P003589;2;42,70;0,00;EUR;FR;GIFTCARD;DELIVERED;5 place de l'Église, 33000 Bordeaux
ORD-20260601-00598;ORD-20260601-00598-1;2026-06-01 16:12:14;C024477;S0457;P004952;1;79,66;0,00;EUR;FR;CARD;DELIVERED;88 place de l'Église, 35000 Rennes
ORD-20260601-00598;ORD-20260601-00598-2;2026-06-01 16:12:14;C024477;S0126;P006501;3;34,69;15,61;EUR;FR;CARD; DELIVERED ;88 place de l'Église, 35000 Rennes
ORD-20260601-00599;ORD-20260601-00599-1;2026-06-01 11:22:45;C010883;S0489;P003661;1;69,99;7,00;EUR;FR;CARD;delivered;34 boulevard Saint-Michel, 75011 Paris
ORD-20260601-00599;ORD-20260601-00599-2;2026-06-01 11:22:45;C010883;S0409;P004705;1;66,63;0,00;EUR;FR;CARD;Delivered;34 boulevard Saint-Michel, 75011 Paris
ORD-20260601-00599;ORD-20260601-00599-3;2026-06-01 11:22:45;C010883;S0100;P001690;2;221,37;66,41;EUR;FR;CARD;DELIVERED;34 boulevard Saint-Michel, 75011 Paris
ORD-20260601-00600;ORD-20260601-00600-1;2026-06-01 08:21:32;C004637;S0568;P003353;1;66,98;6,70;EUR;ES;CARD;pending;9 quai des Chartrons, 08001 Barcelone
ORD-20260601-00601;ORD-20260601-00601-1;2026-06-01 17:34:08;C016969;S0259;P003379;1;157,45;0,00;EUR;FR;CARD;DELIVERED;171 rue Victor Hugo, 13008 Marseille
ORD-20260601-00602;ORD-20260601-00602-1;2026-06-01 16:56:16;C012319;S0029;P007878;1;110,34;5,52;EUR;FR;CARD;Delivered;168 boulevard Saint-Michel, 44000 Nantes
ORD-20260601-00602;ORD-20260601-00602-2;2026-06-01 16:56:16;C012319;S0284;P003395;1;36,88;0,00;EUR;FR;CARD;delivered;168 boulevard Saint-Michel, 44000 Nantes
ORD-20260601-00602;ORD-20260601-00602-3;2026-06-01 16:56:16;C012319;S0197;P001211;1;44,07;0,00;EUR;FR;CARD;Delivered;168 boulevard Saint-Michel, 44000 Nantes
ORD-20260601-00602;ORD-20260601-00602-4;2026-06-01 16:56:16;C012319;S0474;P001944;1;108,93;0,00;EUR;FR;CARD; DELIVERED ;168 boulevard Saint-Michel, 44000 Nantes
ORD-20260601-00602;ORD-20260601-00602-5;2026-06-01 16:56:16;C012319;S0337;P004237;2;30,42;0,00;EUR;FR;CARD; DELIVERED ;168 boulevard Saint-Michel, 44000 Nantes
ORD-20260601-00603;ORD-20260601-00603-1;2026-06-01 17:55:42;C021106;S0337;P000162;2;48,62;14,59;EUR;FR;TRANSFER;DELIVERED;101 allée des Peupliers, 31000 Toulouse
ORD-20260601-00603;ORD-20260601-00603-2;2026-06-01 17:55:42;C021106;S0092;P000935;1;8,07;0,00;EUR;FR;TRANSFER;DELIVERED;101 allée des Peupliers, 31000 Toulouse
ORD-20260601-00603;ORD-20260601-00603-3;2026-06-01 17:55:42;C021106;S0456;P006203;2;23,81;4,76;EUR;FR;TRANSFER;DELIVERED;101 allée des Peupliers, 31000 Toulouse
ORD-20260601-00603;ORD-20260601-00603-4;2026-06-01 17:55:42;C021106;S0146;P000568;2;81,43;0,00;EUR;FR;TRANSFER; DELIVERED ;101 allée des Peupliers, 31000 Toulouse
ORD-20260601-00603;ORD-20260601-00603-5;2026-06-01 17:55:42;C021106;S0521;P005163;1;64,56;0,00;EUR;FR;TRANSFER;DELIVERED;101 allée des Peupliers, 31000 Toulouse
ORD-20260601-00604;ORD-20260601-00604-1;2026-06-01 13:22:20;C010806;S0251;P004175;1;51,86;0,00;EUR;ES;CARD;DELIVERED;125 allée des Peupliers, 28001 Madrid
ORD-20260601-00604;ORD-20260601-00604-2;2026-06-01 13:22:20;C010806;S0588;P003275;1;62,31;0,00;EUR;ES;CARD;DELIVERED;125 allée des Peupliers, 28001 Madrid
ORD-20260601-00604;ORD-20260601-00604-3;2026-06-01 13:22:20;C010806;S0013;P005947;2;72,60;7,26;EUR;ES;CARD;DELIVERED;125 allée des Peupliers, 28001 Madrid
ORD-20260601-00605;ORD-20260601-00605-1;2026-06-01 12:36:38;C018897;S0519;P006634;1;122,12;18,32;EUR;DE;PAYPAL;CANCELLED;15 rue de la République, 20095 Hambourg
ORD-20260601-00606;ORD-20260601-00606-1;2026-06-01 11:41:01;C014522;S0098;P004684;2;67,09;0,00;EUR;FR;CARD;DELIVERED;76 quai des Chartrons, 44000 Nantes
ORD-20260601-00607;ORD-20260601-00607-1;2026-06-01 16:14:58;C009886;S0363;P007438;1;7,01;0,70;EUR;FR;PAYPAL; RETURNED ;65 cours Gambetta, 33000 Bordeaux
ORD-20260601-00608;ORD-20260601-00608-1;2026-06-01 16:05:46;C023931;S0297;P000777;4;44,61;0,00;EUR;FR;PAYPAL;delivered;106 avenue des Tilleuls, 33000 Bordeaux
ORD-20260601-00609;ORD-20260601-00609-1;2026-06-01 17:50:47;C024004;S0546;P007477;1;90,70;0,00;EUR;BE;TRANSFER;DELIVERED;159 rue Victor Hugo, 4000 Liège
ORD-20260601-00609;ORD-20260601-00609-2;2026-06-01 17:50:47;C993232;S0434;P003155;3;96,45;14,47;EUR;BE;TRANSFER;delivered;159 rue Victor Hugo, 4000 Liège
ORD-20260601-00609;ORD-20260601-00609-3;2026-06-01 17:50:47;C024004;S0286;P003582;1;15,70;0,00;EUR;BE;TRANSFER;Delivered;159 rue Victor Hugo, 4000 Liège
ORD-20260601-00609;ORD-20260601-00609-4;2026-06-01 17:50:47;C024004;S0324;P004703;2;71,90;0,00;EUR;BE;TRANSFER;DELIVERED;159 rue Victor Hugo, 4000 Liège
ORD-20260601-00610;ORD-20260601-00610-1;2026-06-01 16:01:31;C017222;S0450;P005716;1;76,91;7,69;EUR;NL;CARD;DELIVERED;144 quai des Chartrons, 1011 Amsterdam
ORD-20260601-00611;ORD-20260601-00611-1;2026-06-01 17:30:03;C016052;S0597;P001802;1;121,16;12,12;EUR;FR;CARD;DELIVERED;135 impasse du Moulin, 31000 Toulouse
ORD-20260601-00612;ORD-20260601-00612-1;2026-06-01 14:23:32;C000088;S0536;P000308;1;56,41;0,00;EUR;DE;CARD;CANCELLED;35 rue de la République, 20095 Hambourg
ORD-20260601-00612;ORD-20260601-00612-2;2026-06-01 14:23:32;C000088;S0388;P000491;3;24,95;11,23;EUR;DE;CARD;CANCELLED;35 rue de la République, 20095 Hambourg
ORD-20260601-00613;ORD-20260601-00613-1;2026-06-01 18:27:21;C017012;S0542;P000243;2;80,37;16,07;EUR;ES;CARD;DELIVERED;24 rue de la République, 08001 Barcelone
ORD-20260601-00613;ORD-20260601-00613-2;2026-06-01 18:27:21;C017012;S0224;P004835;3;134,70;0,00;EUR;ES;CARD;DELIVERED;24 rue de la République, 08001 Barcelone
ORD-20260601-00614;ORD-20260601-00614-1;2026-06-01 14:17:48;C022152;S0562;P004987;1;78,34;0,00;EUR;ES;APPLEPAY;DELIVERED;113 place de l'Église, 46001 Valence
ORD-20260601-00614;ORD-20260601-00614-2;2026-06-01 14:17:48;C022152;S0434;P003155;2;76,91;15,38;EUR;ES;APPLEPAY;delivered;113 place de l'Église, 46001 Valence
ORD-20260601-00614;ORD-20260601-00614-3;2026-06-01 14:17:48;C022152;S0596;P007260;1;26,91;0,00;EUR;ES;APPLEPAY;DELIVERED;113 place de l'Église, 46001 Valence
ORD-20260601-00615;ORD-20260601-00615-1;2026-06-01 11:17:46;C000709;S0467;P002644;1;41,13;4,11;EUR;FR;CARD;DELIVERED;127 cours Gambetta, 44000 Nantes
ORD-20260601-00616;ORD-20260601-00616-1;2026-06-01 18:49:01;C023623;S0061;P000010;2;4,88;0,98;EUR;ES;CARD;delivered;50 rue Victor Hugo, 08001 Barcelone
ORD-20260601-00616;ORD-20260601-00616-2;2026-06-01 18:49:01;C023623;S0181;P005388;1;78,19;7,82;EUR;ES;CARD;Delivered;50 rue Victor Hugo, 08001 Barcelone
ORD-20260601-00617;ORD-20260601-00617-1;2026-06-01 16:42:01;C020531;S0224;P006770;1;24,27;0,00;EUR;FR;CARD;DELIVERED;115 rue du Général Leclerc, 33000 Bordeaux
ORD-20260601-00617;ORD-20260601-00617-2;2026-06-01 16:42:01;C020531;S0482;P000812;1;11,87;1,19;EUR;FR;CARD;DELIVERED;115 rue du Général Leclerc, 33000 Bordeaux
ORD-20260601-00618;ORD-20260601-00618-1;2026-06-01 17:38:36;C003826;S0448;P001400;1;173,71;26,06;EUR;FR;CARD;DELIVERED;99 cours Gambetta, 67000 Strasbourg
ORD-20260601-00618;ORD-20260601-00618-2;2026-06-01 17:38:36;C003826;S0542;P000740;1;71,13;0,00;EUR;FR;CARD;DELIVERED;99 cours Gambetta, 67000 Strasbourg
ORD-20260601-00619;ORD-20260601-00619-1;2026-06-01 16:08:18;C013938;S0214;P007926;1;63,90;3,20;EUR;FR;CARD;CANCELLED;60 cours Gambetta, 13008 Marseille
ORD-20260601-00619;ORD-20260601-00619-2;2026-06-01 16:08:18;C013938;S0240;P006182;2;195,04;19,50;EUR;FR;CARD;CANCELLED;60 cours Gambetta, 13008 Marseille
ORD-20260601-00619;ORD-20260601-00619-3;2026-06-01 16:08:18;C013938;S0142;P006287;3;14,90;0,00;EUR;FR;CARD;CANCELLED;60 cours Gambetta, 13008 Marseille
ORD-20260601-00619;ORD-20260601-00619-4;2026-06-01 16:08:18;C013938;S0029;P001321;3;49,26;22,17;EUR;FR;CARD;CANCELLED;60 cours Gambetta, 13008 Marseille
ORD-20260601-00619;ORD-20260601-00619-5;2026-06-01 16:08:18;C013938;S0508;P007040;2;50,57;0,00;EUR;FR;CARD;CANCELLED;60 cours Gambetta, 13008 Marseille
ORD-20260601-00620;ORD-20260601-00620-1;2026-06-01 14:48:55;C007248;S0051;P007110;2;8,42;2,53;EUR;FR;CARD;DELIVERED;118 avenue des Tilleuls, 33000 Bordeaux
ORD-20260601-00621;ORD-20260601-00621-1;2026-06-01 19:53:20;C008523;S0439;P000522;1;154,12;15,41;EUR;BE;CARD;DELIVERED;142 rue de la République, 4000 Liège
ORD-20260601-00621;ORD-20260601-00621-2;2026-06-01 19:53:20;C008523;S0478;P007806;1;87,33;0,00;EUR;BE;CARD;DELIVERED;142 rue de la République, 4000 Liège
ORD-20260601-00622;ORD-20260601-00622-1;2026-06-01 21:43:34;C004367;S0476;P001306;1;164,46;0,00;EUR;FR;CARD;delivered;46 allée des Peupliers, 35000 Rennes
ORD-20260601-00623;ORD-20260601-00623-1;2026-06-01 20:14:39;C003124;S0311;P005682;1;57,18;0,00;EUR;FR;CARD;Delivered;25 rue de la République, 75011 Paris
ORD-20260601-00623;ORD-20260601-00623-2;2026-06-01 20:14:39;C003124;S0481;P005998;1;77,73;0,00;EUR;FR;CARD;DELIVERED;25 rue de la République, 75011 Paris
ORD-20260601-00623;ORD-20260601-00623-3;2026-06-01 20:14:39;C003124;S0151;P002767;2;12,19;0,00;EUR;FR;CARD;DELIVERED;25 rue de la République, 75011 Paris
ORD-20260601-00624;ORD-20260601-00624-1;2026-06-01 04:47:01;C021311;S0033;P001199;1;203,59;10,18;EUR;BE;CARD;CANCELLED;123 route de Bordeaux, 1000 Bruxelles
ORD-20260601-00625;ORD-20260601-00625-1;2026-06-01 10:46:43;C001436;S0252;P002924;1;17,15;0,00;EUR;NL;CARD;RETURNED;123 avenue des Tilleuls, 1011 Amsterdam
ORD-20260601-00625;ORD-20260601-00625-2;2026-06-01 10:46:43;C001436;S0287;P007641;1;26,66;4,00;EUR;NL;CARD;Returned;123 avenue des Tilleuls, 1011 Amsterdam
ORD-20260601-00626;ORD-20260601-00626-1;2026-06-01 16:07:01;C008075;S0555;P006461;1;68,99;0,00;EUR;BE;CARD;delivered;140 rue de la République, 4000 Liège
ORD-20260601-00626;ORD-20260601-00626-2;2026-06-01 16:07:01;C008075;S0495;P000834;1;72,63;0,00;EUR;BE;CARD;DELIVERED;140 rue de la République, 4000 Liège
ORD-20260601-00627;ORD-20260601-00627-1;2026-06-01 19:33:58;C010524;S0462;P001537;1;198,09;19,81;EUR;BE;CARD;DELIVERED;28 cours Gambetta, 1000 Bruxelles
ORD-20260601-00628;ORD-20260601-00628-1;2026-06-01 09:31:49;C008666;S0337;P001277;1;24,96;0,00;EUR;DE;CARD;delivered;142 impasse du Moulin, 10115 Berlin
ORD-20260601-00628;ORD-20260601-00628-2;2026-06-01 09:31:49;C008666;S0357;P007080;2;24,53;7,36;EUR;DE;CARD;DELIVERED;142 impasse du Moulin, 10115 Berlin
ORD-20260601-00628;ORD-20260601-00628-3;2026-06-01 09:31:49;C008666;S0427;P005365;1;46,00;4,60;EUR;DE;CARD;delivered;142 impasse du Moulin, 10115 Berlin
ORD-20260601-00629;ORD-20260601-00629-1;2026-06-01 12:34:48;C020815;S0008;P003283;4;35,49;0,00;EUR;FR;GIFTCARD; DELIVERED ;170 chemin des Vignes, 59000 Lille
ORD-20260601-00629;ORD-20260601-00629-2;2026-06-01 12:34:48;C020815;S0530;P001033;1;98,16;14,72;EUR;FR;GIFTCARD;DELIVERED;170 chemin des Vignes, 59000 Lille
ORD-20260601-00629;ORD-20260601-00629-3;2026-06-01 12:34:48;C020815;S0434;P007185;3;146,08;65,74;EUR;FR;GIFTCARD;Delivered;170 chemin des Vignes, 59000 Lille
ORD-20260601-00630;ORD-20260601-00630-1;2026-06-01 11:18:33;C010644;S0121;P000399;2;10,79;0,00;EUR;FR;PAYPAL;DELIVERED;87 rue Victor Hugo, 75011 Paris
ORD-20260601-00631;ORD-20260601-00631-1;2026-06-01 14:18:58;C012395;S0408;P004820;2;81,98;0,00;EUR;BE;CARD;RETURNED;61 rue Victor Hugo, 2000 Anvers
ORD-20260601-00631;ORD-20260601-00631-2;2026-06-01 14:18:58;C012395;S0537;P000370;1;151,94;22,79;EUR;BE;CARD;returned;61 rue Victor Hugo, 2000 Anvers
ORD-20260601-00631;ORD-20260601-00631-3;2026-06-01 14:18:58;C012395;S0533;P000265;1;69,81;0,00;EUR;BE;CARD;Returned;61 rue Victor Hugo, 2000 Anvers
ORD-20260601-00631;ORD-20260601-00631-4;2026-06-01 14:18:58;C012395;S0217;P005674;1;75,59;0,00;EUR;BE;CARD;RETURNED;61 rue Victor Hugo, 2000 Anvers
ORD-20260601-00631;ORD-20260601-00631-5;2026-06-01 14:18:58;C012395;S0351;P005914;1;74,12;7,41;EUR;BE;CARD;RETURNED;61 rue Victor Hugo, 2000 Anvers
ORD-20260601-00632;ORD-20260601-00632-1;2026-06-01 20:42:50;C001682;S0424;P007530;1;53,40;0,00;EUR;FR;CARD;DELIVERED;124 rue du Général Leclerc, 35000 Rennes
ORD-20260601-00632;ORD-20260601-00632-2;2026-06-01 20:42:50;C001682;S0144;P005053;1;51,69;0,00;EUR;FR;CARD; DELIVERED ;124 rue du Général Leclerc, 35000 Rennes
ORD-20260601-00632;ORD-20260601-00632-3;2026-06-01 20:42:50;C001682;S0217;P004483;1;46,24;4,62;EUR;FR;CARD;DELIVERED;124 rue du Général Leclerc, 35000 Rennes
ORD-20260601-00632;ORD-20260601-00632-4;2026-06-01 20:42:50;C001682;S0357;P002760;1;46,42;0,00;EUR;FR;CARD;DELIVERED;124 rue du Général Leclerc, 35000 Rennes
ORD-20260601-00633;ORD-20260601-00633-1;2026-06-01 17:58:29;C006218;S0475;P003649;1;148,52;0,00;EUR;BE;CARD;DELIVERED;138 chemin des Vignes, 4000 Liège
ORD-20260601-00634;ORD-20260601-00634-1;2026-06-01 13:17:31;C008625;S0156;P004778;1;71,14;7,11;EUR;BE;CARD;RETURNED;34 route de Bordeaux, 1000 Bruxelles
ORD-20260601-00634;ORD-20260601-00634-2;2026-06-01 13:17:31;C008625;S0044;P007412;1;37,24;1,86;EUR;BE;CARD;RETURNED;34 route de Bordeaux, 1000 Bruxelles
ORD-20260601-00634;ORD-20260601-00634-3;2026-06-01 13:17:31;C008625;S0239;P006076;3;72,74;0,00;EUR;BE;CARD;RETURNED;34 route de Bordeaux, 1000 Bruxelles
ORD-20260601-00635;ORD-20260601-00635-1;2026-06-01 21:56:25;C004768;S0532;P006339;1;22,05;3,31;EUR;ES;CARD;CANCELLED;5 rue de la République, 28001 Madrid
ORD-20260601-00635;ORD-20260601-00635-1;2026-06-01 21:56:25;C004768;S0532;P006339;1;22,05;3,31;EUR;ES;CARD;CANCELLED;5 rue de la République, 28001 Madrid
ORD-20260601-00635;ORD-20260601-00635-2;2026-06-01 21:56:25;C004768;S0305;P004855;1;58,41;0,00;EUR;ES;CARD;CANCELLED;5 rue de la République, 28001 Madrid
ORD-20260601-00635;ORD-20260601-00635-3;2026-06-01 21:56:25;C004768;S0260;P004310;1;23,51;3,53;EUR;ES;CARD;CANCELLED;5 rue de la République, 28001 Madrid
ORD-20260601-00636;ORD-20260601-00636-1;2026-06-01 08:07:34;C005066;S0228;P004465;1;27,90;0,00;EUR;IT;CARD;DELIVERED;140 avenue des Tilleuls, 20121 Milan
ORD-20260601-00636;ORD-20260601-00636-2;2026-06-01 08:07:34;C005066;S0049;P006316;3;185,66;0,00;EUR;IT;CARD;DELIVERED;140 avenue des Tilleuls, 20121 Milan
ORD-20260601-00637;ORD-20260601-00637-1;2026-06-01 04:24:14;C011028;S0234;P000982;2;245,92;0,00;EUR;DE;CARD;CANCELLED;4 route de Bordeaux, 80331 Munich
ORD-20260601-00637;ORD-20260601-00637-2;2026-06-01 04:24:14;C011028;S0326;P006793;1;52,55;0,00;EUR;DE;CARD;Cancelled;4 route de Bordeaux, 80331 Munich
ORD-20260601-00637;ORD-20260601-00637-3;2026-06-01 04:24:14;C011028;S0378;P006269;2;165,80;33,16;EUR;DE;CARD;CANCELLED;4 route de Bordeaux, 80331 Munich
ORD-20260601-00637;ORD-20260601-00637-4;2026-06-01 04:24:14;C011028;S0020;P005538;1;24,32;0,00;EUR;DE;CARD;CANCELLED;4 route de Bordeaux, 80331 Munich
ORD-20260601-00638;ORD-20260601-00638-1;2026-06-01 09:50:59;C023062;S0512;P001156;1;83,48;8,35;EUR;DE;CARD; DELIVERED ;85 place de l'Église, 80331 Munich
ORD-20260601-00639;ORD-20260601-00639-1;2026-06-01 10:46:32;C002218;S0122;P001962;1;68,50;0,00;EUR;FR;CARD; DELIVERED ;70 rue Victor Hugo, 35000 Rennes
ORD-20260601-00639;ORD-20260601-00639-2;2026-06-01 10:46:32;C002218;S0568;P002142;4;18,93;0,00;EUR;FR;CARD;DELIVERED;70 rue Victor Hugo, 35000 Rennes
ORD-20260601-00640;ORD-20260601-00640-1;2026-06-01 17:09:16;C012880;S0514;P006514;3;25,26;7,58;EUR;FR;CARD;RETURNED;129 avenue des Tilleuls, 67000 Strasbourg
ORD-20260601-00640;ORD-20260601-00640-2;2026-06-01 17:09:16;C012880;S0415;P006082;4;108,08;64,85;EUR;FR;CARD;returned;129 avenue des Tilleuls, 67000 Strasbourg
ORD-20260601-00641;ORD-20260601-00641-1;2026-06-01 15:56:23;C014658;S0358;P003381;1;92,60;0,00;EUR;DE;PAYPAL;SHIPPED;17 rue Victor Hugo, 80331 Munich
ORD-20260601-00641;ORD-20260601-00641-2;2026-06-01 15:56:23;C014658;S0272;P004679;2;111,13;22,23;EUR;DE;PAYPAL;SHIPPED;17 rue Victor Hugo, 80331 Munich
ORD-20260601-00641;ORD-20260601-00641-3;2026-06-01 15:56:23;C014658;S0536;P003748;1;123,84;0,00;EUR;DE;PAYPAL;shipped;17 rue Victor Hugo, 80331 Munich
ORD-20260601-00642;ORD-20260601-00642-1;2026-06-01 17:47:42;C008941;S0026;P007508;1;16,79;0,00;EUR;BE;CARD;Shipped;177 rue Victor Hugo, 1000 Bruxelles
ORD-20260601-00642;ORD-20260601-00642-2;2026-06-01 17:47:42;C008941;S0409;P001297;1;23,23;0,00;EUR;BE;CARD;shipped;177 rue Victor Hugo, 1000 Bruxelles
ORD-20260601-00643;ORD-20260601-00643-1;2026-06-01 21:34:00;C007810;S0302;P001949;1;67,44;0,00;EUR;FR;PAYPAL;DELIVERED;79 cours Gambetta, 75011 Paris
ORD-20260601-00643;ORD-20260601-00643-2;2026-06-01 21:34:00;C007810;S0522;P004047;1;205,62;0,00;EUR;FR;PAYPAL;Delivered;79 cours Gambetta, 75011 Paris
ORD-20260601-00644;ORD-20260601-00644-1;2026-06-01 13:48:47;C021748;S0039;P001855;1;71,30;3,56;EUR;FR;CARD; DELIVERED ;41 rue de la République, 35000 Rennes
ORD-20260601-00645;ORD-20260601-00645-1;2026-06-01 15:13:07;C020467;S0598;P006025;1;6,51;0,00;EUR;FR;CARD;delivered;156 allée des Peupliers, 31000 Toulouse
ORD-20260601-00645;ORD-20260601-00645-2;2026-06-01 15:13:07;C020467;S0573;P004233;1;60,13;6,01;EUR;FR;CARD; DELIVERED ;156 allée des Peupliers, 31000 Toulouse
ORD-20260601-00646;ORD-20260601-00646-1;2026-06-01 13:02:05;C020809;S0388;P003203;1;53,66;8,05;EUR;ES;CARD;SHIPPED;125 avenue des Tilleuls, 08001 Barcelone
ORD-20260601-00646;ORD-20260601-00646-2;2026-06-01 13:02:05;C020809;S0441;P001722;1;31,33;0,00;EUR;ES;CARD;SHIPPED;125 avenue des Tilleuls, 08001 Barcelone
ORD-20260601-00647;ORD-20260601-00647-1;2026-06-01 11:08:33;C019611;S0466;P005385;2;61,78;0,00;EUR;IT;CARD; CANCELLED ;89 quai des Chartrons, 20121 Milan
ORD-20260601-00648;ORD-20260601-00648-1;2026-06-01 16:50:21;C001877;S0217;P005456;1;20,61;3,09;EUR;FR;CARD; DELIVERED ;21 route de Bordeaux, 67000 Strasbourg
ORD-20260601-00649;ORD-20260601-00649-1;2026-06-01 13:48:57;C020738;S0033;P001123;1;160,26;0,00;EUR;DE;PAYPAL;DELIVERED;164 rue Victor Hugo, 80331 Munich
ORD-20260601-00650;ORD-20260601-00650-1;2026-06-01 16:10:11;C018839;S0010;P002023;1;65,28;0,00;EUR;BE;CARD;DELIVERED;138 rue du Général Leclerc, 4000 Liège
ORD-20260601-00650;ORD-20260601-00650-2;2026-06-01 16:10:11;C018839;S0216;P005974;1;151,15;7,56;EUR;BE;CARD;DELIVERED;138 rue du Général Leclerc, 4000 Liège
ORD-20260601-00651;ORD-20260601-00651-1;2026-06-01 19:25:58;C002255;S0520;P004524;1;200,90;0,00;EUR;BE;TRANSFER;DELIVERED;18 avenue des Tilleuls, 4000 Liège
ORD-20260601-00651;ORD-20260601-00651-2;2026-06-01 19:25:58;C002255;S0363;P004789;1;27,24;0,00;EUR;BE;TRANSFER;delivered;18 avenue des Tilleuls, 4000 Liège
ORD-20260601-00651;ORD-20260601-00651-3;2026-06-01 19:25:58;C002255;S0215;P005677;1;26,91;1,35;EUR;BE;TRANSFER;DELIVERED;18 avenue des Tilleuls, 4000 Liège
ORD-20260601-00651;ORD-20260601-00651-4;2026-06-01 19:25:58;C002255;S0086;P002546;1;28,63;4,29;EUR;BE;TRANSFER;delivered;18 avenue des Tilleuls, 4000 Liège
ORD-20260601-00651;ORD-20260601-00651-5;2026-06-01 19:25:58;C002255;S0303;P000778;1;77,34;0,00;EUR;BE;TRANSFER;DELIVERED;18 avenue des Tilleuls, 4000 Liège
ORD-20260601-00652;ORD-20260601-00652-1;2026-06-01 13:11:52;C008196;S0275;P005132;1;126,77;12,68;EUR;BE;TRANSFER;PENDING;176 rue Victor Hugo, 2000 Anvers
ORD-20260601-00652;ORD-20260601-00652-2;2026-06-01 13:11:52;C008196;S0493;P006298;2;7,67;0,00;EUR;BE;TRANSFER;Pending;176 rue Victor Hugo, 2000 Anvers
ORD-20260601-00652;ORD-20260601-00652-3;2026-06-01 13:11:52;C008196;S0288;P007966;1;14,92;1,49;EUR;BE;TRANSFER;PENDING;176 rue Victor Hugo, 2000 Anvers
ORD-20260601-00653;ORD-20260601-00653-1;2026-06-01 17:41:42;C018365;S0322;P004012;1;57,60;0,00;EUR;FR;CARD;Delivered;42 rue du Général Leclerc, 31000 Toulouse
ORD-20260601-00654;ORD-20260601-00654-1;2026-06-01 13:18:21;C007593;S0480;P005080;1;60,49;0,00;EUR;FR;TRANSFER; DELIVERED ;117 rue Victor Hugo, 31000 Toulouse
ORD-20260601-00655;ORD-20260601-00655-1;2026-06-01 11:00:48;C020768;S0332;P003340;2;55,58;11,12;EUR;ES;CARD;SHIPPED;30 place de l'Église, 08001 Barcelone
ORD-20260601-00656;ORD-20260601-00656-1;2026-06-01 14:55:17;C024858;S0450;P001413;1;58,35;0,00;EUR;BE;PAYPAL;DELIVERED;156 cours Gambetta, 4000 Liège
ORD-20260601-00657;ORD-20260601-00657-1;2026-06-01 16:58:00;C020338;S0104;P007710;1;104,27;5,21;EUR;DE;PAYPAL;DELIVERED;32 rue du Général Leclerc, 20095 Hambourg
ORD-20260601-00657;ORD-20260601-00657-2;2026-06-01 16:58:00;C020338;S0120;P002419;3;165,73;0,00;EUR;DE;PAYPAL;DELIVERED;32 rue du Général Leclerc, 20095 Hambourg
ORD-20260601-00658;ORD-20260601-00658-1;2026-06-01 13:52:42;C019600;S0260;P005428;2;33,92;0,00;EUR;FR;CARD;DELIVERED;46 impasse du Moulin, 35000 Rennes
ORD-20260601-00658;ORD-20260601-00658-2;2026-06-01 13:52:42;C019600;S0208;P000804;2;8,20;0,00;EUR;FR;CARD;DELIVERED;46 impasse du Moulin, 35000 Rennes
ORD-20260601-00659;ORD-20260601-00659-1;2026-06-01 21:38:47;C021485;S0118;P003989;2;125,60;12,56;EUR;IT;CARD;DELIVERED;26 chemin des Vignes; Batiment B; 20121 Milan
ORD-20260601-00660;ORD-20260601-00660-1;2026-06-01 12:39:56;C018229;S0018;P007172;1;64,85;0,00;EUR;IT;CARD;DELIVERED;80 impasse du Moulin, 00184 Rome
ORD-20260601-00661;ORD-20260601-00661-1;2026-06-01 16:58:25;C002155;S0186;P004902;1;65,72;6,57;EUR;FR;PAYPAL;DELIVERED;136 impasse du Moulin, 69003 Lyon
ORD-20260601-00662;ORD-20260601-00662-1;2026-06-01 12:46:43;C017452;S0051;P001003;1;9,99;0,00;EUR;ES;CARD; RETURNED ;15 place de l'Église, 46001 Valence
ORD-20260601-00663;ORD-20260601-00663-1;;C024347;S0318;P007855;2;179,62;35,92;EUR;ES;CARD;CANCELLED;114 chemin des Vignes, 46001 Valence
ORD-20260601-00663;ORD-20260601-00663-2;2026-06-01 20:41:03;C024347;S0536;P003748;1;138,96;0,00;EUR;ES;CARD;Cancelled;114 chemin des Vignes, 46001 Valence
ORD-20260601-00664;ORD-20260601-00664-1;2026-06-01 21:25:39;C006144;S0448;P001400;1;200,03;0,00;EUR;ES;CARD;Cancelled;136 route de Bordeaux, 08001 Barcelone
ORD-20260601-00664;ORD-20260601-00664-2;2026-06-01 21:25:39;C006144;S0336;P003059;1;135,81;0,00;EUR;ES;CARD;cancelled;136 route de Bordeaux, 08001 Barcelone
ORD-20260601-00664;ORD-20260601-00664-3;2026-06-01 21:25:39;C006144;S0066;P006511;2;218,07;65,42;EUR;ES;CARD;CANCELLED;136 route de Bordeaux, 08001 Barcelone
ORD-20260601-00664;ORD-20260601-00664-4;2026-06-01 21:25:39;C006144;S0271;P002274;1;75,92;3,80;EUR;ES;CARD;CANCELLED;136 route de Bordeaux, 08001 Barcelone
ORD-20260601-00664;ORD-20260601-00664-5;2026-06-01 21:25:39;C006144;S0211;P000512;1;72,67;3,63;EUR;ES;CARD;CANCELLED;136 route de Bordeaux, 08001 Barcelone
ORD-20260601-00665;ORD-20260601-00665-1;2026-06-01 12:14:33;C008602;S0459;P002783;3;17,47;0,00;EUR;BE;PAYPAL;CANCELLED;156 rue Victor Hugo, 1000 Bruxelles
ORD-20260601-00666;ORD-20260601-00666-1;2026-06-01 17:11:06;C000443;S0004;P004421;2;157,35;0,00;EUR;FR;CARD;DELIVERED;114 impasse du Moulin, 44000 Nantes
ORD-20260601-00666;ORD-20260601-00666-2;2026-06-01 17:11:06;C000443;S0036;P004544;2;116,38;34,91;EUR;FR;CARD;delivered;114 impasse du Moulin, 44000 Nantes
ORD-20260601-00666;ORD-20260601-00666-3;2026-06-01 17:11:06;C000443;S0552;P006914;1;70,01;0,00;EUR;FR;CARD;DELIVERED;114 impasse du Moulin, 44000 Nantes
ORD-20260601-00667;ORD-20260601-00667-1;2026-06-01 15:33:46;C003321;S0390;P003469;4;71,21;0,00;EUR;FR;CARD;DELIVERED;168 rue du Général Leclerc, 33000 Bordeaux
ORD-20260601-00668;ORD-20260601-00668-1;2026-06-01 12:26:30;C010290;S0534;P000677;1;45,17;0,00;EUR;DE;CARD;RETURNED;147 rue de la République, 10115 Berlin
ORD-20260601-00668;ORD-20260601-00668-2;2026-06-01 12:26:30;C010290;S0028;P004881;1;121,12;18,17;EUR;DE;CARD;RETURNED;147 rue de la République, 10115 Berlin
ORD-20260601-00669;ORD-20260601-00669-1;2026-06-01 11:15:18;C024570;S0005;P006409;1;81,38;0,00;EUR;FR;CARD;DELIVERED;170 rue de la République, 75011 Paris
ORD-20260601-00669;ORD-20260601-00669-2;2026-06-01 11:15:18;C024570;S0451;P006890;2;29,27;5,85;EUR;FR;CARD;DELIVERED;170 rue de la République, 75011 Paris
ORD-20260601-00669;ORD-20260601-00669-2;2026-06-01 11:15:18;C024570;S0451;P006890;2;29,27;5,85;EUR;FR;CARD;DELIVERED;170 rue de la République, 75011 Paris
ORD-20260601-00669;ORD-20260601-00669-3;2026-06-01 11:15:18;C024570;S0390;P002519;2;70,44;7,04;EUR;FR;CARD;Delivered;170 rue de la République, 75011 Paris
ORD-20260601-00670;ORD-20260601-00670-1;2026-06-01 11:05:58;C010983;S0424;P007236;1;146,38;0,00;EUR;NL;CARD;DELIVERED;141 quai des Chartrons, 1011 Amsterdam
ORD-20260601-00670;ORD-20260601-00670-2;2026-06-01 11:05:58;C010983;S0440;P006564;1;94,26;4,71;EUR;NL;CARD;DELIVERED;141 quai des Chartrons, 1011 Amsterdam
ORD-20260601-00670;ORD-20260601-00670-3;2026-06-01 11:05:58;C010983;S0143;P005510;1;95,91;9,59;EUR;NL;CARD;DELIVERED;141 quai des Chartrons, 1011 Amsterdam
ORD-20260601-00671;ORD-20260601-00671-1;2026-06-01 23:41:50;C010852;S0515;P006381;1;59,32;2,97;EUR;FR;CARD;PENDING;1 avenue des Tilleuls, 31000 Toulouse
ORD-20260601-00671;ORD-20260601-00671-2;2026-06-01 23:41:50;C010852;S0075;P004286;1;29,23;1,46;EUR;FR;CARD;PENDING;1 avenue des Tilleuls, 31000 Toulouse
ORD-20260601-00672;ORD-20260601-00672-1;2026-06-01 19:01:56;C006276;S0437;P001493;1;85,95;4,30;EUR;DE;CARD;DELIVERED;27 chemin des Vignes, 80331 Munich
ORD-20260601-00673;ORD-20260601-00673-1;2026-06-01 14:14:35;C017124;S0433;P004733;1;40,59;6,09;EUR;FR;CARD;Delivered;22 avenue des Tilleuls, 59000 Lille
ORD-20260601-00674;ORD-20260601-00674-1;2026-06-01 17:26:58;C005490;S0532;P001588;3;187,19;56,16;EUR;BE;CARD;SHIPPED;168 chemin des Vignes, 4000 Liège
ORD-20260601-00674;ORD-20260601-00674-2;2026-06-01 17:26:58;C005490;S0210;P003093;3;17,32;5,20;EUR;BE;CARD; SHIPPED ;168 chemin des Vignes, 4000 Liège
ORD-20260601-00674;ORD-20260601-00674-3;2026-06-01 17:26:58;C005490;S0309;P007420;1;84,93;0,00;EUR;BE;CARD;SHIPPED;168 chemin des Vignes, 4000 Liège
ORD-20260601-00675;ORD-20260601-00675-1;2026-06-01 20:50:24;C004707;S0050;P003024;1;5,12;0,77;EUR;IT;TRANSFER;delivered;110 rue de la République, 20121 Milan
ORD-20260601-00676;ORD-20260601-00676-1;2026-06-01 05:29:24;C020385;S0194;P004636;1;6,15;0,00;EUR;IT;CARD;DELIVERED;134 rue de la République, 00184 Rome
ORD-20260601-00677;ORD-20260601-00677-1;2026-06-01 19:03:39;C007130;S0406;P003795;1;81,54;8,15;EUR;BE;TRANSFER;DELIVERED;12 impasse du Moulin, 1000 Bruxelles
ORD-20260601-00677;ORD-20260601-00677-2;2026-06-01 19:03:39;C007130;S0382;P006350;2;149,53;0,00;EUR;BE;TRANSFER;DELIVERED;12 impasse du Moulin, 1000 Bruxelles
ORD-20260601-00677;ORD-20260601-00677-3;2026-06-01 19:03:39;C007130;S0402;P002332;1;114,21;5,71;EUR;BE;TRANSFER;DELIVERED;12 impasse du Moulin, 1000 Bruxelles
ORD-20260601-00677;ORD-20260601-00677-4;2026-06-01 19:03:39;C007130;S0451;P000986;3;110,91;49,91;EUR;BE;TRANSFER;DELIVERED;12 impasse du Moulin, 1000 Bruxelles
ORD-20260601-00678;ORD-20260601-00678-1;2026-06-01 14:39:15;C016397;S0360;P007323;2;216,40;0,00;EUR;FR;GIFTCARD;DELIVERED;55 allée des Peupliers, 13008 Marseille
ORD-20260601-00678;ORD-20260601-00678-2;2026-06-01 14:39:15;C016397;S0312;P001767;4;17,37;0,00;EUR;FR;GIFTCARD;DELIVERED;55 allée des Peupliers, 13008 Marseille
ORD-20260601-00678;ORD-20260601-00678-3;2026-06-01 14:39:15;C016397;S0515;P000073;2;50,62;15,19;EUR;FR;GIFTCARD;delivered;55 allée des Peupliers, 13008 Marseille
ORD-20260601-00679;ORD-20260601-00679-1;2026-06-01 11:29:37;C017033;S0098;P001077;4;83,94;33,58;EUR;FR;CARD;Delivered;120 rue Victor Hugo, 59000 Lille
ORD-20260601-00680;ORD-20260601-00680-1;2026-06-01 22:11:42;C017024;S0033;P000176;3;9,36;1,40;EUR;FR;TRANSFER;DELIVERED;145 cours Gambetta, 59000 Lille
ORD-20260601-00681;ORD-20260601-00681-1;2026-06-01 12:14:39;C018777;S0587;P006089;1;72,94;0,00;EUR;DE;CARD;DELIVERED;142 rue de la République, 20095 Hambourg
ORD-20260601-00681;ORD-20260601-00681-2;2026-06-01 12:14:39;C018777;S0504;P001780;1;117,03;0,00;EUR;DE;CARD;DELIVERED;142 rue de la République, 20095 Hambourg
ORD-20260601-00681;ORD-20260601-00681-3;2026-06-01 12:14:39;C018777;S0509;P001799;4;90,59;0,00;EUR;DE;CARD;DELIVERED;142 rue de la République, 20095 Hambourg
ORD-20260601-00681;ORD-20260601-00681-4;2026-06-01 12:14:39;C018777;S0316;P007859;3;44,45;0,00;EUR;DE;CARD;delivered;142 rue de la République, 20095 Hambourg
ORD-20260601-00682;ORD-20260601-00682-1;2026-06-01 12:57:02;C005668;S0300;P002627;2;102,95;10,30;EUR;BE;PAYPAL;DELIVERED;132 quai des Chartrons, 2000 Anvers
ORD-20260601-00683;ORD-20260601-00683-1;2026-06-01 14:48:55;C024528;S0481;P003450;1;102,89;0,00;EUR;IT;TRANSFER;DELIVERED;104 quai des Chartrons, 00184 Rome
ORD-20260601-00684;ORD-20260601-00684-1;2026-06-01 11:40:18;C009676;S0483;P005037;2;243,61;24,36;EUR;FR;CARD;DELIVERED;97 boulevard Saint-Michel, 44000 Nantes
ORD-20260601-00685;ORD-20260601-00685-1;2026-06-01 10:09:51;C024579;S0451;P000592;1;15,40;0,00;EUR;DE;CARD;DELIVERED;175 quai des Chartrons, 10115 Berlin
ORD-20260601-00685;ORD-20260601-00685-2;2026-06-01 10:09:51;C024579;S0547;P002477;1;33,01;1,65;EUR;DE;CARD; DELIVERED ;175 quai des Chartrons, 10115 Berlin
ORD-20260601-00685;ORD-20260601-00685-3;2026-06-01 10:09:51;C024579;S0435;P001957;1;47,26;0,00;EUR;DE;CARD;DELIVERED;175 quai des Chartrons, 10115 Berlin
ORD-20260601-00686;ORD-20260601-00686-1;2026-06-01 12:14:04;C020437;S0587;P006329;1;72,98;0,00;EUR;FR;CARD;PENDING;140 chemin des Vignes, 44000 Nantes
ORD-20260601-00686;ORD-20260601-00686-2;2026-06-01 12:14:04;C020437;S0580;P005750;1;79,77;0,00;EUR;FR;CARD;PENDING;140 chemin des Vignes, 44000 Nantes
ORD-20260601-00687;ORD-20260601-00687-1;2026-06-01 18:25:33;C007402;S0306;P001315;1;35,52;0,00;EUR;IT;CARD;DELIVERED;103 quai des Chartrons, 00184 Rome
ORD-20260601-00688;ORD-20260601-00688-1;2026-06-01 21:06:15;C022136;S0213;P003772;1;122,09;0,00;EUR;ES;CARD;CANCELLED;50 place de l'Église, 08001 Barcelone
ORD-20260601-00688;ORD-20260601-00688-2;2026-06-01 21:06:15;C022136;S0137;P005109;1;154,25;0,00;EUR;ES;CARD;CANCELLED;50 place de l'Église, 08001 Barcelone
ORD-20260601-00689;ORD-20260601-00689-1;2026-06-01 16:42:15;C006722;S0313;P001409;1;22,26;0,00;EUR;IT;CARD;DELIVERED;65 place de l'Église, 00184 Rome
ORD-20260601-00690;ORD-20260601-00690-1;2026-06-01 13:00:35;C012234;S0138;P002617;1;30,55;1,53;EUR;ES;TRANSFER;DELIVERED;166 place de l'Église, 46001 Valence
ORD-20260601-00690;ORD-20260601-00690-2;2026-06-01 13:00:35;C012234;S0393;P006922;1;23,42;0,00;EUR;ES;TRANSFER;DELIVERED;166 place de l'Église, 46001 Valence
ORD-20260601-00690;ORD-20260601-00690-3;2026-06-01 13:00:35;C012234;S0191;P002654;1;38,23;0,00;EUR;ES;TRANSFER; DELIVERED ;166 place de l'Église, 46001 Valence
ORD-20260601-00691;ORD-20260601-00691-1;2026-06-01 17:53:10;C000824;S0327;P002046;2;80,46;0,00;EUR;FR;CARD;cancelled;147 allée des Peupliers, 59000 Lille
ORD-20260601-00691;ORD-20260601-00691-2;2026-06-01 17:53:10;C995256;S0031;P002447;1;37,45;0,00;EUR;FR;CARD;CANCELLED;147 allée des Peupliers, 59000 Lille
ORD-20260601-00691;ORD-20260601-00691-3;2026-06-01 17:53:10;C000824;S0076;P004941;1;114,29;17,14;EUR;FR;CARD;cancelled;147 allée des Peupliers, 59000 Lille
ORD-20260601-00691;ORD-20260601-00691-4;2026-06-01 17:53:10;C000824;S0060;P004836;1;63,95;9,59;EUR;FR;CARD; CANCELLED ;147 allée des Peupliers, 59000 Lille
ORD-20260601-00692;ORD-20260601-00692-1;2026-06-01 15:30:57;C010010;S0143;P001589;2;72,13;7,21;EUR;ES;CARD;DELIVERED;167 rue de la République, 28001 Madrid
ORD-20260601-00692;ORD-20260601-00692-2;2026-06-01 15:30:57;C010010;S0466;P002486;1;119,35;0,00;EUR;ES;CARD;DELIVERED;167 rue de la République, 28001 Madrid
ORD-20260601-00692;ORD-20260601-00692-3;2026-06-01 15:30:57;C010010;S0055;P005865;1;65,06;3,25;EUR;ES;CARD;DELIVERED;167 rue de la République, 28001 Madrid
ORD-20260601-00693;ORD-20260601-00693-1;2026-06-01 18:28:09;C017025;S0061;P004468;4;39,02;23,41;EUR;FR;CARD;delivered;147 cours Gambetta, 69003 Lyon
ORD-20260601-00694;ORD-20260601-00694-1;2026-06-01 19:54:48;C010995;S0093;P005297;2;146,57;0,00;EUR;BE;CARD;PENDING;81 place de l'Église, 1000 Bruxelles
ORD-20260601-00694;ORD-20260601-00694-2;2026-06-01 19:54:48;C010995;S0094;P004707;1;51,81;5,18;EUR;BE;CARD;PENDING;81 place de l'Église, 1000 Bruxelles
ORD-20260601-00695;ORD-20260601-00695-1;2026-06-01 20:02:35;C008769;S0399;P006048;1;48,66;0,00;EUR;BE;APPLEPAY;DELIVERED;63 cours Gambetta, 4000 Liège
ORD-20260601-00695;ORD-20260601-00695-2;2026-06-01 20:02:35;C008769;S0424;P007801;1;67,43;10,11;EUR;BE;APPLEPAY;Delivered;63 cours Gambetta, 4000 Liège
ORD-20260601-00695;ORD-20260601-00695-3;2026-06-01 20:02:35;C008769;S0216;P005335;1;65,61;0,00;EUR;BE;APPLEPAY;DELIVERED;63 cours Gambetta, 4000 Liège
ORD-20260601-00696;ORD-20260601-00696-1;2026-06-01 17:45:21;C023336;S0211;P000512;1;59,16;2,96;EUR;FR;PAYPAL;delivered;25 rue Victor Hugo, 67000 Strasbourg
ORD-20260601-00697;ORD-20260601-00697-1;2026-06-01 12:12:09;C009943;S0068;P005232;1;44,52;6,68;EUR;DE;CARD;DELIVERED;16 rue de la République, 10115 Berlin
ORD-20260601-00698;ORD-20260601-00698-1;2026-06-01 22:07:33;C005603;S0266;P003063;2;177,36;53,21;EUR;FR;CARD;CANCELLED;9 place de l'Église, 31000 Toulouse
ORD-20260601-00698;ORD-20260601-00698-2;2026-06-01 22:07:33;C005603;S0525;P001546;1;80,47;0,00;EUR;FR;CARD;CANCELLED;9 place de l'Église, 31000 Toulouse
ORD-20260601-00698;ORD-20260601-00698-3;2026-06-01 22:07:33;C005603;S0490;P003969;1;138,54;6,93;EUR;FR;CARD;Cancelled;9 place de l'Église, 31000 Toulouse
ORD-20260601-00699;ORD-20260601-00699-1;2026-06-01 10:13:38;C017232;S0277;P007729;2;83,41;25,02;EUR;FR;CARD;PENDING;70 chemin des Vignes, 75011 Paris
ORD-20260601-00700;ORD-20260601-00700-1;2026-06-01 14:51:33;C004552;S0249;P006524;1;74,35;7,43;EUR;BE;CARD;DELIVERED;56 boulevard Saint-Michel, 2000 Anvers
ORD-20260601-00700;ORD-20260601-00700-2;2026-06-01 14:51:33;C004552;S0581;P004118;1;74,06;0,00;EUR;BE;CARD;DELIVERED;56 boulevard Saint-Michel, 2000 Anvers
ORD-20260601-00700;ORD-20260601-00700-3;2026-06-01 14:51:33;C004552;S0269;P007799;2;89,94;0,00;EUR;BE;CARD;DELIVERED;56 boulevard Saint-Michel, 2000 Anvers
ORD-20260601-00701;ORD-20260601-00701-1;2026-06-01 15:17:28;C005561;S0401;P005691;2;43,87;4,39;EUR;BE;CARD;DELIVERED;46 rue du Général Leclerc, 2000 Anvers
ORD-20260601-00701;ORD-20260601-00701-2;2026-06-01 15:17:28;C005561;S0569;P004345;2;62,29;18,69;EUR;BE;CARD;Delivered;46 rue du Général Leclerc, 2000 Anvers
ORD-20260601-00702;ORD-20260601-00702-1;2026-06-01 19:54:31;C011617;S0304;P006529;2;78,64;0,00;EUR;DE;PAYPAL;DELIVERED;165 chemin des Vignes, 20095 Hambourg
ORD-20260601-00703;ORD-20260601-00703-1;2026-06-01 11:49:16;C022147;S0215;P005677;1;26,87;2,69;EUR;FR;PAYPAL;delivered;180 quai des Chartrons, 13008 Marseille
