order_id;order_line_id;order_ts;customer_id;seller_id;product_id;quantity;unit_price;discount_amount;currency;shipping_country;payment_method;order_status;shipping_address;promo_code;channel
ORD-20260603-00000;ORD-20260603-00000-1;2026-06-03 12:34:45;C012229;S0004;P007554;3;224,53;0,00;EUR;BE;CARD;DELIVERED;88 allée des Peupliers, 4000 Liège;FREESHIP;MOBILE_APP
ORD-20260603-00001;ORD-20260603-00001-1;2026-06-03 17:13:11;C011402;S0016;P003152;3;11,78;5,30;EUR;FR;CARD;delivered;2 avenue des Tilleuls, 59000 Lille;;WEB
ORD-20260603-00002;ORD-20260603-00002-1;2026-06-03 20:00:37;C000465;S0472;P005985;2;22,38;0,00;EUR;ES;CARD;DELIVERED;97 rue de la République, 08001 Barcelone;;MOBILE_APP
ORD-20260603-00002;ORD-20260603-00002-2;2026-06-03 20:00:37;C000465;S0395;P000999;-1;83,74;0,00;EUR;ES;CARD;delivered;97 rue de la République, 08001 Barcelone;;MOBILE_APP
ORD-20260603-00002;ORD-20260603-00002-3;2026-06-03 20:00:37;C000465;S0065;P001287;1;173,08;0,00;EUR;ES;CARD;DELIVERED;97 rue de la République, 08001 Barcelone;;MOBILE_APP
ORD-20260603-00003;ORD-20260603-00003-1;2026-06-03 20:47:07;C000133;S0370;P005558;1;42,07;0,00;EUR;IT;CARD;SHIPPED;151 cours Gambetta, 20121 Milan;FREESHIP;WEB
ORD-20260603-00003;ORD-20260603-00003-2;2026-06-03 20:47:07;C000133;S0209;P000033;1;64,15;0,00;EUR;IT;CARD;SHIPPED;151 cours Gambetta, 20121 Milan;FREESHIP;WEB
ORD-20260603-00003;ORD-20260603-00003-3;2026-06-03 20:47:07;C000133;S0216;P004380;1;69,40;3,47;EUR;IT;CARD;SHIPPED;151 cours Gambetta, 20121 Milan;FREESHIP;WEB
ORD-20260603-00004;ORD-20260603-00004-1;2026-06-03 14:57:26;C024328;S0229;P005759;2;85,48;0,00;EUR;FR;CARD;DELIVERED;76 rue de la République, 67000 Strasbourg;;MOBILE_APP
ORD-20260603-00004;ORD-20260603-00004-2;2026-06-03 14:57:26;C024328;S0157;P004782;1;93,26;0,00;EUR;FR;CARD;Delivered;76 rue de la République, 67000 Strasbourg;;MOBILE_APP
ORD-20260603-00005;ORD-20260603-00005-1;2026-06-03 14:20:04;C020979;S0024;P001088;1;45,90;0,00;EUR;DE;APPLEPAY;DELIVERED;168 impasse du Moulin, 20095 Hambourg;;WEB
ORD-20260603-00005;ORD-20260603-00005-2;2026-06-03 14:20:04;C020979;S0341;P000221;1;215,03;32,25;EUR;DE;APPLEPAY;DELIVERED;168 impasse du Moulin, 20095 Hambourg;;WEB
ORD-20260603-00005;ORD-20260603-00005-3;2026-06-03 14:20:04;C020979;S0489;P004185;1;21,98;0,00;EUR;DE;APPLEPAY;DELIVERED;168 impasse du Moulin, 20095 Hambourg;;WEB
ORD-20260603-00005;ORD-20260603-00005-4;2026-06-03 14:20:04;C020979;S0392;P003576;4;198,66;0,00;EUR;DE;APPLEPAY;DELIVERED;168 impasse du Moulin, 20095 Hambourg;;WEB
ORD-20260603-00006;ORD-20260603-00006-1;2026-06-03 10:48:42;C009980;S0261;P004507;1;39,82;0,00;EUR;FR;CARD;delivered;20 route de Bordeaux, 13008 Marseille;;WEB
ORD-20260603-00006;ORD-20260603-00006-2;2026-06-03 10:48:42;C009980;S0242;P002342;1;6,71;0,00;EUR;FR;CARD;DELIVERED;20 route de Bordeaux, 13008 Marseille;;WEB
ORD-20260603-00007;ORD-20260603-00007-1;2026-06-03 13:32:24;C017994;S0325;P006058;1;50,76;0,00;EUR;FR;PAYPAL;delivered;142 chemin des Vignes, 67000 Strasbourg;FLASH5;WEB
ORD-20260603-00008;ORD-20260603-00008-1;2026-06-03 06:38:50;C009999;S0467;P003462;2;76,81;0,00;EUR;DE;CARD;DELIVERED;59 chemin des Vignes, 10115 Berlin;SUMMER10;MOBILE_APP
ORD-20260603-00008;ORD-20260603-00008-2;2026-06-03 06:38:50;C009999;S0013;P004566;2;163,94;32,79;EUR;DE;CARD;DELIVERED;59 chemin des Vignes, 10115 Berlin;SUMMER10;MOBILE_APP
ORD-20260603-00008;ORD-20260603-00008-3;2026-06-03 06:38:50;C009999;S0186;P000852;3;80,51;0,00;EUR;DE;CARD;Delivered;59 chemin des Vignes, 10115 Berlin;SUMMER10;MOBILE_APP
ORD-20260603-00009;ORD-20260603-00009-1;2026-06-03 18:58:31;C002486;S0318;P001145;1;251,27;25,13;EUR;BE;CARD;SHIPPED;80 chemin des Vignes, 2000 Anvers;VIP20;MOBILE_APP
ORD-20260603-00009;ORD-20260603-00009-2;2026-06-03 18:58:31;C002486;S0465;P000955;1;149,21;22,38;EUR;BE;CARD;SHIPPED;80 chemin des Vignes, 2000 Anvers;VIP20;MOBILE_APP
ORD-20260603-00009;ORD-20260603-00009-3;2026-06-03 18:58:31;C002486;S0228;P004477;2;12,14;3,64;EUR;BE;CARD;SHIPPED;80 chemin des Vignes, 2000 Anvers;VIP20;MOBILE_APP
ORD-20260603-00009;ORD-20260603-00009-4;2026-06-03 18:58:31;C002486;S0253;P005343;1;125,75;0,00;EUR;BE;CARD;SHIPPED;80 chemin des Vignes, 2000 Anvers;VIP20;MOBILE_APP
ORD-20260603-00010;ORD-20260603-00010-1;2026-06-03 12:47:59;C016585;S0044;P000244;1;142,90;0,00;EUR;NL;PAYPAL;PENDING;133 place de l'Église, 1011 Amsterdam;FLASH5;WEB
ORD-20260603-00010;ORD-20260603-00010-2;2026-06-03 12:47:59;C016585;S0442;P005289;1;40,36;0,00;EUR;NL;PAYPAL;pending;133 place de l'Église, 1011 Amsterdam;FLASH5;WEB
ORD-20260603-00010;ORD-20260603-00010-3;2026-06-03 12:47:59;C016585;S0276;P004011;1;27,66;1,38;EUR;NL;PAYPAL;PENDING;133 place de l'Église, 1011 Amsterdam;FLASH5;WEB
ORD-20260603-00010;ORD-20260603-00010-4;2026-06-03 12:47:59;C016585;S0540;P007489;1;68,22;0,00;EUR;NL;PAYPAL;PENDING;133 place de l'Église, 1011 Amsterdam;FLASH5;WEB
ORD-20260603-00011;ORD-20260603-00011-1;2026-06-03 17:17:23;C021840;S0036;P005984;2;55,55;5,55;EUR;DE;CARD;Shipped;28 avenue des Tilleuls, 80331 Munich;SUMMER10;MOBILE_APP
ORD-20260603-00012;ORD-20260603-00012-1;2026-06-03 14:23:52;C016087;S0367;P004324;1;51,42;2,57;EUR;NL;CARD;DELIVERED;65 allée des Peupliers, 1011 Amsterdam;;WEB
ORD-20260603-00013;ORD-20260603-00013-1;2026-06-03 16:45:07;C010116;S0483;P001045;1;62,38;6,24;EUR;NL;CARD;DELIVERED;172 avenue des Tilleuls, 1011 Amsterdam;;WEB
ORD-20260603-00013;ORD-20260603-00013-2;2026-06-03 16:45:07;C010116;S0222;P006354;1;82,76;4,14;EUR;NL;CARD;DELIVERED;172 avenue des Tilleuls, 1011 Amsterdam;;WEB
ORD-20260603-00014;ORD-20260603-00014-1;2026-06-03 12:27:26;C003790;S0267;P003705;2;153,24;15,32;EUR;IT;CARD;DELIVERED;108 impasse du Moulin, 20121 Milan;VIP20;WEB
ORD-20260603-00014;ORD-20260603-00014-2;2026-06-03 12:27:26;C003790;S0453;P006913;3;48,35;0,00;EUR;IT;CARD;Delivered;108 impasse du Moulin, 20121 Milan;VIP20;WEB
ORD-20260603-00015;ORD-20260603-00015-1;2026-06-03 16:36:29;C021051;S0270;P004070;1;17,97;0,00;EUR;BE;CARD;DELIVERED;168 route de Bordeaux, 1000 Bruxelles;VIP20;WEB
ORD-20260603-00015;ORD-20260603-00015-2;2026-06-03 16:36:29;C021051;S0524;P003828;1;19,80;0,99;EUR;BE;CARD;DELIVERED;168 route de Bordeaux, 1000 Bruxelles;VIP20;WEB
ORD-20260603-00016;ORD-20260603-00016-1;2026-06-03 13:33:53;C999909;S0263;P001467;1;31,26;4,69;EUR;DE;PAYPAL;DELIVERED;99 route de Bordeaux, 10115 Berlin;;WEB
ORD-20260603-00016;ORD-20260603-00016-2;2026-06-03 13:33:53;C005856;S0449;P003957;2;60,06;12,01;EUR;DE;PAYPAL;DELIVERED;99 route de Bordeaux, 10115 Berlin;;WEB
ORD-20260603-00016;ORD-20260603-00016-3;2026-06-03 13:33:53;C005856;S0539;P001456;1;14,64;0,00;EUR;DE;PAYPAL;DELIVERED;99 route de Bordeaux, 10115 Berlin;;WEB
ORD-20260603-00017;ORD-20260603-00017-1;2026-06-03 08:07:15;C016046;S0024;P007053;2;254,80;0,00;EUR;BE;CARD;RETURNED;106 cours Gambetta, 2000 Anvers;;WEB
ORD-20260603-00017;ORD-20260603-00017-2;2026-06-03 08:07:15;C016046;S0541;P006739;3;40,73;18,33;EUR;BE;CARD;RETURNED;106 cours Gambetta, 2000 Anvers;;WEB
ORD-20260603-00017;ORD-20260603-00017-3;2026-06-03 08:07:15;C016046;S0110;P005321;1;76,20;7,62;EUR;BE;CARD;RETURNED;106 cours Gambetta, 2000 Anvers;;WEB
ORD-20260603-00017;ORD-20260603-00017-4;2026-06-03 08:07:15;C016046;S0015;P002461;1;178,47;0,00;EUR;BE;CARD; RETURNED ;106 cours Gambetta, 2000 Anvers;;WEB
ORD-20260603-00017;ORD-20260603-00017-5;2026-06-03 08:07:15;C016046;S0326;P004644;1;242,57;0,00;EUR;BE;CARD; RETURNED ;106 cours Gambetta, 2000 Anvers;;WEB
ORD-20260603-00018;ORD-20260603-00018-1;2026-06-03 15:11:11;C021226;S0504;P005233;2;19,29;3,86;EUR;FR;PAYPAL;DELIVERED;145 boulevard Saint-Michel, 75011 Paris;WELCOME15;WEB
ORD-20260603-00018;ORD-20260603-00018-1;2026-06-03 15:11:11;C021226;S0504;P005233;2;19,29;3,86;EUR;FR;PAYPAL;DELIVERED;145 boulevard Saint-Michel, 75011 Paris;WELCOME15;WEB
ORD-20260603-00019;ORD-20260603-00019-1;2026-06-03 17:57:18;C005213;S0249;P002194;1;34,47;0,00;EUR;BE;CARD; DELIVERED ;114 boulevard Saint-Michel, 2000 Anvers;VIP20;WEB
ORD-20260603-00019;ORD-20260603-00019-2;2026-06-03 17:57:18;C005213;S0311;P005159;1;10,43;0,00;EUR;BE;CARD;DELIVERED;114 boulevard Saint-Michel, 2000 Anvers;VIP20;WEB
ORD-20260603-00020;ORD-20260603-00020-1;2026-06-03 18:29:52;C017473;S0296;P000046;1;96,78;0,00;EUR;FR;CARD;DELIVERED;75 route de Bordeaux, 35000 Rennes;FREESHIP;WEB
ORD-20260603-00021;ORD-20260603-00021-1;2026-06-03 17:16:59;C003883;S0108;P007394;4;101,63;60,98;EUR;BE;PAYPAL;DELIVERED;173 quai des Chartrons, 4000 Liège;;WEB
ORD-20260603-00021;ORD-20260603-00021-2;2026-06-03 17:16:59;C003883;S0060;P005898;1;58,21;2,91;EUR;BE;PAYPAL;delivered;173 quai des Chartrons, 4000 Liège;;WEB
ORD-20260603-00022;ORD-20260603-00022-1;2026-06-03 15:44:52;C013346;S0012;P006448;1;27,44;2,74;EUR;FR;CARD;Shipped;57 route de Bordeaux, 13008 Marseille;FREESHIP;WEB
ORD-20260603-00023;ORD-20260603-00023-1;2026-06-03 16:59:38;C002009;S0062;P001953;1;117,11;17,57;EUR;FR;CARD;DELIVERED;97 rue du Général Leclerc, 67000 Strasbourg;SUMMER10;MOBILE_APP
ORD-20260603-00024;ORD-20260603-00024-1;2026-06-03 10:36:44;C007151;S0451;P006641;1;44,03;6,60;EUR;FR;CARD;DELIVERED;12 allée des Peupliers, 67000 Strasbourg;VIP20;MOBILE_APP
ORD-20260603-00024;ORD-20260603-00024-2;2026-06-03 10:36:44;C007151;S0236;P003096;1;124,42;0,00;EUR;FR;CARD;DELIVERED;12 allée des Peupliers, 67000 Strasbourg;VIP20;MOBILE_APP
ORD-20260603-00024;ORD-20260603-00024-3;2026-06-03 10:36:44;C007151;S0586;P001747;1;52,04;7,81;EUR;FR;CARD;DELIVERED;12 allée des Peupliers, 67000 Strasbourg;VIP20;MOBILE_APP
ORD-20260603-00025;ORD-20260603-00025-1;2026-06-03 16:03:17;C009451;S0116;P000582;1;110,82;5,54;EUR;ES;APPLEPAY;SHIPPED;156 impasse du Moulin, 08001 Barcelone;;MOBILE_APP
ORD-20260603-00025;ORD-20260603-00025-2;2026-06-03 16:03:17;C009451;S0430;P003668;2;71,51;7,15;EUR;ES;APPLEPAY;SHIPPED;156 impasse du Moulin, 08001 Barcelone;;MOBILE_APP
ORD-20260603-00026;ORD-20260603-00026-1;2026-06-03 06:00:40;C011367;S0374;P003264;1;78,08;11,71;EUR;ES;PAYPAL;DELIVERED;132 place de l'Église, 28001 Madrid;;MOBILE_APP
ORD-20260603-00027;ORD-20260603-00027-1;2026-06-03 11:16:32;C006236;S0320;P004087;1;185,16;0,00;EUR;FR;CARD;DELIVERED;16 rue du Général Leclerc, 31000 Toulouse;FLASH5;WEB
ORD-20260603-00027;ORD-20260603-00027-2;2026-06-03 11:16:32;C006236;S0376;P003143;1;209,72;0,00;EUR;FR;CARD;DELIVERED;16 rue du Général Leclerc, 31000 Toulouse;FLASH5;WEB
ORD-20260603-00027;ORD-20260603-00027-3;2026-06-03 11:16:32;C006236;S0384;P003444;1;172,94;0,00;EUR;FR;CARD;DELIVERED;16 rue du Général Leclerc, 31000 Toulouse;FLASH5;WEB
ORD-20260603-00027;ORD-20260603-00027-4;2026-06-03 11:16:32;C006236;S0497;P006937;1;24,10;0,00;EUR;FR;CARD;DELIVERED;16 rue du Général Leclerc, 31000 Toulouse;FLASH5;WEB
ORD-20260603-00028;ORD-20260603-00028-1;2026-06-03 16:56:20;C017209;S0528;P006667;4;244,31;0,00;EUR;IT;CARD;PENDING;149 impasse du Moulin, 00184 Rome;FLASH5;WEB
ORD-20260603-00029;ORD-20260603-00029-1;2026-06-03 17:11:48;C022555;S0531;P000281;1;150,62;0,00;EUR;FR;PAYPAL;CANCELLED;44 rue Victor Hugo, 31000 Toulouse;FREESHIP;WEB
ORD-20260603-00029;ORD-20260603-00029-2;2026-06-03 17:11:48;C022555;S0460;P005878;1;31,27;4,69;EUR;FR;PAYPAL;CANCELLED;44 rue Victor Hugo, 31000 Toulouse;FREESHIP;WEB
ORD-20260603-00030;ORD-20260603-00030-1;2026-06-03 18:39:07;C023187;S0392;P003375;2;35,97;0,00;EUR;ES;CARD; DELIVERED ;65 quai des Chartrons, 46001 Valence;SUMMER10;MOBILE_APP
ORD-20260603-00030;ORD-20260603-00030-2;2026-06-03 18:39:07;C023187;S0040;P004853;1;129,25;0,00;EUR;ES;CARD;Delivered;65 quai des Chartrons, 46001 Valence;SUMMER10;MOBILE_APP
ORD-20260603-00030;ORD-20260603-00030-3;2026-06-03 18:39:07;C023187;S0111;P001731;2;216,77;65,03;EUR;ES;CARD;DELIVERED;65 quai des Chartrons, 46001 Valence;SUMMER10;MOBILE_APP
ORD-20260603-00030;ORD-20260603-00030-4;2026-06-03 18:39:07;C023187;S0483;P000420;2;33,90;6,78;EUR;ES;CARD;DELIVERED;65 quai des Chartrons, 46001 Valence;SUMMER10;MOBILE_APP
ORD-20260603-00031;ORD-20260603-00031-1;2026-06-03 16:09:03;C012810;S0219;P004007;1;56,07;2,80;EUR;IT;CARD;RETURNED;23 route de Bordeaux, 00184 Rome;VIP20;MOBILE_APP
ORD-20260603-00031;ORD-20260603-00031-2;2026-06-03 16:09:03;C012810;S0403;P006894;1;47,89;0,00;EUR;IT;CARD;RETURNED;23 route de Bordeaux, 00184 Rome;VIP20;MOBILE_APP
ORD-20260603-00031;ORD-20260603-00031-3;2026-06-03 16:09:03;C012810;S0187;P006023;3;75,88;0,00;EUR;IT;CARD;RETURNED;23 route de Bordeaux, 00184 Rome;VIP20;MOBILE_APP
ORD-20260603-00032;ORD-20260603-00032-1;2026-06-03 19:55:03;C003334;S0330;P005028;4;21,40;8,56;EUR;FR;CARD;DELIVERED;171 avenue des Tilleuls, 44000 Nantes;SUMMER10;WEB
ORD-20260603-00033;ORD-20260603-00033-1;2026-06-03 12:38:53;C009123;S0038;P007148;1;26,85;4,03;EUR;FR;PAYPAL;CANCELLED;18 rue du Général Leclerc, 13008 Marseille;;MOBILE_APP
ORD-20260603-00034;ORD-20260603-00034-1;2026-06-03 16:31:22;C019059;S0197;P002718;1;15,77;0,00;EUR;FR;CARD;DELIVERED;143 boulevard Saint-Michel, 69003 Lyon;FLASH5;MOBILE_APP
ORD-20260603-00034;ORD-20260603-00034-2;2026-06-03 16:31:22;C019059;S0563;P005213;2;31,76;6,35;EUR;FR;CARD;DELIVERED;143 boulevard Saint-Michel, 69003 Lyon;FLASH5;MOBILE_APP
ORD-20260603-00034;ORD-20260603-00034-3;2026-06-03 16:31:22;C019059;S0053;P004916;1;89,79;0,00;EUR;FR;CARD;DELIVERED;143 boulevard Saint-Michel, 69003 Lyon;FLASH5;MOBILE_APP
ORD-20260603-00035;ORD-20260603-00035-1;2026-06-03 14:42:50;C008304;S0132;P005774;1;43,40;6,51;EUR;FR;PAYPAL; SHIPPED ;45 impasse du Moulin, 59000 Lille;;WEB
ORD-20260603-00036;ORD-20260603-00036-1;2026-06-03 09:13:15;C018823;S0363;P007280;1;207,37;31,11;EUR;FR;CARD;DELIVERED;145 route de Bordeaux, 31000 Toulouse;VIP20;WEB
ORD-20260603-00036;ORD-20260603-00036-2;2026-06-03 09:13:15;C018823;S0049;P001981;3;7,97;1,20;EUR;FR;CARD; DELIVERED ;145 route de Bordeaux, 31000 Toulouse;VIP20;WEB
ORD-20260603-00036;ORD-20260603-00036-3;2026-06-03 09:13:15;C018823;S0049;P006512;4;67,28;0,00;EUR;FR;CARD;delivered;145 route de Bordeaux, 31000 Toulouse;VIP20;WEB
ORD-20260603-00037;ORD-20260603-00037-1;2026-06-03 06:24:27;C007822;S0116;P000368;1;24,60;0,00;EUR;NL;CARD; DELIVERED ;95 chemin des Vignes, 1011 Amsterdam;VIP20;WEB
ORD-20260603-00038;ORD-20260603-00038-1;2026-06-03 21:12:32;C017540;S0332;P001749;1;29,10;4,37;EUR;ES;CARD;CANCELLED;79 allée des Peupliers, 28001 Madrid;FREESHIP;WEB
ORD-20260603-00038;ORD-20260603-00038-2;2026-06-03 21:12:32;C017540;S0005;P002398;1;53,44;5,34;EUR;ES;CARD;CANCELLED;79 allée des Peupliers, 28001 Madrid;FREESHIP;WEB
ORD-20260603-00039;ORD-20260603-00039-1;2026-06-03 15:27:36;C008706;S0184;P005740;2;47,92;0,00;EUR;ES;APPLEPAY;delivered;100 allée des Peupliers, 08001 Barcelone;;WEB
ORD-20260603-00039;ORD-20260603-00039-2;2026-06-03 15:27:36;C008706;S0200;P004104;1;55,88;2,79;EUR;ES;APPLEPAY;DELIVERED;100 allée des Peupliers, 08001 Barcelone;;WEB
ORD-20260603-00040;ORD-20260603-00040-1;2026-06-03 11:45:39;C018604;S0255;P005582;1;164,13;0,00;EUR;ES;CARD;DELIVERED;56 boulevard Saint-Michel, 08001 Barcelone;;WEB
ORD-20260603-00041;ORD-20260603-00041-1;2026-06-03 23:16:47;C014274;S0565;P000831;1;211,97;21,20;EUR;FR;PAYPAL;RETURNED;96 rue du Général Leclerc, 35000 Rennes;;MOBILE_APP
ORD-20260603-00041;ORD-20260603-00041-2;2026-06-03 23:16:47;C014274;S0600;P007305;2;37,95;3,80;EUR;FR;PAYPAL;RETURNED;96 rue du Général Leclerc, 35000 Rennes;;MOBILE_APP
ORD-20260603-00041;ORD-20260603-00041-3;2026-06-03 23:16:47;C014274;S0250;P002674;1;92,61;0,00;EUR;FR;PAYPAL;Returned;96 rue du Général Leclerc, 35000 Rennes;;MOBILE_APP
ORD-20260603-00041;ORD-20260603-00041-4;2026-06-03 23:16:47;C014274;S0071;P000456;3;130,90;19,64;EUR;FR;PAYPAL;RETURNED;96 rue du Général Leclerc, 35000 Rennes;;MOBILE_APP
ORD-20260603-00041;ORD-20260603-00041-5;2026-06-03 23:16:47;C014274;S0337;P001277;3;24,92;0,00;EUR;FR;PAYPAL;RETURNED;96 rue du Général Leclerc, 35000 Rennes;;MOBILE_APP
ORD-20260603-00042;ORD-20260603-00042-1;2026-06-03 16:08:05;C007117;S0248;P000145;3;18,63;0,00;EUR;FR;CARD;delivered;178 cours Gambetta, 44000 Nantes;;MOBILE_APP
ORD-20260603-00043;ORD-20260603-00043-1;2026-06-03 14:31:00;C007482;S0168;P001642;1;53,89;5,39;EUR;BE;APPLEPAY;DELIVERED;109 avenue des Tilleuls, 4000 Liège;;MOBILE_APP
ORD-20260603-00043;ORD-20260603-00043-2;2026-06-03 14:31:00;C007482;S0353;P002652;1;183,20;0,00;EUR;BE;APPLEPAY;DELIVERED;109 avenue des Tilleuls, 4000 Liège;;MOBILE_APP
ORD-20260603-00043;ORD-20260603-00043-3;2026-06-03 14:31:00;C007482;S0417;P000591;3;57,74;8,66;EUR;BE;APPLEPAY; DELIVERED ;109 avenue des Tilleuls, 4000 Liège;;MOBILE_APP
ORD-20260603-00043;ORD-20260603-00043-4;2026-06-03 14:31:00;C007482;S0525;P000528;3;47,77;0,00;EUR;BE;APPLEPAY;Delivered;109 avenue des Tilleuls, 4000 Liège;;MOBILE_APP
ORD-20260603-00044;ORD-20260603-00044-1;2026-06-03 20:11:37;C020671;S0144;P002575;1;52,53;0,00;EUR;IT;CARD;DELIVERED;177 boulevard Saint-Michel, 20121 Milan;;MOBILE_APP
ORD-20260603-00044;ORD-20260603-00044-2;2026-06-03 20:11:37;C020671;S0236;P002871;2;37,22;0,00;EUR;IT;CARD;DELIVERED;177 boulevard Saint-Michel, 20121 Milan;;MOBILE_APP
ORD-20260603-00044;ORD-20260603-00044-3;2026-06-03 20:11:37;C020671;S0438;P003789;1;136,42;0,00;EUR;IT;CARD;DELIVERED;177 boulevard Saint-Michel, 20121 Milan;;MOBILE_APP
ORD-20260603-00044;ORD-20260603-00044-4;2026-06-03 20:11:37;C020671;S0028;P004813;1;186,14;9,31;EUR;IT;CARD;delivered;177 boulevard Saint-Michel, 20121 Milan;;MOBILE_APP
ORD-20260603-00045;ORD-20260603-00045-1;2026-06-03 12:35:48;C019567;S0142;P007631;1;27,86;2,79;EUR;ES;APPLEPAY;DELIVERED;122 impasse du Moulin, 28001 Madrid;FLASH5;MOBILE_APP
ORD-20260603-00046;ORD-20260603-00046-1;2026-06-03 21:29:41;C996727;S0578;P004025;1;53,07;0,00;EUR;IT;CARD;DELIVERED;155 quai des Chartrons, 00184 Rome;WELCOME15;WEB
ORD-20260603-00046;ORD-20260603-00046-2;2026-06-03 21:29:41;C015587;S0277;P006053;2;139,12;13,91;EUR;IT;CARD;DELIVERED;155 quai des Chartrons, 00184 Rome;WELCOME15;WEB
ORD-20260603-00047;ORD-20260603-00047-1;2026-06-03 14:21:12;C010098;S0314;P004490;1;19,90;1,99;EUR;FR;CARD;DELIVERED;162 quai des Chartrons, 69003 Lyon;;MARKETPLACE_API
ORD-20260603-00047;ORD-20260603-00047-2;2026-06-03 14:21:12;C010098;S0135;P005534;4;44,00;0,00;EUR;FR;CARD;DELIVERED;162 quai des Chartrons, 69003 Lyon;;MARKETPLACE_API
ORD-20260603-00048;ORD-20260603-00048-1;2026-06-03 11:18:26;C000510;S0039;P005870;1;105,76;15,86;EUR;BE;CARD;Delivered;17 impasse du Moulin, 1000 Bruxelles;FLASH5;WEB
ORD-20260603-00049;ORD-20260603-00049-1;2026-06-03 16:57:58;C018195;S0533;P002129;1;22,90;0,00;EUR;BE;CARD;shipped;41 route de Bordeaux, 2000 Anvers;;MOBILE_APP
ORD-20260603-00049;ORD-20260603-00049-2;2026-06-03 16:57:58;C018195;S0313;P005462;1;48,79;0,00;EUR;BE;CARD;Shipped;41 route de Bordeaux, 2000 Anvers;;MOBILE_APP
ORD-20260603-00050;ORD-20260603-00050-1;2026-06-03 09:45:19;C003403;S0106;P004897;2;256,80;77,04;EUR;FR;CARD;DELIVERED;39 rue du Général Leclerc, 13008 Marseille;FLASH5;MOBILE_APP
ORD-20260603-00051;ORD-20260603-00051-1;2026-06-03 14:33:23;C021429;S0398;P004844;1;14,21;0,00;EUR;FR;CARD; DELIVERED ;62 rue du Général Leclerc, 44000 Nantes;FREESHIP;WEB
ORD-20260603-00051;ORD-20260603-00051-2;2026-06-03 14:33:23;C021429;S0466;P000079;1;68,08;0,00;EUR;FR;CARD;DELIVERED;62 rue du Général Leclerc, 44000 Nantes;FREESHIP;WEB
ORD-20260603-00052;ORD-20260603-00052-1;2026-06-03 16:21:49;C001932;S0466;P005127;2;9,64;0,00;EUR;FR;CARD;Delivered;167 rue de la République, 67000 Strasbourg;VIP20;MOBILE_APP
ORD-20260603-00052;ORD-20260603-00052-2;2026-06-03 16:21:49;C001932;S0233;P002934;1;11,47;0,00;EUR;FR;CARD;delivered;167 rue de la République, 67000 Strasbourg;VIP20;MOBILE_APP
ORD-20260603-00053;ORD-20260603-00053-1;2026-06-03 13:15:37;C007751;S0103;P001991;1;71,08;0,00;EUR;FR;CARD;SHIPPED;104 quai des Chartrons, 59000 Lille;VIP20;WEB
ORD-20260603-00053;ORD-20260603-00053-2;2026-06-03 13:15:37;C007751;S0137;P003415;2;48,47;0,00;EUR;FR;CARD;SHIPPED;104 quai des Chartrons, 59000 Lille;VIP20;WEB
ORD-20260603-00053;ORD-20260603-00053-3;2026-06-03 13:15:37;C007751;S0501;P007325;1;66,54;3,33;EUR;FR;CARD;SHIPPED;104 quai des Chartrons, 59000 Lille;VIP20;WEB
ORD-20260603-00053;ORD-20260603-00053-4;2026-06-03 13:15:37;C007751;S0140;P006957;1;25,68;0,00;EUR;FR;CARD;SHIPPED;104 quai des Chartrons, 59000 Lille;VIP20;WEB
ORD-20260603-00054;ORD-20260603-00054-1;2026-06-03 14:34:16;C017654;S0599;P002964;1;72,61;10,89;EUR;FR;CARD;DELIVERED;101 rue de la République, 13008 Marseille;;WEB
ORD-20260603-00054;ORD-20260603-00054-2;2026-06-03 14:34:16;C017654;S0522;P002387;1;16,14;0,00;EUR;FR;CARD; DELIVERED ;101 rue de la République, 13008 Marseille;;WEB
ORD-20260603-00054;ORD-20260603-00054-3;2026-06-03 14:34:16;C017654;S0136;P002941;2;35,77;10,73;EUR;FR;CARD; DELIVERED ;101 rue de la République, 13008 Marseille;;WEB
ORD-20260603-00054;ORD-20260603-00054-4;2026-06-03 14:34:16;C017654;S0062;P000154;3;53,94;0,00;EUR;FR;CARD;DELIVERED;101 rue de la République, 13008 Marseille;;WEB
ORD-20260603-00054;ORD-20260603-00054-5;2026-06-03 14:34:16;C017654;S0467;P006860;1;70,82;3,54;EUR;FR;CARD;DELIVERED;101 rue de la République, 13008 Marseille;;WEB
ORD-20260603-00055;ORD-20260603-00055-1;2026-06-03 17:04:05;C020459;S0353;P007965;1;11,59;0,00;EUR;DE;APPLEPAY;Delivered;82 allée des Peupliers, 20095 Hambourg;;MOBILE_APP
ORD-20260603-00056;ORD-20260603-00056-1;2026-06-03 12:43:45;C012817;S0325;P004076;1;86,06;4,30;EUR;FR;CARD;DELIVERED;10 chemin des Vignes, 67000 Strasbourg;SUMMER10;WEB
ORD-20260603-00056;ORD-20260603-00056-2;2026-06-03 12:43:45;C012817;S0242;P002342;1;7,51;1,13;EUR;FR;CARD;delivered;10 chemin des Vignes, 67000 Strasbourg;SUMMER10;WEB
ORD-20260603-00056;ORD-20260603-00056-3;2026-06-03 12:43:45;C012817;S0094;P006130;1;5,42;0,27;EUR;FR;CARD;DELIVERED;10 chemin des Vignes, 67000 Strasbourg;SUMMER10;WEB
ORD-20260603-00056;ORD-20260603-00056-4;2026-06-03 12:43:45;C012817;S0587;P006798;3;186,45;0,00;EUR;FR;CARD;DELIVERED;10 chemin des Vignes, 67000 Strasbourg;SUMMER10;WEB
ORD-20260603-00057;ORD-20260603-00057-1;2026-06-03 18:31:44;C010024;S0589;P005277;1;48,40;0,00;EUR;ES;CARD;DELIVERED;36 route de Bordeaux, 46001 Valence;;MARKETPLACE_API
ORD-20260603-00058;ORD-20260603-00058-1;2026-06-03 23:02:06;C015330;S0023;P005890;3;162,47;0,00;EUR;IT;PAYPAL;DELIVERED;119 route de Bordeaux, 20121 Milan;FREESHIP;MARKETPLACE_API
ORD-20260603-00058;ORD-20260603-00058-2;2026-06-03 23:02:06;C015330;S0130;P006275;3;15,88;0,00;EUR;IT;PAYPAL;DELIVERED;119 route de Bordeaux, 20121 Milan;FREESHIP;MARKETPLACE_API
ORD-20260603-00058;ORD-20260603-00058-3;2026-06-03 23:02:06;C015330;S0441;P002757;1;31,93;1,60;EUR;IT;PAYPAL;DELIVERED;119 route de Bordeaux, 20121 Milan;FREESHIP;MARKETPLACE_API
ORD-20260603-00059;ORD-20260603-00059-1;2026-06-03 09:11:40;C021814;S0296;P006746;1;118,82;5,94;EUR;FR;CARD;DELIVERED;133 chemin des Vignes, 13008 Marseille;;MOBILE_APP
ORD-20260603-00059;ORD-20260603-00059-2;2026-06-03 09:11:40;C021814;S0282;P003910;1;165,66;24,85;EUR;FR;CARD;DELIVERED;133 chemin des Vignes, 13008 Marseille;;MOBILE_APP
ORD-20260603-00059;ORD-20260603-00059-2;2026-06-03 09:11:40;C021814;S0282;P003910;1;165,66;24,85;EUR;FR;CARD;DELIVERED;133 chemin des Vignes, 13008 Marseille;;MOBILE_APP
ORD-20260603-00060;ORD-20260603-00060-1;2026-06-03 20:22:05;C002228;S0046;P005930;2;24,68;2,47;EUR;FR;APPLEPAY;DELIVERED;143 rue du Général Leclerc, 59000 Lille;;WEB
ORD-20260603-00060;ORD-20260603-00060-2;2026-06-03 20:22:05;C002228;S0104;P001226;1;53,25;5,33;EUR;FR;APPLEPAY;DELIVERED;143 rue du Général Leclerc, 59000 Lille;;WEB
ORD-20260603-00060;ORD-20260603-00060-3;2026-06-03 20:22:05;C002228;S0029;P005966;4;49,68;9,94;EUR;FR;APPLEPAY;delivered;143 rue du Général Leclerc, 59000 Lille;;WEB
ORD-20260603-00060;ORD-20260603-00060-3;2026-06-03 20:22:05;C002228;S0029;P005966;4;49,68;9,94;EUR;FR;APPLEPAY;delivered;143 rue du Général Leclerc, 59000 Lille;;WEB
ORD-20260603-00061;ORD-20260603-00061-1;2026-06-03 11:58:21;C017349;S0083;P004639;2;9,91;0,00;EUR;FR;CARD;delivered;120 rue Victor Hugo, 13008 Marseille;WELCOME15;MOBILE_APP
ORD-20260603-00062;ORD-20260603-00062-1;2026-06-03 14:16:38;C011238;S0595;P001357;3;31,04;0,00;EUR;NL;PAYPAL;CANCELLED;29 allée des Peupliers, 1011 Amsterdam;;WEB
ORD-20260603-00062;ORD-20260603-00062-2;2026-06-03 14:16:38;C011238;S0595;P004890;2;259,33;0,00;EUR;NL;PAYPAL;CANCELLED;29 allée des Peupliers, 1011 Amsterdam;;WEB
ORD-20260603-00063;ORD-20260603-00063-1;2026-06-03 13:24:48;C013503;S0548;P004622;1;111,81;16,77;EUR;DE;CARD;RETURNED;53 boulevard Saint-Michel, 20095 Hambourg;VIP20;WEB
ORD-20260603-00063;ORD-20260603-00063-2;2026-06-03 13:24:48;C013503;S0142;P006602;2;67,43;0,00;EUR;DE;CARD;RETURNED;53 boulevard Saint-Michel, 20095 Hambourg;VIP20;WEB
ORD-20260603-00063;ORD-20260603-00063-3;2026-06-03 13:24:48;C013503;S0543;P000626;3;68,55;20,56;EUR;DE;CARD;Returned;53 boulevard Saint-Michel, 20095 Hambourg;VIP20;WEB
ORD-20260603-00064;ORD-20260603-00064-1;2026-06-03 17:25:16;C008907;S0191;P006173;1;89,56;4,48;EUR;FR;CARD;delivered;150 rue du Général Leclerc, 67000 Strasbourg;;WEB
ORD-20260603-00064;ORD-20260603-00064-2;2026-06-03 17:25:16;C008907;S0485;P004683;1;129,68;12,97;EUR;FR;CARD;DELIVERED;150 rue du Général Leclerc, 67000 Strasbourg;;WEB
ORD-20260603-00064;ORD-20260603-00064-3;2026-06-03 17:25:16;C008907;S0329;P007980;1;173,98;0,00;EUR;FR;CARD; DELIVERED ;150 rue du Général Leclerc, 67000 Strasbourg;;WEB
ORD-20260603-00064;ORD-20260603-00064-4;2026-06-03 17:25:16;C008907;S0191;P007170;1;67,57;0,00;EUR;FR;CARD;DELIVERED;150 rue du Général Leclerc, 67000 Strasbourg;;WEB
ORD-20260603-00065;ORD-20260603-00065-1;2026-06-03 17:55:50;C010660;S0481;P003568;1;7,82;0,39;EUR;DE;APPLEPAY;DELIVERED;104 boulevard Saint-Michel, 10115 Berlin;SUMMER10;WEB
ORD-20260603-00066;ORD-20260603-00066-1;2026-06-03 10:01:17;C000470;S0460;P001733;1;55,06;2,75;EUR;FR;CARD;Delivered;173 chemin des Vignes, 69003 Lyon;FREESHIP;WEB
ORD-20260603-00066;ORD-20260603-00066-2;2026-06-03 10:01:17;C000470;S0589;P004551;1;59,09;5,91;EUR;FR;CARD;DELIVERED;173 chemin des Vignes, 69003 Lyon;FREESHIP;WEB
ORD-20260603-00067;ORD-20260603-00067-1;2026-06-03 14:41:42;C019369;S0175;P007081;1;30,85;3,09;EUR;NL;PAYPAL;Returned;167 cours Gambetta, 1011 Amsterdam;SUMMER10;WEB
ORD-20260603-00068;ORD-20260603-00068-1;2026-06-03 12:55:34;C019565;S0468;P004152;1;242,42;36,36;EUR;FR;CARD;DELIVERED;93 route de Bordeaux, 31000 Toulouse;SUMMER10;MOBILE_APP
ORD-20260603-00069;ORD-20260603-00069-1;2026-06-03 18:59:27;C015877;S0066;P006511;2;212,66;63,80;EUR;IT;PAYPAL;PENDING;85 place de l'Église, 20121 Milan;FLASH5;MOBILE_APP
ORD-20260603-00070;ORD-20260603-00070-1;2026-06-03 15:55:35;C023021;S0156;P007199;4;50,14;20,06;EUR;FR;PAYPAL;DELIVERED;45 rue du Général Leclerc, 31000 Toulouse;;WEB
ORD-20260603-00071;ORD-20260603-00071-1;2026-06-03 14:59:56;C015115;S0372;P007259;1;62,27;3,11;EUR;FR;CARD;RETURNED;51 impasse du Moulin, 44000 Nantes;WELCOME15;WEB
ORD-20260603-00071;ORD-20260603-00071-2;2026-06-03 14:59:56;C015115;S0059;P005634;1;102,74;10,27;EUR;FR;CARD;RETURNED;51 impasse du Moulin, 44000 Nantes;WELCOME15;WEB
ORD-20260603-00072;ORD-20260603-00072-1;2026-06-03 12:45:36;C004327;S0388;P003238;1;46,28;0,00;EUR;ES;CARD;CANCELLED;97 rue du Général Leclerc, 46001 Valence;;MOBILE_APP
ORD-20260603-00073;ORD-20260603-00073-1;2026-06-03 10:01:24;C022880;S0154;P000042;2;32,88;0,00;EUR;FR;APPLEPAY;DELIVERED;90 cours Gambetta, 75011 Paris;FLASH5;WEB
ORD-20260603-00073;ORD-20260603-00073-2;2026-06-03 10:01:24;C022880;S0071;P001073;3;193,84;29,08;EUR;FR;APPLEPAY; DELIVERED ;90 cours Gambetta, 75011 Paris;FLASH5;WEB
ORD-20260603-00073;ORD-20260603-00073-3;2026-06-03 10:01:24;C022880;S0241;P005923;2;59,97;0,00;EUR;FR;APPLEPAY;DELIVERED;90 cours Gambetta, 75011 Paris;FLASH5;WEB
ORD-20260603-00073;ORD-20260603-00073-4;2026-06-03 10:01:24;C022880;S0249;P003954;4;130,55;0,00;EUR;FR;APPLEPAY;Delivered;90 cours Gambetta, 75011 Paris;FLASH5;WEB
ORD-20260603-00074;ORD-20260603-00074-1;2026-06-03 14:07:46;C024878;S0166;P004752;1;50,33;0,00;EUR;IT;GIFTCARD;delivered;51 avenue des Tilleuls, 00184 Rome;FREESHIP;WEB
ORD-20260603-00074;ORD-20260603-00074-2;2026-06-03 14:07:46;C024878;S0200;P003319;1;88,33;4,42;EUR;IT;GIFTCARD;DELIVERED;51 avenue des Tilleuls, 00184 Rome;FREESHIP;WEB
ORD-20260603-00074;ORD-20260603-00074-2;2026-06-03 14:07:46;C024878;S0200;P003319;1;88,33;4,42;EUR;IT;GIFTCARD;DELIVERED;51 avenue des Tilleuls, 00184 Rome;FREESHIP;WEB
ORD-20260603-00074;ORD-20260603-00074-3;2026-06-03 14:07:46;C024878;S0453;P001417;1;51,46;0,00;EUR;IT;GIFTCARD;DELIVERED;51 avenue des Tilleuls, 00184 Rome;FREESHIP;WEB
ORD-20260603-00075;ORD-20260603-00075-1;2026-06-03 18:17:37;C023828;S0020;P004727;2;192,75;19,28;EUR;FR;CARD;DELIVERED;161 allée des Peupliers, 33000 Bordeaux;;WEB
ORD-20260603-00076;ORD-20260603-00076-1;2026-06-03 13:07:35;C014228;S0012;P003601;1;25,72;0,00;EUR;FR;CARD;SHIPPED;42 allée des Peupliers, 59000 Lille;FREESHIP;MARKETPLACE_API
ORD-20260603-00076;ORD-20260603-00076-2;2026-06-03 13:07:35;C014228;S0237;P004051;1;177,17;0,00;EUR;FR;CARD;SHIPPED;42 allée des Peupliers, 59000 Lille;FREESHIP;MARKETPLACE_API
ORD-20260603-00076;ORD-20260603-00076-3;2026-06-03 13:07:35;C014228;S0229;P005924;2;29,05;5,81;EUR;FR;CARD;SHIPPED;42 allée des Peupliers, 59000 Lille;FREESHIP;MARKETPLACE_API
ORD-20260603-00077;ORD-20260603-00077-1;2026-06-03 15:16:28;C010857;S0011;P005177;1;7,96;1,19;EUR;FR;CARD; DELIVERED ;155 avenue des Tilleuls, 59000 Lille;WELCOME15;WEB
ORD-20260603-00077;ORD-20260603-00077-2;2026-06-03 15:16:28;C010857;S0033;P001123;1;157,64;23,65;EUR;FR;CARD;DELIVERED;155 avenue des Tilleuls, 59000 Lille;WELCOME15;WEB
ORD-20260603-00077;ORD-20260603-00077-3;2026-06-03 15:16:28;C010857;S0229;P005495;2;122,32;12,23;EUR;FR;CARD; DELIVERED ;155 avenue des Tilleuls, 59000 Lille;WELCOME15;WEB
ORD-20260603-00078;ORD-20260603-00078-1;2026-06-03 04:45:43;C021639;S0116;P000571;2;57,88;0,00;EUR;DE;CARD;DELIVERED;119 impasse du Moulin, 20095 Hambourg;FLASH5;MOBILE_APP
ORD-20260603-00078;ORD-20260603-00078-2;2026-06-03 04:45:43;C021639;S0591;P001212;1;21,34;0,00;EUR;DE;CARD;delivered;119 impasse du Moulin, 20095 Hambourg;FLASH5;MOBILE_APP
ORD-20260603-00078;ORD-20260603-00078-3;2026-06-03 04:45:43;C021639;S0300;P000216;1;52,89;2,64;EUR;DE;CARD;DELIVERED;119 impasse du Moulin, 20095 Hambourg;FLASH5;MOBILE_APP
ORD-20260603-00078;ORD-20260603-00078-4;2026-06-03 04:45:43;C021639;S0071;P003414;1;6,82;0,34;EUR;DE;CARD; DELIVERED ;119 impasse du Moulin, 20095 Hambourg;FLASH5;MOBILE_APP
ORD-20260603-00078;ORD-20260603-00078-5;2026-06-03 04:45:43;C021639;S0395;P005956;2;18,52;0,00;EUR;DE;CARD;delivered;119 impasse du Moulin, 20095 Hambourg;FLASH5;MOBILE_APP
ORD-20260603-00079;ORD-20260603-00079-1;2026-06-03 23:24:21;C011774;S0009;P000792;1;68,47;0,00;EUR;FR;CARD;DELIVERED;164 rue de la République, 69003 Lyon;SUMMER10;MOBILE_APP
ORD-20260603-00079;ORD-20260603-00079-2;2026-06-03 23:24:21;C011774;S0391;P005482;1;24,92;3,74;EUR;FR;CARD;DELIVERED;164 rue de la République, 69003 Lyon;SUMMER10;MOBILE_APP
ORD-20260603-00079;ORD-20260603-00079-3;2026-06-03 23:24:21;C011774;S0373;P001067;2;80,40;24,12;EUR;FR;CARD;DELIVERED;164 rue de la République, 69003 Lyon;SUMMER10;MOBILE_APP
ORD-20260603-00079;ORD-20260603-00079-4;2026-06-03 23:24:21;C011774;S0027;P000360;3;126,37;56,87;EUR;FR;CARD;DELIVERED;164 rue de la République, 69003 Lyon;SUMMER10;MOBILE_APP
ORD-20260603-00080;ORD-20260603-00080-1;2026-06-03 17:43:06;C020083;S0419;P006832;3;97,92;0,00;EUR;DE;CARD;DELIVERED;162 rue de la République, 20095 Hambourg;WELCOME15;MARKETPLACE_API
ORD-20260603-00080;ORD-20260603-00080-2;2026-06-03 17:43:06;C020083;S0312;P006842;4;24,42;9,77;EUR;DE;CARD;DELIVERED;162 rue de la République, 20095 Hambourg;WELCOME15;MARKETPLACE_API
ORD-20260603-00081;ORD-20260603-00081-1;2026-06-03 10:44:50;C010239;S0358;P007472;3;49,42;14,83;EUR;BE;CARD;SHIPPED;165 impasse du Moulin, 1000 Bruxelles;;MOBILE_APP
ORD-20260603-00082;ORD-20260603-00082-1;2026-06-03 17:48:09;C024328;S0425;P007927;1;259,29;0,00;EUR;FR;CARD;delivered;3 avenue des Tilleuls, 67000 Strasbourg;;MOBILE_APP
ORD-20260603-00083;ORD-20260603-00083-1;2026-06-03 17:40:13;C004322;S0312;P006794;1;74,18;0,00;EUR;DE;APPLEPAY;delivered;33 allée des Peupliers, 10115 Berlin;FLASH5;MOBILE_APP
ORD-20260603-00083;ORD-20260603-00083-2;2026-06-03 17:40:13;C004322;S0333;P006673;1;144,53;21,68;EUR;DE;APPLEPAY;DELIVERED;33 allée des Peupliers; Batiment D; 10115 Berlin;FLASH5;MOBILE_APP
ORD-20260603-00084;ORD-20260603-00084-1;2026-06-03 17:11:48;C006863;S0078;P000349;1;54,56;8,18;EUR;FR;APPLEPAY;Delivered;110 cours Gambetta, 59000 Lille;SUMMER10;MOBILE_APP
ORD-20260603-00084;ORD-20260603-00084-2;2026-06-03 17:11:48;C006863;S0309;P007949;1;17,07;1,71;EUR;FR;APPLEPAY;DELIVERED;110 cours Gambetta, 59000 Lille;SUMMER10;MOBILE_APP
ORD-20260603-00084;ORD-20260603-00084-3;2026-06-03 17:11:48;C006863;S0595;P001476;2;31,46;9,44;EUR;FR;APPLEPAY;DELIVERED;110 cours Gambetta, 59000 Lille;SUMMER10;MOBILE_APP
ORD-20260603-00084;ORD-20260603-00084-4;2026-06-03 17:11:48;C006863;S0562;P002910;2;41,81;0,00;EUR;FR;APPLEPAY; DELIVERED ;110 cours Gambetta, 59000 Lille;SUMMER10;MOBILE_APP
ORD-20260603-00084;ORD-20260603-00084-5;2026-06-03 17:11:48;C006863;S0339;P001870;1;125,00;0,00;EUR;FR;APPLEPAY;DELIVERED;110 cours Gambetta, 59000 Lille;SUMMER10;MOBILE_APP
ORD-20260603-00085;ORD-20260603-00085-1;2026-06-03 17:46:50;C003314;S0179;P004057;1;6,35;0,00;EUR;ES;CARD;PENDING;146 place de l'Église, 28001 Madrid;;MOBILE_APP
ORD-20260603-00085;ORD-20260603-00085-2;2026-06-03 17:46:50;C003314;S0309;P007158;1;242,64;0,00;EUR;ES;CARD;Pending;146 place de l'Église, 28001 Madrid;;MOBILE_APP
ORD-20260603-00085;ORD-20260603-00085-3;2026-06-03 17:46:50;C003314;S0099;P005817;1;17,57;0,00;EUR;ES;CARD;PENDING;146 place de l'Église, 28001 Madrid;;MOBILE_APP
ORD-20260603-00085;ORD-20260603-00085-4;2026-06-03 17:46:50;C003314;S0513;P002986;1;60,91;0,00;EUR;ES;CARD; PENDING ;146 place de l'Église, 28001 Madrid;;MOBILE_APP
ORD-20260603-00085;ORD-20260603-00085-5;2026-06-03 17:46:50;C003314;S0041;P002228;1;79,35;0,00;EUR;ES;CARD;PENDING;146 place de l'Église, 28001 Madrid;;MOBILE_APP
ORD-20260603-00086;ORD-20260603-00086-1;2026-06-03 09:42:43;C016224;S0452;P006209;2;17,47;0,00;EUR;DE;CARD;DELIVERED;174 rue du Général Leclerc, 20095 Hambourg;SUMMER10;WEB
ORD-20260603-00086;ORD-20260603-00086-2;2026-06-03 09:42:43;C016224;S0453;P001417;1;60,61;3,03;EUR;DE;CARD;DELIVERED;174 rue du Général Leclerc, 20095 Hambourg;SUMMER10;WEB
ORD-20260603-00086;ORD-20260603-00086-3;2026-06-03 09:42:43;C016224;S0003;P002133;1;81,12;0,00;EUR;DE;CARD;DELIVERED;174 rue du Général Leclerc, 20095 Hambourg;SUMMER10;WEB
ORD-20260603-00086;ORD-20260603-00086-4;2026-06-03 09:42:43;C016224;S0161;P006333;1;4,38;0,44;EUR;DE;CARD;delivered;174 rue du Général Leclerc, 20095 Hambourg;SUMMER10;WEB
ORD-20260603-00087;ORD-20260603-00087-1;2026-06-03 12:52:19;C006640;S0188;P005406;4;47,54;19,02;EUR;FR;TRANSFER;CANCELLED;19 rue du Général Leclerc, 67000 Strasbourg;FREESHIP;MOBILE_APP
ORD-20260603-00088;ORD-20260603-00088-1;2026-06-03 17:36:51;C022774;S0268;P001670;2;73,08;0,00;EUR;FR;PAYPAL;RETURNED;25 boulevard Saint-Michel, 13008 Marseille;;MOBILE_APP
ORD-20260603-00088;ORD-20260603-00088-2;2026-06-03 17:36:51;C022774;S0590;P002101;1;6,23;0,62;EUR;FR;PAYPAL;RETURNED;25 boulevard Saint-Michel, 13008 Marseille;;MOBILE_APP
ORD-20260603-00088;ORD-20260603-00088-3;2026-06-03 17:36:51;C022774;S0599;P003996;1;119,10;0,00;EUR;FR;PAYPAL;RETURNED;25 boulevard Saint-Michel, 13008 Marseille;;MOBILE_APP
ORD-20260603-00088;ORD-20260603-00088-4;2026-06-03 17:36:51;C022774;S0293;P005730;1;49,77;0,00;EUR;FR;PAYPAL;RETURNED;25 boulevard Saint-Michel, 13008 Marseille;;MOBILE_APP
ORD-20260603-00088;ORD-20260603-00088-5;2026-06-03 17:36:51;C022774;S0395;P000298;2;54,46;0,00;EUR;FR;PAYPAL;RETURNED;25 boulevard Saint-Michel, 13008 Marseille;;MOBILE_APP
ORD-20260603-00089;ORD-20260603-00089-1;2026-06-03 12:41:35;C024363;S0283;P007115;1;27,51;0,00;EUR;FR;CARD;DELIVERED;160 place de l'Église, 69003 Lyon;VIP20;MOBILE_APP
ORD-20260603-00090;ORD-20260603-00090-1;2026-06-03 18:59:51;C017323;S0122;P001376;1;124,84;18,73;EUR;FR;CARD;Delivered;104 impasse du Moulin, 67000 Strasbourg;SUMMER10;MOBILE_APP
ORD-20260603-00090;ORD-20260603-00090-2;2026-06-03 18:59:51;C017323;S0131;P002635;3;83,18;0,00;EUR;FR;CARD;DELIVERED;104 impasse du Moulin, 67000 Strasbourg;SUMMER10;MOBILE_APP
ORD-20260603-00091;ORD-20260603-00091-1;2026-06-03 22:07:29;C000944;S0437;P003577;1;79,82;0,00;EUR;DE;CARD;DELIVERED;133 rue du Général Leclerc, 80331 Munich;;WEB
ORD-20260603-00092;ORD-20260603-00092-1;2026-06-03 15:48:12;C013630;S0356;P002453;1;75,13;11,27;EUR;FR;CARD;DELIVERED;145 cours Gambetta, 67000 Strasbourg;FLASH5;MOBILE_APP
ORD-20260603-00092;ORD-20260603-00092-2;2026-06-03 15:48:12;C013630;S0363;P001903;4;41,47;24,88;EUR;FR;CARD;DELIVERED;145 cours Gambetta, 67000 Strasbourg;FLASH5;MOBILE_APP
ORD-20260603-00093;ORD-20260603-00093-1;2026-06-03 08:42:33;C015849;S0504;P005233;1;18,18;0,00;EUR;BE;CARD; DELIVERED ;52 avenue des Tilleuls, 1000 Bruxelles;;MARKETPLACE_API
ORD-20260603-00094;ORD-20260603-00094-1;2026-06-03 06:40:27;C024838;S0272;P002945;1;136,75;0,00;EUR;DE;PAYPAL;DELIVERED;61 quai des Chartrons, 20095 Hambourg;WELCOME15;WEB
ORD-20260603-00095;ORD-20260603-00095-1;2026-06-03 17:54:20;C014325;S0107;P002708;2;201,62;20,16;EUR;ES;PAYPAL;DELIVERED;77 chemin des Vignes, 08001 Barcelone;;MOBILE_APP
ORD-20260603-00095;ORD-20260603-00095-2;2026-06-03 17:54:20;C014325;S0415;P000501;2;63,87;0,00;EUR;ES;PAYPAL;DELIVERED;77 chemin des Vignes, 08001 Barcelone;;MOBILE_APP
ORD-20260603-00096;ORD-20260603-00096-1;2026-06-03 09:34:32;C012934;S0450;P000938;3;14,71;0,00;EUR;FR;CARD;Returned;155 route de Bordeaux, 31000 Toulouse;;MOBILE_APP
ORD-20260603-00097;ORD-20260603-00097-1;2026-06-03 09:03:21;C023042;S0454;P002414;2;63,58;0,00;EUR;BE;CARD;PENDING;22 route de Bordeaux, 1000 Bruxelles;SUMMER10;MOBILE_APP
ORD-20260603-00098;ORD-20260603-00098-1;2026-06-03 12:02:32;C006502;S0545;P007845;2;72,61;14,52;EUR;BE;CARD;DELIVERED;104 boulevard Saint-Michel, 2000 Anvers;;WEB
ORD-20260603-00098;ORD-20260603-00098-2;2026-06-03 12:02:32;C006502;S0527;P002004;2;83,01;24,90;EUR;BE;CARD;DELIVERED;104 boulevard Saint-Michel, 2000 Anvers;;WEB
ORD-20260603-00098;ORD-20260603-00098-3;2026-06-03 12:02:32;C006502;S0574;P007195;2;160,27;0,00;EUR;BE;CARD;DELIVERED;104 boulevard Saint-Michel, 2000 Anvers;;WEB
ORD-20260603-00098;ORD-20260603-00098-4;2026-06-03 12:02:32;C006502;S0585;P005090;1;24,18;0,00;EUR;BE;CARD;DELIVERED;104 boulevard Saint-Michel, 2000 Anvers;;WEB
ORD-20260603-00099;ORD-20260603-00099-1;2026-06-03 12:23:34;C020089;S0277;P003698;1;159,88;0,00;EUR;FR;CARD;DELIVERED;157 boulevard Saint-Michel, 69003 Lyon;FREESHIP;MOBILE_APP
ORD-20260603-00100;ORD-20260603-00100-1;2026-06-03 12:03:03;C016513;S0079;P002504;1;147,50;0,00;EUR;FR;CARD; DELIVERED ;71 quai des Chartrons, 69003 Lyon;FREESHIP;MARKETPLACE_API
ORD-20260603-00101;ORD-20260603-00101-1;2026-06-03 02:39:08;C016040;S0388;P003203;2;46,06;0,00;EUR;ES;TRANSFER;Cancelled;160 rue de la République, 46001 Valence;;MOBILE_APP
ORD-20260603-00102;ORD-20260603-00102-1;2026-06-03 14:39:21;C019111;S0378;P006185;2;62,24;18,67;EUR;FR;CARD;delivered;166 allée des Peupliers, 59000 Lille;WELCOME15;WEB
ORD-20260603-00103;ORD-20260603-00103-1;2026-06-03 11:58:34;C021700;S0317;P005743;2;22,75;0,00;EUR;FR;PAYPAL;DELIVERED;54 rue du Général Leclerc, 67000 Strasbourg;FREESHIP;MOBILE_APP
ORD-20260603-00103;ORD-20260603-00103-2;2026-06-03 11:58:34;C021700;S0410;P005546;1;145,31;0,00;EUR;FR;PAYPAL;delivered;54 rue du Général Leclerc, 67000 Strasbourg;FREESHIP;MOBILE_APP
ORD-20260603-00103;ORD-20260603-00103-3;2026-06-03 11:58:34;C021700;S0274;P007608;2;29,19;0,00;EUR;FR;PAYPAL;delivered;54 rue du Général Leclerc, 67000 Strasbourg;FREESHIP;MOBILE_APP
ORD-20260603-00103;ORD-20260603-00103-4;2026-06-03 11:58:34;C021700;S0165;P001883;1;38,64;5,80;EUR;FR;PAYPAL;DELIVERED;54 rue du Général Leclerc, 67000 Strasbourg;FREESHIP;MOBILE_APP
ORD-20260603-00103;ORD-20260603-00103-5;2026-06-03 11:58:34;C021700;S0280;P002622;2;37,92;0,00;EUR;FR;PAYPAL;delivered;54 rue du Général Leclerc, 67000 Strasbourg;FREESHIP;MOBILE_APP
ORD-20260603-00104;ORD-20260603-00104-1;2026-06-03 16:09:53;C022194;S0523;P006911;1;21,93;0,00;EUR;FR;TRANSFER;DELIVERED;15 rue Victor Hugo, 69003 Lyon;VIP20;MOBILE_APP
ORD-20260603-00104;ORD-20260603-00104-2;2026-06-03 16:09:53;C022194;S0527;P006280;1;132,33;19,85;EUR;FR;TRANSFER;delivered;15 rue Victor Hugo, 69003 Lyon;VIP20;MOBILE_APP
ORD-20260603-00104;ORD-20260603-00104-3;2026-06-03 16:09:53;C022194;S0331;P006254;1;22,67;2,27;EUR;FR;TRANSFER;DELIVERED;15 rue Victor Hugo, 69003 Lyon;VIP20;MOBILE_APP
ORD-20260603-00105;ORD-20260603-00105-1;2026-06-03 13:45:28;C021612;S0016;P001363;3;202,09;30,31;EUR;FR;PAYPAL; DELIVERED ;33 chemin des Vignes, 31000 Toulouse;;MOBILE_APP
ORD-20260603-00105;ORD-20260603-00105-2;2026-06-03 13:45:28;C021612;S0310;P001431;3;197,47;0,00;EUR;FR;PAYPAL;DELIVERED;33 chemin des Vignes, 31000 Toulouse;;MOBILE_APP
ORD-20260603-00106;ORD-20260603-00106-1;2026-06-03 08:27:35;C014637;S0468;P006812;1;53,96;0,00;EUR;FR;CARD;Delivered;11 route de Bordeaux, 44000 Nantes;FREESHIP;MOBILE_APP
ORD-20260603-00107;ORD-20260603-00107-1;2026-06-03 16:31:34;C020211;S0507;P001372;2;138,69;0,00;EUR;FR;CARD;DELIVERED;42 quai des Chartrons, 35000 Rennes;SUMMER10;MOBILE_APP
ORD-20260603-00107;ORD-20260603-00107-2;2026-06-03 16:31:34;C020211;S0321;P003894;1;132,28;0,00;EUR;FR;CARD;DELIVERED;42 quai des Chartrons, 35000 Rennes;SUMMER10;MOBILE_APP
ORD-20260603-00107;ORD-20260603-00107-3;2026-06-03 16:31:34;C020211;S0136;P002941;3;36,23;0,00;EUR;FR;CARD;delivered;42 quai des Chartrons, 35000 Rennes;SUMMER10;MOBILE_APP
ORD-20260603-00107;ORD-20260603-00107-4;2026-06-03 16:31:34;C020211;S0156;P000779;1;83,11;8,31;EUR;FR;CARD;DELIVERED;42 quai des Chartrons, 35000 Rennes;SUMMER10;MOBILE_APP
ORD-20260603-00107;ORD-20260603-00107-5;2026-06-03 16:31:34;C020211;S0492;P003866;1;58,51;5,85;EUR;FR;CARD;DELIVERED;42 quai des Chartrons, 35000 Rennes;SUMMER10;MOBILE_APP
ORD-20260603-00108;ORD-20260603-00108-1;2026-06-03 14:26:42;C010185;S0459;P004710;1;152,78;15,28;EUR;BE;PAYPAL;Delivered;134 avenue des Tilleuls, 2000 Anvers;SUMMER10;WEB
ORD-20260603-00109;ORD-20260603-00109-1;2026-06-03 17:02:27;C016963;S0342;P002309;1;52,63;2,63;EUR;NL;GIFTCARD;PENDING;15 avenue des Tilleuls, 1011 Amsterdam;;MOBILE_APP
ORD-20260603-00109;ORD-20260603-00109-2;2026-06-03 17:02:27;C016963;S0291;P000849;2;77,94;7,79;EUR;NL;GIFTCARD;PENDING;15 avenue des Tilleuls, 1011 Amsterdam;;MOBILE_APP
ORD-20260603-00110;ORD-20260603-00110-1;2026-06-03 13:08:25;C004193;S0502;P003127;2;92,40;27,72;EUR;DE;CARD;Delivered;106 chemin des Vignes, 10115 Berlin;;MOBILE_APP
ORD-20260603-00110;ORD-20260603-00110-2;2026-06-03 13:08:25;C004193;S0214;P007926;1;54,31;5,43;EUR;DE;CARD;delivered;106 chemin des Vignes, 10115 Berlin;;MOBILE_APP
ORD-20260603-00111;ORD-20260603-00111-1;2026-06-03 18:03:19;C011403;S0113;P002715;1;14,61;1,46;EUR;FR;GIFTCARD;SHIPPED;116 allée des Peupliers, 69003 Lyon;VIP20;WEB
ORD-20260603-00112;ORD-20260603-00112-1;2026-06-03 12:44:51;C015073;S0535;P007293;1;243,41;0,00;EUR;BE;CARD;DELIVERED;145 chemin des Vignes, 4000 Liège;FLASH5;MOBILE_APP
ORD-20260603-00113;ORD-20260603-00113-1;2026-06-03 20:54:59;C001390;S0562;P000832;1;53,71;0,00;EUR;FR;CARD;SHIPPED;59 chemin des Vignes, 44000 Nantes;FREESHIP;MOBILE_APP
ORD-20260603-00113;ORD-20260603-00113-2;2026-06-03 20:54:59;C001390;S0308;P003031;1;82,17;8,22;EUR;FR;CARD; SHIPPED ;59 chemin des Vignes, 44000 Nantes;FREESHIP;MOBILE_APP
ORD-20260603-00113;ORD-20260603-00113-3;2026-06-03 20:54:59;C001390;S0392;P003985;1;30,49;0,00;EUR;FR;CARD;SHIPPED;59 chemin des Vignes, 44000 Nantes;FREESHIP;MOBILE_APP
ORD-20260603-00114;ORD-20260603-00114-1;2026-06-03 14:58:28;C014574;S0349;P004858;1;38,87;0,00;EUR;ES;PAYPAL;DELIVERED;17 boulevard Saint-Michel, 08001 Barcelone;;WEB
ORD-20260603-00114;ORD-20260603-00114-2;2026-06-03 14:58:28;C014574;S0188;P000628;1;30,64;0,00;EUR;ES;PAYPAL;DELIVERED;17 boulevard Saint-Michel, 08001 Barcelone;;WEB
ORD-20260603-00115;ORD-20260603-00115-1;2026-06-03 18:30:46;C006734;S0248;P000145;1;19,37;0,97;EUR;FR;CARD;Delivered;64 rue de la République, 33000 Bordeaux;SUMMER10;MOBILE_APP
ORD-20260603-00116;ORD-20260603-00116-1;2026-06-03 17:21:35;C004352;S0210;P007451;1;109,03;0,00;EUR;BE;CARD;Delivered;18 boulevard Saint-Michel, 2000 Anvers;WELCOME15;MOBILE_APP
ORD-20260603-00116;ORD-20260603-00116-2;2026-06-03 17:21:35;C004352;S0063;P005670;1;52,61;0,00;EUR;BE;CARD;DELIVERED;18 boulevard Saint-Michel, 2000 Anvers;WELCOME15;MOBILE_APP
ORD-20260603-00117;ORD-20260603-00117-1;2026-06-03 19:55:04;C018698;S0273;P001320;1;13,26;0,00;EUR;BE;CARD; DELIVERED ;95 place de l'Église, 4000 Liège;SUMMER10;WEB
ORD-20260603-00117;ORD-20260603-00117-2;2026-06-03 19:55:04;C018698;S0265;P001932;1;91,94;0,00;EUR;BE;CARD;delivered;95 place de l'Église, 4000 Liège;SUMMER10;WEB
ORD-20260603-00117;ORD-20260603-00117-3;2026-06-03 19:55:04;C018698;S0184;P005740;2;56,15;5,62;EUR;BE;CARD;DELIVERED;95 place de l'Église, 4000 Liège;SUMMER10;WEB
ORD-20260603-00118;ORD-20260603-00118-1;2026-06-03 23:59:11;C004098;S0434;P006211;2;252,67;0,00;EUR;FR;CARD;SHIPPED;128 cours Gambetta, 33000 Bordeaux;FREESHIP;MOBILE_APP
ORD-20260603-00118;ORD-20260603-00118-2;2026-06-03 23:59:11;C004098;S0046;P004263;1;79,39;0,00;EUR;FR;CARD;SHIPPED;128 cours Gambetta, 33000 Bordeaux;FREESHIP;MOBILE_APP
ORD-20260603-00118;ORD-20260603-00118-3;2026-06-03 23:59:11;C004098;S0536;P001914;1;75,87;11,38;EUR;FR;CARD;SHIPPED;128 cours Gambetta, 33000 Bordeaux;FREESHIP;MOBILE_APP
ORD-20260603-00118;ORD-20260603-00118-4;2026-06-03 23:59:11;C004098;S0174;P005123;1;5,85;0,00;EUR;FR;CARD;SHIPPED;128 cours Gambetta, 33000 Bordeaux;FREESHIP;MOBILE_APP
ORD-20260603-00118;ORD-20260603-00118-5;2026-06-03 23:59:11;C004098;S0511;P004861;2;68,58;6,86;EUR;FR;CARD; SHIPPED ;128 cours Gambetta, 33000 Bordeaux;FREESHIP;MOBILE_APP
ORD-20260603-00119;ORD-20260603-00119-1;2026-06-03 16:50:40;C009582;S0292;P003136;2;15,85;1,58;EUR;FR;PAYPAL;DELIVERED;129 avenue des Tilleuls, 59000 Lille;;MOBILE_APP
ORD-20260603-00120;ORD-20260603-00120-1;2026-06-03 06:54:58;C007090;S0297;P005901;3;66,74;10,01;EUR;FR;PAYPAL;Delivered;69 route de Bordeaux, 75011 Paris;;WEB
ORD-20260603-00120;ORD-20260603-00120-1;2026-06-03 06:54:58;C007090;S0297;P005901;3;66,74;10,01;EUR;FR;PAYPAL;Delivered;69 route de Bordeaux, 75011 Paris;;WEB
ORD-20260603-00120;ORD-20260603-00120-2;2026-06-03 06:54:58;C007090;S0303;P006008;1;238,23;0,00;EUR;FR;PAYPAL; DELIVERED ;69 route de Bordeaux, 75011 Paris;;WEB
ORD-20260603-00121;ORD-20260603-00121-1;2026-06-03 16:35:48;C014054;S0052;P004375;1;110,83;16,62;EUR;FR;TRANSFER;DELIVERED;53 rue du Général Leclerc, 31000 Toulouse;WELCOME15;WEB
ORD-20260603-00121;ORD-20260603-00121-2;2026-06-03 16:35:48;C014054;S0206;P000416;1;69,38;6,94;EUR;FR;TRANSFER;DELIVERED;53 rue du Général Leclerc, 31000 Toulouse;WELCOME15;WEB
ORD-20260603-00121;ORD-20260603-00121-3;2026-06-03 16:35:48;C014054;S0220;P005856;2;20,74;4,15;EUR;FR;TRANSFER;Delivered;53 rue du Général Leclerc, 31000 Toulouse;WELCOME15;WEB
ORD-20260603-00121;ORD-20260603-00121-4;2026-06-03 16:35:48;C014054;S0030;P001963;1;277,44;41,62;EUR;FR;TRANSFER;delivered;53 rue du Général Leclerc, 31000 Toulouse;WELCOME15;WEB
ORD-20260603-00122;ORD-20260603-00122-1;2026-06-03 14:05:46;C005039;S0021;P000607;2;27,83;0,00;EUR;ES;CARD;PENDING;78 rue Victor Hugo, 08001 Barcelone;;WEB
ORD-20260603-00123;ORD-20260603-00123-1;2026-06-03 11:26:58;C002074;S0123;P005883;1;83,55;0,00;EUR;DE;CARD; PENDING ;122 route de Bordeaux, 10115 Berlin;WELCOME15;WEB
ORD-20260603-00123;ORD-20260603-00123-2;2026-06-03 11:26:58;C002074;S0139;P004799;2;32,09;0,00;EUR;DE;CARD;pending;122 route de Bordeaux, 10115 Berlin;WELCOME15;WEB
ORD-20260603-00123;ORD-20260603-00123-3;2026-06-03 11:26:58;C002074;S0019;P002903;1;34,73;1,74;EUR;DE;CARD;PENDING;122 route de Bordeaux, 10115 Berlin;WELCOME15;WEB
ORD-20260603-00123;ORD-20260603-00123-4;2026-06-03 11:26:58;C002074;S0090;P000207;2;110,57;33,17;EUR;DE;CARD;PENDING;122 route de Bordeaux, 10115 Berlin;WELCOME15;WEB
ORD-20260603-00124;ORD-20260603-00124-1;2026-06-03 17:46:38;C015904;S0305;P006525;1;167,70;25,15;EUR;BE;PAYPAL; DELIVERED ;23 quai des Chartrons, 2000 Anvers;FREESHIP;MOBILE_APP
ORD-20260603-00125;ORD-20260603-00125-1;2026-06-03 17:46:11;C020657;S0467;P006964;1;56,48;8,47;EUR;IT;PAYPAL;pending;130 quai des Chartrons, 00184 Rome;FREESHIP;MOBILE_APP
ORD-20260603-00125;ORD-20260603-00125-2;2026-06-03 17:46:11;C020657;S0009;P001235;1;55,16;0,00;EUR;IT;PAYPAL;PENDING;130 quai des Chartrons, 00184 Rome;FREESHIP;MOBILE_APP
ORD-20260603-00126;ORD-20260603-00126-1;2026-06-03 12:36:46;C000612;S0348;P006029;1;17,01;1,70;EUR;FR;PAYPAL;RETURNED;22 place de l'Église, 59000 Lille;SUMMER10;MOBILE_APP
ORD-20260603-00126;ORD-20260603-00126-2;2026-06-03 12:36:46;C000612;S0030;P003730;1;80,62;8,06;EUR;FR;PAYPAL;RETURNED;22 place de l'Église, 59000 Lille;SUMMER10;MOBILE_APP
ORD-20260603-00126;ORD-20260603-00126-3;2026-06-03 12:36:46;C000612;S0560;P006410;1;87,42;13,11;EUR;FR;PAYPAL;RETURNED;22 place de l'Église, 59000 Lille;SUMMER10;MOBILE_APP
ORD-20260603-00126;ORD-20260603-00126-4;2026-06-03 12:36:46;C000612;S0356;P002453;1;69,25;0,00;EUR;FR;PAYPAL;RETURNED;22 place de l'Église, 59000 Lille;SUMMER10;MOBILE_APP
ORD-20260603-00127;ORD-20260603-00127-1;2026-06-03 17:30:52;C001948;S0181;P004967;1;154,92;23,24;EUR;IT;CARD;CANCELLED;156 rue du Général Leclerc, 00184 Rome;;WEB
ORD-20260603-00127;ORD-20260603-00127-2;2026-06-03 17:30:52;C001948;S0469;P004464;2;46,54;0,00;EUR;IT;CARD;CANCELLED;156 rue du Général Leclerc, 00184 Rome;;WEB
ORD-20260603-00127;ORD-20260603-00127-3;2026-06-03 17:30:52;C001948;S0240;P004578;1;58,15;0,00;EUR;IT;CARD;Cancelled;156 rue du Général Leclerc, 00184 Rome;;WEB
ORD-20260603-00128;ORD-20260603-00128-1;2026-06-03 11:08:00;C010399;S0282;P000987;1;62,72;0,00;EUR;ES;CARD;DELIVERED;78 avenue des Tilleuls, 08001 Barcelone;;MOBILE_APP
ORD-20260603-00128;ORD-20260603-00128-2;2026-06-03 11:08:00;C010399;S0214;P005453;1;125,31;0,00;EUR;ES;CARD;DELIVERED;78 avenue des Tilleuls, 08001 Barcelone;;MOBILE_APP
ORD-20260603-00129;ORD-20260603-00129-1;2026-06-03 12:08:59;C009216;S0215;P000644;1;75,32;0,00;EUR;BE;CARD;CANCELLED;146 avenue des Tilleuls, 2000 Anvers;;MOBILE_APP
ORD-20260603-00129;ORD-20260603-00129-2;2026-06-03 12:08:59;C009216;S0289;P001099;1;208,91;31,34;EUR;BE;CARD;CANCELLED;146 avenue des Tilleuls, 2000 Anvers;;MOBILE_APP
ORD-20260603-00130;ORD-20260603-00130-1;2026-06-03 17:54:15;C015744;S0090;P002844;1;6,36;0,00;EUR;DE;CARD;cancelled;114 rue Victor Hugo, 80331 Munich;VIP20;MOBILE_APP
ORD-20260603-00130;ORD-20260603-00130-2;2026-06-03 17:54:15;C015744;S0263;P005780;1;38,96;0,00;EUR;DE;CARD;CANCELLED;114 rue Victor Hugo, 80331 Munich;VIP20;MOBILE_APP
ORD-20260603-00130;ORD-20260603-00130-3;2026-06-03 17:54:15;C015744;S0074;P000531;1;13,47;2,02;EUR;DE;CARD;CANCELLED;114 rue Victor Hugo, 80331 Munich;VIP20;MOBILE_APP
ORD-20260603-00131;ORD-20260603-00131-1;2026-06-03 08:43:59;C013213;S0049;P001264;1;78,72;0,00;EUR;FR;CARD;DELIVERED;117 rue de la République, 33000 Bordeaux;;WEB
ORD-20260603-00131;ORD-20260603-00131-2;2026-06-03 08:43:59;C013213;S0267;P002219;2;45,26;9,05;EUR;FR;CARD;DELIVERED;117 rue de la République, 33000 Bordeaux;;WEB
ORD-20260603-00132;ORD-20260603-00132-1;2026-06-03 10:06:21;C014528;S0515;P005494;1;80,41;12,06;EUR;FR;CARD;Returned;160 chemin des Vignes, 33000 Bordeaux;;MOBILE_APP
ORD-20260603-00133;ORD-20260603-00133-1;2026-06-03 12:04:41;C008029;S0206;P002864;1;24,63;0,00;EUR;FR;CARD;DELIVERED;118 quai des Chartrons, 13008 Marseille;VIP20;MARKETPLACE_API
ORD-20260603-00133;ORD-20260603-00133-1;2026-06-03 12:04:41;C008029;S0206;P002864;1;24,63;0,00;EUR;FR;CARD;DELIVERED;118 quai des Chartrons, 13008 Marseille;VIP20;MARKETPLACE_API
ORD-20260603-00134;ORD-20260603-00134-1;2026-06-03 14:46:54;C019592;S0253;P005014;1;66,79;6,68;EUR;ES;PAYPAL;SHIPPED;32 quai des Chartrons, 28001 Madrid;FLASH5;MOBILE_APP
ORD-20260603-00135;ORD-20260603-00135-1;2026-06-03 08:05:51;C019536;S0095;P004753;2;84,70;0,00;EUR;FR;CARD;DELIVERED;102 impasse du Moulin, 67000 Strasbourg;;WEB
ORD-20260603-00135;ORD-20260603-00135-2;2026-06-03 08:05:51;C019536;S0085;P002793;1;50,58;7,59;EUR;FR;CARD;DELIVERED;102 impasse du Moulin, 67000 Strasbourg;;WEB
ORD-20260603-00136;ORD-20260603-00136-1;2026-06-03 14:42:18;C017539;S0035;P000813;1;61,18;6,12;EUR;BE;CARD;DELIVERED;84 boulevard Saint-Michel, 4000 Liège;;MOBILE_APP
ORD-20260603-00136;ORD-20260603-00136-2;2026-06-03 14:42:18;C017539;S0463;P007480;1;41,47;4,15;EUR;BE;CARD;DELIVERED;84 boulevard Saint-Michel, 4000 Liège;;MOBILE_APP
ORD-20260603-00137;ORD-20260603-00137-1;2026-06-03 14:39:01;C015601;S0262;P001719;1;48,58;2,43;EUR;IT;GIFTCARD;RETURNED;1 avenue des Tilleuls, 00184 Rome;;MOBILE_APP
ORD-20260603-00137;ORD-20260603-00137-2;2026-06-03 14:39:01;C015601;S0518;P001348;1;63,96;0,00;EUR;IT;GIFTCARD;RETURNED;1 avenue des Tilleuls, 00184 Rome;;MOBILE_APP
ORD-20260603-00138;ORD-20260603-00138-1;2026-06-03 14:02:27;C014026;S0549;P007524;3;140,01;0,00;EUR;FR;CARD;DELIVERED;72 quai des Chartrons, 31000 Toulouse;;WEB
ORD-20260603-00138;ORD-20260603-00138-2;2026-06-03 14:02:27;C014026;S0443;P004569;1;22,36;3,35;EUR;FR;CARD;DELIVERED;72 quai des Chartrons, 31000 Toulouse;;WEB
ORD-20260603-00138;ORD-20260603-00138-3;2026-06-03 14:02:27;C014026;S0314;P006294;3;119,03;0,00;EUR;FR;CARD;DELIVERED;72 quai des Chartrons, 31000 Toulouse;;WEB
ORD-20260603-00139;ORD-20260603-00139-1;2026-06-03 13:54:26;C011394;S0044;P002377;2;6,11;0,00;EUR;NL;CARD;SHIPPED;151 impasse du Moulin, 1011 Amsterdam;FREESHIP;MOBILE_APP
ORD-20260603-00139;ORD-20260603-00139-2;2026-06-03 13:54:26;C011394;S0459;P007113;3;70,40;21,12;EUR;NL;CARD;SHIPPED;151 impasse du Moulin, 1011 Amsterdam;FREESHIP;MOBILE_APP
ORD-20260603-00139;ORD-20260603-00139-3;2026-06-03 13:54:26;C011394;S0352;P006256;2;63,31;18,99;EUR;NL;CARD;SHIPPED;151 impasse du Moulin, 1011 Amsterdam;FREESHIP;MOBILE_APP
ORD-20260603-00139;ORD-20260603-00139-4;2026-06-03 13:54:26;C011394;S0364;P005118;1;80,09;8,01;EUR;NL;CARD;SHIPPED;151 impasse du Moulin, 1011 Amsterdam;FREESHIP;MOBILE_APP
ORD-20260603-00140;ORD-20260603-00140-1;2026-06-03 15:50:41;C023447;S0448;P001184;-1;156,01;7,80;EUR;FR;PAYPAL;CANCELLED;85 place de l'Église, 31000 Toulouse;;WEB
ORD-20260603-00140;ORD-20260603-00140-2;2026-06-03 15:50:41;C023447;S0181;P005388;3;68,28;0,00;EUR;FR;PAYPAL;CANCELLED;85 place de l'Église, 31000 Toulouse;;WEB
ORD-20260603-00140;ORD-20260603-00140-3;2026-06-03 15:50:41;C023447;S0525;P005063;1;80,57;8,06;EUR;FR;PAYPAL;CANCELLED;85 place de l'Église, 31000 Toulouse;;WEB
ORD-20260603-00141;ORD-20260603-00141-1;2026-06-03 19:05:07;C019023;S0028;P001269;1;65,93;0,00;EUR;DE;CARD;DELIVERED;108 quai des Chartrons, 10115 Berlin;WELCOME15;WEB
ORD-20260603-00142;ORD-20260603-00142-1;2026-06-03 16:27:00;C024601;S0148;P005340;1;54,63;0,00;EUR;DE;CARD; DELIVERED ;36 rue du Général Leclerc, 80331 Munich;WELCOME15;WEB
ORD-20260603-00142;ORD-20260603-00142-2;2026-06-03 16:27:00;C024601;S0243;P007210;1;26,00;0,00;EUR;DE;CARD;delivered;36 rue du Général Leclerc, 80331 Munich;WELCOME15;WEB
ORD-20260603-00143;ORD-20260603-00143-1;2026-06-03 17:41:52;C014413;S0551;P002230;1;108,68;0,00;EUR;FR;APPLEPAY;Cancelled;126 impasse du Moulin, 35000 Rennes;FREESHIP;WEB
ORD-20260603-00144;ORD-20260603-00144-1;2026-06-03 15:55:23;C007904;S0514;P004553;1;152,68;0,00;EUR;IT;GIFTCARD;DELIVERED;163 rue Victor Hugo, 20121 Milan;FLASH5;WEB
ORD-20260603-00144;ORD-20260603-00144-2;2026-06-03 15:55:23;C007904;S0594;P007767;1;88,03;4,40;EUR;IT;GIFTCARD;DELIVERED;163 rue Victor Hugo, 20121 Milan;FLASH5;WEB
ORD-20260603-00144;ORD-20260603-00144-3;2026-06-03 15:55:23;C007904;S0163;P004628;2;16,26;3,25;EUR;IT;GIFTCARD;Delivered;163 rue Victor Hugo, 20121 Milan;FLASH5;WEB
ORD-20260603-00145;ORD-20260603-00145-1;2026-06-03 18:21:53;C004156;S0013;P005368;1;84,28;0,00;EUR;DE;PAYPAL;CANCELLED;108 chemin des Vignes, 10115 Berlin;WELCOME15;MOBILE_APP
ORD-20260603-00146;ORD-20260603-00146-1;2026-06-03 03:40:27;C014810;S0534;P000426;1;177,69;8,88;EUR;FR;CARD;DELIVERED;14 place de l'Église, 31000 Toulouse;;MARKETPLACE_API
ORD-20260603-00146;ORD-20260603-00146-2;2026-06-03 03:40:27;C014810;S0228;P001759;1;15,16;0,00;EUR;FR;CARD;DELIVERED;14 place de l'Église, 31000 Toulouse;;MARKETPLACE_API
ORD-20260603-00147;ORD-20260603-00147-1;2026-06-03 19:45:38;C000740;S0392;P002187;1;42,46;6,37;EUR;IT;CARD;RETURNED;23 rue Victor Hugo, 20121 Milan;;WEB
ORD-20260603-00148;ORD-20260603-00148-1;2026-06-03 15:33:56;C021468;S0577;P005091;1;133,53;13,35;EUR;IT;TRANSFER;SHIPPED;48 rue Victor Hugo, 20121 Milan;FLASH5;MOBILE_APP
ORD-20260603-00149;ORD-20260603-00149-1;2026-06-03 14:36:48;C011366;S0236;P001902;1;37,85;5,68;EUR;ES;CARD;DELIVERED;85 rue Victor Hugo, 08001 Barcelone;SUMMER10;MOBILE_APP
ORD-20260603-00149;ORD-20260603-00149-2;2026-06-03 14:36:48;C011366;S0010;P007409;1;174,16;0,00;EUR;ES;CARD;DELIVERED;85 rue Victor Hugo, 08001 Barcelone;SUMMER10;MOBILE_APP
ORD-20260603-00149;ORD-20260603-00149-3;2026-06-03 14:36:48;C011366;S0049;P001264;1;65,12;9,77;EUR;ES;CARD;DELIVERED;85 rue Victor Hugo, 08001 Barcelone;SUMMER10;MOBILE_APP
ORD-20260603-00149;ORD-20260603-00149-3;2026-06-03 14:36:48;C011366;S0049;P001264;1;65,12;9,77;EUR;ES;CARD;DELIVERED;85 rue Victor Hugo, 08001 Barcelone;SUMMER10;MOBILE_APP
ORD-20260603-00150;ORD-20260603-00150-1;2026-06-03 22:15:22;C001567;S0595;P006802;2;82,28;24,68;EUR;ES;CARD;DELIVERED;22 rue du Général Leclerc, 28001 Madrid;;WEB
ORD-20260603-00151;ORD-20260603-00151-1;2026-06-03 19:07:14;C023609;S0474;P004295;1;230,95;34,64;EUR;FR;PAYPAL;Delivered;17 quai des Chartrons, 13008 Marseille;VIP20;MOBILE_APP
ORD-20260603-00151;ORD-20260603-00151-2;2026-06-03 19:07:14;C023609;S0231;P000688;2;7,92;0,00;EUR;FR;PAYPAL;delivered;17 quai des Chartrons, 13008 Marseille;VIP20;MOBILE_APP
ORD-20260603-00152;ORD-20260603-00152-1;2026-06-03 11:45:11;C006362;S0573;P004137;1;72,92;7,29;EUR;FR;PAYPAL;DELIVERED;74 place de l'Église, 33000 Bordeaux;SUMMER10;MOBILE_APP
ORD-20260603-00152;ORD-20260603-00152-2;2026-06-03 11:45:11;C006362;S0390;P002519;2;66,84;0,00;EUR;FR;PAYPAL;DELIVERED;74 place de l'Église, 33000 Bordeaux;SUMMER10;MOBILE_APP
ORD-20260603-00153;ORD-20260603-00153-1;2026-06-03 15:39:28;C004862;S0217;P005456;1;20,79;0,00;EUR;BE;CARD;CANCELLED;82 chemin des Vignes, 1000 Bruxelles;VIP20;WEB
ORD-20260603-00154;ORD-20260603-00154-1;2026-06-03 11:20:20;C018114;S0403;P001231;1;42,09;0,00;EUR;FR;APPLEPAY;CANCELLED;1 avenue des Tilleuls, 44000 Nantes;FLASH5;WEB
ORD-20260603-00154;ORD-20260603-00154-2;2026-06-03 11:20:20;C018114;S0264;P006682;1;24,07;2,41;EUR;FR;APPLEPAY;Cancelled;1 avenue des Tilleuls, 44000 Nantes;FLASH5;WEB
ORD-20260603-00154;ORD-20260603-00154-3;2026-06-03 11:20:20;C018114;S0179;P007967;2;191,86;38,37;EUR;FR;APPLEPAY;CANCELLED;1 avenue des Tilleuls, 44000 Nantes;FLASH5;WEB
ORD-20260603-00155;ORD-20260603-00155-1;2026-06-03 17:40:00;C004525;S0008;P005387;2;69,36;13,87;EUR;BE;CARD;cancelled;126 route de Bordeaux, 2000 Anvers;VIP20;MOBILE_APP
ORD-20260603-00155;ORD-20260603-00155-2;2026-06-03 17:40:00;C004525;S0253;P002293;1;129,40;19,41;EUR;BE;CARD;Cancelled;126 route de Bordeaux, 2000 Anvers;VIP20;MOBILE_APP
ORD-20260603-00155;ORD-20260603-00155-3;2026-06-03 17:40:00;C004525;S0263;P006763;2;178,67;35,73;EUR;BE;CARD;CANCELLED;126 route de Bordeaux, 2000 Anvers;VIP20;MOBILE_APP
ORD-20260603-00156;ORD-20260603-00156-1;2026-06-03 12:12:11;C004736;S0381;P004956;1;49,48;0,00;EUR;NL;CARD;Delivered;99 place de l'Église, 1011 Amsterdam;;MOBILE_APP
ORD-20260603-00156;ORD-20260603-00156-2;2026-06-03 12:12:11;C004736;S0177;P001612;1;89,46;0,00;EUR;NL;CARD;DELIVERED;99 place de l'Église, 1011 Amsterdam;;MOBILE_APP
ORD-20260603-00156;ORD-20260603-00156-3;2026-06-03 12:12:11;C004736;S0568;P003788;1;75,01;0,00;EUR;NL;CARD;DELIVERED;99 place de l'Église, 1011 Amsterdam;;MOBILE_APP
ORD-20260603-00156;ORD-20260603-00156-4;2026-06-03 12:12:11;C004736;S0597;P000586;2;84,87;0,00;EUR;NL;CARD;DELIVERED;99 place de l'Église, 1011 Amsterdam;;MOBILE_APP
ORD-20260603-00157;ORD-20260603-00157-1;2026-06-03 14:49:38;C011874;S0098;P007010;1;114,84;5,74;EUR;FR;CARD;DELIVERED;104 impasse du Moulin, 67000 Strasbourg;;WEB
ORD-20260603-00158;ORD-20260603-00158-1;2026-06-03 20:08:37;C015315;S0247;P007629;1;25,39;2,54;EUR;DE;TRANSFER;DELIVERED;58 cours Gambetta, 10115 Berlin;;MARKETPLACE_API
ORD-20260603-00159;ORD-20260603-00159-1;2026-06-03 12:52:53;C023226;S0376;P000629;4;45,19;27,11;EUR;DE;CARD;DELIVERED;50 route de Bordeaux, 10115 Berlin;;WEB
ORD-20260603-00160;ORD-20260603-00160-1;2026-06-03 16:05:30;C006332;S0137;P007776;3;64,43;28,99;EUR;FR;PAYPAL;SHIPPED;6 route de Bordeaux, 13008 Marseille;;WEB
ORD-20260603-00160;ORD-20260603-00160-2;2026-06-03 16:05:30;C006332;S0271;P002274;1;66,98;0,00;EUR;FR;PAYPAL;SHIPPED;6 route de Bordeaux, 13008 Marseille;;WEB
ORD-20260603-00160;ORD-20260603-00160-3;2026-06-03 16:05:30;C006332;S0241;P005923;3;64,30;0,00;EUR;FR;PAYPAL;SHIPPED;6 route de Bordeaux, 13008 Marseille;;WEB
ORD-20260603-00160;ORD-20260603-00160-4;2026-06-03 16:05:30;C006332;S0469;P001535;3;224,40;33,66;EUR;FR;PAYPAL;Shipped;6 route de Bordeaux, 13008 Marseille;;WEB
ORD-20260603-00160;ORD-20260603-00160-5;2026-06-03 16:05:30;C006332;S0577;P000606;1;49,29;0,00;EUR;FR;PAYPAL;SHIPPED;6 route de Bordeaux, 13008 Marseille;;WEB
ORD-20260603-00161;ORD-20260603-00161-1;2026-06-03 15:27:00;C010533;S0592;P006348;2;16,04;0,00;EUR;FR;PAYPAL; DELIVERED ;126 place de l'Église, 75011 Paris;WELCOME15;WEB
ORD-20260603-00161;ORD-20260603-00161-2;2026-06-03 15:27:00;C010533;S0230;P001374;1;52,64;2,63;EUR;FR;PAYPAL;DELIVERED;126 place de l'Église, 75011 Paris;WELCOME15;WEB
ORD-20260603-00162;ORD-20260603-00162-1;2026-06-03 13:40:56;C012614;S0381;P005116;2;32,49;0,00;EUR;ES;PAYPAL;CANCELLED;143 impasse du Moulin, 28001 Madrid;;WEB
ORD-20260603-00163;ORD-20260603-00163-1;2026-06-03 21:38:20;C011564;S0012;P007563;1;19,17;1,92;EUR;FR;CARD;DELIVERED;175 route de Bordeaux, 75011 Paris;WELCOME15;MARKETPLACE_API
ORD-20260603-00164;ORD-20260603-00164-1;2026-06-03 16:11:42;C021864;S0380;P007933;1;30,60;1,53;EUR;FR;TRANSFER;CANCELLED;79 rue du Général Leclerc, 44000 Nantes;;MOBILE_APP
ORD-20260603-00165;ORD-20260603-00165-1;2026-06-03 15:32:37;C020643;S0521;P003448;3;36,74;0,00;EUR;FR;CARD;DELIVERED;28 rue Victor Hugo, 31000 Toulouse;VIP20;MOBILE_APP
ORD-20260603-00166;ORD-20260603-00166-1;2026-06-03 16:00:45;C016601;S0254;P006406;1;9,26;0,00;EUR;ES;PAYPAL; CANCELLED ;43 rue du Général Leclerc, 46001 Valence;FREESHIP;WEB
ORD-20260603-00166;ORD-20260603-00166-2;2026-06-03 16:00:45;C016601;S0509;P003408;2;6,52;0,65;EUR;ES;PAYPAL;CANCELLED;43 rue du Général Leclerc, 46001 Valence;FREESHIP;WEB
ORD-20260603-00166;ORD-20260603-00166-3;2026-06-03 16:00:45;C016601;S0451;P000592;1;12,68;0,00;EUR;ES;PAYPAL;CANCELLED;43 rue du Général Leclerc, 46001 Valence;FREESHIP;WEB
ORD-20260603-00166;ORD-20260603-00166-4;2026-06-03 16:00:45;C016601;S0164;P007555;3;15,33;0,00;EUR;ES;PAYPAL;CANCELLED;43 rue du Général Leclerc, 46001 Valence;FREESHIP;WEB
ORD-20260603-00166;ORD-20260603-00166-5;2026-06-03 16:00:45;C016601;S0261;P007048;2;214,02;64,21;EUR;ES;PAYPAL;CANCELLED;43 rue du Général Leclerc, 46001 Valence;FREESHIP;WEB
ORD-20260603-00167;ORD-20260603-00167-1;2026-06-03 16:42:38;C013480;S0089;P006946;1;87,23;0,00;EUR;FR;CARD;SHIPPED;68 route de Bordeaux, 67000 Strasbourg;;WEB
ORD-20260603-00167;ORD-20260603-00167-2;2026-06-03 16:42:38;C013480;S0423;P006129;1;91,26;4,56;EUR;FR;CARD;shipped;68 route de Bordeaux, 67000 Strasbourg;;WEB
ORD-20260603-00168;ORD-20260603-00168-1;2026-06-03 14:46:18;C007436;S0297;P006796;1;34,22;0,00;EUR;FR;CARD;DELIVERED;121 rue Victor Hugo, 35000 Rennes;WELCOME15;MOBILE_APP
ORD-20260603-00168;ORD-20260603-00168-2;2026-06-03 14:46:18;C007436;S0013;P003559;1;34,81;0,00;EUR;FR;CARD;delivered;121 rue Victor Hugo, 35000 Rennes;WELCOME15;MOBILE_APP
ORD-20260603-00168;ORD-20260603-00168-3;2026-06-03 14:46:18;C007436;S0545;P005203;2;54,35;5,44;EUR;FR;CARD;DELIVERED;121 rue Victor Hugo, 35000 Rennes;WELCOME15;MOBILE_APP
ORD-20260603-00168;ORD-20260603-00168-4;2026-06-03 14:46:18;C007436;S0545;P007408;1;116,24;11,62;EUR;FR;CARD;DELIVERED;121 rue Victor Hugo, 35000 Rennes;WELCOME15;MOBILE_APP
ORD-20260603-00169;ORD-20260603-00169-1;2026-06-03 21:16:23;C019189;S0268;P003750;1;126,47;0,00;EUR;FR;CARD;CANCELLED;30 route de Bordeaux, 33000 Bordeaux;;WEB
ORD-20260603-00169;ORD-20260603-00169-1;2026-06-03 21:16:23;C019189;S0268;P003750;1;126,47;0,00;EUR;FR;CARD;CANCELLED;30 route de Bordeaux, 33000 Bordeaux;;WEB
ORD-20260603-00169;ORD-20260603-00169-2;2026-06-03 21:16:23;C019189;S0434;P003977;1;68,69;6,87;EUR;FR;CARD;CANCELLED;30 route de Bordeaux, 33000 Bordeaux;;WEB
ORD-20260603-00170;ORD-20260603-00170-1;2026-06-03 15:45:46;C000105;S0224;P007221;1;179,39;17,94;EUR;ES;CARD;DELIVERED;142 rue de la République, 46001 Valence;;MOBILE_APP
ORD-20260603-00170;ORD-20260603-00170-2;2026-06-03 15:45:46;C000105;S0209;P005234;2;43,11;0,00;EUR;ES;CARD;DELIVERED;142 rue de la République, 46001 Valence;;MOBILE_APP
ORD-20260603-00170;ORD-20260603-00170-3;2026-06-03 15:45:46;C000105;S0311;P007271;2;153,56;0,00;EUR;ES;CARD;DELIVERED;142 rue de la République, 46001 Valence;;MOBILE_APP
ORD-20260603-00170;ORD-20260603-00170-4;2026-06-03 15:45:46;C000105;S0018;P007625;1;93,77;14,07;EUR;ES;CARD;Delivered;142 rue de la République, 46001 Valence;;MOBILE_APP
ORD-20260603-00171;ORD-20260603-00171-1;2026-06-03 17:36:13;C006128;S0454;P006976;4;11,87;2,37;EUR;DE;CARD; DELIVERED ;85 rue de la République, 20095 Hambourg;VIP20;MOBILE_APP
ORD-20260603-00171;ORD-20260603-00171-2;2026-06-03 17:36:13;C006128;S0367;P002221;1;24,56;2,46;EUR;DE;CARD;DELIVERED;85 rue de la République, 20095 Hambourg;VIP20;MOBILE_APP
ORD-20260603-00171;ORD-20260603-00171-3;2026-06-03 17:36:13;C006128;S0248;P002484;3;59,97;9,00;EUR;DE;CARD;DELIVERED;85 rue de la République, 20095 Hambourg;VIP20;MOBILE_APP
ORD-20260603-00171;ORD-20260603-00171-4;2026-06-03 17:36:13;C006128;S0055;P005487;1;36,79;0,00;EUR;DE;CARD; DELIVERED ;85 rue de la République, 20095 Hambourg;VIP20;MOBILE_APP
ORD-20260603-00172;ORD-20260603-00172-1;2026-06-03 15:01:26;C008168;S0256;P003280;1;43,37;4,34;EUR;FR;CARD;RETURNED;93 allée des Peupliers, 59000 Lille;;WEB
ORD-20260603-00172;ORD-20260603-00172-2;2026-06-03 15:01:26;C008168;S0264;P004919;3;31,17;4,68;EUR;FR;CARD;RETURNED;93 allée des Peupliers, 59000 Lille;;WEB
ORD-20260603-00172;ORD-20260603-00172-3;2026-06-03 15:01:26;C008168;S0375;P001133;1;75,78;0,00;EUR;FR;CARD;Returned;93 allée des Peupliers, 59000 Lille;;WEB
ORD-20260603-00173;ORD-20260603-00173-1;2026-06-03 23:47:06;C010737;S0161;P000397;1;11,68;0,00;EUR;BE;APPLEPAY;DELIVERED;155 avenue des Tilleuls, 2000 Anvers;;WEB
ORD-20260603-00173;ORD-20260603-00173-2;2026-06-03 23:47:06;C010737;S0475;P005718;2;82,37;0,00;EUR;BE;APPLEPAY;delivered;155 avenue des Tilleuls, 2000 Anvers;;WEB
ORD-20260603-00173;ORD-20260603-00173-3;2026-06-03 23:47:06;C010737;S0306;P000288;1;23,80;0,00;EUR;BE;APPLEPAY;delivered;155 avenue des Tilleuls, 2000 Anvers;;WEB
ORD-20260603-00173;ORD-20260603-00173-4;2026-06-03 23:47:06;C010737;S0358;P004189;1;30,15;3,02;EUR;BE;APPLEPAY;DELIVERED;155 avenue des Tilleuls, 2000 Anvers;;WEB
ORD-20260603-00173;ORD-20260603-00173-5;2026-06-03 23:47:06;C010737;S0457;P003815;1;23,05;2,31;EUR;BE;APPLEPAY;Delivered;155 avenue des Tilleuls, 2000 Anvers;;WEB
ORD-20260603-00174;ORD-20260603-00174-1;2026-06-03 09:05:22;C006270;S0489;P002245;1;93,59;9,36;EUR;FR;CARD;DELIVERED;14 route de Bordeaux, 13008 Marseille;;MOBILE_APP
ORD-20260603-00175;ORD-20260603-00175-1;2026-06-03 11:44:51;C010740;S0188;P005038;1;112,86;11,29;EUR;DE;PAYPAL;DELIVERED;26 place de l'Église, 10115 Berlin;;WEB
ORD-20260603-00175;ORD-20260603-00175-2;2026-06-03 11:44:51;C998438;S0337;P001450;1;10,17;1,02;EUR;DE;PAYPAL;delivered;26 place de l'Église, 10115 Berlin;;WEB
ORD-20260603-00175;ORD-20260603-00175-3;2026-06-03 11:44:51;C010740;S0555;P004282;3;35,38;0,00;EUR;DE;PAYPAL;Delivered;26 place de l'Église, 10115 Berlin;;WEB
ORD-20260603-00175;ORD-20260603-00175-4;2026-06-03 11:44:51;C010740;S0061;P006415;1;58,03;8,70;EUR;DE;PAYPAL;DELIVERED;26 place de l'Église, 10115 Berlin;;WEB
ORD-20260603-00176;ORD-20260603-00176-1;2026-06-03 13:37:44;C990925;S0020;P006235;1;53,88;2,69;EUR;IT;CARD;Shipped;57 rue de la République, 00184 Rome;;WEB
ORD-20260603-00177;ORD-20260603-00177-1;2026-06-03 15:42:08;C003461;S0406;P004747;3;107,09;0,00;EUR;FR;CARD;delivered;102 route de Bordeaux, 75011 Paris;WELCOME15;MOBILE_APP
ORD-20260603-00177;ORD-20260603-00177-2;2026-06-03 15:42:08;C003461;S0378;P000179;1;22,28;0,00;EUR;FR;CARD;DELIVERED;102 route de Bordeaux, 75011 Paris;WELCOME15;MOBILE_APP
ORD-20260603-00178;ORD-20260603-00178-1;2026-06-03 08:09:43;C013774;S0491;P002348;1;25,24;0,00;EUR;ES;PAYPAL;RETURNED;177 cours Gambetta, 28001 Madrid;;WEB
ORD-20260603-00178;ORD-20260603-00178-2;2026-06-03 08:09:43;C013774;S0116;P001854;4;18,20;7,28;EUR;ES;PAYPAL; RETURNED ;177 cours Gambetta, 28001 Madrid;;WEB
ORD-20260603-00178;ORD-20260603-00178-3;2026-06-03 08:09:43;C013774;S0446;P003045;3;13,99;0,00;EUR;ES;PAYPAL; RETURNED ;177 cours Gambetta, 28001 Madrid;;WEB
ORD-20260603-00178;ORD-20260603-00178-4;2026-06-03 08:09:43;C013774;S0102;P002533;3;66,49;9,97;EUR;ES;PAYPAL;Returned;177 cours Gambetta, 28001 Madrid;;WEB
ORD-20260603-00178;ORD-20260603-00178-5;2026-06-03 08:09:43;C013774;S0061;P001730;2;19,50;5,85;EUR;ES;PAYPAL;RETURNED;177 cours Gambetta, 28001 Madrid;;WEB
ORD-20260603-00179;ORD-20260603-00179-1;2026-06-03 21:06:38;C016346;S0208;P001104;1;54,52;2,73;EUR;FR;CARD;DELIVERED;139 cours Gambetta, 69003 Lyon;FREESHIP;WEB
ORD-20260603-00180;ORD-20260603-00180-1;2026-06-03 15:57:12;C023138;S0542;P003258;1;27,43;4,11;EUR;ES;CARD;DELIVERED;149 impasse du Moulin, 08001 Barcelone;;WEB
ORD-20260603-00181;ORD-20260603-00181-1;2026-06-03 09:05:55;C023303;S0046;P000134;3;41,38;12,41;EUR;FR;CARD;DELIVERED;58 route de Bordeaux, 44000 Nantes;;WEB
ORD-20260603-00182;ORD-20260603-00182-1;2026-06-03 04:43:17;C010769;S0081;P000969;4;138,52;55,41;EUR;FR;CARD;DELIVERED;3 cours Gambetta, 75011 Paris;VIP20;WEB
ORD-20260603-00183;ORD-20260603-00183-1;2026-06-03 20:35:06;C013128;S0200;P002280;2;11,49;0,00;EUR;FR;PAYPAL;DELIVERED;169 quai des Chartrons, 44000 Nantes;;WEB
ORD-20260603-00184;ORD-20260603-00184-1;2026-06-03 10:18:51;C002393;S0061;P000010;1;5,50;0,28;EUR;ES;PAYPAL; DELIVERED ;153 chemin des Vignes, 08001 Barcelone;;MOBILE_APP
ORD-20260603-00184;ORD-20260603-00184-2;2026-06-03 10:18:51;C002393;S0304;P001983;1;76,39;0,00;EUR;ES;PAYPAL;delivered;153 chemin des Vignes, 08001 Barcelone;;MOBILE_APP
ORD-20260603-00184;ORD-20260603-00184-3;2026-06-03 10:18:51;C002393;S0599;P002964;1;67,54;0,00;EUR;ES;PAYPAL;DELIVERED;153 chemin des Vignes, 08001 Barcelone;;MOBILE_APP
ORD-20260603-00184;ORD-20260603-00184-4;2026-06-03 10:18:51;C002393;S0331;P006254;1;18,82;2,82;EUR;ES;PAYPAL; DELIVERED ;153 chemin des Vignes, 08001 Barcelone;;MOBILE_APP
ORD-20260603-00184;ORD-20260603-00184-5;2026-06-03 10:18:51;C002393;S0483;P004734;1;106,22;10,62;EUR;ES;PAYPAL;delivered;153 chemin des Vignes, 08001 Barcelone;;MOBILE_APP
ORD-20260603-00185;ORD-20260603-00185-1;2026-06-03 13:21:22;C017214;S0517;P006416;3;97,46;29,24;EUR;DE;PAYPAL;delivered;45 allée des Peupliers, 20095 Hambourg;SUMMER10;WEB
ORD-20260603-00186;ORD-20260603-00186-1;2026-06-03 15:45:55;C013231;S0590;P002001;1;26,95;1,35;EUR;FR;CARD;DELIVERED;142 place de l'Église, 33000 Bordeaux;VIP20;MARKETPLACE_API
ORD-20260603-00187;ORD-20260603-00187-1;2026-06-03 23:53:03;C006053;S0209;P000033;1;65,54;0,00;EUR;FR;CARD; CANCELLED ;133 route de Bordeaux, 67000 Strasbourg;;WEB
ORD-20260603-00188;ORD-20260603-00188-1;2026-06-03 21:39:37;C001460;S0358;P000268;1;19,59;0,00;EUR;ES;APPLEPAY;SHIPPED;59 rue du Général Leclerc, 46001 Valence;;MOBILE_APP
ORD-20260603-00189;ORD-20260603-00189-1;2026-06-03 10:28:18;C017616;S0154;P002251;1;28,20;0,00;EUR;DE;PAYPAL;CANCELLED;111 quai des Chartrons, 10115 Berlin;;MOBILE_APP
ORD-20260603-00190;ORD-20260603-00190-1;2026-06-03 12:12:00;C013759;S0152;P000049;1;31,31;1,57;EUR;NL;PAYPAL;Delivered;42 allée des Peupliers, 1011 Amsterdam;FLASH5;MARKETPLACE_API
ORD-20260603-00190;ORD-20260603-00190-2;2026-06-03 12:12:00;C013759;S0390;P003317;2;6,63;0,00;EUR;NL;PAYPAL;DELIVERED;42 allée des Peupliers, 1011 Amsterdam;FLASH5;MARKETPLACE_API
ORD-20260603-00191;ORD-20260603-00191-1;2026-06-03 14:47:43;C009012;S0238;P000907;1;100,10;5,00;EUR;NL;CARD;DELIVERED;9 quai des Chartrons, 1011 Amsterdam;SUMMER10;MOBILE_APP
ORD-20260603-00191;ORD-20260603-00191-2;2026-06-03 14:47:43;C009012;S0458;P006188;1;126,17;0,00;EUR;NL;CARD; DELIVERED ;9 quai des Chartrons, 1011 Amsterdam;SUMMER10;MOBILE_APP
ORD-20260603-00191;ORD-20260603-00191-3;2026-06-03 14:47:43;C009012;S0571;P002399;1;73,30;10,99;EUR;NL;CARD;DELIVERED;9 quai des Chartrons, 1011 Amsterdam;SUMMER10;MOBILE_APP
ORD-20260603-00192;ORD-20260603-00192-1;2026-06-03 14:14:18;C020139;S0282;P003910;1;148,05;22,21;EUR;ES;PAYPAL;DELIVERED;12 impasse du Moulin, 28001 Madrid;FREESHIP;MOBILE_APP
ORD-20260603-00192;ORD-20260603-00192-2;2026-06-03 14:14:18;C020139;S0504;P006325;2;9,20;1,84;EUR;ES;PAYPAL;delivered;12 impasse du Moulin, 28001 Madrid;FREESHIP;MOBILE_APP
ORD-20260603-00193;ORD-20260603-00193-1;2026-06-03 10:07:22;C018556;S0274;P001274;1;94,83;0,00;EUR;FR;CARD;DELIVERED;31 rue Victor Hugo, 59000 Lille;VIP20;WEB
ORD-20260603-00194;ORD-20260603-00194-1;2026-06-03 13:20:31;C014479;S0490;P000250;4;83,70;33,48;EUR;IT;TRANSFER;DELIVERED;156 rue Victor Hugo, 20121 Milan;;MOBILE_APP
ORD-20260603-00194;ORD-20260603-00194-2;2026-06-03 13:20:31;C014479;S0325;P004773;1;123,54;12,35;EUR;IT;TRANSFER;delivered;156 rue Victor Hugo, 20121 Milan;;MOBILE_APP
ORD-20260603-00195;ORD-20260603-00195-1;2026-06-03 21:52:05;C006080;S0367;P006933;1;213,24;0,00;EUR;IT;CARD;shipped;93 rue de la République, 00184 Rome;WELCOME15;WEB
ORD-20260603-00195;ORD-20260603-00195-2;2026-06-03 21:52:05;C006080;S0307;P004887;2;9,15;0,00;EUR;IT;CARD;SHIPPED;93 rue de la République, 00184 Rome;WELCOME15;WEB
ORD-20260603-00195;ORD-20260603-00195-3;2026-06-03 21:52:05;C006080;S0521;P005380;1;38,79;3,88;EUR;IT;CARD;SHIPPED;93 rue de la République, 00184 Rome;WELCOME15;WEB
ORD-20260603-00195;ORD-20260603-00195-4;2026-06-03 21:52:05;C006080;S0167;P001856;1;83,00;8,30;EUR;IT;CARD;shipped;93 rue de la République, 00184 Rome;WELCOME15;WEB
ORD-20260603-00196;ORD-20260603-00196-1;2026-06-03 11:34:43;C021089;S0122;P002818;1;65,46;0,00;EUR;IT;APPLEPAY;RETURNED;88 avenue des Tilleuls, 20121 Milan;;WEB
ORD-20260603-00197;ORD-20260603-00197-1;2026-06-03 09:31:34;C003771;S0297;P007857;1;43,42;0,00;EUR;NL;PAYPAL;DELIVERED;120 cours Gambetta, 1011 Amsterdam;WELCOME15;WEB
ORD-20260603-00197;ORD-20260603-00197-2;2026-06-03 09:31:34;C003771;S0260;P005428;1;34,20;1,71;EUR;NL;PAYPAL;delivered;120 cours Gambetta, 1011 Amsterdam;WELCOME15;WEB
ORD-20260603-00197;ORD-20260603-00197-3;2026-06-03 09:31:34;C003771;S0082;P004388;1;87,67;13,15;EUR;NL;PAYPAL; DELIVERED ;120 cours Gambetta, 1011 Amsterdam;WELCOME15;WEB
ORD-20260603-00198;ORD-20260603-00198-1;2026-06-03 10:37:04;C011130;S0015;P002237;1;66,38;0,00;EUR;FR;CARD;Delivered;23 allée des Peupliers, 44000 Nantes;FLASH5;WEB
ORD-20260603-00199;ORD-20260603-00199-1;2026-06-03 13:53:39;C001999;S0116;P002689;1;18,20;0,00;EUR;DE;CARD;DELIVERED;152 rue du Général Leclerc, 10115 Berlin;SUMMER10;MOBILE_APP
ORD-20260603-00199;ORD-20260603-00199-2;2026-06-03 13:53:39;C001999;S0083;P007645;1;83,29;8,33;EUR;DE;CARD;Delivered;152 rue du Général Leclerc, 10115 Berlin;SUMMER10;MOBILE_APP
ORD-20260603-00200;ORD-20260603-00200-1;2026-06-03 12:08:33;C022969;S0393;P000199;1;110,26;0,00;EUR;DE;TRANSFER;DELIVERED;161 route de Bordeaux, 80331 Munich;VIP20;WEB
ORD-20260603-00200;ORD-20260603-00200-2;2026-06-03 12:08:33;C022969;S0179;P005077;1;38,07;0,00;EUR;DE;TRANSFER;DELIVERED;161 route de Bordeaux, 80331 Munich;VIP20;WEB
ORD-20260603-00201;ORD-20260603-00201-1;2026-06-03 10:30:53;C000644;S0314;P004389;1;59,43;0,00;EUR;FR;PAYPAL;DELIVERED;173 route de Bordeaux, 31000 Toulouse;;MOBILE_APP
ORD-20260603-00202;ORD-20260603-00202-1;2026-06-03 18:02:12;C004902;S0507;P006594;1;68,77;0,00;EUR;ES;CARD; CANCELLED ;66 rue Victor Hugo, 46001 Valence;FREESHIP;MOBILE_APP
ORD-20260603-00202;ORD-20260603-00202-2;2026-06-03 18:02:12;C004902;S0262;P004423;4;96,61;0,00;EUR;ES;CARD;CANCELLED;66 rue Victor Hugo, 46001 Valence;FREESHIP;MOBILE_APP
ORD-20260603-00203;ORD-20260603-00203-1;2026-06-03 15:33:34;C011723;S0252;P000504;1;65,86;0,00;EUR;DE;PAYPAL;RETURNED;110 place de l'Église, 20095 Hambourg;VIP20;WEB
ORD-20260603-00204;ORD-20260603-00204-1;2026-06-03 15:20:58;C016676;S0417;P001533;2;132,31;26,46;EUR;NL;CARD; RETURNED ;4 quai des Chartrons, 1011 Amsterdam;WELCOME15;WEB
ORD-20260603-00204;ORD-20260603-00204-2;2026-06-03 15:20:58;C016676;S0322;P001480;1;81,11;4,06;EUR;NL;CARD;RETURNED;4 quai des Chartrons, 1011 Amsterdam;WELCOME15;WEB
ORD-20260603-00204;ORD-20260603-00204-3;2026-06-03 15:20:58;C016676;S0028;P007340;4;14,95;0,00;EUR;NL;CARD;RETURNED;4 quai des Chartrons, 1011 Amsterdam;WELCOME15;WEB
ORD-20260603-00205;ORD-20260603-00205-1;2026-06-03 14:27:18;C024632;S0191;P000708;1;127,46;0,00;EUR;FR;CARD; CANCELLED ;163 rue du Général Leclerc, 13008 Marseille;;WEB
ORD-20260603-00206;ORD-20260603-00206-1;2026-06-03 20:05:24;C020343;S0114;P005970;1;187,65;9,38;EUR;FR;PAYPAL;DELIVERED;142 rue du Général Leclerc, 67000 Strasbourg;VIP20;MOBILE_APP
ORD-20260603-00206;ORD-20260603-00206-2;2026-06-03 20:05:24;C020343;S0149;P005945;1;73,46;11,02;EUR;FR;PAYPAL;Delivered;142 rue du Général Leclerc, 67000 Strasbourg;VIP20;MOBILE_APP
ORD-20260603-00207;ORD-20260603-00207-1;2026-06-03 12:03:42;C019474;S0581;P001194;1;67,01;6,70;EUR;IT;PAYPAL;DELIVERED;71 boulevard Saint-Michel, 20121 Milan;;WEB
ORD-20260603-00208;ORD-20260603-00208-1;2026-06-03 14:06:17;C007902;S0352;P006285;1;56,73;2,84;EUR;FR;CARD;delivered;165 rue Victor Hugo, 59000 Lille;FLASH5;MOBILE_APP
ORD-20260603-00209;ORD-20260603-00209-1;2026-06-03 10:34:42;C007020;S0139;P004799;1;34,54;0,00;EUR;FR;CARD;DELIVERED;177 place de l'Église, 31000 Toulouse;FLASH5;MOBILE_APP
ORD-20260603-00209;ORD-20260603-00209-2;2026-06-03 10:34:42;C007020;S0581;P001934;1;13,57;0,00;EUR;FR;CARD;Delivered;177 place de l'Église, 31000 Toulouse;FLASH5;MOBILE_APP
ORD-20260603-00210;ORD-20260603-00210-1;2026-06-03 17:58:51;C014458;S0473;P007998;3;73,11;32,90;EUR;FR;CARD; SHIPPED ;122 place de l'Église, 13008 Marseille;FLASH5;WEB
ORD-20260603-00210;ORD-20260603-00210-2;2026-06-03 17:58:51;C014458;S0468;P006812;2;58,43;0,00;EUR;FR;CARD;Shipped;122 place de l'Église, 13008 Marseille;FLASH5;WEB
ORD-20260603-00210;ORD-20260603-00210-3;2026-06-03 17:58:51;C014458;S0443;P004569;1;23,29;0,00;EUR;FR;CARD;shipped;122 place de l'Église, 13008 Marseille;FLASH5;WEB
ORD-20260603-00211;ORD-20260603-00211-1;2026-06-03 06:37:19;C014169;S0188;P000628;2;27,27;8,18;EUR;FR;APPLEPAY;SHIPPED;46 boulevard Saint-Michel, 59000 Lille;;MOBILE_APP
ORD-20260603-00211;ORD-20260603-00211-2;2026-06-03 06:37:19;C014169;S0154;P001487;2;63,08;0,00;EUR;FR;APPLEPAY;SHIPPED;46 boulevard Saint-Michel, 59000 Lille;;MOBILE_APP
ORD-20260603-00212;ORD-20260603-00212-1;2026-06-03 21:06:25;C007139;S0092;P000935;1;9,33;0,00;EUR;BE;CARD; DELIVERED ;51 rue du Général Leclerc, 4000 Liège;;MOBILE_APP
ORD-20260603-00213;ORD-20260603-00213-1;2026-06-03 11:49:59;C024834;S0205;P006651;1;73,62;3,68;EUR;IT;CARD;DELIVERED;77 chemin des Vignes, 20121 Milan;;MOBILE_APP
ORD-20260603-00213;ORD-20260603-00213-2;2026-06-03 11:49:59;C024834;S0187;P000444;1;83,85;0,00;EUR;IT;CARD;DELIVERED;77 chemin des Vignes, 20121 Milan;;MOBILE_APP
ORD-20260603-00213;ORD-20260603-00213-3;2026-06-03 11:49:59;C024834;S0392;P004167;1;35,57;0,00;EUR;IT;CARD; DELIVERED ;77 chemin des Vignes, 20121 Milan;;MOBILE_APP
ORD-20260603-00214;ORD-20260603-00214-1;2026-06-03 21:26:47;C005391;S0590;P003036;1;199,70;0,00;EUR;FR;CARD;DELIVERED;90 rue du Général Leclerc, 67000 Strasbourg;;MOBILE_APP
ORD-20260603-00214;ORD-20260603-00214-2;2026-06-03 21:26:47;C005391;S0263;P001288;1;53,65;0,00;EUR;FR;CARD;DELIVERED;90 rue du Général Leclerc, 67000 Strasbourg;;MOBILE_APP
ORD-20260603-00214;ORD-20260603-00214-3;2026-06-03 21:26:47;C005391;S0162;P007648;1;10,57;0,00;EUR;FR;CARD;delivered;90 rue du Général Leclerc, 67000 Strasbourg;;MOBILE_APP
ORD-20260603-00215;ORD-20260603-00215-1;2026-06-03 13:48:29;C016502;S0192;P002107;1;64,41;6,44;EUR;IT;PAYPAL;DELIVERED;86 chemin des Vignes, 00184 Rome;WELCOME15;MOBILE_APP
ORD-20260603-00215;ORD-20260603-00215-2;2026-06-03 13:48:29;C016502;S0547;P007813;2;8,74;0,00;EUR;IT;PAYPAL;delivered;86 chemin des Vignes, 00184 Rome;WELCOME15;MOBILE_APP
ORD-20260603-00216;ORD-20260603-00216-1;2026-06-03 12:47:34;C017912;S0157;P001656;1;209,12;0,00;EUR;FR;CARD;delivered;59 place de l'Église, 44000 Nantes;;WEB
ORD-20260603-00216;ORD-20260603-00216-2;2026-06-03 12:47:34;C017912;S0045;P001698;1;96,28;0,00;EUR;FR;CARD;Delivered;59 place de l'Église, 44000 Nantes;;WEB
ORD-20260603-00216;ORD-20260603-00216-3;2026-06-03 12:47:34;C017912;S0559;P002083;1;9,54;0,00;EUR;FR;CARD;DELIVERED;59 place de l'Église, 44000 Nantes;;WEB
ORD-20260603-00216;ORD-20260603-00216-4;2026-06-03 12:47:34;C017912;S0557;P005264;1;69,02;6,90;EUR;FR;CARD;DELIVERED;59 place de l'Église, 44000 Nantes;;WEB
ORD-20260603-00216;ORD-20260603-00216-5;2026-06-03 12:47:34;C017912;S0277;P005134;1;64,98;9,75;EUR;FR;CARD;DELIVERED;59 place de l'Église, 44000 Nantes;;WEB
ORD-20260603-00217;ORD-20260603-00217-1;2026-06-03 15:08:32;C004441;S0236;P007698;2;162,62;0,00;EUR;DE;PAYPAL;DELIVERED;115 avenue des Tilleuls, 10115 Berlin;SUMMER10;WEB
ORD-20260603-00217;ORD-20260603-00217-2;2026-06-03 15:08:32;C004441;S0080;P001272;1;58,13;0,00;EUR;DE;PAYPAL;DELIVERED;115 avenue des Tilleuls, 10115 Berlin;SUMMER10;WEB
ORD-20260603-00217;ORD-20260603-00217-3;2026-06-03 15:08:32;C004441;S0438;P002724;1;235,36;35,30;EUR;DE;PAYPAL;DELIVERED;115 avenue des Tilleuls, 10115 Berlin;SUMMER10;WEB
ORD-20260603-00217;ORD-20260603-00217-4;2026-06-03 15:08:32;C004441;S0282;P001822;2;54,41;0,00;EUR;DE;PAYPAL;DELIVERED;115 avenue des Tilleuls, 10115 Berlin;SUMMER10;WEB
ORD-20260603-00217;ORD-20260603-00217-5;2026-06-03 15:08:32;C004441;S0586;P001747;1;60,36;9,05;EUR;DE;PAYPAL;DELIVERED;115 avenue des Tilleuls, 10115 Berlin;SUMMER10;WEB
ORD-20260603-00218;ORD-20260603-00218-1;2026-06-03 10:22:59;C011126;S0563;P004888;1;49,09;0,00;EUR;IT;CARD; DELIVERED ;42 place de l'Église, 20121 Milan;SUMMER10;MOBILE_APP
ORD-20260603-00218;ORD-20260603-00218-2;2026-06-03 10:22:59;C011126;S0122;P001962;1;66,97;0,00;EUR;IT;CARD;DELIVERED;42 place de l'Église, 20121 Milan;SUMMER10;MOBILE_APP
ORD-20260603-00219;ORD-20260603-00219-1;2026-06-03 15:25:43;C022596;S0466;P003676;1;60,47;0,00;EUR;DE;CARD;SHIPPED;147 rue du Général Leclerc, 20095 Hambourg;;WEB
ORD-20260603-00219;ORD-20260603-00219-2;2026-06-03 15:25:43;C022596;S0429;P005305;1;29,36;0,00;EUR;DE;CARD; SHIPPED ;147 rue du Général Leclerc, 20095 Hambourg;;WEB
ORD-20260603-00220;ORD-20260603-00220-1;2026-06-03 16:54:15;C018201;S0021;P005939;3;96,27;0,00;EUR;DE;CARD;RETURNED;91 rue du Général Leclerc, 20095 Hambourg;;MOBILE_APP
ORD-20260603-00221;ORD-20260603-00221-1;2026-06-03 16:26:39;C011761;S0005;P001301;1;73,46;0,00;EUR;FR;CARD;DELIVERED;165 avenue des Tilleuls, 75011 Paris;FLASH5;WEB
ORD-20260603-00221;ORD-20260603-00221-2;2026-06-03 16:26:39;C011761;S0243;P004545;1;63,07;6,31;EUR;FR;CARD;DELIVERED;165 avenue des Tilleuls, 75011 Paris;FLASH5;WEB
ORD-20260603-00222;ORD-20260603-00222-1;2026-06-03 17:55:58;C016362;S0157;P002333;2;106,82;0,00;EUR;FR;GIFTCARD;DELIVERED;86 rue Victor Hugo, 33000 Bordeaux;FLASH5;WEB
ORD-20260603-00222;ORD-20260603-00222-2;2026-06-03 17:55:58;C016362;S0484;P007757;1;71.70;7,17;EUR;FR;GIFTCARD;DELIVERED;86 rue Victor Hugo, 33000 Bordeaux;FLASH5;WEB
ORD-20260603-00223;ORD-20260603-00223-1;2026-06-03 09:25:00;C004460;S0234;P005381;1;67,09;0,00;EUR;BE;CARD;SHIPPED;66 route de Bordeaux, 4000 Liège;;WEB
ORD-20260603-00223;ORD-20260603-00223-2;2026-06-03 09:25:00;C004460;S0485;P007592;2;47,78;0,00;EUR;BE;CARD;SHIPPED;66 route de Bordeaux, 4000 Liège;;WEB
ORD-20260603-00224;ORD-20260603-00224-1;2026-06-03 11:14:17;C000617;S0494;P000654;1;70,71;0,00;EUR;FR;CARD; DELIVERED ;61 route de Bordeaux, 33000 Bordeaux;FLASH5;MOBILE_APP
ORD-20260603-00225;ORD-20260603-00225-1;2026-06-03 12:03:52;C006408;S0353;P007519;1;46,79;0,00;EUR;IT;PAYPAL;DELIVERED;130 chemin des Vignes, 00184 Rome;FREESHIP;WEB
ORD-20260603-00225;ORD-20260603-00225-2;2026-06-03 12:03:52;C006408;S0418;P005605;3;48,92;22,01;EUR;IT;PAYPAL;DELIVERED;130 chemin des Vignes, 00184 Rome;FREESHIP;WEB
ORD-20260603-00225;ORD-20260603-00225-3;2026-06-03 12:03:52;C006408;S0406;P004584;2;51,03;0,00;EUR;IT;PAYPAL;DELIVERED;130 chemin des Vignes, 00184 Rome;FREESHIP;WEB
ORD-20260603-00226;ORD-20260603-00226-1;2026-06-03 08:09:00;C009018;S0238;P005133;1;19,09;0,00;EUR;FR;CARD;DELIVERED;103 cours Gambetta, 69003 Lyon;FLASH5;MOBILE_APP
ORD-20260603-00226;ORD-20260603-00226-2;2026-06-03 08:09:00;C009018;S0041;P000947;1;188,25;0,00;EUR;FR;CARD;DELIVERED;103 cours Gambetta, 69003 Lyon;FLASH5;MOBILE_APP
ORD-20260603-00226;ORD-20260603-00226-3;2026-06-03 08:09:00;C009018;S0512;P007819;1;24,65;1,23;EUR;FR;CARD;DELIVERED;103 cours Gambetta, 69003 Lyon;FLASH5;MOBILE_APP
ORD-20260603-00226;ORD-20260603-00226-4;2026-06-03 08:09:00;C009018;S0263;P005780;1;42,12;6,32;EUR;FR;CARD;DELIVERED;103 cours Gambetta, 69003 Lyon;FLASH5;MOBILE_APP
ORD-20260603-00227;ORD-20260603-00227-1;2026-06-03 12:37:01;C023575;S0592;P001674;1;51,38;5,14;EUR;ES;CARD;DELIVERED;87 rue Victor Hugo, 46001 Valence;FREESHIP;MOBILE_APP
ORD-20260603-00227;ORD-20260603-00227-2;2026-06-03 12:37:01;C023575;S0457;P006111;1;62,28;3,11;EUR;ES;CARD;DELIVERED;87 rue Victor Hugo, 46001 Valence;FREESHIP;MOBILE_APP
ORD-20260603-00228;ORD-20260603-00228-1;2026-06-03 04:26:51;C012272;S0290;P000840;1;139,77;6,99;EUR;BE;CARD;Delivered;132 rue de la République, 1000 Bruxelles;;WEB
ORD-20260603-00228;ORD-20260603-00228-2;2026-06-03 04:26:51;C012272;S0243;P004545;1;62,73;0,00;EUR;BE;CARD;DELIVERED;132 rue de la République, 1000 Bruxelles;;WEB
ORD-20260603-00228;ORD-20260603-00228-3;2026-06-03 04:26:51;C012272;S0594;P004910;3;43,28;0,00;EUR;BE;CARD;DELIVERED;132 rue de la République, 1000 Bruxelles;;WEB
ORD-20260603-00229;ORD-20260603-00229-1;2026-06-03 09:19:49;C009691;S0304;P007889;1;13,48;0,00;EUR;NL;PAYPAL;delivered;14 boulevard Saint-Michel, 1011 Amsterdam;;WEB
ORD-20260603-00229;ORD-20260603-00229-2;2026-06-03 09:19:49;C009691;S0140;P002979;1;182,56;0,00;EUR;NL;PAYPAL;Delivered;14 boulevard Saint-Michel, 1011 Amsterdam;;WEB
ORD-20260603-00230;ORD-20260603-00230-1;2026-06-03 11:05:05;C007304;S0229;P004697;2;134,19;26,84;EUR;ES;CARD;PENDING;136 route de Bordeaux, 28001 Madrid;VIP20;WEB
ORD-20260603-00230;ORD-20260603-00230-2;2026-06-03 11:05:05;C007304;S0215;P002930;1;17,31;0,00;EUR;ES;CARD;PENDING;136 route de Bordeaux, 28001 Madrid;VIP20;WEB
ORD-20260603-00230;ORD-20260603-00230-3;2026-06-03 11:05:05;C007304;S0462;P004783;1;78,18;11,73;EUR;ES;CARD; PENDING ;136 route de Bordeaux, 28001 Madrid;VIP20;WEB
ORD-20260603-00230;ORD-20260603-00230-4;2026-06-03 11:05:05;C007304;S0586;P005840;1;45,14;0,00;EUR;ES;CARD;PENDING;136 route de Bordeaux, 28001 Madrid;VIP20;WEB
ORD-20260603-00230;ORD-20260603-00230-5;2026-06-03 11:05:05;C007304;S0277;P003698;2;202,29;0,00;EUR;ES;CARD;PENDING;136 route de Bordeaux, 28001 Madrid;VIP20;WEB
ORD-20260603-00231;ORD-20260603-00231-1;2026-06-03 23:42:27;C024156;S0511;P004338;2;15,59;3,12;EUR;FR;GIFTCARD;DELIVERED;125 boulevard Saint-Michel, 69003 Lyon;;WEB
ORD-20260603-00231;ORD-20260603-00231-2;2026-06-03 23:42:27;C024156;S0599;P006393;3;18,93;0,00;EUR;FR;GIFTCARD;Delivered;125 boulevard Saint-Michel, 69003 Lyon;;WEB
ORD-20260603-00232;ORD-20260603-00232-1;2026-06-03 13:05:23;C018323;S0241;P002426;1;24,81;2,48;EUR;ES;PAYPAL;CANCELLED;31 rue de la République, 08001 Barcelone;;WEB
ORD-20260603-00232;ORD-20260603-00232-2;2026-06-03 13:05:23;C018323;S0132;P003029;1;16,25;0,00;EUR;ES;PAYPAL;CANCELLED;31 rue de la République, 08001 Barcelone;;WEB
ORD-20260603-00232;ORD-20260603-00232-3;2026-06-03 13:05:23;C018323;S0279;P007787;1;171,09;17,11;EUR;ES;PAYPAL;CANCELLED;31 rue de la République, 08001 Barcelone;;WEB
ORD-20260603-00233;ORD-20260603-00233-1;2026-06-03 18:14:16;C007837;S0065;P001082;2;136,68;27,34;EUR;FR;CARD;DELIVERED;6 impasse du Moulin, 13008 Marseille;VIP20;MOBILE_APP
ORD-20260603-00233;ORD-20260603-00233-2;2026-06-03 18:14:16;C007837;S0424;P000277;1;20,77;0,00;EUR;FR;CARD;delivered;6 impasse du Moulin, 13008 Marseille;VIP20;MOBILE_APP
ORD-20260603-00233;ORD-20260603-00233-3;2026-06-03 18:14:16;C007837;S0028;P007834;1;81,54;0,00;EUR;FR;CARD;DELIVERED;6 impasse du Moulin, 13008 Marseille;VIP20;MOBILE_APP
ORD-20260603-00233;ORD-20260603-00233-4;2026-06-03 18:14:16;C007837;S0193;P004915;1;199,18;19,92;EUR;FR;CARD;DELIVERED;6 impasse du Moulin, 13008 Marseille;VIP20;MOBILE_APP
ORD-20260603-00234;ORD-20260603-00234-1;2026-06-03 09:55:48;C011408;S0176;P002124;1;18,88;0,00;EUR;DE;PAYPAL;DELIVERED;76 quai des Chartrons, 80331 Munich;;MOBILE_APP
ORD-20260603-00235;ORD-20260603-00235-1;2026-06-03 11:06:49;C024395;S0196;P006727;2;186,36;0,00;EUR;FR;PAYPAL;DELIVERED;125 quai des Chartrons, 35000 Rennes;VIP20;MOBILE_APP
ORD-20260603-00235;ORD-20260603-00235-2;2026-06-03 11:06:49;C024395;S0051;P006962;2;13,95;2,79;EUR;FR;PAYPAL;DELIVERED;125 quai des Chartrons, 35000 Rennes;VIP20;MOBILE_APP
ORD-20260603-00235;ORD-20260603-00235-3;2026-06-03 11:06:49;C024395;S0359;P005153;1;16,51;0,83;EUR;FR;PAYPAL;DELIVERED;125 quai des Chartrons, 35000 Rennes;VIP20;MOBILE_APP
ORD-20260603-00236;ORD-20260603-00236-1;2026-06-03 23:05:40;C015954;S0103;P001262;1;54,91;0,00;EUR;FR;PAYPAL;DELIVERED;91 allée des Peupliers, 75011 Paris;FREESHIP;MOBILE_APP
ORD-20260603-00236;ORD-20260603-00236-2;2026-06-03 23:05:40;C015954;S0423;P006549;1;9,14;1,37;EUR;FR;PAYPAL;DELIVERED;91 allée des Peupliers, 75011 Paris;FREESHIP;MOBILE_APP
ORD-20260603-00236;ORD-20260603-00236-3;2026-06-03 23:05:40;C015954;S0375;P007398;2;45,16;0,00;EUR;FR;PAYPAL;DELIVERED;91 allée des Peupliers, 75011 Paris;FREESHIP;MOBILE_APP
ORD-20260603-00237;ORD-20260603-00237-1;2026-06-03 15:32:49;C004923;S0257;P003633;1;5,09;0,00;EUR;FR;GIFTCARD;DELIVERED;57 rue Victor Hugo, 69003 Lyon;;WEB
ORD-20260603-00237;ORD-20260603-00237-2;2026-06-03 15:32:49;C004923;S0421;P005102;1;66,14;0,00;EUR;FR;GIFTCARD;DELIVERED;57 rue Victor Hugo, 69003 Lyon;;WEB
ORD-20260603-00238;ORD-20260603-00238-1;2026-06-03 13:15:53;C016508;S0012;P006884;4;89,22;0,00;EUR;FR;CARD;DELIVERED;58 impasse du Moulin, 59000 Lille;FREESHIP;WEB
ORD-20260603-00238;ORD-20260603-00238-2;2026-06-03 13:15:53;C016508;S0120;P007624;1;39,34;5,90;EUR;FR;CARD; DELIVERED ;58 impasse du Moulin, 59000 Lille;FREESHIP;WEB
ORD-20260603-00238;ORD-20260603-00238-3;2026-06-03 13:15:53;C016508;S0357;P000951;1;32,38;1,62;EUR;FR;CARD;DELIVERED;58 impasse du Moulin, 59000 Lille;FREESHIP;WEB
ORD-20260603-00238;ORD-20260603-00238-4;2026-06-03 13:15:53;C016508;S0146;P007828;2;85,71;0,00;EUR;FR;CARD;DELIVERED;58 impasse du Moulin, 59000 Lille;FREESHIP;WEB
ORD-20260603-00239;ORD-20260603-00239-1;2026-06-03 11:38:09;C009530;S0299;P000497;1;78,78;0,00;EUR;FR;PAYPAL;DELIVERED;97 chemin des Vignes, 67000 Strasbourg;;WEB
ORD-20260603-00240;ORD-20260603-00240-1;2026-06-03 05:36:51;C009831;S0371;P002390;2;85,20;0,00;EUR;FR;CARD;DELIVERED;110 rue de la République, 35000 Rennes;;MOBILE_APP
ORD-20260603-00240;ORD-20260603-00240-2;2026-06-03 05:36:51;C009831;S0559;P003299;1;31,76;4,76;EUR;FR;CARD;DELIVERED;110 rue de la République, 35000 Rennes;;MOBILE_APP
ORD-20260603-00241;ORD-20260603-00241-1;2026-06-03 12:43:01;C024692;S0209;P007203;2;18,80;0,00;EUR;DE;CARD;CANCELLED;91 impasse du Moulin, 20095 Hambourg;SUMMER10;MARKETPLACE_API
ORD-20260603-00242;ORD-20260603-00242-1;2026-06-03 14:05:44;C017892;S0125;P007360;1;28,62;0,00;EUR;FR;CARD;DELIVERED;19 rue du Général Leclerc, 35000 Rennes;SUMMER10;MOBILE_APP
ORD-20260603-00242;ORD-20260603-00242-2;2026-06-03 14:05:44;C017892;S0523;P006068;2;228,65;45,73;EUR;FR;CARD;DELIVERED;19 rue du Général Leclerc, 35000 Rennes;SUMMER10;MOBILE_APP
ORD-20260603-00242;ORD-20260603-00242-2;2026-06-03 14:05:44;C017892;S0523;P006068;2;228,65;45,73;EUR;FR;CARD;DELIVERED;19 rue du Général Leclerc, 35000 Rennes;SUMMER10;MOBILE_APP
ORD-20260603-00242;ORD-20260603-00242-3;2026-06-03 14:05:44;C017892;S0036;P003682;2;54,84;0,00;EUR;FR;CARD;DELIVERED;19 rue du Général Leclerc, 35000 Rennes;SUMMER10;MOBILE_APP
ORD-20260603-00242;ORD-20260603-00242-4;2026-06-03 14:05:44;C017892;S0501;P002559;1;73,22;7,32;EUR;FR;CARD; DELIVERED ;19 rue du Général Leclerc, 35000 Rennes;SUMMER10;MOBILE_APP
ORD-20260603-00243;ORD-20260603-00243-1;2026-06-03 11:55:25;C007256;S0392;P004089;1;62,95;3,15;EUR;FR;TRANSFER;DELIVERED;163 quai des Chartrons, 33000 Bordeaux;WELCOME15;MOBILE_APP
ORD-20260603-00243;ORD-20260603-00243-2;2026-06-03 11:55:25;C007256;S0015;P005952;2;171,90;34,38;EUR;FR;TRANSFER;DELIVERED;163 quai des Chartrons, 33000 Bordeaux;WELCOME15;MOBILE_APP
ORD-20260603-00244;ORD-20260603-00244-1;2026-06-03 18:38:08;C019810;S0262;P006595;1;35,28;0,00;EUR;ES;CARD;DELIVERED;111 cours Gambetta, 46001 Valence;SUMMER10;MOBILE_APP
ORD-20260603-00245;ORD-20260603-00245-1;2026-06-03 17:04:11;C000438;S0215;P005646;2;80,49;16,10;EUR;FR;CARD;CANCELLED;68 impasse du Moulin, 31000 Toulouse;;WEB
ORD-20260603-00245;ORD-20260603-00245-2;2026-06-03 17:04:11;C000438;S0428;P000341;3;40,00;6,00;EUR;FR;CARD;cancelled;68 impasse du Moulin, 31000 Toulouse;;WEB
ORD-20260603-00246;ORD-20260603-00246-1;2026-06-03 12:54:41;C023346;S0568;P005257;1;84,21;0,00;EUR;FR;TRANSFER;DELIVERED;1 place de l'Église, 75011 Paris;WELCOME15;MOBILE_APP
ORD-20260603-00247;ORD-20260603-00247-1;2026-06-03 10:29:05;C013254;S0101;P007852;1;104,70;5,24;EUR;FR;TRANSFER;delivered;169 impasse du Moulin, 35000 Rennes;;MOBILE_APP
ORD-20260603-00247;ORD-20260603-00247-2;2026-06-03 10:29:05;C013254;S0180;P002980;1;60,51;3,03;EUR;FR;TRANSFER;DELIVERED;169 impasse du Moulin, 35000 Rennes;;MOBILE_APP
ORD-20260603-00247;ORD-20260603-00247-3;2026-06-03 10:29:05;C013254;S0579;P003460;1;49,03;0,00;EUR;FR;TRANSFER;DELIVERED;169 impasse du Moulin, 35000 Rennes;;MOBILE_APP
ORD-20260603-00247;ORD-20260603-00247-4;2026-06-03 10:29:05;C013254;S0232;P005885;1;138,25;20,74;EUR;FR;TRANSFER;DELIVERED;169 impasse du Moulin, 35000 Rennes;;MOBILE_APP
ORD-20260603-00247;ORD-20260603-00247-5;2026-06-03 10:29:05;C013254;S0442;P002060;1;64,75;0,00;EUR;FR;TRANSFER;DELIVERED;169 impasse du Moulin, 35000 Rennes;;MOBILE_APP
ORD-20260603-00248;ORD-20260603-00248-1;2026-06-03 11:35:36;C018007;S0290;P000840;2;162,27;32,45;EUR;FR;CARD;DELIVERED;4 impasse du Moulin, 59000 Lille;VIP20;WEB
ORD-20260603-00248;ORD-20260603-00248-2;2026-06-03 11:35:36;C018007;S0156;P000043;1;30,50;0,00;EUR;FR;CARD;delivered;4 impasse du Moulin, 59000 Lille;VIP20;WEB
ORD-20260603-00248;ORD-20260603-00248-2;2026-06-03 11:35:36;C018007;S0156;P000043;1;30,50;0,00;EUR;FR;CARD;delivered;4 impasse du Moulin, 59000 Lille;VIP20;WEB
ORD-20260603-00249;ORD-20260603-00249-1;2026-06-03 08:22:06;C014362;S0580;P003776;1;58,85;0,00;EUR;BE;APPLEPAY;DELIVERED;46 route de Bordeaux, 2000 Anvers;WELCOME15;WEB
ORD-20260603-00249;ORD-20260603-00249-2;2026-06-03 08:22:06;C014362;S0405;P003777;3;256,51;0,00;EUR;BE;APPLEPAY;DELIVERED;46 route de Bordeaux, 2000 Anvers;WELCOME15;WEB
ORD-20260603-00250;ORD-20260603-00250-1;2026-06-03 10:51:41;C000671;S0142;P000376;2;30,92;6,18;EUR;ES;CARD;delivered;122 allée des Peupliers, 08001 Barcelone;SUMMER10;MOBILE_APP
ORD-20260603-00251;ORD-20260603-00251-1;2026-06-03 13:31:48;C004664;S0491;P005154;3;224,50;101,02;EUR;ES;TRANSFER;DELIVERED;19 route de Bordeaux, 08001 Barcelone;;MOBILE_APP
ORD-20260603-00252;ORD-20260603-00252-1;2026-06-03 15:06:27;C018474;S0028;P003735;2;9,54;0,95;EUR;BE;APPLEPAY;Shipped;31 cours Gambetta, 2000 Anvers;;WEB
ORD-20260603-00253;ORD-20260603-00253-1;2026-06-03 19:43:35;C018846;S0254;P007399;1;66,24;0,00;EUR;FR;PAYPAL;Pending;51 route de Bordeaux, 35000 Rennes;FREESHIP;MOBILE_APP
ORD-20260603-00253;ORD-20260603-00253-2;2026-06-03 19:43:35;C018846;S0093;P004462;1;15,54;0,00;EUR;FR;PAYPAL;PENDING;51 route de Bordeaux, 35000 Rennes;FREESHIP;MOBILE_APP
ORD-20260603-00253;ORD-20260603-00253-3;2026-06-03 19:43:35;C018846;S0498;P001635;2;37,49;7,50;EUR;FR;PAYPAL;PENDING;51 route de Bordeaux, 35000 Rennes;FREESHIP;MOBILE_APP
ORD-20260603-00253;ORD-20260603-00253-4;2026-06-03 19:43:35;C018846;S0573;P005064;1;61,50;3,08;EUR;FR;PAYPAL; PENDING ;51 route de Bordeaux, 35000 Rennes;FREESHIP;MOBILE_APP
ORD-20260603-00254;ORD-20260603-00254-1;2026-06-03 11:30:59;C005610;S0131;P003767;2;43,30;12,99;EUR;BE;TRANSFER;DELIVERED;11 impasse du Moulin, 4000 Liège;FLASH5;MARKETPLACE_API
ORD-20260603-00254;ORD-20260603-00254-2;2026-06-03 11:30:59;C005610;S0248;P003308;2;253,23;0,00;EUR;BE;TRANSFER;DELIVERED;11 impasse du Moulin, 4000 Liège;FLASH5;MARKETPLACE_API
ORD-20260603-00255;ORD-20260603-00255-1;2026-06-03 10:49:21;C001482;S0134;P001918;1;158,56;0,00;EUR;FR;APPLEPAY;Delivered;175 allée des Peupliers, 13008 Marseille;;MARKETPLACE_API
ORD-20260603-00255;ORD-20260603-00255-2;2026-06-03 10:49:21;C001482;S0388;P002668;1;133,76;20,06;EUR;FR;APPLEPAY;DELIVERED;175 allée des Peupliers, 13008 Marseille;;MARKETPLACE_API
ORD-20260603-00255;ORD-20260603-00255-3;2026-06-03 10:49:21;C001482;S0552;P002819;2;41,15;4,12;EUR;FR;APPLEPAY;DELIVERED;175 allée des Peupliers, 13008 Marseille;;MARKETPLACE_API
ORD-20260603-00256;ORD-20260603-00256-1;2026-06-03 16:53:31;C014606;S0502;P000636;4;31,93;0,00;EUR;IT;CARD;DELIVERED;171 impasse du Moulin, 20121 Milan;;WEB
ORD-20260603-00256;ORD-20260603-00256-2;2026-06-03 16:53:31;C014606;S0231;P002853;1;15,56;1,56;EUR;IT;CARD;DELIVERED;171 impasse du Moulin, 20121 Milan;;WEB
ORD-20260603-00257;ORD-20260603-00257-1;2026-06-03 12:16:58;C021727;S0457;P004977;1;8,93;1,34;EUR;BE;TRANSFER;CANCELLED;125 cours Gambetta, 2000 Anvers;;WEB
ORD-20260603-00258;ORD-20260603-00258-1;2026-06-03 12:13:34;C003352;S0273;P002103;1;60,93;6,09;EUR;FR;CARD;CANCELLED;58 rue Victor Hugo, 35000 Rennes;FLASH5;MARKETPLACE_API
ORD-20260603-00259;ORD-20260603-00259-1;2026-06-03 14:22:43;C021403;S0355;P006402;2;78,70;0,00;EUR;NL;CARD;CANCELLED;136 chemin des Vignes, 1011 Amsterdam;FLASH5;MOBILE_APP
ORD-20260603-00260;ORD-20260603-00260-1;2026-06-03 15:51:39;C018754;S0352;P000149;2;6,83;0,00;EUR;FR;PAYPAL;PENDING;148 route de Bordeaux, 13008 Marseille;;WEB
ORD-20260603-00260;ORD-20260603-00260-2;2026-06-03 15:51:39;C018754;S0027;P003736;2;34,75;6,95;EUR;FR;PAYPAL;PENDING;148 route de Bordeaux, 13008 Marseille;;WEB
ORD-20260603-00261;ORD-20260603-00261-1;2026-06-03 14:39:41;C003381;S0468;P002164;1;17,92;0,00;EUR;BE;CARD;DELIVERED;42 boulevard Saint-Michel, 1000 Bruxelles;WELCOME15;WEB
ORD-20260603-00262;ORD-20260603-00262-1;2026-06-03 20:12:39;C021459;S0513;P005445;1;81,02;0,00;EUR;FR;CARD;Delivered;167 quai des Chartrons, 35000 Rennes;;WEB
ORD-20260603-00262;ORD-20260603-00262-2;2026-06-03 20:12:39;C021459;S0328;P001188;1;38,18;3,82;EUR;FR;CARD;DELIVERED;167 quai des Chartrons, 35000 Rennes;;WEB
ORD-20260603-00263;ORD-20260603-00263-1;2026-06-03 14:33:39;C008692;S0349;P007173;3;89,38;0,00;EUR;FR;CARD;SHIPPED;28 allée des Peupliers, 44000 Nantes;;WEB
ORD-20260603-00263;ORD-20260603-00263-2;2026-06-03 14:33:39;C008692;S0157;P002333;1;90,94;0,00;EUR;FR;CARD;SHIPPED;28 allée des Peupliers, 44000 Nantes;;WEB
ORD-20260603-00263;ORD-20260603-00263-3;2026-06-03 14:33:39;C008692;S0539;P007572;1;60,81;0,00;EUR;FR;CARD;shipped;28 allée des Peupliers, 44000 Nantes;;WEB
ORD-20260603-00263;ORD-20260603-00263-4;2026-06-03 14:33:39;C008692;S0512;P007610;3;235,95;0,00;EUR;FR;CARD;SHIPPED;28 allée des Peupliers, 44000 Nantes;;WEB
ORD-20260603-00263;ORD-20260603-00263-5;2026-06-03 14:33:39;C008692;S0008;P005465;2;92,89;9,29;EUR;FR;CARD;shipped;28 allée des Peupliers, 44000 Nantes;;WEB
ORD-20260603-00264;ORD-20260603-00264-1;2026-06-03 17:00:52;C014491;S0595;P006802;1;93,78;14,07;EUR;BE;CARD; DELIVERED ;117 allée des Peupliers, 2000 Anvers;;WEB
ORD-20260603-00265;ORD-20260603-00265-1;2026-06-03 15:48:56;C006406;S0254;P003627;1;133,38;20,01;EUR;BE;CARD;DELIVERED;85 quai des Chartrons, 1000 Bruxelles;WELCOME15;MOBILE_APP
ORD-20260603-00266;ORD-20260603-00266-1;2026-06-03 15:23:26;C011336;S0200;P003319;1;88,78;0,00;EUR;ES;CARD;DELIVERED;122 impasse du Moulin, 46001 Valence;;WEB
ORD-20260603-00266;ORD-20260603-00266-2;2026-06-03 15:23:26;C011336;S0114;P000425;1;48,42;0,00;EUR;ES;CARD;Delivered;122 impasse du Moulin, 46001 Valence;;WEB
ORD-20260603-00267;ORD-20260603-00267-1;2026-06-03 17:31:10;C019177;S0361;P004160;1;21,82;3,27;EUR;DE;TRANSFER;pending;57 allée des Peupliers, 80331 Munich;FLASH5;MOBILE_APP
ORD-20260603-00267;ORD-20260603-00267-2;2026-06-03 17:31:10;C019177;S0100;P002277;1;84,74;0,00;EUR;DE;TRANSFER;PENDING;57 allée des Peupliers, 80331 Munich;FLASH5;MOBILE_APP
ORD-20260603-00267;ORD-20260603-00267-3;2026-06-03 17:31:10;C019177;S0020;P005538;1;24,98;0,00;EUR;DE;TRANSFER;PENDING;57 allée des Peupliers, 80331 Munich;FLASH5;MOBILE_APP
ORD-20260603-00267;ORD-20260603-00267-4;2026-06-03 17:31:10;C019177;S0372;P000836;1;52,41;0,00;EUR;DE;TRANSFER; PENDING ;57 allée des Peupliers, 80331 Munich;FLASH5;MOBILE_APP
ORD-20260603-00268;ORD-20260603-00268-1;2026-06-03 23:26:00;C001013;S0101;P002992;2;114,87;34,46;EUR;DE;TRANSFER;delivered;24 impasse du Moulin, 80331 Munich;;MOBILE_APP
ORD-20260603-00268;ORD-20260603-00268-2;2026-06-03 23:26:00;C001013;S0543;P006663;1;84,93;0,00;EUR;DE;TRANSFER;delivered;24 impasse du Moulin, 80331 Munich;;MOBILE_APP
ORD-20260603-00268;ORD-20260603-00268-3;2026-06-03 23:26:00;C001013;S0410;P001954;1;231,14;0,00;EUR;DE;TRANSFER;Delivered;24 impasse du Moulin, 80331 Munich;;MOBILE_APP
ORD-20260603-00269;ORD-20260603-00269-1;2026-06-03 19:20:00;C017329;S0351;P002809;1;40,52;4,05;EUR;IT;PAYPAL;delivered;154 route de Bordeaux; Batiment D; 00184 Rome;SUMMER10;WEB
ORD-20260603-00270;ORD-20260603-00270-1;2026-06-03 17:18:03;C002122;S0093;P002593;2;28,45;8,54;EUR;DE;CARD;CANCELLED;13 quai des Chartrons, 10115 Berlin;WELCOME15;WEB
ORD-20260603-00271;ORD-20260603-00271-1;2026-06-03 16:14:48;C003938;S0421;P006616;2;33,56;6,71;EUR;DE;CARD;DELIVERED;106 chemin des Vignes, 20095 Hambourg;;WEB
ORD-20260603-00271;ORD-20260603-00271-2;2026-06-03 16:14:48;C003938;S0170;P000227;1;73,64;3,68;EUR;DE;CARD;DELIVERED;106 chemin des Vignes, 20095 Hambourg;;WEB
ORD-20260603-00272;ORD-20260603-00272-1;2026-06-03 07:22:30;C005549;S0283;P007994;2;130,15;13,02;EUR;ES;CARD;DELIVERED;119 allée des Peupliers, 08001 Barcelone;FLASH5;WEB
ORD-20260603-00272;ORD-20260603-00272-2;2026-06-03 07:22:30;C005549;S0283;P004964;4;29,32;0,00;EUR;ES;CARD;DELIVERED;119 allée des Peupliers, 08001 Barcelone;FLASH5;WEB
ORD-20260603-00273;ORD-20260603-00273-1;2026-06-03 10:21:21;C010988;S0359;P007626;1;44,33;0,00;EUR;DE;CARD;DELIVERED;169 avenue des Tilleuls, 20095 Hambourg;;MOBILE_APP
ORD-20260603-00273;ORD-20260603-00273-2;2026-06-03 10:21:21;C010988;S0593;P006033;1;31,31;0,00;EUR;DE;CARD;DELIVERED;169 avenue des Tilleuls, 20095 Hambourg;;MOBILE_APP
ORD-20260603-00273;ORD-20260603-00273-3;2026-06-03 10:21:21;C010988;S0113;P007999;2;39,39;11,82;EUR;DE;CARD; DELIVERED ;169 avenue des Tilleuls, 20095 Hambourg;;MOBILE_APP
ORD-20260603-00274;ORD-20260603-00274-1;2026-06-03 14:29:14;C013330;S0565;P005329;1;5,37;0,27;EUR;DE;CARD;DELIVERED;128 rue Victor Hugo, 10115 Berlin;SUMMER10;WEB
ORD-20260603-00274;ORD-20260603-00274-2;2026-06-03 14:29:14;C013330;S0409;P005927;1;121,20;0,00;EUR;DE;CARD;DELIVERED;128 rue Victor Hugo, 10115 Berlin;SUMMER10;WEB
ORD-20260603-00274;ORD-20260603-00274-3;2026-06-03 14:29:14;C013330;S0191;P003243;1;33,91;1,70;EUR;DE;CARD;DELIVERED;128 rue Victor Hugo, 10115 Berlin;SUMMER10;WEB
ORD-20260603-00274;ORD-20260603-00274-4;2026-06-03 14:29:14;C013330;S0536;P003748;0;125,28;0,00;EUR;DE;CARD;DELIVERED;128 rue Victor Hugo, 10115 Berlin;SUMMER10;WEB
ORD-20260603-00275;ORD-20260603-00275-1;2026-06-03 19:39:25;C010167;S0263;P000534;1;64,89;3,24;EUR;FR;APPLEPAY;DELIVERED;93 rue de la République, 69003 Lyon;FREESHIP;MOBILE_APP
ORD-20260603-00275;ORD-20260603-00275-2;2026-06-03 19:39:25;C010167;S0081;P000639;1;67,23;10,08;EUR;FR;APPLEPAY;DELIVERED;93 rue de la République, 69003 Lyon;FREESHIP;MOBILE_APP
ORD-20260603-00275;ORD-20260603-00275-3;2026-06-03 19:39:25;C010167;S0039;P007993;1;26,82;0,00;EUR;FR;APPLEPAY;DELIVERED;93 rue de la République, 69003 Lyon;FREESHIP;MOBILE_APP
ORD-20260603-00275;ORD-20260603-00275-4;2026-06-03 19:39:25;C010167;S0027;P000360;1;139,33;13,93;EUR;FR;APPLEPAY;DELIVERED;93 rue de la République, 69003 Lyon;FREESHIP;MOBILE_APP
ORD-20260603-00276;ORD-20260603-00276-1;2026-06-03 16:49:21;C011998;S0419;P003951;1;89,38;4,47;EUR;DE;CARD;DELIVERED;39 quai des Chartrons, 20095 Hambourg;;MOBILE_APP
ORD-20260603-00277;ORD-20260603-00277-1;2026-06-03 19:02:42;C024621;S0228;P007062;2;79,22;0,00;EUR;BE;CARD;RETURNED;105 allée des Peupliers, 4000 Liège;WELCOME15;MOBILE_APP
ORD-20260603-00277;ORD-20260603-00277-2;2026-06-03 19:02:42;C024621;S0209;P000197;3;11,12;0,00;EUR;BE;CARD;RETURNED;105 allée des Peupliers, 4000 Liège;WELCOME15;MOBILE_APP
ORD-20260603-00277;ORD-20260603-00277-3;2026-06-03 19:02:42;C024621;S0307;P004982;2;67,32;0,00;EUR;BE;CARD;Returned;105 allée des Peupliers, 4000 Liège;WELCOME15;MOBILE_APP
ORD-20260603-00278;ORD-20260603-00278-1;2026-06-03 16:51:39;C023924;S0062;P003480;1;41,41;4,14;EUR;ES;CARD;DELIVERED;19 route de Bordeaux, 28001 Madrid;SUMMER10;WEB
ORD-20260603-00278;ORD-20260603-00278-2;2026-06-03 16:51:39;C023924;S0178;P002012;1;43,33;4,33;EUR;ES;CARD;Delivered;19 route de Bordeaux, 28001 Madrid;SUMMER10;WEB
ORD-20260603-00279;ORD-20260603-00279-1;2026-06-03 05:11:25;C015251;S0455;P004450;1;9,86;0,99;EUR;FR;PAYPAL;Shipped;54 boulevard Saint-Michel, 67000 Strasbourg;WELCOME15;MOBILE_APP
ORD-20260603-00280;ORD-20260603-00280-1;2026-06-03 18:09:59;C012774;S0342;P003366;1;41,54;4,15;EUR;FR;CARD;SHIPPED;130 rue Victor Hugo, 13008 Marseille;FREESHIP;MOBILE_APP
ORD-20260603-00280;ORD-20260603-00280-1;2026-06-03 18:09:59;C012774;S0342;P003366;1;41,54;4,15;EUR;FR;CARD;SHIPPED;130 rue Victor Hugo, 13008 Marseille;FREESHIP;MOBILE_APP
ORD-20260603-00281;ORD-20260603-00281-1;2026-06-03 11:07:52;C012641;S0246;P006833;3;102,11;0,00;EUR;FR;CARD;delivered;59 chemin des Vignes, 67000 Strasbourg;;MOBILE_APP
ORD-20260603-00281;ORD-20260603-00281-2;2026-06-03 11:07:52;C012641;S0078;P005168;2;4,94;1,48;EUR;FR;CARD;delivered;59 chemin des Vignes, 67000 Strasbourg;;MOBILE_APP
ORD-20260603-00282;ORD-20260603-00282-1;2026-06-03 16:10:16;C017694;S0230;P004435;1;95,40;0,00;EUR;DE;CARD;Delivered;32 rue de la République, 10115 Berlin;VIP20;MOBILE_APP
ORD-20260603-00282;ORD-20260603-00282-2;2026-06-03 16:10:16;C017694;S0590;P006960;1;12,18;0,00;EUR;DE;CARD;Delivered;32 rue de la République, 10115 Berlin;VIP20;MOBILE_APP
ORD-20260603-00282;ORD-20260603-00282-3;2026-06-03 16:10:16;C017694;S0354;P000782;2;81,36;0,00;EUR;DE;CARD;DELIVERED;32 rue de la République, 10115 Berlin;VIP20;MOBILE_APP
ORD-20260603-00283;ORD-20260603-00283-1;2026-06-03 11:31:42;C018655;S0504;P000283;1;55,31;0,00;EUR;FR;PAYPAL; DELIVERED ;12 rue du Général Leclerc, 35000 Rennes;;MOBILE_APP
ORD-20260603-00283;ORD-20260603-00283-2;2026-06-03 11:31:42;C018655;S0567;P001323;3;63,86;9,58;EUR;FR;PAYPAL; DELIVERED ;12 rue du Général Leclerc, 35000 Rennes;;MOBILE_APP
ORD-20260603-00284;ORD-20260603-00284-1;2026-06-03 23:43:30;C005558;S0261;P003032;1;38,37;0,00;EUR;ES;PAYPAL;DELIVERED;73 place de l'Église, 28001 Madrid;;WEB
ORD-20260603-00284;ORD-20260603-00284-2;2026-06-03 23:43:30;C005558;S0287;P005235;2;152,37;15,24;EUR;ES;PAYPAL;delivered;73 place de l'Église, 28001 Madrid;;WEB
ORD-20260603-00284;ORD-20260603-00284-3;2026-06-03 23:43:30;C005558;S0248;P007617;1;22,35;1,12;EUR;ES;PAYPAL;DELIVERED;73 place de l'Église, 28001 Madrid;;WEB
ORD-20260603-00285;ORD-20260603-00285-1;2026-06-03 15:14:18;C008283;S0182;P006483;1;119,29;5,96;EUR;FR;CARD; CANCELLED ;14 boulevard Saint-Michel, 33000 Bordeaux;;MOBILE_APP
ORD-20260603-00285;ORD-20260603-00285-2;2026-06-03 15:14:18;C008283;S0261;P007048;1;233,31;0,00;EUR;FR;CARD;CANCELLED;14 boulevard Saint-Michel, 33000 Bordeaux;;MOBILE_APP
ORD-20260603-00286;ORD-20260603-00286-1;2026-06-03 13:07:13;C007218;S0397;P001908;1;59,81;5,98;EUR;ES;PAYPAL;delivered;153 route de Bordeaux, 08001 Barcelone;FLASH5;WEB
ORD-20260603-00286;ORD-20260603-00286-2;2026-06-03 13:07:13;C007218;S0034;P003693;2;36,76;0,00;EUR;ES;PAYPAL;DELIVERED;153 route de Bordeaux, 08001 Barcelone;FLASH5;WEB
ORD-20260603-00287;ORD-20260603-00287-1;2026-06-03 13:54:12;C007683;S0273;P006815;1;15,83;0,00;EUR;IT;CARD;DELIVERED;123 impasse du Moulin, 00184 Rome;;WEB
ORD-20260603-00288;ORD-20260603-00288-1;2026-06-03 15:44:21;C018439;S0206;P007341;1;76,99;7,70;EUR;ES;CARD;DELIVERED;116 rue du Général Leclerc, 28001 Madrid;VIP20;WEB
ORD-20260603-00288;ORD-20260603-00288-2;2026-06-03 15:44:21;C018439;S0173;P006028;1;214,93;32,24;EUR;ES;CARD;DELIVERED;116 rue du Général Leclerc, 28001 Madrid;VIP20;WEB
ORD-20260603-00289;ORD-20260603-00289-1;2026-06-03 11:00:25;C013127;S0287;P004356;1;32,41;0,00;EUR;FR;CARD;DELIVERED;159 allée des Peupliers, 31000 Toulouse;;WEB
ORD-20260603-00289;ORD-20260603-00289-2;2026-06-03 11:00:25;C013127;S0456;P003420;1;22,08;0,00;EUR;FR;CARD;DELIVERED;159 allée des Peupliers, 31000 Toulouse;;WEB
ORD-20260603-00290;ORD-20260603-00290-1;2026-06-03 10:20:28;C022770;S0399;P000364;1;34,96;0,00;EUR;IT;CARD;DELIVERED;169 rue du Général Leclerc, 00184 Rome;VIP20;WEB
ORD-20260603-00290;ORD-20260603-00290-2;2026-06-03 10:20:28;C022770;S0448;P002725;1;152,70;0,00;EUR;IT;CARD;DELIVERED;169 rue du Général Leclerc, 00184 Rome;VIP20;WEB
ORD-20260603-00290;ORD-20260603-00290-3;2026-06-03 10:20:28;C022770;S0378;P005407;3;33,82;0,00;EUR;IT;CARD;DELIVERED;169 rue du Général Leclerc, 00184 Rome;VIP20;WEB
ORD-20260603-00291;ORD-20260603-00291-1;2026-06-03 07:14:58;C000244;S0211;P005608;1;127,82;12,78;EUR;FR;CARD;DELIVERED;48 rue de la République, 67000 Strasbourg;FREESHIP;WEB
ORD-20260603-00291;ORD-20260603-00291-2;2026-06-03 07:14:58;C000244;S0194;P004636;1;6,88;1,03;EUR;FR;CARD;DELIVERED;48 rue de la République, 67000 Strasbourg;FREESHIP;WEB
ORD-20260603-00292;ORD-20260603-00292-1;2026-06-03 19:56:42;C024561;S0305;P003701;1;151,54;0,00;EUR;DE;CARD;DELIVERED;175 allée des Peupliers, 80331 Munich;FREESHIP;WEB
ORD-20260603-00292;ORD-20260603-00292-2;2026-06-03 19:56:42;C024561;S0293;P001584;1;9,03;0,45;EUR;DE;CARD;DELIVERED;175 allée des Peupliers, 80331 Munich;FREESHIP;WEB
ORD-20260603-00293;ORD-20260603-00293-1;2026-06-03 12:23:08;C011926;S0428;P000341;2;45,10;4,51;EUR;IT;GIFTCARD;returned;46 rue du Général Leclerc, 20121 Milan;;MOBILE_APP
ORD-20260603-00293;ORD-20260603-00293-2;2026-06-03 12:23:08;C011926;S0438;P005892;1;76,93;0,00;EUR;IT;GIFTCARD;RETURNED;46 rue du Général Leclerc, 20121 Milan;;MOBILE_APP
ORD-20260603-00293;ORD-20260603-00293-3;2026-06-03 12:23:08;C011926;S0164;P000437;2;76,85;0,00;EUR;IT;GIFTCARD;returned;46 rue du Général Leclerc, 20121 Milan;;MOBILE_APP
ORD-20260603-00294;ORD-20260603-00294-1;2026-06-03 17:58:34;C023578;S0457;P004952;1;70,27;10,54;EUR;BE;TRANSFER; PENDING ;136 place de l'Église, 2000 Anvers;;WEB
ORD-20260603-00295;ORD-20260603-00295-1;2026-06-03 19:00:25;C008775;S0427;P004587;3;172,19;0,00;EUR;FR;CARD;DELIVERED;28 cours Gambetta, 75011 Paris;SUMMER10;WEB
ORD-20260603-00296;ORD-20260603-00296-1;2026-06-03 20:41:55;C017970;S0030;P002892;1;8,59;1,29;EUR;IT;CARD;DELIVERED;86 cours Gambetta, 00184 Rome;;MOBILE_APP
ORD-20260603-00297;ORD-20260603-00297-1;2026-06-03 12:32:19;C011385;S0293;P000734;1;47,83;0,00;EUR;IT;CARD;DELIVERED;90 allée des Peupliers, 20121 Milan;SUMMER10;WEB
ORD-20260603-00297;ORD-20260603-00297-2;2026-06-03 12:32:19;C011385;S0113;P003305;3;16,20;7,29;EUR;IT;CARD;DELIVERED;90 allée des Peupliers, 20121 Milan;SUMMER10;WEB
ORD-20260603-00298;ORD-20260603-00298-1;2026-06-03 19:33:11;C022616;S0046;P007864;4;31,87;6,37;EUR;FR;PAYPAL;DELIVERED;5 chemin des Vignes, 59000 Lille;;WEB
ORD-20260603-00299;ORD-20260603-00299-1;2026-06-03 07:17:40;C020249;S0552;P001343;1;89,83;4,49;EUR;FR;CARD;DELIVERED;103 rue du Général Leclerc, 75011 Paris;FLASH5;MOBILE_APP
ORD-20260603-00300;ORD-20260603-00300-1;2026-06-03 06:29:29;C011180;S0458;P005155;1;160,16;24,02;EUR;DE;CARD;DELIVERED;158 route de Bordeaux, 20095 Hambourg;;WEB
ORD-20260603-00301;ORD-20260603-00301-1;2026-06-03 23:20:19;C023435;S0009;P006699;1;5,48;0,27;EUR;FR;PAYPAL;RETURNED;38 quai des Chartrons, 75011 Paris;FREESHIP;MOBILE_APP
ORD-20260603-00301;ORD-20260603-00301-2;2026-06-03 23:20:19;C023435;S0553;P003878;1;46,22;4,62;EUR;FR;PAYPAL;RETURNED;38 quai des Chartrons, 75011 Paris;FREESHIP;MOBILE_APP
ORD-20260603-00301;ORD-20260603-00301-3;2026-06-03 23:20:19;C023435;S0031;P001062;2;32,24;6,45;EUR;FR;PAYPAL;RETURNED;38 quai des Chartrons, 75011 Paris;FREESHIP;MOBILE_APP
ORD-20260603-00302;ORD-20260603-00302-1;2026-06-03 16:34:48;C006050;S0381;P003475;1;32,76;3,28;EUR;FR;CARD;DELIVERED;11 boulevard Saint-Michel, 33000 Bordeaux;SUMMER10;MOBILE_APP
ORD-20260603-00302;ORD-20260603-00302-2;2026-06-03 16:34:48;C006050;S0296;P004796;1;53,34;0,00;EUR;FR;CARD;DELIVERED;11 boulevard Saint-Michel, 33000 Bordeaux;SUMMER10;MOBILE_APP
ORD-20260603-00302;ORD-20260603-00302-3;2026-06-03 16:34:48;C006050;S0446;P003045;1;12,40;0,00;EUR;FR;CARD;delivered;11 boulevard Saint-Michel, 33000 Bordeaux;SUMMER10;MOBILE_APP
ORD-20260603-00303;ORD-20260603-00303-1;2026-06-03 15:27:23;C015353;S0177;P007687;1;96,95;14,54;EUR;DE;PAYPAL;DELIVERED;110 allée des Peupliers, 10115 Berlin;SUMMER10;WEB
ORD-20260603-00303;ORD-20260603-00303-2;2026-06-03 15:27:23;C015353;S0512;P001899;1;60,72;3,04;EUR;DE;PAYPAL;DELIVERED;110 allée des Peupliers, 10115 Berlin;SUMMER10;WEB
ORD-20260603-00303;ORD-20260603-00303-2;2026-06-03 15:27:23;C015353;S0512;P001899;1;60,72;3,04;EUR;DE;PAYPAL;DELIVERED;110 allée des Peupliers, 10115 Berlin;SUMMER10;WEB
ORD-20260603-00303;ORD-20260603-00303-3;2026-06-03 15:27:23;C015353;S0483;P007197;1;19,51;0,98;EUR;DE;PAYPAL;DELIVERED;110 allée des Peupliers, 10115 Berlin;SUMMER10;WEB
ORD-20260603-00303;ORD-20260603-00303-4;2026-06-03 15:27:23;C015353;S0135;P000844;3;169,18;50,75;EUR;DE;PAYPAL;DELIVERED;110 allée des Peupliers, 10115 Berlin;SUMMER10;WEB
ORD-20260603-00303;ORD-20260603-00303-5;2026-06-03 15:27:23;C015353;S0098;P000340;2;206,83;0,00;EUR;DE;PAYPAL;DELIVERED;110 allée des Peupliers, 10115 Berlin;SUMMER10;WEB
ORD-20260603-00304;ORD-20260603-00304-1;2026-06-03 07:17:39;C017427;S0459;P005242;1;29,60;2,96;EUR;ES;CARD;DELIVERED;152 route de Bordeaux, 28001 Madrid;VIP20;WEB
ORD-20260603-00305;ORD-20260603-00305-1;2026-06-03 09:48:53;C021935;S0053;P003715;1;21,18;1,06;EUR;IT;CARD;PENDING;113 chemin des Vignes, 20121 Milan;;WEB
ORD-20260603-00306;ORD-20260603-00306-1;2026-06-03 11:49:55;C019165;S0149;P000988;2;52,77;10,55;EUR;FR;PAYPAL;DELIVERED;80 impasse du Moulin, 44000 Nantes;;MARKETPLACE_API
ORD-20260603-00307;ORD-20260603-00307-1;2026-06-03 22:08:23;C013643;S0073;P004041;1;106,75;0,00;EUR;ES;APPLEPAY; SHIPPED ;179 avenue des Tilleuls, 28001 Madrid;VIP20;MOBILE_APP
ORD-20260603-00307;ORD-20260603-00307-2;2026-06-03 22:08:23;C013643;S0164;P006431;2;197,85;39,57;EUR;ES;APPLEPAY;SHIPPED;179 avenue des Tilleuls, 28001 Madrid;VIP20;MOBILE_APP
ORD-20260603-00307;ORD-20260603-00307-3;2026-06-03 22:08:23;C013643;S0535;P007293;1;242,17;24,22;EUR;ES;APPLEPAY;SHIPPED;179 avenue des Tilleuls, 28001 Madrid;VIP20;MOBILE_APP
ORD-20260603-00308;ORD-20260603-00308-1;2026-06-03 08:49:38;C013226;S0023;P001330;3;67,62;0,00;EUR;ES;CARD;DELIVERED;27 rue Victor Hugo, 46001 Valence;WELCOME15;MARKETPLACE_API
ORD-20260603-00308;ORD-20260603-00308-2;2026-06-03 08:49:38;C013226;S0045;P007222;1;41,99;6,30;EUR;ES;CARD;DELIVERED;27 rue Victor Hugo, 46001 Valence;WELCOME15;MARKETPLACE_API
ORD-20260603-00309;ORD-20260603-00309-1;2026-06-03 13:37:07;C014494;S0495;P000550;1;76,26;11,44;EUR;BE;CARD;DELIVERED;100 rue de la République, 2000 Anvers;FREESHIP;MOBILE_APP
ORD-20260603-00310;ORD-20260603-00310-1;2026-06-03 11:25:49;C003691;S0118;P007684;1;29,29;2,93;EUR;DE;CARD;DELIVERED;26 route de Bordeaux, 10115 Berlin;WELCOME15;WEB
ORD-20260603-00310;ORD-20260603-00310-2;2026-06-03 11:25:49;C003691;S0417;P005604;1;163,76;0,00;EUR;DE;CARD;delivered;26 route de Bordeaux, 10115 Berlin;WELCOME15;WEB
ORD-20260603-00310;ORD-20260603-00310-3;2026-06-03 11:25:49;C003691;S0306;P006257;3;15,79;0,00;EUR;DE;CARD;DELIVERED;26 route de Bordeaux, 10115 Berlin;WELCOME15;WEB
ORD-20260603-00310;ORD-20260603-00310-4;2026-06-03 11:25:49;C003691;S0315;P004463;1;47,59;0,00;EUR;DE;CARD;Delivered;26 route de Bordeaux, 10115 Berlin;WELCOME15;WEB
ORD-20260603-00311;ORD-20260603-00311-1;2026-06-03 23:20:52;C009032;S0522;P001596;3;89,54;0,00;EUR;FR;CARD;DELIVERED;100 allée des Peupliers, 31000 Toulouse;FLASH5;WEB
ORD-20260603-00311;ORD-20260603-00311-2;2026-06-03 23:20:52;C009032;S0555;P001627;3;162,81;0,00;EUR;FR;CARD; DELIVERED ;100 allée des Peupliers, 31000 Toulouse;FLASH5;WEB
ORD-20260603-00312;ORD-20260603-00312-1;2026-06-03 10:00:29;C004778;S0462;P002549;1;84,86;4,24;EUR;BE;CARD;RETURNED;44 rue du Général Leclerc; Batiment A; 4000 Liège;WELCOME15;WEB
ORD-20260603-00312;ORD-20260603-00312-2;2026-06-03 10:00:29;C004778;S0487;P006983;1;88,68;0,00;EUR;BE;CARD;RETURNED;44 rue du Général Leclerc, 4000 Liège;WELCOME15;WEB
ORD-20260603-00312;ORD-20260603-00312-3;2026-06-03 10:00:29;C004778;S0006;P007239;1;111,10;0,00;EUR;BE;CARD;RETURNED;44 rue du Général Leclerc, 4000 Liège;WELCOME15;WEB
ORD-20260603-00313;ORD-20260603-00313-1;2026-06-03 13:47:36;C009290;S0009;P005669;1;31,05;0,00;EUR;NL;APPLEPAY; DELIVERED ;68 rue du Général Leclerc, 1011 Amsterdam;;MOBILE_APP
ORD-20260603-00314;ORD-20260603-00314-1;2026-06-03 10:55:18;C007926;S0234;P000699;1;43,34;6,50;EUR;FR;CARD;shipped;161 cours Gambetta, 13008 Marseille;;MOBILE_APP
ORD-20260603-00314;ORD-20260603-00314-2;2026-06-03 10:55:18;C007926;S0482;P005854;1;123,23;0,00;EUR;FR;CARD;SHIPPED;161 cours Gambetta, 13008 Marseille;;MOBILE_APP
ORD-20260603-00314;ORD-20260603-00314-3;2026-06-03 10:55:18;C007926;S0329;P007980;1;164,80;8,24;EUR;FR;CARD;SHIPPED;161 cours Gambetta, 13008 Marseille;;MOBILE_APP
ORD-20260603-00314;ORD-20260603-00314-4;2026-06-03 10:55:18;C007926;S0600;P006929;1;46,60;0,00;EUR;FR;CARD;shipped;161 cours Gambetta, 13008 Marseille;;MOBILE_APP
ORD-20260603-00315;ORD-20260603-00315-1;2026-06-03 15:49:33;C021875;S0224;P003797;1;11,65;1,75;EUR;BE;PAYPAL; DELIVERED ;86 cours Gambetta, 4000 Liège;;WEB
ORD-20260603-00316;ORD-20260603-00316-1;2026-06-03 23:56:25;C010848;S0237;P006893;1;41,32;4,13;EUR;DE;PAYPAL;DELIVERED;113 rue du Général Leclerc, 80331 Munich;;WEB
ORD-20260603-00317;ORD-20260603-00317-1;2026-06-03 21:08:20;C015719;S0355;P002292;1;117,14;11,71;EUR;FR;CARD;PENDING;165 rue de la République, 59000 Lille;FREESHIP;WEB
ORD-20260603-00317;ORD-20260603-00317-2;2026-06-03 21:08:20;C015719;S0191;P007170;1;72,72;3,64;EUR;FR;CARD;PENDING;165 rue de la République, 59000 Lille;FREESHIP;WEB
ORD-20260603-00317;ORD-20260603-00317-3;2026-06-03 21:08:20;C015719;S0351;P002809;3;43,45;0,00;EUR;FR;CARD;PENDING;165 rue de la République, 59000 Lille;FREESHIP;WEB
ORD-20260603-00318;ORD-20260603-00318-1;2026-06-03 18:06:09;C000330;S0485;P002462;1;89,11;0,00;EUR;FR;CARD; DELIVERED ;12 impasse du Moulin, 44000 Nantes;;WEB
ORD-20260603-00319;ORD-20260603-00319-1;2026-06-03 10:08:50;C003691;S0397;P004905;1;46,24;2,31;EUR;DE;PAYPAL; SHIPPED ;1 chemin des Vignes, 10115 Berlin;FLASH5;WEB
ORD-20260603-00320;ORD-20260603-00320-1;2026-06-03 15:14:49;C005895;S0447;P006397;1;58,80;8,82;EUR;ES;CARD;DELIVERED;107 rue du Général Leclerc, 46001 Valence;FLASH5;MARKETPLACE_API
ORD-20260603-00321;ORD-20260603-00321-1;2026-06-03 16:53:15;C020271;S0271;P006547;1;79,68;7,97;EUR;FR;CARD;DELIVERED;167 rue Victor Hugo, 44000 Nantes;VIP20;WEB
ORD-20260603-00321;ORD-20260603-00321-2;2026-06-03 16:53:15;C020271;S0463;P006176;1;17,16;0,86;EUR;FR;CARD;Delivered;167 rue Victor Hugo, 44000 Nantes;VIP20;WEB
ORD-20260603-00321;ORD-20260603-00321-3;2026-06-03 16:53:15;C020271;S0469;P004731;1;30,38;0,00;EUR;FR;CARD;DELIVERED;167 rue Victor Hugo, 44000 Nantes;VIP20;WEB
ORD-20260603-00321;ORD-20260603-00321-4;2026-06-03 16:53:15;C020271;S0320;P007165;1;37,51;5,63;EUR;FR;CARD; DELIVERED ;167 rue Victor Hugo, 44000 Nantes;VIP20;WEB
ORD-20260603-00321;ORD-20260603-00321-5;2026-06-03 16:53:15;C020271;S0177;P004944;1;16,28;1,63;EUR;FR;CARD;DELIVERED;167 rue Victor Hugo, 44000 Nantes;VIP20;WEB
ORD-20260603-00322;ORD-20260603-00322-1;2026-06-03 11:16:55;C012991;S0227;P003790;1;29,44;2,94;EUR;FR;PAYPAL;DELIVERED;51 quai des Chartrons, 31000 Toulouse;VIP20;WEB
ORD-20260603-00322;ORD-20260603-00322-2;2026-06-03 11:16:55;C998915;S0105;P004708;2;55,47;11,09;EUR;FR;PAYPAL;DELIVERED;51 quai des Chartrons, 31000 Toulouse;VIP20;WEB
ORD-20260603-00322;ORD-20260603-00322-3;2026-06-03 11:16:55;C012991;S0051;P000006;4;64,70;12,94;EUR;FR;PAYPAL;DELIVERED;51 quai des Chartrons, 31000 Toulouse;VIP20;WEB
ORD-20260603-00323;ORD-20260603-00323-1;2026-06-03 18:43:03;C011461;S0377;P007350;1;9,11;0,00;EUR;BE;CARD;Delivered;157 impasse du Moulin, 2000 Anvers;;WEB
ORD-20260603-00324;ORD-20260603-00324-1;2026-06-03 16:37:32;C020949;S0539;P005167;1;80,17;8,02;EUR;BE;CARD;PENDING;92 cours Gambetta, 1000 Bruxelles;FREESHIP;MOBILE_APP
ORD-20260603-00324;ORD-20260603-00324-2;2026-06-03 16:37:32;C020949;S0224;P003435;1;22,64;0,00;EUR;BE;CARD; PENDING ;92 cours Gambetta, 1000 Bruxelles;FREESHIP;MOBILE_APP
ORD-20260603-00324;ORD-20260603-00324-3;2026-06-03 16:37:32;C020949;S0100;P001316;1;25,00;1,25;EUR;BE;CARD;Pending;92 cours Gambetta, 1000 Bruxelles;FREESHIP;MOBILE_APP
ORD-20260603-00324;ORD-20260603-00324-4;2026-06-03 16:37:32;C020949;S0575;P004757;2;13,28;0,00;EUR;BE;CARD;PENDING;92 cours Gambetta, 1000 Bruxelles;FREESHIP;MOBILE_APP
ORD-20260603-00325;ORD-20260603-00325-1;2026-06-03 15:29:07;C013547;S0311;P002850;1;57,32;8,60;EUR;DE;CARD;DELIVERED;135 place de l'Église, 20095 Hambourg;SUMMER10;WEB
ORD-20260603-00325;ORD-20260603-00325-2;2026-06-03 15:29:07;C013547;S0135;P005348;1;153,94;23,09;EUR;DE;CARD;DELIVERED;135 place de l'Église, 20095 Hambourg;SUMMER10;WEB
ORD-20260603-00326;ORD-20260603-00326-1;2026-06-03 15:26:54;C014352;S0012;P005905;1;258,67;0,00;EUR;ES;PAYPAL; DELIVERED ;139 rue du Général Leclerc, 28001 Madrid;;WEB
ORD-20260603-00326;ORD-20260603-00326-2;2026-06-03 15:26:54;C014352;S0074;P003454;2;80,43;16,09;EUR;ES;PAYPAL;DELIVERED;139 rue du Général Leclerc, 28001 Madrid;;WEB
ORD-20260603-00327;ORD-20260603-00327-1;2026-06-03 14:18:27;C008684;S0255;P005291;1;156,20;23,43;EUR;FR;CARD;RETURNED;120 rue du Général Leclerc, 67000 Strasbourg;;WEB
ORD-20260603-00327;ORD-20260603-00327-2;2026-06-03 14:18:27;C008684;S0459;P001191;1;151,23;0,00;EUR;FR;CARD;RETURNED;120 rue du Général Leclerc, 67000 Strasbourg;;WEB
ORD-20260603-00327;ORD-20260603-00327-3;2026-06-03 14:18:27;C008684;S0026;P003202;1;47,58;2,38;EUR;FR;CARD;RETURNED;120 rue du Général Leclerc, 67000 Strasbourg;;WEB
ORD-20260603-00327;ORD-20260603-00327-4;2026-06-03 14:18:27;C008684;S0534;P000677;1;46,50;4,65;EUR;FR;CARD;RETURNED;120 rue du Général Leclerc, 67000 Strasbourg;;WEB
ORD-20260603-00328;ORD-20260603-00328-1;2026-06-03 13:26:04;C022720;S0171;P007858;1;26,30;0,00;EUR;BE;CARD;DELIVERED;160 rue Victor Hugo, 4000 Liège;;MOBILE_APP
ORD-20260603-00328;ORD-20260603-00328-2;2026-06-03 13:26:04;C022720;S0209;P006233;2;50,62;15,19;EUR;BE;CARD;delivered;160 rue Victor Hugo, 4000 Liège;;MOBILE_APP
ORD-20260603-00329;ORD-20260603-00329-1;2026-06-03 08:23:03;C003950;S0501;P002130;1;25,98;0,00;EUR;FR;GIFTCARD;DELIVERED;34 rue Victor Hugo, 13008 Marseille;VIP20;MOBILE_APP
ORD-20260603-00330;ORD-20260603-00330-1;2026-06-03 08:48:40;C018608;S0120;P006518;2;182,21;54,66;EUR;ES;PAYPAL;DELIVERED;102 cours Gambetta, 08001 Barcelone;WELCOME15;MOBILE_APP
ORD-20260603-00330;ORD-20260603-00330-2;2026-06-03 08:48:40;C018608;S0463;P005130;1;91,46;0,00;EUR;ES;PAYPAL;DELIVERED;102 cours Gambetta, 08001 Barcelone;WELCOME15;MOBILE_APP
ORD-20260603-00331;ORD-20260603-00331-1;2026-06-03 11:28:21;C012907;S0333;P006673;1;129,28;0,00;EUR;IT;GIFTCARD;DELIVERED;178 boulevard Saint-Michel, 00184 Rome;;WEB
ORD-20260603-00332;ORD-20260603-00332-1;2026-06-03 14:12:21;C005816;S0478;P005491;1;75,93;7,59;EUR;DE;APPLEPAY;DELIVERED;134 impasse du Moulin, 80331 Munich;;MOBILE_APP
ORD-20260603-00333;ORD-20260603-00333-1;2026-06-03 09:28:26;C020869;S0210;P000225;1;16,17;0,00;EUR;FR;CARD;DELIVERED;154 quai des Chartrons, 67000 Strasbourg;;MOBILE_APP
ORD-20260603-00333;ORD-20260603-00333-2;2026-06-03 09:28:26;C020869;S0472;P005426;1;127,43;0,00;EUR;FR;CARD;DELIVERED;154 quai des Chartrons, 67000 Strasbourg;;MOBILE_APP
ORD-20260603-00333;ORD-20260603-00333-3;2026-06-03 09:28:26;C020869;S0453;P001387;2;47,45;4,75;EUR;FR;CARD;DELIVERED;154 quai des Chartrons, 67000 Strasbourg;;MOBILE_APP
ORD-20260603-00334;ORD-20260603-00334-1;2026-06-03 14:21:28;C023844;S0249;P003081;1;42,09;6,31;EUR;BE;PAYPAL;CANCELLED;89 cours Gambetta, 1000 Bruxelles;FREESHIP;WEB
ORD-20260603-00334;ORD-20260603-00334-2;2026-06-03 14:21:28;C023844;S0102;P002533;2;68,78;0,00;EUR;BE;PAYPAL; CANCELLED ;89 cours Gambetta, 1000 Bruxelles;FREESHIP;WEB
ORD-20260603-00335;ORD-20260603-00335-1;2026-06-03 15:38:55;C008407;S0573;P007865;1;19,99;3,00;EUR;FR;CARD;delivered;69 allée des Peupliers, 33000 Bordeaux;FREESHIP;WEB
ORD-20260603-00336;ORD-20260603-00336-1;2026-06-03 18:15:39;C014628;S0194;P007311;1;68,00;3,40;EUR;NL;CARD;DELIVERED;84 boulevard Saint-Michel, 1011 Amsterdam;FREESHIP;WEB
ORD-20260603-00336;ORD-20260603-00336-2;2026-06-03 18:15:39;C014628;S0587;P000590;1;200,11;20,01;EUR;NL;CARD;DELIVERED;84 boulevard Saint-Michel, 1011 Amsterdam;FREESHIP;WEB
ORD-20260603-00336;ORD-20260603-00336-3;2026-06-03 18:15:39;C014628;S0193;P007304;1;96,68;0,00;EUR;NL;CARD;Delivered;84 boulevard Saint-Michel, 1011 Amsterdam;FREESHIP;WEB
ORD-20260603-00337;ORD-20260603-00337-1;2026-06-03 16:01:01;C002673;S0307;P004887;1;10,01;0,00;EUR;BE;CARD;DELIVERED;180 cours Gambetta, 2000 Anvers;VIP20;MOBILE_APP
ORD-20260603-00337;ORD-20260603-00337-2;2026-06-03 16:01:01;C002673;S0544;P005590;1;8,15;0,41;EUR;BE;CARD;DELIVERED;180 cours Gambetta, 2000 Anvers;VIP20;MOBILE_APP
ORD-20260603-00337;ORD-20260603-00337-3;2026-06-03 16:01:01;C002673;S0119;P003262;1;33,57;3,36;EUR;BE;CARD;DELIVERED;180 cours Gambetta, 2000 Anvers;VIP20;MOBILE_APP
ORD-20260603-00337;ORD-20260603-00337-4;2026-06-03 16:01:01;C002673;S0062;P000359;1;105,89;10,59;EUR;BE;CARD;DELIVERED;180 cours Gambetta, 2000 Anvers;VIP20;MOBILE_APP
ORD-20260603-00338;ORD-20260603-00338-1;2026-06-03 14:14:25;C022468;S0589;P006628;1;24,73;3,71;EUR;IT;CARD;DELIVERED;115 quai des Chartrons, 20121 Milan;;MOBILE_APP
ORD-20260603-00339;ORD-20260603-00339-1;2026-06-03 09:35:47;C017687;S0546;P000838;1;134,18;13,42;EUR;FR;APPLEPAY; DELIVERED ;152 impasse du Moulin, 31000 Toulouse;SUMMER10;WEB
ORD-20260603-00339;ORD-20260603-00339-2;2026-06-03 09:35:47;C017687;S0269;P003980;1;85,73;0,00;EUR;FR;APPLEPAY;DELIVERED;152 impasse du Moulin, 31000 Toulouse;SUMMER10;WEB
ORD-20260603-00340;ORD-20260603-00340-1;2026-06-03 13:10:35;C006580;S0349;P001679;1;46,32;6,95;EUR;FR;CARD;DELIVERED;109 rue de la République, 35000 Rennes;WELCOME15;MOBILE_APP
ORD-20260603-00340;ORD-20260603-00340-2;2026-06-03 13:10:35;C006580;S0181;P000513;2;36,03;3,60;EUR;FR;CARD;delivered;109 rue de la République, 35000 Rennes;WELCOME15;MOBILE_APP
ORD-20260603-00341;ORD-20260603-00341-1;2026-06-03 07:37:25;C013742;S0012;P005905;1;260,37;0,00;EUR;DE;CARD;PENDING;164 boulevard Saint-Michel, 10115 Berlin;;MOBILE_APP
ORD-20260603-00342;ORD-20260603-00342-1;2026-06-03 11:37:36;C006052;S0176;P002899;2;9,14;0,00;EUR;IT;CARD;PENDING;128 rue de la République, 20121 Milan;;WEB
ORD-20260603-00342;ORD-20260603-00342-2;2026-06-03 11:37:36;C006052;S0482;P006476;2;38,78;0,00;EUR;IT;CARD;pending;128 rue de la République, 20121 Milan;;WEB
ORD-20260603-00343;ORD-20260603-00343-1;2026-06-03 20:56:21;C023476;S0222;P001043;1;142,07;0,00;EUR;FR;CARD;DELIVERED;70 allée des Peupliers, 69003 Lyon;SUMMER10;MOBILE_APP
ORD-20260603-00343;ORD-20260603-00343-2;2026-06-03 20:56:21;C023476;S0420;P004444;2;45,78;13,73;EUR;FR;CARD;DELIVERED;70 allée des Peupliers, 69003 Lyon;SUMMER10;MOBILE_APP
ORD-20260603-00343;ORD-20260603-00343-3;2026-06-03 20:56:21;C023476;S0440;P006207;3;221,21;0,00;EUR;FR;CARD;DELIVERED;70 allée des Peupliers, 69003 Lyon;SUMMER10;MOBILE_APP
ORD-20260603-00343;ORD-20260603-00343-4;2026-06-03 20:56:21;C023476;S0189;P002591;1;12,78;1,92;EUR;FR;CARD;DELIVERED;70 allée des Peupliers, 69003 Lyon;SUMMER10;MOBILE_APP
ORD-20260603-00343;ORD-20260603-00343-5;2026-06-03 20:56:21;C023476;S0514;P005671;1;62,56;3,13;EUR;FR;CARD;DELIVERED;70 allée des Peupliers, 69003 Lyon;SUMMER10;MOBILE_APP
ORD-20260603-00344;ORD-20260603-00344-1;2026-06-03 12:33:26;C001520;S0097;P000118;2;24,13;4,83;EUR;BE;PAYPAL;PENDING;75 route de Bordeaux, 2000 Anvers;;WEB
ORD-20260603-00344;ORD-20260603-00344-2;2026-06-03 12:33:26;C001520;S0147;P005683;1;13,17;0,00;EUR;BE;PAYPAL;pending;75 route de Bordeaux, 2000 Anvers;;WEB
ORD-20260603-00345;ORD-20260603-00345-1;2026-06-03 07:51:03;C000559;S0018;P007172;1;58,86;0,00;EUR;FR;PAYPAL;CANCELLED;117 rue de la République, 13008 Marseille;VIP20;MARKETPLACE_API
ORD-20260603-00346;ORD-20260603-00346-1;2026-06-03 15:17:33;C024255;S0288;P005663;1;27,98;2,80;EUR;FR;TRANSFER;DELIVERED;3 rue de la République, 13008 Marseille;WELCOME15;WEB
ORD-20260603-00347;ORD-20260603-00347-1;2026-06-03 09:59:27;C024040;S0285;P000284;1;63,47;3,17;EUR;FR;CARD;Delivered;93 impasse du Moulin, 67000 Strasbourg;WELCOME15;MOBILE_APP
ORD-20260603-00348;ORD-20260603-00348-1;2026-06-03 12:44:03;C004758;S0584;P007024;1;107,32;16,10;EUR;ES;CARD;DELIVERED;64 place de l'Église, 46001 Valence;SUMMER10;WEB
ORD-20260603-00349;ORD-20260603-00349-1;2026-06-03 23:31:48;C005951;S0189;P007575;1;62,30;3,12;EUR;IT;CARD;DELIVERED;74 cours Gambetta, 00184 Rome;;WEB
ORD-20260603-00349;ORD-20260603-00349-2;2026-06-03 23:31:48;C005951;S0401;P002212;1;50,45;0,00;EUR;IT;CARD;DELIVERED;74 cours Gambetta, 00184 Rome;;WEB
ORD-20260603-00349;ORD-20260603-00349-3;2026-06-03 23:31:48;C005951;S0542;P002050;1;49,53;2,48;EUR;IT;CARD;Delivered;74 cours Gambetta, 00184 Rome;;WEB
ORD-20260603-00349;ORD-20260603-00349-4;2026-06-03 23:31:48;C005951;S0089;P001120;1;71,87;0,00;EUR;IT;CARD;DELIVERED;74 cours Gambetta, 00184 Rome;;WEB
ORD-20260603-00350;ORD-20260603-00350-1;2026-06-03 17:00:19;C001687;S0187;P006023;2;91,71;18,34;EUR;BE;TRANSFER;DELIVERED;22 chemin des Vignes, 2000 Anvers;VIP20;WEB
ORD-20260603-00351;ORD-20260603-00351-1;2026-06-03 20:50:00;C009323;S0500;P004818;1;31,30;1,57;EUR;BE;CARD;DELIVERED;175 boulevard Saint-Michel, 2000 Anvers;;MOBILE_APP
ORD-20260603-00352;ORD-20260603-00352-1;2026-06-03 23:05:09;C002116;S0461;P004677;1;195,03;0,00;EUR;NL;PAYPAL;delivered;49 place de l'Église, 1011 Amsterdam;FREESHIP;MARKETPLACE_API
ORD-20260603-00352;ORD-20260603-00352-2;2026-06-03 23:05:09;C002116;S0421;P001132;1;289,36;28,94;EUR;NL;PAYPAL;DELIVERED;49 place de l'Église, 1011 Amsterdam;FREESHIP;MARKETPLACE_API
ORD-20260603-00352;ORD-20260603-00352-3;2026-06-03 23:05:09;C002116;S0416;P006020;1;132,34;19,85;EUR;NL;PAYPAL;DELIVERED;49 place de l'Église, 1011 Amsterdam;FREESHIP;MARKETPLACE_API
ORD-20260603-00352;ORD-20260603-00352-4;2026-06-03 23:05:09;C002116;S0088;P003521;3;40,55;6,08;EUR;NL;PAYPAL;DELIVERED;49 place de l'Église, 1011 Amsterdam;FREESHIP;MARKETPLACE_API
ORD-20260603-00353;ORD-20260603-00353-1;2026-06-03 21:09:10;C014192;S0210;P004347;2;153,28;15,33;EUR;FR;PAYPAL;CANCELLED;80 cours Gambetta, 33000 Bordeaux;;WEB
ORD-20260603-00354;ORD-20260603-00354-1;2026-06-03 21:36:18;C003822;S0484;P004837;2;43,82;8,76;EUR;FR;CARD;RETURNED;166 cours Gambetta, 13008 Marseille;FLASH5;MOBILE_APP
ORD-20260603-00355;ORD-20260603-00355-1;2026-06-03 19:49:59;C007713;S0337;P004237;1;31,07;0,00;EUR;FR;CARD;DELIVERED;156 route de Bordeaux, 33000 Bordeaux;;WEB
ORD-20260603-00355;ORD-20260603-00355-2;2026-06-03 19:49:59;C007713;S0443;P000177;2;30,35;6,07;EUR;FR;CARD;Delivered;156 route de Bordeaux, 33000 Bordeaux;;WEB
ORD-20260603-00356;ORD-20260603-00356-1;2026-06-03 22:30:32;C019453;S0233;P000153;2;158,40;0,00;EUR;BE;CARD;DELIVERED;135 chemin des Vignes, 4000 Liège;SUMMER10;MOBILE_APP
ORD-20260603-00357;ORD-20260603-00357-1;2026-06-03 07:07:44;C018381;S0107;P005793;4;156,76;31,35;EUR;ES;CARD;DELIVERED;116 cours Gambetta, 28001 Madrid;FLASH5;MOBILE_APP
ORD-20260603-00357;ORD-20260603-00357-2;2026-06-03 07:07:44;C018381;S0055;P002482;1;68,32;10,25;EUR;ES;CARD;Delivered;116 cours Gambetta, 28001 Madrid;FLASH5;MOBILE_APP
ORD-20260603-00357;ORD-20260603-00357-3;2026-06-03 07:07:44;C018381;S0272;P005198;1;27,82;1,39;EUR;ES;CARD;Delivered;116 cours Gambetta, 28001 Madrid;FLASH5;MOBILE_APP
ORD-20260603-00357;ORD-20260603-00357-4;2026-06-03 07:07:44;C018381;S0504;P001615;1;49,06;0,00;EUR;ES;CARD;DELIVERED;116 cours Gambetta, 28001 Madrid;FLASH5;MOBILE_APP
ORD-20260603-00357;ORD-20260603-00357-5;2026-06-03 07:07:44;C018381;S0119;P006369;3;62,35;9,35;EUR;ES;CARD;DELIVERED;116 cours Gambetta, 28001 Madrid;FLASH5;MOBILE_APP
ORD-20260603-00358;ORD-20260603-00358-1;2026-06-03 14:01:01;C022450;S0118;P007905;2;225,95;22,59;EUR;FR;CARD;CANCELLED;167 cours Gambetta, 13008 Marseille;FLASH5;MOBILE_APP
ORD-20260603-00359;ORD-20260603-00359-1;2026-06-03 14:51:53;C014386;S0349;P007522;2;68,04;6,80;EUR;ES;TRANSFER;SHIPPED;48 rue Victor Hugo, 46001 Valence;;WEB
ORD-20260603-00359;ORD-20260603-00359-2;2026-06-03 14:51:53;C014386;S0441;P007101;2;43,51;0,00;EUR;ES;TRANSFER;Shipped;48 rue Victor Hugo, 46001 Valence;;WEB
ORD-20260603-00360;ORD-20260603-00360-1;2026-06-03 18:59:51;C016839;S0313;P005306;1;65,14;3,26;EUR;FR;CARD;delivered;67 quai des Chartrons, 59000 Lille;FLASH5;WEB
ORD-20260603-00360;ORD-20260603-00360-2;2026-06-03 18:59:51;C016839;S0123;P000978;2;146,88;0,00;EUR;FR;CARD;DELIVERED;67 quai des Chartrons, 59000 Lille;FLASH5;WEB
ORD-20260603-00360;ORD-20260603-00360-3;2026-06-03 18:59:51;C016839;S0051;P002080;1;25,74;2,57;EUR;FR;CARD;DELIVERED;67 quai des Chartrons, 59000 Lille;FLASH5;WEB
ORD-20260603-00360;ORD-20260603-00360-4;;C016839;S0381;P002765;1;20,86;0,00;EUR;FR;CARD;Delivered;67 quai des Chartrons, 59000 Lille;FLASH5;WEB
ORD-20260603-00360;ORD-20260603-00360-4;;C016839;S0381;P002765;1;20,86;0,00;EUR;FR;CARD;Delivered;67 quai des Chartrons, 59000 Lille;FLASH5;WEB
ORD-20260603-00361;ORD-20260603-00361-1;2026-06-03 13:50:43;C020000;S0553;P006201;2;61,48;12,30;EUR;FR;PAYPAL;Delivered;28 cours Gambetta, 59000 Lille;SUMMER10;WEB
ORD-20260603-00362;ORD-20260603-00362-1;2026-06-03 11:39:00;C015968;S0592;P006348;3;19,65;0,00;EUR;FR;GIFTCARD;delivered;79 impasse du Moulin, 35000 Rennes;SUMMER10;MOBILE_APP
ORD-20260603-00362;ORD-20260603-00362-2;2026-06-03 11:39:00;C015968;S0253;P000696;3;130,63;19,59;EUR;FR;GIFTCARD; DELIVERED ;79 impasse du Moulin, 35000 Rennes;SUMMER10;MOBILE_APP
ORD-20260603-00362;ORD-20260603-00362-3;2026-06-03 11:39:00;C015968;S0020;P005538;1;22,97;0,00;EUR;FR;GIFTCARD;DELIVERED;79 impasse du Moulin, 35000 Rennes;SUMMER10;MOBILE_APP
ORD-20260603-00362;ORD-20260603-00362-4;2026-06-03 11:39:00;C015968;S0270;P004921;1;57,77;5,78;EUR;FR;GIFTCARD;delivered;79 impasse du Moulin, 35000 Rennes;SUMMER10;MOBILE_APP
ORD-20260603-00363;ORD-20260603-00363-1;2026-06-03 23:13:55;C015717;S0061;P006415;1;62,55;0,00;EUR;BE;CARD;DELIVERED;50 rue de la République, 2000 Anvers;WELCOME15;WEB
ORD-20260603-00363;ORD-20260603-00363-2;2026-06-03 23:13:55;C015717;S0395;P006849;1;143,88;0,00;EUR;BE;CARD;DELIVERED;50 rue de la République, 2000 Anvers;WELCOME15;WEB
ORD-20260603-00363;ORD-20260603-00363-3;2026-06-03 23:13:55;C015717;S0256;P001694;1;192,41;0,00;EUR;BE;CARD;DELIVERED;50 rue de la République, 2000 Anvers;WELCOME15;WEB
ORD-20260603-00364;ORD-20260603-00364-1;2026-06-03 15:47:28;C012839;S0031;P000387;1;62,72;9,41;EUR;FR;PAYPAL;PENDING;160 place de l'Église, 67000 Strasbourg;;MOBILE_APP
ORD-20260603-00364;ORD-20260603-00364-2;2026-06-03 15:47:28;C012839;S0472;P001952;1;57,42;5,74;EUR;FR;PAYPAL;Pending;160 place de l'Église, 67000 Strasbourg;;MOBILE_APP
ORD-20260603-00364;ORD-20260603-00364-3;2026-06-03 15:47:28;C012839;S0341;P002157;1;176,44;8,82;EUR;FR;PAYPAL;Pending;160 place de l'Église, 67000 Strasbourg;;MOBILE_APP
ORD-20260603-00364;ORD-20260603-00364-4;2026-06-03 15:47:28;C012839;S0095;P000858;2;37,23;0,00;EUR;FR;PAYPAL;PENDING;160 place de l'Église, 67000 Strasbourg;;MOBILE_APP
ORD-20260603-00364;ORD-20260603-00364-5;2026-06-03 15:47:28;C012839;S0273;P002472;1;94,65;0,00;EUR;FR;PAYPAL;PENDING;160 place de l'Église, 67000 Strasbourg;;MOBILE_APP
ORD-20260603-00365;ORD-20260603-00365-1;2026-06-03 19:14:38;C008375;S0025;P005533;1;180,76;9,04;EUR;FR;GIFTCARD;Shipped;167 quai des Chartrons, 31000 Toulouse;FREESHIP;WEB
ORD-20260603-00365;ORD-20260603-00365-2;2026-06-03 19:14:38;C008375;S0031;P002525;1;54,89;0,00;EUR;FR;GIFTCARD; SHIPPED ;167 quai des Chartrons, 31000 Toulouse;FREESHIP;WEB
ORD-20260603-00366;ORD-20260603-00366-1;2026-06-03 19:17:42;C012291;S0324;P003371;1;4,50;0,45;EUR;FR;CARD;DELIVERED;125 chemin des Vignes, 67000 Strasbourg;SUMMER10;WEB
ORD-20260603-00367;ORD-20260603-00367-1;2026-06-03 08:44:56;C014368;S0022;P000841;1;118,58;0,00;EUR;BE;CARD;DELIVERED;177 impasse du Moulin, 4000 Liège;;WEB
ORD-20260603-00367;ORD-20260603-00367-2;2026-06-03 08:44:56;C014368;S0572;P005157;1;34,21;0,00;EUR;BE;CARD;DELIVERED;177 impasse du Moulin, 4000 Liège;;WEB
ORD-20260603-00367;ORD-20260603-00367-3;2026-06-03 08:44:56;C014368;S0441;P006180;1;234,69;0,00;EUR;BE;CARD;DELIVERED;177 impasse du Moulin, 4000 Liège;;WEB
ORD-20260603-00368;ORD-20260603-00368-1;2026-06-03 21:52:53;C003293;S0081;P004530;4;29,57;11,83;EUR;DE;CARD;DELIVERED;142 route de Bordeaux, 80331 Munich;;WEB
ORD-20260603-00368;ORD-20260603-00368-2;2026-06-03 21:52:53;C003293;S0397;P000959;2;120,65;0,00;EUR;DE;CARD;DELIVERED;142 route de Bordeaux, 80331 Munich;;WEB
ORD-20260603-00369;ORD-20260603-00369-1;2026-06-03 14:52:38;C012817;S0341;P001492;1;11,95;0,00;EUR;FR;CARD; RETURNED ;47 boulevard Saint-Michel, 67000 Strasbourg;;WEB
ORD-20260603-00369;ORD-20260603-00369-2;2026-06-03 14:52:38;C012817;S0375;P003888;1;66,34;0,00;EUR;FR;CARD;RETURNED;47 boulevard Saint-Michel, 67000 Strasbourg;;WEB
ORD-20260603-00370;ORD-20260603-00370-1;2026-06-03 20:49:07;C018165;S0502;P002701;3;47,05;0,00;EUR;DE;CARD;DELIVERED;5 rue de la République, 10115 Berlin;;WEB
ORD-20260603-00371;ORD-20260603-00371-1;2026-06-03 16:01:33;C000977;S0056;P007327;1;69,97;10,50;EUR;BE;CARD; DELIVERED ;144 impasse du Moulin, 1000 Bruxelles;;WEB
ORD-20260603-00371;ORD-20260603-00371-2;2026-06-03 16:01:33;C000977;S0301;P005007;3;60,78;9,12;EUR;BE;CARD;DELIVERED;144 impasse du Moulin, 1000 Bruxelles;;WEB
ORD-20260603-00371;ORD-20260603-00371-3;2026-06-03 16:01:33;C000977;S0232;P004555;1;130,85;19,63;EUR;BE;CARD;DELIVERED;144 impasse du Moulin, 1000 Bruxelles;;WEB
ORD-20260603-00371;ORD-20260603-00371-4;2026-06-03 16:01:33;C000977;S0196;P002798;2;60,33;18,10;EUR;BE;CARD;delivered;144 impasse du Moulin, 1000 Bruxelles;;WEB
ORD-20260603-00371;ORD-20260603-00371-5;2026-06-03 16:01:33;C000977;S0574;P007195;1;179,12;26,87;EUR;BE;CARD;DELIVERED;144 impasse du Moulin, 1000 Bruxelles;;WEB
ORD-20260603-00372;ORD-20260603-00372-1;2026-06-03 22:12:33;C001623;S0251;P003759;1;140,86;7,04;EUR;FR;CARD;DELIVERED;162 rue de la République, 59000 Lille;;WEB
ORD-20260603-00372;ORD-20260603-00372-2;2026-06-03 22:12:33;C001623;S0058;P004210;1;102,13;0,00;EUR;FR;CARD;DELIVERED;162 rue de la République, 59000 Lille;;WEB
ORD-20260603-00372;ORD-20260603-00372-3;2026-06-03 22:12:33;C001623;S0592;P002496;1;33,56;0,00;EUR;FR;CARD;DELIVERED;162 rue de la République, 59000 Lille;;WEB
ORD-20260603-00373;ORD-20260603-00373-1;2026-06-03 17:49:36;C011798;S0175;P005382;3;31,64;4,75;EUR;IT;CARD;CANCELLED;7 place de l'Église, 00184 Rome;;MOBILE_APP
ORD-20260603-00374;ORD-20260603-00374-1;2026-06-03 14:41:16;C011440;S0552;P004112;1;146,89;0,00;EUR;DE;CARD;DELIVERED;171 chemin des Vignes, 80331 Munich;;MARKETPLACE_API
ORD-20260603-00374;ORD-20260603-00374-2;2026-06-03 14:41:16;C011440;S0161;P002459;4;19,28;0,00;EUR;DE;CARD; DELIVERED ;171 chemin des Vignes, 80331 Munich;;MARKETPLACE_API
ORD-20260603-00374;ORD-20260603-00374-3;2026-06-03 14:41:16;C011440;S0509;P001874;3;51,21;23,04;EUR;DE;CARD; DELIVERED ;171 chemin des Vignes, 80331 Munich;;MARKETPLACE_API
ORD-20260603-00375;ORD-20260603-00375-1;2026-06-03 15:43:59;C000260;S0053;P003429;1;119,35;5,97;EUR;IT;PAYPAL;SHIPPED;36 avenue des Tilleuls, 20121 Milan;;WEB
ORD-20260603-00376;ORD-20260603-00376-1;2026-06-03 14:21:25;C023561;S0077;P003889;1;67,21;10,08;EUR;NL;CARD;pending;141 rue Victor Hugo, 1011 Amsterdam;;WEB
ORD-20260603-00377;ORD-20260603-00377-1;2026-06-03 12:22:11;C008177;S0441;P005686;1;21,68;0,00;EUR;FR;TRANSFER;DELIVERED;174 boulevard Saint-Michel, 67000 Strasbourg;;MARKETPLACE_API
ORD-20260603-00377;ORD-20260603-00377-2;2026-06-03 12:22:11;C008177;S0328;P006061;1;245,15;0,00;EUR;FR;TRANSFER; DELIVERED ;174 boulevard Saint-Michel, 67000 Strasbourg;;MARKETPLACE_API
ORD-20260603-00377;ORD-20260603-00377-3;2026-06-03 12:22:11;C008177;S0189;P004120;3;31,43;0,00;EUR;FR;TRANSFER;DELIVERED;174 boulevard Saint-Michel, 67000 Strasbourg;;MARKETPLACE_API
ORD-20260603-00378;ORD-20260603-00378-1;2026-06-03 19:45:30;C004169;S0046;P004263;1;85,89;8,59;EUR;ES;CARD;DELIVERED;9 chemin des Vignes, 08001 Barcelone;;MOBILE_APP
ORD-20260603-00378;ORD-20260603-00378-2;2026-06-03 19:45:30;C004169;S0571;P002399;1;66,65;10,00;EUR;ES;CARD; DELIVERED ;9 chemin des Vignes, 08001 Barcelone;;MOBILE_APP
ORD-20260603-00378;ORD-20260603-00378-3;2026-06-03 19:45:30;C004169;S0073;P003330;1;50,92;0,00;EUR;ES;CARD;DELIVERED;9 chemin des Vignes, 08001 Barcelone;;MOBILE_APP
ORD-20260603-00378;ORD-20260603-00378-4;2026-06-03 19:45:30;C004169;S0066;P004488;1;77,71;11,66;EUR;ES;CARD;DELIVERED;9 chemin des Vignes, 08001 Barcelone;;MOBILE_APP
ORD-20260603-00379;ORD-20260603-00379-1;2026-06-03 17:10:15;C015271;S0328;P006007;1;98,62;9,86;EUR;FR;PAYPAL;RETURNED;69 impasse du Moulin; Batiment B; 13008 Marseille;SUMMER10;MOBILE_APP
ORD-20260603-00380;ORD-20260603-00380-1;2026-06-03 21:30:13;C020353;S0079;P004875;1;72,19;0,00;EUR;FR;TRANSFER; DELIVERED ;120 impasse du Moulin, 35000 Rennes;;MOBILE_APP
ORD-20260603-00380;ORD-20260603-00380-2;2026-06-03 21:30:13;C020353;S0419;P001762;1;35,98;5,40;EUR;FR;TRANSFER;Delivered;120 impasse du Moulin, 35000 Rennes;;MOBILE_APP
ORD-20260603-00381;ORD-20260603-00381-1;2026-06-03 21:41:42;C020385;S0462;P004783;1;76,21;0,00;EUR;IT;GIFTCARD;RETURNED;86 chemin des Vignes, 00184 Rome;;MOBILE_APP
ORD-20260603-00381;ORD-20260603-00381-2;2026-06-03 21:41:42;C020385;S0039;P000391;1;248,45;37,27;EUR;IT;GIFTCARD;RETURNED;86 chemin des Vignes, 00184 Rome;;MOBILE_APP
ORD-20260603-00382;ORD-20260603-00382-1;2026-06-03 13:41:14;C020580;S0217;P002806;1;87,78;0,00;EUR;FR;PAYPAL;DELIVERED;11 cours Gambetta, 67000 Strasbourg;;WEB
ORD-20260603-00382;ORD-20260603-00382-2;2026-06-03 13:41:14;C020580;S0219;P006253;2;79,72;0,00;EUR;FR;PAYPAL;Delivered;11 cours Gambetta, 67000 Strasbourg;;WEB
ORD-20260603-00383;ORD-20260603-00383-1;2026-06-03 19:14:20;C003525;S0313;P005462;1;49,25;0,00;EUR;DE;CARD;DELIVERED;29 route de Bordeaux, 20095 Hambourg;;WEB
ORD-20260603-00383;ORD-20260603-00383-2;2026-06-03 19:14:20;C003525;S0256;P001694;2;213,44;64,03;EUR;DE;CARD;Delivered;29 route de Bordeaux, 20095 Hambourg;;WEB
ORD-20260603-00384;ORD-20260603-00384-1;2026-06-03 15:32:33;C014718;S0088;P006517;1;156,87;0,00;EUR;DE;GIFTCARD;delivered;104 chemin des Vignes, 10115 Berlin;FLASH5;WEB
ORD-20260603-00384;ORD-20260603-00384-2;2026-06-03 15:32:33;C014718;S0222;P003277;1;201,23;30,18;EUR;DE;GIFTCARD;DELIVERED;104 chemin des Vignes, 10115 Berlin;FLASH5;WEB
ORD-20260603-00384;ORD-20260603-00384-3;2026-06-03 15:32:33;C014718;S0083;P002516;1;58,84;0,00;EUR;DE;GIFTCARD;DELIVERED;104 chemin des Vignes, 10115 Berlin;FLASH5;WEB
ORD-20260603-00384;ORD-20260603-00384-4;2026-06-03 15:32:33;C014718;S0177;P002686;1;82,90;0,00;EUR;DE;GIFTCARD;DELIVERED;104 chemin des Vignes, 10115 Berlin;FLASH5;WEB
ORD-20260603-00385;ORD-20260603-00385-1;2026-06-03 13:42:50;C013691;S0482;P000204;3;177,14;0,00;EUR;IT;CARD;DELIVERED;178 quai des Chartrons, 20121 Milan;WELCOME15;MOBILE_APP
ORD-20260603-00385;ORD-20260603-00385-2;2026-06-03 13:42:50;C013691;S0552;P000401;1;81,83;0,00;EUR;IT;CARD;DELIVERED;178 quai des Chartrons, 20121 Milan;WELCOME15;MOBILE_APP
ORD-20260603-00386;ORD-20260603-00386-1;2026-06-03 14:04:23;C016100;S0518;P002625;2;137,35;0,00;EUR;NL;CARD;delivered;152 rue de la République, 1011 Amsterdam;FREESHIP;WEB
ORD-20260603-00386;ORD-20260603-00386-2;2026-06-03 14:04:23;C016100;S0338;P003195;1;38,12;0,00;EUR;NL;CARD; DELIVERED ;152 rue de la République, 1011 Amsterdam;FREESHIP;WEB
ORD-20260603-00387;ORD-20260603-00387-1;2026-06-03 15:18:35;C006041;S0510;P005562;1;23,65;0,00;EUR;ES;CARD;DELIVERED;146 quai des Chartrons, 08001 Barcelone;;MOBILE_APP
ORD-20260603-00388;ORD-20260603-00388-1;2026-06-03 04:45:37;C019663;S0210;P001444;1;71,34;0,00;EUR;ES;CARD;DELIVERED;158 impasse du Moulin, 08001 Barcelone;;MOBILE_APP
ORD-20260603-00389;ORD-20260603-00389-1;2026-06-03 23:08:31;C005835;S0244;P007371;1;27,47;0,00;EUR;FR;PAYPAL;DELIVERED;31 route de Bordeaux, 59000 Lille;;MOBILE_APP
ORD-20260603-00389;ORD-20260603-00389-2;2026-06-03 23:08:31;C005835;S0154;P007955;1;72,03;10,80;EUR;FR;PAYPAL; DELIVERED ;31 route de Bordeaux, 59000 Lille;;MOBILE_APP
ORD-20260603-00390;ORD-20260603-00390-1;2026-06-03 06:35:57;C014432;S0249;P006930;1;65,41;0,00;EUR;FR;CARD;DELIVERED;19 boulevard Saint-Michel, 33000 Bordeaux;WELCOME15;MARKETPLACE_API
ORD-20260603-00391;ORD-20260603-00391-1;2026-06-03 13:58:49;C023101;S0504;P005272;2;181,60;0,00;EUR;ES;CARD;DELIVERED;57 place de l'Église, 08001 Barcelone;;WEB
ORD-20260603-00392;ORD-20260603-00392-1;2026-06-03 18:13:12;C000924;S0053;P005685;1;14,68;0,00;EUR;FR;CARD;Delivered;140 impasse du Moulin, 44000 Nantes;;WEB
ORD-20260603-00392;ORD-20260603-00392-2;2026-06-03 18:13:12;C000924;S0207;P003182;3;154,81;0,00;EUR;FR;CARD;DELIVERED;140 impasse du Moulin, 44000 Nantes;;WEB
ORD-20260603-00393;ORD-20260603-00393-1;2026-06-03 17:18:54;C006917;S0414;P003119;1;39,54;3,95;EUR;DE;GIFTCARD;CANCELLED;172 rue du Général Leclerc, 20095 Hambourg;VIP20;MOBILE_APP
ORD-20260603-00394;ORD-20260603-00394-1;2026-06-03 14:27:44;C013094;S0077;P002299;1;34,40;3,44;EUR;FR;GIFTCARD;DELIVERED;95 place de l'Église, 75011 Paris;FLASH5;WEB
ORD-20260603-00395;ORD-20260603-00395-1;2026-06-03 20:27:19;C002284;S0347;P003180;1;39,01;1,95;EUR;NL;APPLEPAY;DELIVERED;100 rue de la République, 1011 Amsterdam;FLASH5;WEB
ORD-20260603-00395;ORD-20260603-00395-2;2026-06-03 20:27:19;C002284;S0438;P002681;1;206,22;0,00;EUR;NL;APPLEPAY;DELIVERED;100 rue de la République, 1011 Amsterdam;FLASH5;WEB
ORD-20260603-00395;ORD-20260603-00395-3;2026-06-03 20:27:19;C002284;S0438;P006581;1;170,14;8,51;EUR;NL;APPLEPAY; DELIVERED ;100 rue de la République, 1011 Amsterdam;FLASH5;WEB
ORD-20260603-00396;ORD-20260603-00396-1;2026-06-03 15:29:30;C006065;S0076;P001512;2;142,51;42,75;EUR;BE;TRANSFER;DELIVERED;25 chemin des Vignes, 4000 Liège;;WEB
ORD-20260603-00397;ORD-20260603-00397-1;2026-06-03 07:17:54;C015439;S0585;P004760;1;66,87;6,69;EUR;FR;CARD;RETURNED;124 cours Gambetta, 44000 Nantes;FLASH5;MOBILE_APP
ORD-20260603-00398;ORD-20260603-00398-1;2026-06-03 17:25:33;C014558;S0170;P007606;1;206,09;0,00;EUR;ES;CARD; RETURNED ;172 route de Bordeaux, 46001 Valence;FLASH5;MARKETPLACE_API
ORD-20260603-00398;ORD-20260603-00398-2;2026-06-03 17:25:33;C014558;S0018;P003898;1;223,22;11,16;EUR;ES;CARD;RETURNED;172 route de Bordeaux, 46001 Valence;FLASH5;MARKETPLACE_API
ORD-20260603-00398;ORD-20260603-00398-3;2026-06-03 17:25:33;C014558;S0504;P004479;1;179,43;0,00;EUR;ES;CARD;RETURNED;172 route de Bordeaux, 46001 Valence;FLASH5;MARKETPLACE_API
ORD-20260603-00398;ORD-20260603-00398-4;2026-06-03 17:25:33;C014558;S0280;P001319;2;52,13;10,43;EUR;ES;CARD;RETURNED;172 route de Bordeaux, 46001 Valence;FLASH5;MARKETPLACE_API
ORD-20260603-00399;ORD-20260603-00399-1;2026-06-03 21:35:55;C003046;S0429;P003233;1;13,78;0,00;EUR;FR;CARD;CANCELLED;65 quai des Chartrons, 13008 Marseille;;MOBILE_APP
ORD-20260603-00399;ORD-20260603-00399-2;2026-06-03 21:35:55;C003046;S0427;P003022;1;8,02;0,00;EUR;FR;CARD;CANCELLED;65 quai des Chartrons, 13008 Marseille;;MOBILE_APP
ORD-20260603-00399;ORD-20260603-00399-3;2026-06-03 21:35:55;C003046;S0278;P007596;2;18,58;0,00;EUR;FR;CARD;CANCELLED;65 quai des Chartrons, 13008 Marseille;;MOBILE_APP
ORD-20260603-00399;ORD-20260603-00399-4;2026-06-03 21:35:55;C003046;S0494;P000654;2;59,87;5,99;EUR;FR;CARD;CANCELLED;65 quai des Chartrons, 13008 Marseille;;MOBILE_APP
ORD-20260603-00400;ORD-20260603-00400-1;2026-06-03 16:32:48;C014926;S0469;P007039;1;46,01;0,00;EUR;FR;CARD;PENDING;160 rue Victor Hugo, 31000 Toulouse;;WEB
ORD-20260603-00400;ORD-20260603-00400-2;2026-06-03 16:32:48;C014926;S0457;P006373;1;239,62;11,98;EUR;FR;CARD;PENDING;160 rue Victor Hugo, 31000 Toulouse;;WEB
ORD-20260603-00400;ORD-20260603-00400-3;2026-06-03 16:32:48;C014926;S0111;P002316;2;53,11;0,00;EUR;FR;CARD;PENDING;160 rue Victor Hugo, 31000 Toulouse;;WEB
ORD-20260603-00401;ORD-20260603-00401-1;2026-06-03 12:04:06;C007402;S0233;P000153;1;154,66;0,00;EUR;IT;CARD;Shipped;163 allée des Peupliers, 00184 Rome;;WEB
ORD-20260603-00402;ORD-20260603-00402-1;2026-06-03 09:29:17;C007110;S0329;P000637;1;34,90;0,00;EUR;FR;CARD;CANCELLED;86 rue Victor Hugo, 69003 Lyon;VIP20;WEB
ORD-20260603-00403;ORD-20260603-00403-1;2026-06-03 12:09:04;C023074;S0477;P006720;1;6,18;0,31;EUR;IT;PAYPAL; DELIVERED ;36 rue de la République, 00184 Rome;;MOBILE_APP
ORD-20260603-00404;ORD-20260603-00404-1;2026-06-03 11:36:08;C021902;S0483;P004734;1;104,66;15,70;EUR;BE;CARD;DELIVERED;152 avenue des Tilleuls, 4000 Liège;FLASH5;MARKETPLACE_API
ORD-20260603-00404;ORD-20260603-00404-2;2026-06-03 11:36:08;C021902;S0144;P005955;1;15,67;2,35;EUR;BE;CARD;Delivered;152 avenue des Tilleuls, 4000 Liège;FLASH5;MARKETPLACE_API
ORD-20260603-00404;ORD-20260603-00404-3;2026-06-03 11:36:08;C021902;S0461;P007936;1;55,97;2,80;EUR;BE;CARD;DELIVERED;152 avenue des Tilleuls, 4000 Liège;FLASH5;MARKETPLACE_API
ORD-20260603-00405;ORD-20260603-00405-1;2026-06-03 14:23:46;C006018;S0006;P005000;1;117,83;0,00;EUR;DE;CARD; DELIVERED ;78 rue du Général Leclerc, 10115 Berlin;FLASH5;MOBILE_APP
ORD-20260603-00405;ORD-20260603-00405-2;2026-06-03 14:23:46;C006018;S0560;P004629;1;56,30;0,00;EUR;DE;CARD;DELIVERED;78 rue du Général Leclerc, 10115 Berlin;FLASH5;MOBILE_APP
ORD-20260603-00406;ORD-20260603-00406-1;2026-06-03 17:52:43;C008929;S0078;P003221;1;59,97;9,00;EUR;NL;APPLEPAY;DELIVERED;134 boulevard Saint-Michel, 1011 Amsterdam;FLASH5;WEB
ORD-20260603-00406;ORD-20260603-00406-2;2026-06-03 17:52:43;C008929;S0512;P004402;1;21,22;1,06;EUR;NL;APPLEPAY;DELIVERED;134 boulevard Saint-Michel, 1011 Amsterdam;FLASH5;WEB
ORD-20260603-00406;ORD-20260603-00406-3;2026-06-03 17:52:43;C008929;S0229;P005495;1;106,51;10,65;EUR;NL;APPLEPAY;DELIVERED;134 boulevard Saint-Michel, 1011 Amsterdam;FLASH5;WEB
ORD-20260603-00406;ORD-20260603-00406-4;2026-06-03 17:52:43;C008929;S0190;P001748;4;75,27;0,00;EUR;NL;APPLEPAY;DELIVERED;134 boulevard Saint-Michel, 1011 Amsterdam;FLASH5;WEB
ORD-20260603-00407;ORD-20260603-00407-1;2026-06-03 12:22:40;C008796;S0326;P000095;1;71,52;3,58;EUR;FR;CARD;RETURNED;102 chemin des Vignes, 59000 Lille;WELCOME15;MOBILE_APP
ORD-20260603-00408;ORD-20260603-00408-1;2026-06-03 19:48:33;C009802;S0265;P000900;1;11,99;1,80;EUR;IT;CARD;Delivered;135 chemin des Vignes, 20121 Milan;;WEB
ORD-20260603-00408;ORD-20260603-00408-1;2026-06-03 19:48:33;C009802;S0265;P000900;1;11,99;1,80;EUR;IT;CARD;Delivered;135 chemin des Vignes, 20121 Milan;;WEB
ORD-20260603-00409;ORD-20260603-00409-1;2026-06-03 22:20:45;C012314;S0161;P005394;1;51,73;0,00;EUR;IT;PAYPAL;delivered;69 boulevard Saint-Michel, 00184 Rome;FLASH5;MARKETPLACE_API
ORD-20260603-00409;ORD-20260603-00409-2;2026-06-03 22:20:45;C012314;S0031;P001062;1;35,57;0,00;EUR;IT;PAYPAL;DELIVERED;69 boulevard Saint-Michel, 00184 Rome;FLASH5;MARKETPLACE_API
ORD-20260603-00409;ORD-20260603-00409-3;0000-00-00 00:00:00;C012314;S0099;P000062;1;85,85;8,58;EUR;IT;PAYPAL;DELIVERED;69 boulevard Saint-Michel, 00184 Rome;FLASH5;MARKETPLACE_API
ORD-20260603-00410;ORD-20260603-00410-1;2026-06-03 20:30:14;C013547;S0588;P002852;1;79,95;0,00;EUR;DE;GIFTCARD;DELIVERED;140 route de Bordeaux, 20095 Hambourg;;MOBILE_APP
ORD-20260603-00410;ORD-20260603-00410-2;2026-06-03 20:30:14;C013547;S0189;P004120;1;26,65;2,67;EUR;DE;GIFTCARD;DELIVERED;140 route de Bordeaux, 20095 Hambourg;;MOBILE_APP
ORD-20260603-00410;ORD-20260603-00410-3;2026-06-03 20:30:14;C013547;S0497;P006441;1;31,65;0,00;EUR;DE;GIFTCARD;delivered;140 route de Bordeaux, 20095 Hambourg;;MOBILE_APP
ORD-20260603-00411;ORD-20260603-00411-1;2026-06-03 18:29:47;C010375;S0014;P003102;2;58,92;11,78;EUR;ES;APPLEPAY;DELIVERED;8 avenue des Tilleuls, 28001 Madrid;FLASH5;MOBILE_APP
ORD-20260603-00412;ORD-20260603-00412-1;2026-06-03 16:27:38;C017057;S0560;P004629;1;50,16;0,00;EUR;FR;CARD;DELIVERED;17 quai des Chartrons, 67000 Strasbourg;FREESHIP;MOBILE_APP
ORD-20260603-00413;ORD-20260603-00413-1;2026-06-03 14:57:30;C014261;S0008;P003686;1;203,82;0,00;EUR;DE;CARD;DELIVERED;91 chemin des Vignes, 80331 Munich;FLASH5;WEB
ORD-20260603-00413;ORD-20260603-00413-2;2026-06-03 14:57:30;C014261;S0120;P005512;1;58,18;0,00;EUR;DE;CARD;DELIVERED;91 chemin des Vignes, 80331 Munich;FLASH5;WEB
ORD-20260603-00414;ORD-20260603-00414-1;2026-06-03 10:31:39;C012769;S0288;P004482;1;69,08;0,00;EUR;FR;PAYPAL;DELIVERED;12 rue du Général Leclerc, 59000 Lille;FLASH5;MOBILE_APP
ORD-20260603-00415;ORD-20260603-00415-1;2026-06-03 14:11:08;C007850;S0330;P005978;2;148,29;29,66;EUR;FR;CARD;cancelled;57 rue de la République, 31000 Toulouse;;WEB
ORD-20260603-00416;ORD-20260603-00416-1;2026-06-03 05:51:34;C009134;S0147;P005568;1;94,17;0,00;EUR;FR;TRANSFER;DELIVERED;70 cours Gambetta, 59000 Lille;SUMMER10;MOBILE_APP
ORD-20260603-00417;ORD-20260603-00417-1;2026-06-03 18:56:10;C018582;S0470;P002114;2;33,58;0,00;EUR;FR;CARD;DELIVERED;141 place de l'Église, 13008 Marseille;;MOBILE_APP
ORD-20260603-00417;ORD-20260603-00417-2;2026-06-03 18:56:10;C018582;S0516;P005363;1;209,88;10,49;EUR;FR;CARD;DELIVERED;141 place de l'Église, 13008 Marseille;;MOBILE_APP
ORD-20260603-00417;ORD-20260603-00417-3;2026-06-03 18:56:10;C018582;S0159;P007916;3;61,43;0,00;EUR;FR;CARD;DELIVERED;141 place de l'Église, 13008 Marseille;;MOBILE_APP
ORD-20260603-00418;ORD-20260603-00418-1;2026-06-03 18:46:17;C000080;S0394;P000242;1;139,42;13,94;EUR;BE;PAYPAL;DELIVERED;134 rue du Général Leclerc, 1000 Bruxelles;WELCOME15;WEB
ORD-20260603-00418;ORD-20260603-00418-2;2026-06-03 18:46:17;C000080;S0593;P002266;3;44,55;6,68;EUR;BE;PAYPAL;DELIVERED;134 rue du Général Leclerc, 1000 Bruxelles;WELCOME15;WEB
ORD-20260603-00418;ORD-20260603-00418-3;2026-06-03 18:46:17;C000080;S0274;P001818;2;42,63;12,79;EUR;BE;PAYPAL;Delivered;134 rue du Général Leclerc, 1000 Bruxelles;WELCOME15;WEB
ORD-20260603-00418;ORD-20260603-00418-4;2026-06-03 18:46:17;C000080;S0108;P004998;2;28,22;8,47;EUR;BE;PAYPAL;DELIVERED;134 rue du Général Leclerc, 1000 Bruxelles;WELCOME15;WEB
ORD-20260603-00418;ORD-20260603-00418-5;2026-06-03 18:46:17;C000080;S0594;P005543;3;36,50;0,00;EUR;BE;PAYPAL;DELIVERED;134 rue du Général Leclerc, 1000 Bruxelles;WELCOME15;WEB
ORD-20260603-00419;ORD-20260603-00419-1;2026-06-03 15:34:48;C016811;S0433;P002265;1;33,61;1,68;EUR;FR;CARD;CANCELLED;125 rue du Général Leclerc, 31000 Toulouse;;MARKETPLACE_API
ORD-20260603-00420;ORD-20260603-00420-1;2026-06-03 16:34:44;C019640;S0466;P005127;3;11,76;0,00;EUR;ES;PAYPAL;DELIVERED;76 boulevard Saint-Michel, 08001 Barcelone;;MOBILE_APP
ORD-20260603-00420;ORD-20260603-00420-2;2026-06-03 16:34:44;C019640;S0188;P003355;2;64,92;0,00;EUR;ES;PAYPAL;DELIVERED;76 boulevard Saint-Michel, 08001 Barcelone;;MOBILE_APP
ORD-20260603-00420;ORD-20260603-00420-3;2026-06-03 16:34:44;C019640;S0108;P005227;1;149,18;22,38;EUR;ES;PAYPAL;delivered;76 boulevard Saint-Michel, 08001 Barcelone;;MOBILE_APP
ORD-20260603-00420;ORD-20260603-00420-4;2026-06-03 16:34:44;C019640;S0332;P001749;4;24,90;14,94;EUR;ES;PAYPAL;delivered;76 boulevard Saint-Michel, 08001 Barcelone;;MOBILE_APP
ORD-20260603-00421;ORD-20260603-00421-1;2026-06-03 18:33:49;C006655;S0292;P003070;2;11,81;2,36;EUR;FR;CARD;CANCELLED;159 rue du Général Leclerc, 69003 Lyon;FREESHIP;WEB
ORD-20260603-00422;ORD-20260603-00422-1;2026-06-03 14:56:10;C001434;S0299;P006246;4;14,28;0,00;EUR;DE;CARD;DELIVERED;54 route de Bordeaux, 10115 Berlin;;WEB
ORD-20260603-00423;ORD-20260603-00423-1;2026-06-03 15:55:09;C014601;S0006;P000269;1;7,89;0,39;EUR;ES;CARD;DELIVERED;179 chemin des Vignes, 08001 Barcelone;FLASH5;MOBILE_APP
ORD-20260603-00423;ORD-20260603-00423-2;2026-06-03 15:55:09;C014601;S0561;P002666;2;53,71;0,00;EUR;ES;CARD;DELIVERED;179 chemin des Vignes, 08001 Barcelone;FLASH5;MOBILE_APP
ORD-20260603-00423;ORD-20260603-00423-3;2026-06-03 15:55:09;C014601;S0007;P001772;1;86,60;0,00;EUR;ES;CARD;Delivered;179 chemin des Vignes, 08001 Barcelone;FLASH5;MOBILE_APP
ORD-20260603-00423;ORD-20260603-00423-4;2026-06-03 15:55:09;C014601;S0185;P007902;1;27,46;0,00;EUR;ES;CARD;Delivered;179 chemin des Vignes, 08001 Barcelone;FLASH5;MOBILE_APP
ORD-20260603-00424;ORD-20260603-00424-1;2026-06-03 15:14:33;C008247;S0283;P007994;3;117,04;0,00;EUR;BE;CARD; DELIVERED ;108 rue Victor Hugo, 4000 Liège;;MOBILE_APP
ORD-20260603-00425;ORD-20260603-00425-1;2026-06-03 17:02:16;C012588;S0408;P003263;1;31,53;1,58;EUR;FR;CARD;delivered;69 boulevard Saint-Michel, 59000 Lille;;WEB
ORD-20260603-00426;ORD-20260603-00426-1;2026-06-03 09:21:00;C005736;S0210;P007451;3;112,34;16,85;EUR;BE;CARD;SHIPPED;113 allée des Peupliers, 1000 Bruxelles;;MOBILE_APP
ORD-20260603-00426;ORD-20260603-00426-2;2026-06-03 09:21:00;C005736;S0278;P000326;1;77,14;0,00;EUR;BE;CARD; SHIPPED ;113 allée des Peupliers, 1000 Bruxelles;;MOBILE_APP
ORD-20260603-00426;ORD-20260603-00426-3;2026-06-03 09:21:00;C005736;S0482;P006476;2;37,88;11,36;EUR;BE;CARD;Shipped;113 allée des Peupliers, 1000 Bruxelles;;MOBILE_APP
ORD-20260603-00427;ORD-20260603-00427-1;2026-06-03 08:59:09;C009829;S0528;P003314;3;71,54;21,46;EUR;NL;CARD;DELIVERED;114 rue de la République, 1011 Amsterdam;;MOBILE_APP
ORD-20260603-00427;ORD-20260603-00427-2;2026-06-03 08:59:09;C009829;S0009;P005061;2;54,76;16,43;EUR;NL;CARD;DELIVERED;114 rue de la République, 1011 Amsterdam;;MOBILE_APP
ORD-20260603-00427;ORD-20260603-00427-2;2026-06-03 08:59:09;C009829;S0009;P005061;2;54,76;16,43;EUR;NL;CARD;DELIVERED;114 rue de la République, 1011 Amsterdam;;MOBILE_APP
ORD-20260603-00428;ORD-20260603-00428-1;2026-06-03 11:05:23;C022072;S0046;P004265;1;39,22;5,88;EUR;FR;CARD;DELIVERED;32 rue de la République, 35000 Rennes;;MOBILE_APP
ORD-20260603-00428;ORD-20260603-00428-2;2026-06-03 11:05:23;C022072;S0440;P003072;1;45,23;0,00;EUR;FR;CARD;DELIVERED;32 rue de la République, 35000 Rennes;;MOBILE_APP
ORD-20260603-00428;ORD-20260603-00428-3;2026-06-03 11:05:23;C022072;S0245;P004755;4;271,64;108,66;EUR;FR;CARD;DELIVERED;32 rue de la République, 35000 Rennes;;MOBILE_APP
ORD-20260603-00429;ORD-20260603-00429-1;2026-06-03 23:45:35;C010215;S0578;P006587;3;83,91;25,17;EUR;FR;CARD;RETURNED;66 route de Bordeaux, 31000 Toulouse;;MOBILE_APP
ORD-20260603-00429;ORD-20260603-00429-2;2026-06-03 23:45:35;C010215;S0311;P006041;1;21,00;0,00;EUR;FR;CARD;RETURNED;66 route de Bordeaux, 31000 Toulouse;;MOBILE_APP
ORD-20260603-00430;ORD-20260603-00430-1;2026-06-03 17:30:51;C020785;S0184;P006485;1;56,34;8,45;EUR;FR;PAYPAL;DELIVERED;130 cours Gambetta, 44000 Nantes;;MOBILE_APP
ORD-20260603-00431;ORD-20260603-00431-1;2026-06-03 09:58:53;C016833;S0107;P005793;1;162,13;0,00;EUR;DE;CARD;delivered;81 chemin des Vignes, 20095 Hambourg;;MOBILE_APP
ORD-20260603-00431;ORD-20260603-00431-2;2026-06-03 09:58:53;C016833;S0500;P001434;1;149,74;0,00;EUR;DE;CARD;DELIVERED;81 chemin des Vignes, 20095 Hambourg;;MOBILE_APP
ORD-20260603-00432;ORD-20260603-00432-1;2026-06-03 11:49:56;C018778;S0168;P002748;1;39,51;3,95;EUR;FR;TRANSFER;DELIVERED;83 quai des Chartrons, 31000 Toulouse;;WEB
ORD-20260603-00433;ORD-20260603-00433-1;2026-06-03 12:19:15;C011812;S0443;P001298;1;83,31;0,00;EUR;DE;APPLEPAY; DELIVERED ;155 rue du Général Leclerc, 10115 Berlin;SUMMER10;WEB
ORD-20260603-00434;ORD-20260603-00434-1;2026-06-03 16:18:07;C007870;S0571;P005824;2;176,61;0,00;EUR;BE;PAYPAL;CANCELLED;26 quai des Chartrons, 2000 Anvers;FLASH5;WEB
ORD-20260603-00434;ORD-20260603-00434-2;2026-06-03 16:18:07;C007870;S0495;P007922;1;6,82;0,34;EUR;BE;PAYPAL;CANCELLED;26 quai des Chartrons, 2000 Anvers;FLASH5;WEB
ORD-20260603-00434;ORD-20260603-00434-3;2026-06-03 16:18:07;C007870;S0290;P007590;4;17,80;3,56;EUR;BE;PAYPAL;CANCELLED;26 quai des Chartrons, 2000 Anvers;FLASH5;WEB
ORD-20260603-00435;ORD-20260603-00435-1;2026-06-03 18:45:27;C014023;S0366;P003383;1;21,00;0,00;EUR;FR;PAYPAL;DELIVERED;33 allée des Peupliers, 67000 Strasbourg;FREESHIP;MOBILE_APP
ORD-20260603-00436;ORD-20260603-00436-1;2026-06-03 19:20:07;C023411;S0274;P001574;1;149,10;0,00;EUR;IT;PAYPAL;Shipped;70 rue Victor Hugo, 00184 Rome;;MOBILE_APP
ORD-20260603-00436;ORD-20260603-00436-2;2026-06-03 19:20:07;C023411;S0406;P007826;1;11,50;0,00;EUR;IT;PAYPAL;SHIPPED;70 rue Victor Hugo, 00184 Rome;;MOBILE_APP
ORD-20260603-00436;ORD-20260603-00436-3;2026-06-03 19:20:07;C023411;S0222;P001228;1;39,01;0,00;EUR;IT;PAYPAL;SHIPPED;70 rue Victor Hugo, 00184 Rome;;MOBILE_APP
ORD-20260603-00437;ORD-20260603-00437-1;2026-06-03 14:50:11;C019603;S0491;P005041;2;84,98;0,00;EUR;FR;CARD;DELIVERED;122 cours Gambetta, 69003 Lyon;;WEB
ORD-20260603-00438;ORD-20260603-00438-1;2026-06-03 11:24:51;C023782;S0166;P003205;1;22,40;0,00;EUR;FR;CARD; RETURNED ;178 rue du Général Leclerc, 59000 Lille;FLASH5;MOBILE_APP
ORD-20260603-00438;ORD-20260603-00438-2;2026-06-03 11:24:51;C023782;S0559;P007160;1;39,27;0,00;EUR;FR;CARD;Returned;178 rue du Général Leclerc, 59000 Lille;FLASH5;MOBILE_APP
ORD-20260603-00438;ORD-20260603-00438-3;2026-06-03 11:24:51;C023782;S0082;P002813;1;24,12;3,62;EUR;FR;CARD;RETURNED;178 rue du Général Leclerc, 59000 Lille;FLASH5;MOBILE_APP
ORD-20260603-00438;ORD-20260603-00438-4;2026-06-03 11:24:51;C023782;S0056;P004266;3;102,12;30,64;EUR;FR;CARD;RETURNED;178 rue du Général Leclerc, 59000 Lille;FLASH5;MOBILE_APP
ORD-20260603-00439;ORD-20260603-00439-1;2026-06-03 11:05:25;C020927;S0282;P004135;3;54,76;24,64;EUR;DE;CARD;DELIVERED;115 chemin des Vignes, 10115 Berlin;;WEB
ORD-20260603-00440;ORD-20260603-00440-1;2026-06-03 23:50:54;C011776;S0414;P000418;1;58,76;0,00;EUR;ES;PAYPAL;delivered;113 chemin des Vignes, 46001 Valence;;WEB
ORD-20260603-00440;ORD-20260603-00440-2;2026-06-03 23:50:54;C011776;S0380;P003346;1;38,62;5,79;EUR;ES;PAYPAL;DELIVERED;113 chemin des Vignes, 46001 Valence;;WEB
ORD-20260603-00440;ORD-20260603-00440-3;2026-06-03 23:50:54;C011776;S0348;P007880;1;16,89;1,69;EUR;ES;PAYPAL;DELIVERED;113 chemin des Vignes, 46001 Valence;;WEB
ORD-20260603-00441;ORD-20260603-00441-1;2026-06-03 16:47:49;C014174;S0146;P002372;1;42,63;6,39;EUR;BE;CARD;DELIVERED;156 boulevard Saint-Michel, 2000 Anvers;FLASH5;WEB
ORD-20260603-00442;ORD-20260603-00442-1;2026-06-03 16:36:25;C009969;S0023;P002303;1;229,11;22,91;EUR;FR;CARD;DELIVERED;46 quai des Chartrons, 35000 Rennes;;WEB
ORD-20260603-00442;ORD-20260603-00442-2;2026-06-03 16:36:25;C009969;S0264;P006596;1;52,88;0,00;EUR;FR;CARD;DELIVERED;46 quai des Chartrons, 35000 Rennes;;WEB
ORD-20260603-00442;ORD-20260603-00442-3;2026-06-03 16:36:25;C009969;S0558;P006577;3;65,48;29,47;EUR;FR;CARD;DELIVERED;46 quai des Chartrons, 35000 Rennes;;WEB
ORD-20260603-00443;ORD-20260603-00443-1;2026-06-03 13:53:28;C001810;S0311;P005682;2;59,32;0,00;EUR;ES;CARD;DELIVERED;67 boulevard Saint-Michel, 08001 Barcelone;FLASH5;MOBILE_APP
ORD-20260603-00444;ORD-20260603-00444-1;2026-06-03 14:33:51;C016329;S0268;P002217;1;132,01;19,80;EUR;FR;CARD;Delivered;125 rue du Général Leclerc, 69003 Lyon;;WEB
ORD-20260603-00444;ORD-20260603-00444-2;2026-06-03 14:33:51;C016329;S0076;P006633;2;164,85;0,00;EUR;FR;CARD;delivered;125 rue du Général Leclerc, 69003 Lyon;;WEB
ORD-20260603-00444;ORD-20260603-00444-3;2026-06-03 14:33:51;C016329;S0330;P005425;2;120,55;0,00;EUR;FR;CARD;DELIVERED;125 rue du Général Leclerc, 69003 Lyon;;WEB
ORD-20260603-00444;ORD-20260603-00444-4;2026-06-03 14:33:51;C016329;S0542;P000413;1;37,22;0,00;EUR;FR;CARD;DELIVERED;125 rue du Général Leclerc, 69003 Lyon;;WEB
ORD-20260603-00445;ORD-20260603-00445-1;2026-06-03 09:47:51;C008680;S0180;P003746;3;EUR 26,96;0,00;EUR;IT;CARD;delivered;118 impasse du Moulin, 20121 Milan;FLASH5;WEB
ORD-20260603-00446;ORD-20260603-00446-1;2026-06-03 22:57:52;C016379;S0136;P004208;1;78,13;11,72;EUR;FR;CARD;CANCELLED;82 impasse du Moulin, 75011 Paris;SUMMER10;MARKETPLACE_API
ORD-20260603-00446;ORD-20260603-00446-2;2026-06-03 22:57:52;C016379;S0037;P003984;1;30,85;1,54;EUR;FR;CARD;CANCELLED;82 impasse du Moulin, 75011 Paris;SUMMER10;MARKETPLACE_API
ORD-20260603-00446;ORD-20260603-00446-3;2026-06-03 22:57:52;C016379;S0473;P003540;2;10,40;0,00;EUR;FR;CARD;CANCELLED;82 impasse du Moulin, 75011 Paris;SUMMER10;MARKETPLACE_API
ORD-20260603-00446;ORD-20260603-00446-4;2026-06-03 22:57:52;C016379;S0570;P000297;1;60,89;9,13;EUR;FR;CARD;CANCELLED;82 impasse du Moulin, 75011 Paris;SUMMER10;MARKETPLACE_API
ORD-20260603-00447;ORD-20260603-00447-1;2026-06-03 05:16:06;C003593;S0486;P007330;2;72,99;0,00;EUR;DE;PAYPAL; DELIVERED ;61 boulevard Saint-Michel, 80331 Munich;FLASH5;MARKETPLACE_API
ORD-20260603-00447;ORD-20260603-00447-2;2026-06-03 05:16:06;C003593;S0055;P007604;1;29,12;1,46;EUR;DE;PAYPAL;DELIVERED;61 boulevard Saint-Michel, 80331 Munich;FLASH5;MARKETPLACE_API
ORD-20260603-00447;ORD-20260603-00447-3;2026-06-03 05:16:06;C003593;S0389;P002624;1;74,75;0,00;EUR;DE;PAYPAL;DELIVERED;61 boulevard Saint-Michel, 80331 Munich;FLASH5;MARKETPLACE_API
ORD-20260603-00448;ORD-20260603-00448-1;2026-06-03 14:44:57;C020616;S0428;P001699;1;17,65;0,88;EUR;ES;CARD;SHIPPED;120 route de Bordeaux, 08001 Barcelone;;WEB
ORD-20260603-00448;ORD-20260603-00448-2;2026-06-03 14:44:57;C020616;S0420;P005074;2;132,15;0,00;EUR;ES;CARD;shipped;120 route de Bordeaux, 08001 Barcelone;;WEB
ORD-20260603-00448;ORD-20260603-00448-3;2026-06-03 14:44:57;C020616;S0546;P000838;1;158,60;0,00;EUR;ES;CARD; SHIPPED ;120 route de Bordeaux, 08001 Barcelone;;WEB
ORD-20260603-00448;ORD-20260603-00448-4;2026-06-03 14:44:57;C020616;S0464;P005950;1;65,48;3,27;EUR;ES;CARD;SHIPPED;120 route de Bordeaux, 08001 Barcelone;;WEB
ORD-20260603-00449;ORD-20260603-00449-1;2026-06-03 14:17:12;C002868;S0426;P000579;1;54,57;5,46;EUR;BE;CARD;delivered;126 rue du Général Leclerc, 2000 Anvers;;WEB
ORD-20260603-00449;ORD-20260603-00449-2;2026-06-03 14:17:12;C002868;S0290;P004441;1;44,45;0,00;EUR;BE;CARD;Delivered;126 rue du Général Leclerc, 2000 Anvers;;WEB
ORD-20260603-00449;ORD-20260603-00449-3;2026-06-03 14:17:12;C002868;S0109;P006486;1;58,99;5,90;EUR;BE;CARD;DELIVERED;126 rue du Général Leclerc, 2000 Anvers;;WEB
ORD-20260603-00449;ORD-20260603-00449-4;2026-06-03 14:17:12;C002868;S0423;P007146;1;81,42;8,14;EUR;BE;CARD;DELIVERED;126 rue du Général Leclerc, 2000 Anvers;;WEB
ORD-20260603-00449;ORD-20260603-00449-5;2026-06-03 14:17:12;C002868;S0260;P004511;2;12,30;0,00;EUR;BE;CARD;DELIVERED;126 rue du Général Leclerc, 2000 Anvers;;WEB
ORD-20260603-00450;ORD-20260603-00450-1;2026-06-03 18:25:03;C005831;S0337;P002902;1;8,07;0,81;EUR;ES;CARD;DELIVERED;91 rue de la République, 08001 Barcelone;WELCOME15;WEB
ORD-20260603-00450;ORD-20260603-00450-2;2026-06-03 18:25:03;C005831;S0407;P001219;3;38,72;5,81;EUR;ES;CARD;DELIVERED;91 rue de la République, 08001 Barcelone;WELCOME15;WEB
ORD-20260603-00450;ORD-20260603-00450-3;2026-06-03 18:25:03;C990782;S0188;P006766;1;30,30;0,00;EUR;ES;CARD;DELIVERED;91 rue de la République, 08001 Barcelone;WELCOME15;WEB
ORD-20260603-00451;ORD-20260603-00451-1;2026-06-03 18:42:01;C007789;S0391;P001415;1;71,79;0,00;EUR;FR;CARD;Delivered;127 avenue des Tilleuls, 13008 Marseille;;MOBILE_APP
ORD-20260603-00451;ORD-20260603-00451-2;2026-06-03 18:42:01;C007789;S0179;P004057;1;5,81;0,00;EUR;FR;CARD;DELIVERED;127 avenue des Tilleuls, 13008 Marseille;;MOBILE_APP
ORD-20260603-00451;ORD-20260603-00451-3;2026-06-03 18:42:01;C007789;S0562;P003296;2;65,16;0,00;EUR;FR;CARD;DELIVERED;127 avenue des Tilleuls, 13008 Marseille;;MOBILE_APP
ORD-20260603-00452;ORD-20260603-00452-1;2026-06-03 20:39:21;C007196;S0286;P000899;2;16,15;4,84;EUR;IT;CARD;DELIVERED;130 impasse du Moulin, 20121 Milan;;MOBILE_APP
ORD-20260603-00452;ORD-20260603-00452-2;2026-06-03 20:39:21;C007196;S0248;P007617;1;26,15;1,31;EUR;IT;CARD;DELIVERED;130 impasse du Moulin, 20121 Milan;;MOBILE_APP
ORD-20260603-00453;ORD-20260603-00453-1;2026-06-03 20:25:43;C004534;S0452;P000070;1;27,61;0,00;EUR;FR;CARD;PENDING;86 chemin des Vignes, 31000 Toulouse;;WEB
ORD-20260603-00454;ORD-20260603-00454-1;2026-06-03 18:18:13;C014184;S0276;P002022;1;127,63;0,00;EUR;NL;CARD;DELIVERED;52 rue du Général Leclerc, 1011 Amsterdam;;MOBILE_APP
ORD-20260603-00454;ORD-20260603-00454-2;2026-06-03 18:18:13;C014184;S0566;P000848;4;108,71;21,74;EUR;NL;CARD;delivered;52 rue du Général Leclerc, 1011 Amsterdam;;MOBILE_APP
ORD-20260603-00454;ORD-20260603-00454-3;2026-06-03 18:18:13;C014184;S0481;P003338;1;111,57;16,74;EUR;NL;CARD;delivered;52 rue du Général Leclerc, 1011 Amsterdam;;MOBILE_APP
ORD-20260603-00454;ORD-20260603-00454-3;2026-06-03 18:18:13;C014184;S0481;P003338;1;111,57;16,74;EUR;NL;CARD;delivered;52 rue du Général Leclerc, 1011 Amsterdam;;MOBILE_APP
ORD-20260603-00455;ORD-20260603-00455-1;2026-06-03 14:29:38;C018308;S0121;P002823;2;83,45;0,00;EUR;FR;PAYPAL;DELIVERED;44 allée des Peupliers, 59000 Lille;SUMMER10;MARKETPLACE_API
ORD-20260603-00455;ORD-20260603-00455-2;2026-06-03 14:29:38;C018308;S0150;P007265;2;34,51;0,00;EUR;FR;PAYPAL;DELIVERED;44 allée des Peupliers, 59000 Lille;SUMMER10;MARKETPLACE_API
ORD-20260603-00455;ORD-20260603-00455-3;2026-06-03 14:29:38;C018308;S0369;P006861;1;234,69;0,00;EUR;FR;PAYPAL; DELIVERED ;44 allée des Peupliers, 59000 Lille;SUMMER10;MARKETPLACE_API
ORD-20260603-00456;ORD-20260603-00456-1;2026-06-03 17:47:59;C006085;S0338;P006140;2;50,83;0,00;EUR;FR;CARD;SHIPPED;140 place de l'Église, 69003 Lyon;;MOBILE_APP
ORD-20260603-00457;ORD-20260603-00457-1;2026-06-03 14:30:28;C020278;S0140;P002233;2;88,50;8,85;EUR;BE;CARD;DELIVERED;99 rue Victor Hugo, 2000 Anvers;;WEB
ORD-20260603-00457;ORD-20260603-00457-2;2026-06-03 14:30:28;C020278;S0530;P003843;3;211,06;94,98;EUR;BE;CARD;DELIVERED;99 rue Victor Hugo, 2000 Anvers;;WEB
ORD-20260603-00457;ORD-20260603-00457-3;2026-06-03 14:30:28;C020278;S0348;P003998;1;20,23;2,02;EUR;BE;CARD;Delivered;99 rue Victor Hugo, 2000 Anvers;;WEB
ORD-20260603-00457;ORD-20260603-00457-4;2026-06-03 14:30:28;C020278;S0506;P002373;1;14.94;0,00;EUR;BE;CARD;DELIVERED;99 rue Victor Hugo, 2000 Anvers;;WEB
ORD-20260603-00458;ORD-20260603-00458-1;2026-06-03 11:20:04;C010441;S0267;P005652;1;20,10;1,01;EUR;BE;CARD;cancelled;91 rue du Général Leclerc, 1000 Bruxelles;;WEB
ORD-20260603-00458;ORD-20260603-00458-2;2026-06-03 11:20:04;C010441;S0052;P004742;1;90,57;0,00;EUR;BE;CARD;CANCELLED;91 rue du Général Leclerc, 1000 Bruxelles;;WEB
ORD-20260603-00459;ORD-20260603-00459-1;2026-06-03 11:33:58;C000738;S0316;P003348;3;53,18;7,98;EUR;ES;CARD;Cancelled;131 avenue des Tilleuls, 28001 Madrid;;MOBILE_APP
ORD-20260603-00460;ORD-20260603-00460-1;2026-06-03 12:43:09;C007013;S0077;P002815;1;81,98;12,30;EUR;BE;PAYPAL;Cancelled;89 avenue des Tilleuls, 4000 Liège;;MARKETPLACE_API
ORD-20260603-00460;ORD-20260603-00460-2;2026-06-03 12:43:09;C007013;S0164;P000893;1;5,74;0,00;EUR;BE;PAYPAL;CANCELLED;89 avenue des Tilleuls, 4000 Liège;;MARKETPLACE_API
ORD-20260603-00460;ORD-20260603-00460-3;2026-06-03 12:43:09;C007013;S0565;P000030;1;33,95;5,09;EUR;BE;PAYPAL;Cancelled;89 avenue des Tilleuls, 4000 Liège;;MARKETPLACE_API
ORD-20260603-00461;ORD-20260603-00461-1;2026-06-03 15:23:13;C004612;S0366;P007219;1;82,98;8,30;EUR;ES;CARD;SHIPPED;58 rue de la République, 46001 Valence;FLASH5;MOBILE_APP
ORD-20260603-00461;ORD-20260603-00461-2;2026-06-03 15:23:13;C004612;S0456;P005142;1;160,30;16,03;EUR;ES;CARD;SHIPPED;58 rue de la République, 46001 Valence;FLASH5;MOBILE_APP
ORD-20260603-00461;ORD-20260603-00461-3;2026-06-03 15:23:13;C004612;S0454;P006976;1;11,90;0,60;EUR;ES;CARD;SHIPPED;58 rue de la République, 46001 Valence;FLASH5;MOBILE_APP
ORD-20260603-00461;ORD-20260603-00461-4;2026-06-03 15:23:13;C004612;S0467;P002644;1;33,35;0,00;EUR;ES;CARD; SHIPPED ;58 rue de la République, 46001 Valence;FLASH5;MOBILE_APP
ORD-20260603-00461;ORD-20260603-00461-5;2026-06-03 15:23:13;C004612;S0083;P001241;1;55,29;0,00;EUR;ES;CARD;SHIPPED;58 rue de la République, 46001 Valence;FLASH5;MOBILE_APP
ORD-20260603-00462;ORD-20260603-00462-1;2026-06-03 19:13:52;C010219;S0219;P000869;1;20,18;0,00;EUR;FR;PAYPAL;DELIVERED;51 rue de la République, 31000 Toulouse;;WEB
ORD-20260603-00463;ORD-20260603-00463-1;2026-06-03 14:21:58;C024317;S0245;P003711;2;204,61;61,38;EUR;DE;PAYPAL;CANCELLED;152 avenue des Tilleuls, 80331 Munich;;MOBILE_APP
ORD-20260603-00464;ORD-20260603-00464-1;2026-06-03 16:40:34;C006568;S0414;P002955;1;103,72;0,00;EUR;BE;CARD;delivered;121 place de l'Église, 2000 Anvers;;MOBILE_APP
ORD-20260603-00464;ORD-20260603-00464-2;2026-06-03 16:40:34;C006568;S0524;P000233;2;65,69;13,14;EUR;BE;CARD;DELIVERED;121 place de l'Église, 2000 Anvers;;MOBILE_APP
ORD-20260603-00465;ORD-20260603-00465-1;2026-06-03 11:53:27;C003440;S0045;P000866;1;37,59;3,76;EUR;FR;PAYPAL;CANCELLED;53 quai des Chartrons, 35000 Rennes;FLASH5;MOBILE_APP
ORD-20260603-00465;ORD-20260603-00465-2;2026-06-03 11:53:27;C003440;S0197;P002139;1;23,61;0,00;EUR;FR;PAYPAL; CANCELLED ;53 quai des Chartrons, 35000 Rennes;FLASH5;MOBILE_APP
ORD-20260603-00465;ORD-20260603-00465-3;2026-06-03 11:53:27;C003440;S0290;P002095;1;20,86;0,00;EUR;FR;PAYPAL;CANCELLED;53 quai des Chartrons, 35000 Rennes;FLASH5;MOBILE_APP
ORD-20260603-00466;ORD-20260603-00466-1;2026-06-03 12:25:49;C001866;S0356;P007052;2;76,24;22,87;EUR;FR;APPLEPAY;DELIVERED;139 rue du Général Leclerc, 44000 Nantes;VIP20;MOBILE_APP
ORD-20260603-00467;ORD-20260603-00467-1;2026-06-03 14:00:42;C006656;S0385;P007630;3;61,59;18,48;EUR;FR;CARD;Delivered;90 rue du Général Leclerc, 75011 Paris;;WEB
ORD-20260603-00468;ORD-20260603-00468-1;2026-06-03 20:35:31;C011754;S0378;P003191;1;72,64;0,00;EUR;DE;CARD;Delivered;167 chemin des Vignes, 10115 Berlin;;WEB
ORD-20260603-00468;ORD-20260603-00468-2;2026-06-03 20:35:31;C011754;S0537;P005258;3;77,12;23,14;EUR;DE;CARD;DELIVERED;167 chemin des Vignes, 10115 Berlin;;WEB
ORD-20260603-00468;ORD-20260603-00468-3;2026-06-03 20:35:31;C011754;S0582;P004105;1;14,01;2,10;EUR;DE;CARD; DELIVERED ;167 chemin des Vignes, 10115 Berlin;;WEB
ORD-20260603-00468;ORD-20260603-00468-4;2026-06-03 20:35:31;C011754;S0337;P004237;1;32,04;4,81;EUR;DE;CARD; DELIVERED ;167 chemin des Vignes, 10115 Berlin;;WEB
ORD-20260603-00469;ORD-20260603-00469-1;2026-06-03 14:16:48;C013861;S0376;P005944;2;101,90;0,00;EUR;IT;GIFTCARD;DELIVERED;18 avenue des Tilleuls, 20121 Milan;WELCOME15;WEB
ORD-20260603-00469;ORD-20260603-00469-2;2026-06-03 14:16:48;C013861;S0273;P005565;1;61,58;6,16;EUR;IT;GIFTCARD;DELIVERED;18 avenue des Tilleuls, 20121 Milan;WELCOME15;WEB
ORD-20260603-00470;ORD-20260603-00470-1;2026-06-03 08:06:49;C013885;S0149;P003318;2;55,96;16,79;EUR;ES;CARD;DELIVERED;166 allée des Peupliers, 08001 Barcelone;VIP20;WEB
ORD-20260603-00470;ORD-20260603-00470-2;2026-06-03 08:06:49;C013885;S0167;P001406;2;17,45;0,00;EUR;ES;CARD;DELIVERED;166 allée des Peupliers, 08001 Barcelone;VIP20;WEB
ORD-20260603-00471;ORD-20260603-00471-1;2026-06-03 16:31:54;C006821;S0051;P000006;1;61,75;0,00;EUR;DE;TRANSFER;CANCELLED;131 boulevard Saint-Michel, 20095 Hambourg;VIP20;WEB
ORD-20260603-00471;ORD-20260603-00471-2;2026-06-03 16:31:54;C006821;S0269;P001587;1;145,61;0,00;EUR;DE;TRANSFER;CANCELLED;131 boulevard Saint-Michel, 20095 Hambourg;VIP20;WEB
ORD-20260603-00471;ORD-20260603-00471-3;2026-06-03 16:31:54;C006821;S0474;P007369;2;40,04;0,00;EUR;DE;TRANSFER;Cancelled;131 boulevard Saint-Michel, 20095 Hambourg;VIP20;WEB
ORD-20260603-00472;ORD-20260603-00472-1;2026-06-03 21:46:49;C010227;S0395;P000999;1;89,39;0,00;EUR;ES;CARD;DELIVERED;10 allée des Peupliers, 28001 Madrid;FREESHIP;MOBILE_APP
ORD-20260603-00473;ORD-20260603-00473-1;2026-06-03 07:23:23;C012041;S0562;P004307;2;21,12;6,34;EUR;DE;CARD;delivered;169 chemin des Vignes, 10115 Berlin;;MARKETPLACE_API
ORD-20260603-00474;ORD-20260603-00474-1;2026-06-03 05:58:05;C007580;S0526;P000266;1;45,61;0,00;EUR;DE;PAYPAL; CANCELLED ;123 quai des Chartrons, 20095 Hambourg;FLASH5;MOBILE_APP
ORD-20260603-00474;ORD-20260603-00474-2;2026-06-03 05:58:05;C007580;S0363;P997288;1;14,04;0,00;EUR;DE;PAYPAL;CANCELLED;123 quai des Chartrons, 20095 Hambourg;FLASH5;MOBILE_APP
ORD-20260603-00475;ORD-20260603-00475-1;2026-06-03 12:09:53;C012282;S0155;P000748;3;171,20;25,68;EUR;DE;CARD;DELIVERED;103 place de l'Église, 20095 Hambourg;;WEB
ORD-20260603-00475;ORD-20260603-00475-2;2026-06-03 12:09:53;C012282;S0304;P002153;2;179,77;17,98;EUR;DE;CARD; DELIVERED ;103 place de l'Église, 20095 Hambourg;;WEB
ORD-20260603-00476;ORD-20260603-00476-1;2026-06-03 18:26:01;C009376;S0427;P005365;1;40,76;0,00;EUR;FR;TRANSFER; DELIVERED ;37 rue du Général Leclerc, 44000 Nantes;;WEB
ORD-20260603-00476;ORD-20260603-00476-2;2026-06-03 18:26:01;C009376;S0101;P001671;1;27,58;0,00;EUR;FR;TRANSFER;DELIVERED;37 rue du Général Leclerc, 44000 Nantes;;WEB
ORD-20260603-00476;ORD-20260603-00476-3;2026-06-03 18:26:01;C009376;S0184;P004361;1;40,63;4,06;EUR;FR;TRANSFER;delivered;37 rue du Général Leclerc, 44000 Nantes;;WEB
ORD-20260603-00476;ORD-20260603-00476-4;2026-06-03 18:26:01;C009376;S0362;P006622;2;70,29;14,06;EUR;FR;TRANSFER; DELIVERED ;37 rue du Général Leclerc, 44000 Nantes;;WEB
ORD-20260603-00476;ORD-20260603-00476-5;2026-06-03 18:26:01;C009376;S0516;P000765;1;64,10;0,00;EUR;FR;TRANSFER;DELIVERED;37 rue du Général Leclerc, 44000 Nantes;;WEB
ORD-20260603-00477;ORD-20260603-00477-1;2026-06-03 16:37:11;C001483;S0398;P006751;3;97,33;14,60;EUR;FR;CARD;DELIVERED;63 allée des Peupliers, 67000 Strasbourg;WELCOME15;WEB
ORD-20260603-00477;ORD-20260603-00477-2;2026-06-03 16:37:11;C001483;S0580;P003638;1;156,03;0,00;EUR;FR;CARD;DELIVERED;63 allée des Peupliers, 67000 Strasbourg;WELCOME15;WEB
ORD-20260603-00478;ORD-20260603-00478-1;2026-06-03 17:47:27;C018851;S0495;P003861;1;101,11;0,00;EUR;FR;PAYPAL;DELIVERED;92 chemin des Vignes, 13008 Marseille;FLASH5;WEB
ORD-20260603-00479;ORD-20260603-00479-1;2026-06-03 13:52:58;C013632;S0518;P002538;1;67,01;6,70;EUR;FR;CARD;CANCELLED;106 rue de la République, 59000 Lille;;MOBILE_APP
ORD-20260603-00479;ORD-20260603-00479-2;2026-06-03 13:52:58;C013632;S0143;P005510;2;84,45;25,34;EUR;FR;CARD;CANCELLED;106 rue de la République, 59000 Lille;;MOBILE_APP
ORD-20260603-00479;ORD-20260603-00479-3;2026-06-03 13:52:58;C013632;S0273;P002103;2;64,11;6,41;EUR;FR;CARD;CANCELLED;106 rue de la République, 59000 Lille;;MOBILE_APP
ORD-20260603-00480;ORD-20260603-00480-1;2026-06-03 15:41:52;C010475;S0591;P002066;1;17,36;0,00;EUR;NL;CARD;DELIVERED;129 chemin des Vignes, 1011 Amsterdam;;WEB
ORD-20260603-00481;ORD-20260603-00481-1;2026-06-03 21:13:46;C022783;S0279;P007426;2;23,41;7,02;EUR;FR;CARD;DELIVERED;131 place de l'Église, 13008 Marseille;WELCOME15;MOBILE_APP
ORD-20260603-00481;ORD-20260603-00481-2;2026-06-03 21:13:46;C022783;S0262;P002958;2;218,34;21,83;EUR;FR;CARD; DELIVERED ;131 place de l'Église, 13008 Marseille;WELCOME15;MOBILE_APP
ORD-20260603-00482;ORD-20260603-00482-1;2026-06-03 18:54:42;C006849;S0563;P002993;1;46,66;0,00;EUR;IT;CARD;DELIVERED;61 cours Gambetta, 20121 Milan;VIP20;MOBILE_APP
ORD-20260603-00483;ORD-20260603-00483-1;2026-06-03 15:36:21;C020061;S0537;P000462;3;16,84;5,05;EUR;IT;TRANSFER;DELIVERED;152 rue de la République, 20121 Milan;;MOBILE_APP
ORD-20260603-00484;ORD-20260603-00484-1;2026-06-03 16:10:25;C006364;S0026;P001756;1;52,18;0,00;EUR;FR;CARD;DELIVERED;132 avenue des Tilleuls, 69003 Lyon;SUMMER10;MOBILE_APP
ORD-20260603-00484;ORD-20260603-00484-1;2026-06-03 16:10:25;C006364;S0026;P001756;1;52,18;0,00;EUR;FR;CARD;DELIVERED;132 avenue des Tilleuls, 69003 Lyon;SUMMER10;MOBILE_APP
ORD-20260603-00484;ORD-20260603-00484-2;2026-06-03 16:10:25;C006364;S0259;P002369;2;16,94;0,00;EUR;FR;CARD;DELIVERED;132 avenue des Tilleuls, 69003 Lyon;SUMMER10;MOBILE_APP
ORD-20260603-00484;ORD-20260603-00484-3;2026-06-03 16:10:25;C006364;S0441;P003695;2;63,48;12,70;EUR;FR;CARD;DELIVERED;132 avenue des Tilleuls, 69003 Lyon;SUMMER10;MOBILE_APP
ORD-20260603-00484;ORD-20260603-00484-4;2026-06-03 16:10:25;C006364;S0374;P007228;1;97,36;0,00;EUR;FR;CARD;DELIVERED;132 avenue des Tilleuls, 69003 Lyon;SUMMER10;MOBILE_APP
ORD-20260603-00485;ORD-20260603-00485-1;2026-06-03 14:16:23;C022966;S0451;P006641;1;44,93;2,25;EUR;DE;APPLEPAY;SHIPPED;176 boulevard Saint-Michel, 10115 Berlin;WELCOME15;WEB
ORD-20260603-00486;ORD-20260603-00486-1;2026-06-03 13:09:17;C001128;S0363;P005928;1;18,28;0,00;EUR;ES;CARD;DELIVERED;4 place de l'Église, 46001 Valence;WELCOME15;WEB
ORD-20260603-00487;ORD-20260603-00487-1;2026-06-03 15:33:09;C023630;S0378;P003191;1;69,44;6,94;EUR;ES;APPLEPAY;DELIVERED;91 rue Victor Hugo, 08001 Barcelone;VIP20;WEB
ORD-20260603-00488;ORD-20260603-00488-1;2026-06-03 15:48:11;C007681;S0423;P003941;1;89,10;13,36;EUR;ES;PAYPAL;PENDING;120 quai des Chartrons, 08001 Barcelone;FREESHIP;WEB
ORD-20260603-00488;ORD-20260603-00488-2;2026-06-03 15:48:11;C007681;S0367;P002221;1;26,91;4,04;EUR;ES;PAYPAL;PENDING;120 quai des Chartrons, 08001 Barcelone;FREESHIP;WEB
ORD-20260603-00488;ORD-20260603-00488-3;2026-06-03 15:48:11;C007681;S0082;P000667;1;69,30;6,93;EUR;ES;PAYPAL;PENDING;120 quai des Chartrons, 08001 Barcelone;FREESHIP;WEB
ORD-20260603-00488;ORD-20260603-00488-4;2026-06-03 15:48:11;C007681;S0465;P000955;1;136,02;0,00;EUR;ES;PAYPAL;PENDING;120 quai des Chartrons, 08001 Barcelone;FREESHIP;WEB
ORD-20260603-00488;ORD-20260603-00488-5;2026-06-03 15:48:11;C007681;S0148;P006657;2;20,58;4,12;EUR;ES;PAYPAL;PENDING;120 quai des Chartrons, 08001 Barcelone;FREESHIP;WEB
ORD-20260603-00489;ORD-20260603-00489-1;2026-06-03 19:17:22;C013494;S0435;P003311;1;37,51;0,00;EUR;FR;PAYPAL;RETURNED;127 place de l'Église, 75011 Paris;;MARKETPLACE_API
ORD-20260603-00489;ORD-20260603-00489-2;2026-06-03 19:17:22;C013494;S0328;P005768;2;228,66;0,00;EUR;FR;PAYPAL;Returned;127 place de l'Église, 75011 Paris;;MARKETPLACE_API
ORD-20260603-00489;ORD-20260603-00489-3;2026-06-03 19:17:22;C013494;S0023;P005890;1;158,92;7,95;EUR;FR;PAYPAL;returned;127 place de l'Église, 75011 Paris;;MARKETPLACE_API
ORD-20260603-00490;ORD-20260603-00490-1;2026-06-03 10:03:08;C011617;S0490;P004680;1;254,78;0,00;EUR;DE;CARD; DELIVERED ;60 place de l'Église, 20095 Hambourg;WELCOME15;MARKETPLACE_API
ORD-20260603-00491;ORD-20260603-00491-1;2026-06-03 11:49:36;C018858;S0132;P000717;1;134,28;0,00;EUR;FR;APPLEPAY;shipped;89 route de Bordeaux, 69003 Lyon;;MOBILE_APP
ORD-20260603-00492;ORD-20260603-00492-1;2026-06-03 21:27:12;C002824;S0584;P001622;1;76,06;11,41;EUR;FR;CARD;DELIVERED;36 rue de la République, 59000 Lille;SUMMER10;WEB
ORD-20260603-00493;ORD-20260603-00493-1;2026-06-03 10:08:40;C021694;S0339;P006636;1;82,87;0,00;EUR;DE;CARD;DELIVERED;137 allée des Peupliers, 80331 Munich;VIP20;WEB
ORD-20260603-00493;ORD-20260603-00493-2;2026-06-03 10:08:40;C021694;S0016;P005864;1;46,85;0,00;EUR;DE;CARD;delivered;137 allée des Peupliers, 80331 Munich;VIP20;WEB
ORD-20260603-00494;ORD-20260603-00494-1;2026-06-03 09:24:11;C009371;S0440;P004071;1;114,53;5,73;EUR;FR;CARD;CANCELLED;35 quai des Chartrons, 69003 Lyon;FLASH5;WEB
ORD-20260603-00494;ORD-20260603-00494-2;2026-13-45 99:99:99;C009371;S0445;P001585;2;92,46;27,74;EUR;FR;CARD;CANCELLED;35 quai des Chartrons, 69003 Lyon;FLASH5;WEB
ORD-20260603-00495;ORD-20260603-00495-1;2026-06-03 15:16:35;C001386;S0406;P004192;1;41,24;2,06;EUR;BE;CARD;DELIVERED;78 cours Gambetta, 2000 Anvers;;MOBILE_APP
ORD-20260603-00495;ORD-20260603-00495-2;2026-06-03 15:16:35;C001386;S0327;P002762;1;37,29;0,00;EUR;BE;CARD;DELIVERED;78 cours Gambetta, 2000 Anvers;;MOBILE_APP
ORD-20260603-00496;ORD-20260603-00496-1;2026-06-03 16:40:40;C020687;S0390;P006841;1;79,77;0,00;EUR;NL;CARD;DELIVERED;135 impasse du Moulin, 1011 Amsterdam;FREESHIP;WEB
ORD-20260603-00497;ORD-20260603-00497-1;2026-06-03 16:41:21;C005501;S0268;P000350;2;29,38;5,88;EUR;IT;CARD;DELIVERED;159 chemin des Vignes, 20121 Milan;FLASH5;MOBILE_APP
ORD-20260603-00497;ORD-20260603-00497-2;2026-06-03 16:41:21;C005501;S0502;P002701;1;39,84;0,00;EUR;IT;CARD;DELIVERED;159 chemin des Vignes, 20121 Milan;FLASH5;MOBILE_APP
ORD-20260603-00497;ORD-20260603-00497-3;2026-06-03 16:41:21;C005501;S0028;P001096;3;57,20;8,58;EUR;IT;CARD;DELIVERED;159 chemin des Vignes, 20121 Milan;FLASH5;MOBILE_APP
ORD-20260603-00498;ORD-20260603-00498-1;2026-06-03 14:54:09;C009336;S0137;P007776;1;71,76;10,76;EUR;FR;PAYPAL;DELIVERED;146 quai des Chartrons, 75011 Paris;;WEB
ORD-20260603-00498;ORD-20260603-00498-2;2026-06-03 14:54:09;C009336;S0264;P006923;2;15,58;0,00;EUR;FR;PAYPAL;DELIVERED;146 quai des Chartrons, 75011 Paris;;WEB
ORD-20260603-00499;ORD-20260603-00499-1;2026-06-03 07:02:32;C016166;S0522;P005128;1;76,67;0,00;EUR;FR;CARD;DELIVERED;18 rue de la République, 59000 Lille;;MOBILE_APP
ORD-20260603-00499;ORD-20260603-00499-2;2026-06-03 07:02:32;C016166;S0309;P005553;1;71,08;0,00;EUR;FR;CARD;DELIVERED;18 rue de la République, 59000 Lille;;MOBILE_APP
ORD-20260603-00499;ORD-20260603-00499-3;2026-06-03 07:02:32;C016166;S0395;P002647;2;37,19;11,16;EUR;FR;CARD;DELIVERED;18 rue de la République, 59000 Lille;;MOBILE_APP
ORD-20260603-00499;ORD-20260603-00499-4;2026-06-03 07:02:32;C016166;S0304;P001220;1;51,60;5,16;EUR;FR;CARD;Delivered;18 rue de la République, 59000 Lille;;MOBILE_APP
ORD-20260603-00500;ORD-20260603-00500-1;2026-06-03 17:10:40;C019505;S0221;P000661;1;39,84;1,99;EUR;DE;PAYPAL; DELIVERED ;138 rue de la République, 10115 Berlin;FREESHIP;MOBILE_APP
ORD-20260603-00500;ORD-20260603-00500-2;2026-06-03 17:10:40;C019505;S0441;P007101;2;46,20;13,86;EUR;DE;PAYPAL; DELIVERED ;138 rue de la République, 10115 Berlin;FREESHIP;MOBILE_APP
ORD-20260603-00500;ORD-20260603-00500-3;2026-06-03 17:10:40;C019505;S0171;P003425;2;199,10;0,00;EUR;DE;PAYPAL;DELIVERED;138 rue de la République, 10115 Berlin;FREESHIP;MOBILE_APP
ORD-20260603-00500;ORD-20260603-00500-4;2026-06-03 17:10:40;C019505;S0464;P005509;1;124,08;0,00;EUR;DE;PAYPAL;DELIVERED;138 rue de la République, 10115 Berlin;FREESHIP;MOBILE_APP
ORD-20260603-00501;ORD-20260603-00501-1;06/03/2026;C007941;S0093;P005297;2;156,61;0,00;EUR;ES;PAYPAL;CANCELLED;79 chemin des Vignes, 08001 Barcelone;FREESHIP;MOBILE_APP
ORD-20260603-00502;ORD-20260603-00502-1;2026-06-03 23:05:54;C016281;S0374;P006335;3;63,98;28,79;EUR;BE;PAYPAL;PENDING;86 allée des Peupliers, 2000 Anvers;VIP20;MOBILE_APP
ORD-20260603-00502;ORD-20260603-00502-2;2026-06-03 23:05:54;C016281;S0242;P005675;3;115,07;34,52;EUR;BE;PAYPAL;PENDING;86 allée des Peupliers, 2000 Anvers;VIP20;MOBILE_APP
ORD-20260603-00503;ORD-20260603-00503-1;2026-06-03 08:25:31;C005797;S0391;P006698;1;18,15;0,00;EUR;IT;APPLEPAY;DELIVERED;88 quai des Chartrons, 00184 Rome;VIP20;MOBILE_APP
ORD-20260603-00503;ORD-20260603-00503-1;2026-06-03 08:25:31;C005797;S0391;P006698;1;18,15;0,00;EUR;IT;APPLEPAY;DELIVERED;88 quai des Chartrons, 00184 Rome;VIP20;MOBILE_APP
ORD-20260603-00504;ORD-20260603-00504-1;2026-06-03 19:24:48;C001756;S0552;P006914;1;75,27;0,00;EUR;NL;PAYPAL;PENDING;137 boulevard Saint-Michel, 1011 Amsterdam;FREESHIP;MARKETPLACE_API
ORD-20260603-00505;ORD-20260603-00505-1;2026-06-03 18:50:37;C012562;S0562;P004307;1;19,58;1,96;EUR;FR;PAYPAL;DELIVERED;109 boulevard Saint-Michel, 33000 Bordeaux;;MOBILE_APP
ORD-20260603-00505;ORD-20260603-00505-2;2026-06-03 18:50:37;C012562;S0209;P004218;1;91,46;13,72;EUR;FR;PAYPAL; DELIVERED ;109 boulevard Saint-Michel, 33000 Bordeaux;;MOBILE_APP
ORD-20260603-00506;ORD-20260603-00506-1;2026-06-03 05:56:52;C024626;S0539;P006887;1;75,44;11,32;EUR;FR;PAYPAL;delivered;63 rue de la République, 31000 Toulouse;WELCOME15;MOBILE_APP
ORD-20260603-00506;ORD-20260603-00506-2;2026-06-03 05:56:52;C024626;S0029;P005966;1;58,87;8,83;EUR;FR;PAYPAL;DELIVERED;63 rue de la République, 31000 Toulouse;WELCOME15;MOBILE_APP
ORD-20260603-00507;ORD-20260603-00507-1;2026-06-03 23:35:23;C014716;S0519;P005468;1;65,13;9,77;EUR;BE;CARD;delivered;116 place de l'Église, 2000 Anvers;FLASH5;MOBILE_APP
ORD-20260603-00508;ORD-20260603-00508-1;2026-06-03 13:03:26;C020653;S0139;P001678;2;51,02;0,00;EUR;IT;PAYPAL;shipped;9 chemin des Vignes, 00184 Rome;FREESHIP;MOBILE_APP
ORD-20260603-00509;ORD-20260603-00509-1;2026-06-03 13:21:49;C020820;S0100;P007243;1;112,40;0,00;EUR;DE;CARD;DELIVERED;21 route de Bordeaux, 20095 Hambourg;FREESHIP;MOBILE_APP
ORD-20260603-00510;ORD-20260603-00510-1;2026-06-03 12:35:47;C003841;S0162;P001956;1;47,75;0,00;EUR;IT;CARD; DELIVERED ;162 quai des Chartrons, 00184 Rome;WELCOME15;WEB
ORD-20260603-00510;ORD-20260603-00510-2;2026-06-03 12:35:47;C003841;S0423;P006129;1;71,97;3,60;EUR;IT;CARD;DELIVERED;162 quai des Chartrons, 00184 Rome;WELCOME15;WEB
ORD-20260603-00510;ORD-20260603-00510-3;2026-06-03 12:35:47;C003841;S0033;P002705;1;140,86;21,13;EUR;IT;CARD;DELIVERED;162 quai des Chartrons, 00184 Rome;WELCOME15;WEB
ORD-20260603-00510;ORD-20260603-00510-4;2026-06-03 12:35:47;C003841;S0563;P005327;1;34,47;1,72;EUR;IT;CARD;DELIVERED;162 quai des Chartrons, 00184 Rome;WELCOME15;WEB
ORD-20260603-00510;ORD-20260603-00510-5;2026-06-03 12:35:47;C003841;S0293;P000474;1;70,48;0,00;EUR;IT;CARD;DELIVERED;162 quai des Chartrons, 00184 Rome;WELCOME15;WEB
ORD-20260603-00511;ORD-20260603-00511-1;2026-06-03 15:02:58;C000107;S0041;P004300;2;186,84;0,00;EUR;ES;CARD;SHIPPED;176 chemin des Vignes, 28001 Madrid;FLASH5;MOBILE_APP
ORD-20260603-00511;ORD-20260603-00511-2;2026-06-03 15:02:58;C000107;S0256;P003280;4;38,90;0,00;EUR;ES;CARD;SHIPPED;176 chemin des Vignes, 28001 Madrid;FLASH5;MOBILE_APP
ORD-20260603-00512;ORD-20260603-00512-1;2026-06-03 19:28:47;C003808;S0307;P003808;2;68,51;0,00;EUR;DE;CARD;RETURNED;128 rue du Général Leclerc, 10115 Berlin;;MOBILE_APP
ORD-20260603-00513;ORD-20260603-00513-1;2026-06-03 21:10:27;C005054;S0427;P000768;1;162,62;8,13;EUR;FR;CARD;RETURNED;155 boulevard Saint-Michel, 75011 Paris;FREESHIP;MARKETPLACE_API
ORD-20260603-00513;ORD-20260603-00513-2;2026-06-03 21:10:27;C005054;S0488;P000903;3;16,13;0,00;EUR;FR;CARD;RETURNED;155 boulevard Saint-Michel, 75011 Paris;FREESHIP;MARKETPLACE_API
ORD-20260603-00514;ORD-20260603-00514-1;2026-06-03 16:31:16;C994569;S0204;P003967;1;60,69;9,10;EUR;DE;PAYPAL;DELIVERED;21 cours Gambetta, 80331 Munich;WELCOME15;WEB
ORD-20260603-00515;ORD-20260603-00515-1;2026-06-03 18:59:42;C018175;S0184;P002102;1;14,94;0,00;EUR;FR;CARD;Delivered;57 allée des Peupliers, 67000 Strasbourg;WELCOME15;WEB
ORD-20260603-00515;ORD-20260603-00515-2;2026-06-03 18:59:42;C018175;S0290;P001471;3;47,35;7,10;EUR;FR;CARD;DELIVERED;57 allée des Peupliers, 67000 Strasbourg;WELCOME15;WEB
ORD-20260603-00515;ORD-20260603-00515-3;2026-06-03 18:59:42;C018175;S0316;P003231;1;66,88;0,00;EUR;FR;CARD; DELIVERED ;57 allée des Peupliers, 67000 Strasbourg;WELCOME15;WEB
ORD-20260603-00516;ORD-20260603-00516-1;2026-06-03 20:05:49;C009075;S0099;P001351;2;8,01;0,80;EUR;IT;PAYPAL;DELIVERED;53 impasse du Moulin, 20121 Milan;WELCOME15;WEB
ORD-20260603-00516;ORD-20260603-00516-2;2026-06-03 20:05:49;C009075;S0477;P006489;1;65,69;0,00;EUR;IT;PAYPAL; DELIVERED ;53 impasse du Moulin, 20121 Milan;WELCOME15;WEB
ORD-20260603-00517;ORD-20260603-00517-1;2026-06-03 14:33:53;C018425;S0073;P003330;1;57,34;2,87;EUR;FR;CARD;DELIVERED;154 rue du Général Leclerc, 35000 Rennes;;MOBILE_APP
ORD-20260603-00517;ORD-20260603-00517-2;2026-06-03 14:33:53;C018425;S0127;P001421;1;58,47;8,77;EUR;FR;CARD;DELIVERED;154 rue du Général Leclerc, 35000 Rennes;;MOBILE_APP
ORD-20260603-00518;ORD-20260603-00518-1;2026-06-03 19:49:11;C012812;S0023;P002650;2;100,42;0,00;EUR;BE;CARD;Cancelled;63 cours Gambetta, 4000 Liège;SUMMER10;WEB
ORD-20260603-00519;ORD-20260603-00519-1;2026-06-03 11:57:20;C023566;S0435;P006674;2;68,75;6,88;EUR;FR;PAYPAL;RETURNED;45 rue Victor Hugo, 33000 Bordeaux;VIP20;WEB
ORD-20260603-00519;ORD-20260603-00519-2;2026-06-03 11:57:20;C023566;S0550;P005056;1;92,40;4,62;EUR;FR;PAYPAL;returned;45 rue Victor Hugo, 33000 Bordeaux;VIP20;WEB
ORD-20260603-00519;ORD-20260603-00519-3;2026-06-03 11:57:20;C023566;S0356;P006123;2;90,57;0,00;EUR;FR;PAYPAL;RETURNED;45 rue Victor Hugo, 33000 Bordeaux;VIP20;WEB
ORD-20260603-00519;ORD-20260603-00519-4;2026-06-03 11:57:20;C023566;S0509;P003328;1;21,11;3,17;EUR;FR;PAYPAL;RETURNED;45 rue Victor Hugo, 33000 Bordeaux;VIP20;WEB
ORD-20260603-00520;ORD-20260603-00520-1;2026-06-03 13:33:46;C016472;S0169;P000232;1;44,38;4,44;EUR;ES;CARD;DELIVERED;113 route de Bordeaux, 46001 Valence;;MOBILE_APP
ORD-20260603-00520;ORD-20260603-00520-2;2026-06-03 13:33:46;C016472;S0372;P007259;1;61,22;0,00;EUR;ES;CARD;delivered;113 route de Bordeaux, 46001 Valence;;MOBILE_APP
ORD-20260603-00521;ORD-20260603-00521-1;2026-06-03 10:12:23;C001416;S0436;P005094;4;54,90;32,94;EUR;IT;CARD;DELIVERED;100 avenue des Tilleuls, 00184 Rome;VIP20;MOBILE_APP
ORD-20260603-00521;ORD-20260603-00521-1;2026-06-03 10:12:23;C001416;S0436;P005094;4;54,90;32,94;EUR;IT;CARD;DELIVERED;100 avenue des Tilleuls, 00184 Rome;VIP20;MOBILE_APP
ORD-20260603-00521;ORD-20260603-00521-2;2026-06-03 10:12:23;C001416;S0084;P004093;1;69,09;0,00;EUR;IT;CARD;DELIVERED;100 avenue des Tilleuls, 00184 Rome;VIP20;MOBILE_APP
ORD-20260603-00522;ORD-20260603-00522-1;2026-06-03 22:47:43;C021489;S0460;P000090;2;55,32;0,00;EUR;FR;CARD;DELIVERED;79 chemin des Vignes, 44000 Nantes;;MOBILE_APP
ORD-20260603-00523;ORD-20260603-00523-1;2026-06-03 14:48:22;C001832;S0451;P000592;1;14,35;2,15;EUR;FR;CARD;Pending;48 impasse du Moulin, 33000 Bordeaux;VIP20;MOBILE_APP
ORD-20260603-00523;ORD-20260603-00523-2;2026-06-03 14:48:22;C001832;S0434;P007960;1;214,92;0,00;EUR;FR;CARD;PENDING;48 impasse du Moulin, 33000 Bordeaux;VIP20;MOBILE_APP
ORD-20260603-00523;ORD-20260603-00523-3;2026-06-03 14:48:22;C001832;S0346;P005357;1;37,09;5,56;EUR;FR;CARD;Pending;48 impasse du Moulin, 33000 Bordeaux;VIP20;MOBILE_APP
ORD-20260603-00523;ORD-20260603-00523-4;2026-06-03 14:48:22;C001832;S0273;P001320;2;14,98;0,00;EUR;FR;CARD;PENDING;48 impasse du Moulin, 33000 Bordeaux;VIP20;MOBILE_APP
ORD-20260603-00524;ORD-20260603-00524-1;2026-06-03 05:30:57;C023858;S0041;P002228;1;92,79;0,00;EUR;DE;CARD; DELIVERED ;57 impasse du Moulin, 10115 Berlin;;WEB
ORD-20260603-00525;ORD-20260603-00525-1;2026-06-03 17:59:25;C018092;S0303;P003963;1;39,38;5,91;EUR;BE;TRANSFER;PENDING;153 boulevard Saint-Michel, 2000 Anvers;;MARKETPLACE_API
ORD-20260603-00525;ORD-20260603-00525-2;2026-06-03 17:59:25;C018092;S0497;P001580;1;71,53;3,58;EUR;BE;TRANSFER;PENDING;153 boulevard Saint-Michel, 2000 Anvers;;MARKETPLACE_API
ORD-20260603-00526;ORD-20260603-00526-1;2026-06-03 12:53:22;C021569;S0129;P003784;1;43,87;4,39;EUR;FR;CARD;DELIVERED;12 rue du Général Leclerc, 13008 Marseille;FREESHIP;WEB
ORD-20260603-00526;ORD-20260603-00526-2;2026-06-03 12:53:22;C021569;S0205;P001225;1;8,21;1,23;EUR;FR;CARD;DELIVERED;12 rue du Général Leclerc, 13008 Marseille;FREESHIP;WEB
ORD-20260603-00526;ORD-20260603-00526-3;2026-06-03 12:53:22;C021569;S0481;P003026;1;80,21;4,01;EUR;FR;CARD;DELIVERED;12 rue du Général Leclerc, 13008 Marseille;FREESHIP;WEB
ORD-20260603-00527;ORD-20260603-00527-1;2026-06-03 09:12:42;C021169;S0513;P003004;2;92,55;0,00;EUR;ES;CARD;DELIVERED;50 route de Bordeaux, 08001 Barcelone;FREESHIP;MOBILE_APP
ORD-20260603-00528;ORD-20260603-00528-1;2026-06-03 12:05:10;C014338;S0459;P005242;2;32,77;0,00;EUR;FR;CARD; DELIVERED ;127 place de l'Église, 35000 Rennes;VIP20;MARKETPLACE_API
ORD-20260603-00528;ORD-20260603-00528-2;2026-06-03 12:05:10;C014338;S0307;P006054;1;78,81;7,88;EUR;FR;CARD;DELIVERED;127 place de l'Église, 35000 Rennes;VIP20;MARKETPLACE_API
ORD-20260603-00529;ORD-20260603-00529-1;2026-06-03 23:20:44;C008781;S0042;P005219;1;6,19;0,93;EUR;BE;CARD; CANCELLED ;133 chemin des Vignes, 2000 Anvers;;MOBILE_APP
ORD-20260603-00530;ORD-20260603-00530-1;2026-06-03 15:53:57;C018994;S0118;P004457;2;29,22;0,00;EUR;ES;CARD;CANCELLED;140 avenue des Tilleuls, 46001 Valence;;MARKETPLACE_API
ORD-20260603-00531;ORD-20260603-00531-1;2026-06-03 15:52:33;C019674;S0430;P000236;1;59,12;0,00;EUR;FR;TRANSFER;delivered;93 impasse du Moulin, 13008 Marseille;;WEB
ORD-20260603-00531;ORD-20260603-00531-2;2026-06-03 15:52:33;C019674;S0118;P003399;1;18,17;1,82;EUR;FR;TRANSFER;DELIVERED;93 impasse du Moulin, 13008 Marseille;;WEB
ORD-20260603-00532;ORD-20260603-00532-1;2026-06-03 16:07:17;C017338;S0107;P002708;1;204,88;20,49;EUR;DE;CARD;SHIPPED;120 place de l'Église, 80331 Munich;SUMMER10;WEB
ORD-20260603-00533;ORD-20260603-00533-1;2026-06-03 12:40:49;C012798;S0095;P004753;1;81,33;0,00;EUR;IT;CARD;DELIVERED;97 route de Bordeaux, 20121 Milan;;WEB
ORD-20260603-00533;ORD-20260603-00533-2;2026-06-03 12:40:49;C012798;S0356;P002453;1;83,50;8,35;EUR;IT;CARD;DELIVERED;97 route de Bordeaux, 20121 Milan;;WEB
ORD-20260603-00534;ORD-20260603-00534-1;2026-06-03 14:54:05;C011959;S0037;P006152;2;92,78;0,00;EUR;DE;CARD;DELIVERED;119 cours Gambetta, 20095 Hambourg;VIP20;MOBILE_APP
ORD-20260603-00535;ORD-20260603-00535-1;2026-06-03 10:02:50;C005487;S0076;P006992;1;72,66;0,00;EUR;DE;CARD;DELIVERED;170 rue de la République, 20095 Hambourg;FREESHIP;MOBILE_APP
ORD-20260603-00536;ORD-20260603-00536-1;2026-06-03 11:01:07;C002502;S0082;P000151;3;40,41;6,06;EUR;FR;CARD;DELIVERED;164 rue du Général Leclerc, 13008 Marseille;FLASH5;WEB
ORD-20260603-00536;ORD-20260603-00536-2;2026-06-03 11:01:07;C002502;S0495;P000834;1;65,55;0,00;EUR;FR;CARD;DELIVERED;164 rue du Général Leclerc, 13008 Marseille;FLASH5;WEB
ORD-20260603-00536;ORD-20260603-00536-3;2026-06-03 11:01:07;C002502;S0401;P004866;1;27,01;1,35;EUR;FR;CARD;DELIVERED;164 rue du Général Leclerc, 13008 Marseille;FLASH5;WEB
ORD-20260603-00536;ORD-20260603-00536-4;2026-06-03 11:01:07;C002502;S0069;P007786;1;54,17;5,42;EUR;FR;CARD;DELIVERED;164 rue du Général Leclerc, 13008 Marseille;FLASH5;WEB
ORD-20260603-00537;ORD-20260603-00537-1;2026-06-03 16:51:06;C011588;S0509;P005912;1;50,41;0,00;EUR;FR;CARD; DELIVERED ;44 place de l'Église, 75011 Paris;;WEB
ORD-20260603-00538;ORD-20260603-00538-1;2026-06-03 13:57:10;C017902;S0495;P000917;1;20,40;0,00;EUR;FR;PAYPAL;PENDING;91 boulevard Saint-Michel, 33000 Bordeaux;SUMMER10;MOBILE_APP
ORD-20260603-00538;ORD-20260603-00538-2;2026-06-03 13:57:10;C017902;S0422;P007126;1;238,24;23,82;EUR;FR;PAYPAL;PENDING;91 boulevard Saint-Michel, 33000 Bordeaux;SUMMER10;MOBILE_APP
ORD-20260603-00539;ORD-20260603-00539-1;2026-06-03 20:37:47;C020686;S0308;P006384;1;20,60;1,03;EUR;FR;PAYPAL;DELIVERED;168 avenue des Tilleuls, 44000 Nantes;FREESHIP;WEB
ORD-20260603-00539;ORD-20260603-00539-2;2026-06-03 20:37:47;C020686;S0426;P001830;1;122,82;12,28;EUR;FR;PAYPAL;DELIVERED;168 avenue des Tilleuls, 44000 Nantes;FREESHIP;WEB
ORD-20260603-00539;ORD-20260603-00539-3;2026-06-03 20:37:47;C020686;S0350;P004885;1;27,12;0,00;EUR;FR;PAYPAL;DELIVERED;168 avenue des Tilleuls, 44000 Nantes;FREESHIP;WEB
ORD-20260603-00539;ORD-20260603-00539-4;2026-06-03 20:37:47;C020686;S0580;P006980;1;43,20;0,00;EUR;FR;PAYPAL;DELIVERED;168 avenue des Tilleuls, 44000 Nantes;FREESHIP;WEB
ORD-20260603-00539;ORD-20260603-00539-5;2026-06-03 20:37:47;C020686;S0576;P006613;1;14,08;0,00;EUR;FR;PAYPAL;Delivered;168 avenue des Tilleuls, 44000 Nantes;FREESHIP;WEB
ORD-20260603-00540;ORD-20260603-00540-1;2026-06-03 15:44:04;C022818;S0582;P007924;1;75,10;3,75;EUR;ES;PAYPAL;DELIVERED;58 rue de la République, 08001 Barcelone;FLASH5;MOBILE_APP
ORD-20260603-00540;ORD-20260603-00540-2;2026-06-03 15:44:04;C022818;S0080;P006245;1;27,92;1,40;EUR;ES;PAYPAL; DELIVERED ;58 rue de la République, 08001 Barcelone;FLASH5;MOBILE_APP
ORD-20260603-00540;ORD-20260603-00540-3;2026-06-03 15:44:04;C022818;S0172;P005347;1;135,42;20,31;EUR;ES;PAYPAL;DELIVERED;58 rue de la République, 08001 Barcelone;FLASH5;MOBILE_APP
ORD-20260603-00540;ORD-20260603-00540-4;2026-06-03 15:44:04;C022818;S0583;P007614;1;200,78;0,00;EUR;ES;PAYPAL;DELIVERED;58 rue de la République, 08001 Barcelone;FLASH5;MOBILE_APP
ORD-20260603-00541;ORD-20260603-00541-1;2026-06-03 11:09:23;C011492;S0542;P006293;2;96,29;0,00;EUR;FR;PAYPAL; PENDING ;122 quai des Chartrons, 33000 Bordeaux;FLASH5;MOBILE_APP
ORD-20260603-00541;ORD-20260603-00541-2;2026-06-03 11:09:23;C011492;S0244;P001844;1;12,51;0,00;EUR;FR;PAYPAL;PENDING;122 quai des Chartrons, 33000 Bordeaux;FLASH5;MOBILE_APP
ORD-20260603-00541;ORD-20260603-00541-3;2026-06-03 11:09:23;C011492;S0134;P003090;1;66,30;0,00;EUR;FR;PAYPAL;PENDING;122 quai des Chartrons, 33000 Bordeaux;FLASH5;MOBILE_APP
ORD-20260603-00541;ORD-20260603-00541-4;2026-06-03 11:09:23;C011492;S0462;P006073;1;18,87;0,00;EUR;FR;PAYPAL;Pending;122 quai des Chartrons, 33000 Bordeaux;FLASH5;MOBILE_APP
ORD-20260603-00542;ORD-20260603-00542-1;2026-06-03 12:46:19;C020671;S0268;P001984;1;176,18;17,62;EUR;IT;PAYPAL;DELIVERED;167 place de l'Église, 20121 Milan;;MARKETPLACE_API
ORD-20260603-00542;ORD-20260603-00542-2;2026-06-03 12:46:19;C020671;S0044;P004109;1;38,64;0,00;EUR;IT;PAYPAL;DELIVERED;167 place de l'Église, 20121 Milan;;MARKETPLACE_API
ORD-20260603-00543;ORD-20260603-00543-1;2026-06-03 16:17:23;C017909;S0176;P002124;1;23,26;0,00;EUR;FR;PAYPAL;Cancelled;15 rue de la République, 75011 Paris;FLASH5;WEB
ORD-20260603-00544;ORD-20260603-00544-1;2026-06-03 15:04:02;C012054;S0055;P001586;1;16,28;0,81;EUR;FR;CARD;DELIVERED;2 quai des Chartrons, 59000 Lille;;MOBILE_APP
ORD-20260603-00545;ORD-20260603-00545-1;2026-06-03 17:09:06;C020811;S0114;P006078;1;163,08;0,00;EUR;IT;CARD;DELIVERED;28 boulevard Saint-Michel, 00184 Rome;;WEB
ORD-20260603-00546;ORD-20260603-00546-1;2026-06-03 09:09:34;C017026;S0214;P000351;1;103,94;5,20;EUR;FR;TRANSFER;DELIVERED;58 quai des Chartrons, 13008 Marseille;;WEB
ORD-20260603-00546;ORD-20260603-00546-2;2026-06-03 09:09:34;C017026;S0389;P004848;2;206,58;0,00;EUR;FR;TRANSFER;DELIVERED;58 quai des Chartrons, 13008 Marseille;;WEB
ORD-20260603-00546;ORD-20260603-00546-3;2026-06-03 09:09:34;C017026;S0004;P001367;2;9,61;1,92;EUR;FR;TRANSFER;DELIVERED;58 quai des Chartrons, 13008 Marseille;;WEB
ORD-20260603-00546;ORD-20260603-00546-4;2026-06-03 09:09:34;C017026;S0558;P007544;2;6,59;0,00;EUR;FR;TRANSFER;Delivered;58 quai des Chartrons, 13008 Marseille;;WEB
ORD-20260603-00547;ORD-20260603-00547-1;2026-06-03 10:32:48;C013839;S0484;P006212;2;63,17;0,00;EUR;IT;CARD;DELIVERED;167 chemin des Vignes, 20121 Milan;;WEB
ORD-20260603-00548;ORD-20260603-00548-1;2026-06-03 14:57:28;C020460;S0338;P003822;1;78,08;7,81;EUR;DE;CARD;delivered;64 boulevard Saint-Michel, 80331 Munich;;MARKETPLACE_API
ORD-20260603-00549;ORD-20260603-00549-1;2026-06-03 18:23:17;C012788;S0368;P006221;1;68,62;6,86;EUR;IT;PAYPAL;SHIPPED;20 avenue des Tilleuls, 00184 Rome;VIP20;WEB
ORD-20260603-00550;ORD-20260603-00550-1;2026-06-03 22:57:20;C007921;S0441;P005686;1;21,97;0,00;EUR;ES;CARD;DELIVERED;48 quai des Chartrons, 46001 Valence;;WEB
ORD-20260603-00550;ORD-20260603-00550-2;2026-06-03 22:57:20;C007921;S0185;P005066;1;199,00;0,00;EUR;ES;CARD;DELIVERED;48 quai des Chartrons, 46001 Valence;;WEB
ORD-20260603-00550;ORD-20260603-00550-3;2026-06-03 22:57:20;C007921;S0157;P002500;4;273,90;54,78;EUR;ES;CARD; DELIVERED ;48 quai des Chartrons, 46001 Valence;;WEB
ORD-20260603-00550;ORD-20260603-00550-3;2026-06-03 22:57:20;C007921;S0157;P002500;4;273,90;54,78;EUR;ES;CARD; DELIVERED ;48 quai des Chartrons, 46001 Valence;;WEB
ORD-20260603-00551;ORD-20260603-00551-1;2026-06-03 17:50:22;C009689;S0216;P007809;1;43,51;4,35;EUR;DE;CARD; DELIVERED ;71 allée des Peupliers, 80331 Munich;;WEB
ORD-20260603-00552;ORD-20260603-00552-1;2026-06-03 12:53:04;C004791;S0289;P000172;1;85,79;8,58;EUR;ES;PAYPAL;Delivered;12 rue Victor Hugo, 46001 Valence;WELCOME15;MARKETPLACE_API
ORD-20260603-00553;ORD-20260603-00553-1;2026-06-03 11:53:08;C012890;S0288;P002123;1;75,44;3,77;EUR;FR;GIFTCARD;DELIVERED;180 quai des Chartrons, 13008 Marseille;;MOBILE_APP
ORD-20260603-00554;ORD-20260603-00554-1;2026-06-03 11:36:41;C006738;S0453;P004638;1;108,17;0,00;EUR;FR;CARD;DELIVERED;180 rue Victor Hugo, 35000 Rennes;VIP20;WEB
ORD-20260603-00555;ORD-20260603-00555-1;2026-06-03 11:38:18;C021009;S0336;P000562;1;32,99;0,00;EUR;FR;CARD;DELIVERED;146 rue de la République, 33000 Bordeaux;;MOBILE_APP
ORD-20260603-00555;ORD-20260603-00555-2;2026-06-03 11:38:18;C021009;S0296;P005994;1;66,04;3,30;EUR;FR;CARD;DELIVERED;146 rue de la République, 33000 Bordeaux;;MOBILE_APP
ORD-20260603-00555;ORD-20260603-00555-3;2026-06-03 11:38:18;C021009;S0067;P005993;1;29,25;0,00;EUR;FR;CARD;DELIVERED;146 rue de la République, 33000 Bordeaux;;MOBILE_APP
ORD-20260603-00556;ORD-20260603-00556-1;2026-06-03 15:23:44;C015649;S0453;P006913;3;47,53;7,13;EUR;FR;GIFTCARD; SHIPPED ;173 boulevard Saint-Michel, 69003 Lyon;;MOBILE_APP
ORD-20260603-00556;ORD-20260603-00556-1;2026-06-03 15:23:44;C015649;S0453;P006913;3;47,53;7,13;EUR;FR;GIFTCARD; SHIPPED ;173 boulevard Saint-Michel, 69003 Lyon;;MOBILE_APP
ORD-20260603-00556;ORD-20260603-00556-2;2026-06-03 15:23:44;C015649;S0336;P005319;1;33,49;5,02;EUR;FR;GIFTCARD;Shipped;173 boulevard Saint-Michel, 69003 Lyon;;MOBILE_APP
ORD-20260603-00556;ORD-20260603-00556-3;2026-06-03 15:23:44;C015649;S0561;P007728;1;127,65;12,77;EUR;FR;GIFTCARD;SHIPPED;173 boulevard Saint-Michel, 69003 Lyon;;MOBILE_APP
ORD-20260603-00556;ORD-20260603-00556-4;2026-06-03 15:23:44;C015649;S0123;P006379;2;12,26;0,00;EUR;FR;GIFTCARD;SHIPPED;173 boulevard Saint-Michel, 69003 Lyon;;MOBILE_APP
ORD-20260603-00557;ORD-20260603-00557-1;2026-06-03 13:11:24;C007552;S0293;P005730;3;54,34;0,00;EUR;FR;CARD; DELIVERED ;67 place de l'Église, 67000 Strasbourg;FLASH5;MOBILE_APP
ORD-20260603-00557;ORD-20260603-00557-2;2026-06-03 13:11:24;C007552;S0339;P002742;1;67,12;0,00;EUR;FR;CARD; DELIVERED ;67 place de l'Église, 67000 Strasbourg;FLASH5;MOBILE_APP
ORD-20260603-00557;ORD-20260603-00557-3;2026-06-03 13:11:24;C007552;S0547;P004224;1;215,87;0,00;EUR;FR;CARD;DELIVERED;67 place de l'Église, 67000 Strasbourg;FLASH5;MOBILE_APP
ORD-20260603-00558;ORD-20260603-00558-1;2026-06-03 12:50:20;C011979;S0255;P000692;1;50,55;5,05;EUR;FR;CARD;Delivered;157 rue de la République, 35000 Rennes;FREESHIP;MARKETPLACE_API
ORD-20260603-00558;ORD-20260603-00558-1;2026-06-03 12:50:20;C011979;S0255;P000692;1;50,55;5,05;EUR;FR;CARD;Delivered;157 rue de la République, 35000 Rennes;FREESHIP;MARKETPLACE_API
ORD-20260603-00558;ORD-20260603-00558-2;2026-06-03 12:50:20;C011979;S0185;P007902;1;23,64;0,00;EUR;FR;CARD;DELIVERED;157 rue de la République, 35000 Rennes;FREESHIP;MARKETPLACE_API
ORD-20260603-00559;ORD-20260603-00559-1;2026-06-03 13:22:39;C017898;S0031;P007707;3;8,48;0,00;EUR;BE;PAYPAL;Delivered;45 allée des Peupliers, 2000 Anvers;;WEB
ORD-20260603-00559;ORD-20260603-00559-2;2026-06-03 13:22:39;C017898;S0039;P007217;1;65,92;0,00;EUR;BE;PAYPAL;DELIVERED;45 allée des Peupliers, 2000 Anvers;;WEB
ORD-20260603-00560;ORD-20260603-00560-1;2026-06-03 12:35:27;C012428;S0347;P001716;1;38,91;5,84;EUR;DE;GIFTCARD;shipped;47 allée des Peupliers, 10115 Berlin;;WEB
ORD-20260603-00560;ORD-20260603-00560-2;2026-06-03 12:35:27;C012428;S0183;P002227;1;51,71;0,00;EUR;DE;GIFTCARD;SHIPPED;47 allée des Peupliers, 10115 Berlin;;WEB
ORD-20260603-00561;ORD-20260603-00561-1;2026-06-03 12:06:26;C022025;S0239;P001675;1;11,51;0,00;EUR;FR;CARD;delivered;27 rue Victor Hugo, 44000 Nantes;FLASH5;MOBILE_APP
ORD-20260603-00562;ORD-20260603-00562-1;2026-06-03 19:01:31;C001937;S0024;P001938;1;24,81;1,24;EUR;ES;CARD;RETURNED;38 rue de la République, 28001 Madrid;WELCOME15;MOBILE_APP
ORD-20260603-00562;ORD-20260603-00562-2;2026-06-03 19:01:31;C001937;S0292;P007413;1;42,34;0,00;EUR;ES;CARD;RETURNED;38 rue de la République, 28001 Madrid;WELCOME15;MOBILE_APP
ORD-20260603-00562;ORD-20260603-00562-3;2026-06-03 19:01:31;C001937;S0444;P006248;1;37,71;0,00;EUR;ES;CARD;RETURNED;38 rue de la République, 28001 Madrid;WELCOME15;MOBILE_APP
ORD-20260603-00563;ORD-20260603-00563-1;2026-06-03 15:01:21;C017488;S0527;P002048;1;26,98;0,00;EUR;FR;CARD;shipped;25 rue du Général Leclerc, 31000 Toulouse;FREESHIP;WEB
ORD-20260603-00564;ORD-20260603-00564-1;2026-06-03 10:02:25;C007043;S0258;P003766;1;90,76;9,08;EUR;FR;PAYPAL;DELIVERED;86 route de Bordeaux, 69003 Lyon;VIP20;MOBILE_APP
ORD-20260603-00564;ORD-20260603-00564-2;2026-06-03 10:02:25;C007043;S0412;P001613;1;67,92;0,00;EUR;FR;PAYPAL;Delivered;86 route de Bordeaux, 69003 Lyon;VIP20;MOBILE_APP
ORD-20260603-00565;ORD-20260603-00565-1;2026-06-03 11:46:55;C023842;S0515;P002206;1;55,83;2,79;EUR;BE;CARD;DELIVERED;61 avenue des Tilleuls, 4000 Liège;WELCOME15;WEB
ORD-20260603-00566;ORD-20260603-00566-1;2026-06-03 11:00:16;C005414;S0027;P003736;1;30,70;4,60;EUR;FR;CARD;RETURNED;145 quai des Chartrons, 33000 Bordeaux;;WEB
ORD-20260603-00566;ORD-20260603-00566-2;2026-06-03 11:00:16;C005414;S0456;P006011;3;72,90;0,00;EUR;FR;CARD;returned;145 quai des Chartrons, 33000 Bordeaux;;WEB
ORD-20260603-00566;ORD-20260603-00566-3;2026-06-03 11:00:16;C005414;S0400;P006035;1;90,01;0,00;EUR;FR;CARD;RETURNED;145 quai des Chartrons, 33000 Bordeaux;;WEB
ORD-20260603-00566;ORD-20260603-00566-3;2026-06-03 11:00:16;C005414;S0400;P006035;1;90,01;0,00;EUR;FR;CARD;RETURNED;145 quai des Chartrons, 33000 Bordeaux;;WEB
ORD-20260603-00566;ORD-20260603-00566-4;2026-06-03 11:00:16;C005414;S0310;P003124;2;32,63;6,53;EUR;FR;CARD;RETURNED;145 quai des Chartrons, 33000 Bordeaux;;WEB
ORD-20260603-00567;ORD-20260603-00567-1;2026-06-03 14:47:16;C021692;S0107;P005793;1;EUR 125,07;6,25;EUR;FR;PAYPAL;RETURNED;105 allée des Peupliers, 67000 Strasbourg;;WEB
ORD-20260603-00568;ORD-20260603-00568-1;2026-06-03 11:24:56;C020634;S0092;P004564;3;46,13;13,84;EUR;DE;APPLEPAY; DELIVERED ;93 chemin des Vignes, 20095 Hambourg;WELCOME15;WEB
ORD-20260603-00568;ORD-20260603-00568-2;2026-06-03 11:24:56;C020634;S0496;P002105;1;97,44;0,00;EUR;DE;APPLEPAY;Delivered;93 chemin des Vignes, 20095 Hambourg;WELCOME15;WEB
ORD-20260603-00569;ORD-20260603-00569-1;2026-06-03 13:04:43;C022081;S0071;P003414;1;6,24;0,00;EUR;FR;CARD;RETURNED;77 allée des Peupliers, 31000 Toulouse;SUMMER10;MOBILE_APP
ORD-20260603-00569;ORD-20260603-00569-2;2026-06-03 13:04:43;C022081;S0194;P007331;3;6,65;2,99;EUR;FR;CARD;RETURNED;77 allée des Peupliers, 31000 Toulouse;SUMMER10;MOBILE_APP
ORD-20260603-00570;ORD-20260603-00570-1;2026-06-03 07:00:10;C003390;S0437;P002415;1;53,12;7,97;EUR;FR;GIFTCARD;DELIVERED;82 quai des Chartrons, 44000 Nantes;VIP20;MOBILE_APP
ORD-20260603-00570;ORD-20260603-00570-2;2026-06-03 07:00:10;C003390;S0124;P007154;1;239,13;0,00;EUR;FR;GIFTCARD;delivered;82 quai des Chartrons, 44000 Nantes;VIP20;MOBILE_APP
ORD-20260603-00571;ORD-20260603-00571-1;2026-06-03 13:08:49;C992941;S0304;P002153;2;167,24;33,45;EUR;IT;CARD;DELIVERED;152 route de Bordeaux, 00184 Rome;;MOBILE_APP
ORD-20260603-00572;ORD-20260603-00572-1;2026-06-03 10:23:09;C000023;S0095;P002522;1;50,39;0,00;EUR;FR;APPLEPAY; SHIPPED ;95 quai des Chartrons, 44000 Nantes;;WEB
ORD-20260603-00572;ORD-20260603-00572-2;2026-06-03 10:23:09;C000023;S0580;P001913;1;92,80;0,00;EUR;FR;APPLEPAY;SHIPPED;95 quai des Chartrons, 44000 Nantes;;WEB
ORD-20260603-00573;ORD-20260603-00573-1;2026-06-03 16:11:43;C001483;S0148;P003752;2;6,78;2,03;EUR;FR;CARD;DELIVERED;7 rue Victor Hugo, 67000 Strasbourg;;MOBILE_APP
ORD-20260603-00573;ORD-20260603-00573-2;2026-06-03 16:11:43;C001483;S0238;P004158;1;55,74;0,00;EUR;FR;CARD; DELIVERED ;7 rue Victor Hugo, 67000 Strasbourg;;MOBILE_APP
ORD-20260603-00574;ORD-20260603-00574-1;2026-06-03 16:58:55;C000657;S0434;P006654;1;80,15;4,01;EUR;FR;PAYPAL;DELIVERED;34 avenue des Tilleuls, 75011 Paris;;MOBILE_APP
ORD-20260603-00575;ORD-20260603-00575-1;2026-06-03 12:02:25;C024834;S0217;P006822;1;168,00;8,40;EUR;IT;PAYPAL;DELIVERED;42 rue de la République, 20121 Milan;WELCOME15;MOBILE_APP
ORD-20260603-00576;ORD-20260603-00576-1;2026-06-03 12:41:42;C018608;S0464;P005785;1;116,21;0,00;EUR;ES;PAYPAL;DELIVERED;63 avenue des Tilleuls, 08001 Barcelone;;WEB
ORD-20260603-00576;ORD-20260603-00576-2;2026-06-03 12:41:42;C018608;S0071;P006229;1;39,16;0,00;EUR;ES;PAYPAL;DELIVERED;63 avenue des Tilleuls, 08001 Barcelone;;WEB
ORD-20260603-00577;ORD-20260603-00577-1;2026-06-03 06:13:17;C005232;S0364;P002920;1;34,85;1,74;EUR;ES;CARD; DELIVERED ;124 route de Bordeaux, 46001 Valence;FREESHIP;WEB
ORD-20260603-00577;ORD-20260603-00577-2;2026-06-03 06:13:17;C005232;S0270;P003114;1;251,02;37,65;EUR;ES;CARD;delivered;124 route de Bordeaux, 46001 Valence;FREESHIP;WEB
ORD-20260603-00577;ORD-20260603-00577-3;2026-06-03 06:13:17;C005232;S0246;P006833;2;112,19;11,22;EUR;ES;CARD; DELIVERED ;124 route de Bordeaux, 46001 Valence;FREESHIP;WEB
ORD-20260603-00577;ORD-20260603-00577-4;2026-06-03 06:13:17;C005232;S0398;P003427;1;26,18;2,62;EUR;ES;CARD;DELIVERED;124 route de Bordeaux, 46001 Valence;FREESHIP;WEB
ORD-20260603-00577;ORD-20260603-00577-5;2026-06-03 06:13:17;C005232;S0157;P003209;1;38,71;1,94;EUR;ES;CARD;delivered;124 route de Bordeaux, 46001 Valence;FREESHIP;WEB
ORD-20260603-00578;ORD-20260603-00578-1;2026-06-03 15:47:50;C007673;S0456;P005142;1;165,90;16,59;EUR;FR;PAYPAL;SHIPPED;164 chemin des Vignes, 67000 Strasbourg;FLASH5;WEB
ORD-20260603-00578;ORD-20260603-00578-2;2026-06-03 15:47:50;C007673;S0006;P000256;1;70,16;0,00;EUR;FR;PAYPAL;SHIPPED;164 chemin des Vignes, 67000 Strasbourg;FLASH5;WEB
ORD-20260603-00579;ORD-20260603-00579-1;2026-06-03 12:51:07;C011781;S0113;P004955;1;35,39;1,77;EUR;IT;PAYPAL;DELIVERED;179 rue Victor Hugo, 20121 Milan;;WEB
ORD-20260603-00579;ORD-20260603-00579-2;2026-06-03 12:51:07;C011781;S0456;P000286;1;37,13;3,71;EUR;IT;PAYPAL;Delivered;179 rue Victor Hugo, 20121 Milan;;WEB
ORD-20260603-00580;ORD-20260603-00580-1;2026-06-03 14:52:44;C016929;S0019;P003845;3;105,27;0,00;EUR;ES;CARD;Delivered;46 avenue des Tilleuls, 46001 Valence;WELCOME15;MOBILE_APP
ORD-20260603-00580;ORD-20260603-00580-2;2026-06-03 14:52:44;C016929;S0457;P004977;1;8,89;0,00;EUR;ES;CARD;delivered;46 avenue des Tilleuls, 46001 Valence;WELCOME15;MOBILE_APP
ORD-20260603-00580;ORD-20260603-00580-3;2026-06-03 14:52:44;C016929;S0578;P007046;1;39,23;0,00;EUR;ES;CARD;DELIVERED;46 avenue des Tilleuls, 46001 Valence;WELCOME15;MOBILE_APP
ORD-20260603-00580;ORD-20260603-00580-4;2026-06-03 14:52:44;C016929;S0103;P002745;1;147,47;14,75;EUR;ES;CARD;DELIVERED;46 avenue des Tilleuls, 46001 Valence;WELCOME15;MOBILE_APP
ORD-20260603-00581;ORD-20260603-00581-1;2026-06-03 19:18:09;C005250;S0052;P004742;2;73,14;0,00;EUR;ES;CARD;RETURNED;5 place de l'Église, 28001 Madrid;VIP20;MOBILE_APP
ORD-20260603-00582;ORD-20260603-00582-1;2026-06-03 15:27:29;C009763;S0600;P000927;1;33,55;3,35;EUR;BE;CARD;DELIVERED;108 quai des Chartrons, 4000 Liège;SUMMER10;WEB
ORD-20260603-00582;ORD-20260603-00582-2;2026-06-03 15:27:29;C009763;S0351;P001680;3;171,55;51,47;EUR;BE;CARD;DELIVERED;108 quai des Chartrons, 4000 Liège;SUMMER10;WEB
ORD-20260603-00582;ORD-20260603-00582-3;2026-06-03 15:27:29;C009763;S0422;P004892;1;74,06;3,70;EUR;BE;CARD;DELIVERED;108 quai des Chartrons, 4000 Liège;SUMMER10;WEB
ORD-20260603-00582;ORD-20260603-00582-4;2026-06-03 15:27:29;C009763;S0357;P007634;2;78,13;0,00;EUR;BE;CARD;DELIVERED;108 quai des Chartrons, 4000 Liège;SUMMER10;WEB
ORD-20260603-00582;ORD-20260603-00582-5;2026-06-03 15:27:29;C009763;S0274;P007608;1;32,49;3,25;EUR;BE;CARD;DELIVERED;108 quai des Chartrons, 4000 Liège;SUMMER10;WEB
ORD-20260603-00583;ORD-20260603-00583-1;2026-06-03 18:45:24;C010851;S0096;P000510;1;56,89;0,00;EUR;BE;TRANSFER;DELIVERED;18 rue Victor Hugo, 1000 Bruxelles;;MOBILE_APP
ORD-20260603-00583;ORD-20260603-00583-2;2026-06-03 18:45:24;C010851;S0059;P004439;1;99,07;14,86;EUR;BE;TRANSFER;DELIVERED;18 rue Victor Hugo, 1000 Bruxelles;;MOBILE_APP
ORD-20260603-00583;ORD-20260603-00583-3;2026-06-03 18:45:24;C010851;S0282;P006178;1;71,19;0,00;EUR;BE;TRANSFER;Delivered;18 rue Victor Hugo, 1000 Bruxelles;;MOBILE_APP
ORD-20260603-00584;ORD-20260603-00584-1;2026-06-03 09:09:29;C020664;S0031;P000690;3;52,96;0,00;EUR;BE;PAYPAL;DELIVERED;15 rue du Général Leclerc, 1000 Bruxelles;FLASH5;MOBILE_APP
ORD-20260603-00585;ORD-20260603-00585-1;2026-06-03 13:18:30;C017287;S0259;P004268;1;55,68;0,00;EUR;BE;CARD;shipped;52 allée des Peupliers, 4000 Liège;;WEB
ORD-20260603-00585;ORD-20260603-00585-2;2026-06-03 13:18:30;C017287;S0594;P003269;1;29,19;0,00;EUR;BE;CARD;SHIPPED;52 allée des Peupliers, 4000 Liège;;WEB
ORD-20260603-00585;ORD-20260603-00585-3;2026-06-03 13:18:30;C017287;S0094;P007377;1;76,82;0,00;EUR;BE;CARD;SHIPPED;52 allée des Peupliers, 4000 Liège;;WEB
ORD-20260603-00586;ORD-20260603-00586-1;2026-06-03 13:28:28;C008295;S0286;P003582;1;19,55;0,98;EUR;IT;CARD;SHIPPED;71 avenue des Tilleuls, 00184 Rome;;MOBILE_APP
ORD-20260603-00587;ORD-20260603-00587-1;2026-06-03 14:28:10;C010138;S0234;P001843;2;183,19;0,00;EUR;FR;TRANSFER;delivered;61 avenue des Tilleuls, 35000 Rennes;;MARKETPLACE_API
ORD-20260603-00587;ORD-20260603-00587-2;2026-06-03 14:28:10;C010138;S0099;P007312;1;34,16;5,12;EUR;FR;TRANSFER;Delivered;61 avenue des Tilleuls, 35000 Rennes;;MARKETPLACE_API
ORD-20260603-00587;ORD-20260603-00587-3;2026-06-03 14:28:10;C010138;S0354;P005081;1;49,28;7,39;EUR;FR;TRANSFER;DELIVERED;61 avenue des Tilleuls, 35000 Rennes;;MARKETPLACE_API
ORD-20260603-00588;ORD-20260603-00588-1;2026-06-03 12:13:28;C015723;S0105;P002020;1;94,08;4,70;EUR;FR;APPLEPAY;SHIPPED;53 rue du Général Leclerc, 33000 Bordeaux;SUMMER10;MOBILE_APP
ORD-20260603-00588;ORD-20260603-00588-1;2026-06-03 12:13:28;C015723;S0105;P002020;1;94,08;4,70;EUR;FR;APPLEPAY;SHIPPED;53 rue du Général Leclerc, 33000 Bordeaux;SUMMER10;MOBILE_APP
ORD-20260603-00589;ORD-20260603-00589-1;2026-06-03 08:02:22;C021270;S0331;P001448;1;96,19;14,43;EUR;FR;CARD;DELIVERED;157 allée des Peupliers, 67000 Strasbourg;;WEB
ORD-20260603-00589;ORD-20260603-00589-2;2026-06-03 08:02:22;C021270;S0055;P007659;1;16,42;0,00;EUR;FR;CARD;DELIVERED;157 allée des Peupliers, 67000 Strasbourg;;WEB
ORD-20260603-00589;ORD-20260603-00589-3;2026-06-03 08:02:22;C021270;S0276;P002022;1;127,44;0,00;EUR;FR;CARD;Delivered;157 allée des Peupliers, 67000 Strasbourg;;WEB
ORD-20260603-00589;ORD-20260603-00589-4;2026-06-03 08:02:22;C021270;S0136;P004208;1;88,15;8,82;EUR;FR;CARD;DELIVERED;157 allée des Peupliers, 67000 Strasbourg;;WEB
ORD-20260603-00590;ORD-20260603-00590-1;2026-06-03 15:01:54;C010698;S0197;P002718;1;14,78;0,00;EUR;BE;PAYPAL;DELIVERED;68 allée des Peupliers, 4000 Liège;FLASH5;WEB
ORD-20260603-00591;ORD-20260603-00591-1;2026-06-03 18:22:23;C005439;S0594;P000904;1;42,74;0,00;EUR;BE;CARD;DELIVERED;145 boulevard Saint-Michel, 4000 Liège;;WEB
ORD-20260603-00591;ORD-20260603-00591-2;2026-06-03 18:22:23;C005439;S0156;P006938;1;18,98;2,85;EUR;BE;CARD;DELIVERED;145 boulevard Saint-Michel, 4000 Liège;;WEB
ORD-20260603-00591;ORD-20260603-00591-3;2026-06-03 18:22:23;C005439;S0233;P000918;2;26,35;0,00;EUR;BE;CARD;DELIVERED;145 boulevard Saint-Michel, 4000 Liège;;WEB
ORD-20260603-00592;ORD-20260603-00592-1;2026-06-03 13:48:11;C008396;S0429;P002215;1;89,83;0,00;EUR;IT;CARD;DELIVERED;18 impasse du Moulin, 00184 Rome;;MOBILE_APP
ORD-20260603-00593;ORD-20260603-00593-1;2026-06-03 12:14:17;C008085;S0459;P005524;1;53,31;0,00;EUR;FR;CARD; DELIVERED ;147 chemin des Vignes, 13008 Marseille;;WEB
ORD-20260603-00593;ORD-20260603-00593-2;2026-06-03 12:14:17;C008085;S0266;P003021;1;74,88;0,00;EUR;FR;CARD;DELIVERED;147 chemin des Vignes, 13008 Marseille;;WEB
ORD-20260603-00593;ORD-20260603-00593-3;2026-06-03 12:14:17;C008085;S0510;P007476;1;27,05;2,71;EUR;FR;CARD;DELIVERED;147 chemin des Vignes, 13008 Marseille;;WEB
ORD-20260603-00593;ORD-20260603-00593-4;2026-06-03 12:14:17;C008085;S0230;P006545;1;16,17;0,00;EUR;FR;CARD;DELIVERED;147 chemin des Vignes, 13008 Marseille;;WEB
ORD-20260603-00594;ORD-20260603-00594-1;2026-06-03 08:34:41;C014784;S0366;P003315;1;22,49;1,12;EUR;FR;CARD;DELIVERED;158 cours Gambetta, 35000 Rennes;WELCOME15;MARKETPLACE_API
ORD-20260603-00594;ORD-20260603-00594-2;2026-06-03 08:34:41;C014784;S0299;P007027;1;159,25;15,93;EUR;FR;CARD;DELIVERED;158 cours Gambetta, 35000 Rennes;WELCOME15;MARKETPLACE_API
ORD-20260603-00595;ORD-20260603-00595-1;2026-06-03 13:13:38;C005970;S0033;P005660;1;61,30;0,00;EUR;FR;CARD;DELIVERED;148 route de Bordeaux, 69003 Lyon;SUMMER10;WEB
ORD-20260603-00596;ORD-20260603-00596-1;2026-06-03 10:18:08;C002532;S0362;P007513;1;20,42;0,00;EUR;FR;PAYPAL; PENDING ;109 allée des Peupliers, 13008 Marseille;;MOBILE_APP
ORD-20260603-00596;ORD-20260603-00596-2;2026-06-03 10:18:08;C002532;S0558;P005434;1;85,68;12,85;EUR;FR;PAYPAL; PENDING ;109 allée des Peupliers, 13008 Marseille;;MOBILE_APP
ORD-20260603-00596;ORD-20260603-00596-3;2026-06-03 10:18:08;C002532;S0110;P004211;2;78,89;0,00;EUR;FR;PAYPAL;PENDING;109 allée des Peupliers, 13008 Marseille;;MOBILE_APP
ORD-20260603-00596;ORD-20260603-00596-4;2026-06-03 10:18:08;C002532;S0479;P000946;3;51,80;0,00;EUR;FR;PAYPAL;PENDING;109 allée des Peupliers, 13008 Marseille;;MOBILE_APP
ORD-20260603-00597;ORD-20260603-00597-1;2026-06-03 13:31:01;C019409;S0522;P004047;1;213,80;0,00;EUR;BE;CARD;DELIVERED;155 place de l'Église, 1000 Bruxelles;VIP20;MARKETPLACE_API
ORD-20260603-00598;ORD-20260603-00598-1;2026-06-03 17:32:27;C016130;S0415;P003945;1;30,30;1,52;EUR;IT;GIFTCARD;SHIPPED;64 allée des Peupliers, 00184 Rome;FLASH5;MOBILE_APP
ORD-20260603-00598;ORD-20260603-00598-2;2026-06-03 17:32:27;C016130;S0253;P004068;4;43,01;17,20;EUR;IT;GIFTCARD;shipped;64 allée des Peupliers, 00184 Rome;FLASH5;MOBILE_APP
ORD-20260603-00599;ORD-20260603-00599-1;2026-06-03 12:13:38;C007220;S0161;P007469;1;17,17;1,72;EUR;ES;APPLEPAY;DELIVERED;78 cours Gambetta, 28001 Madrid;VIP20;WEB
ORD-20260603-00600;ORD-20260603-00600-1;2026-06-03 16:33:13;C014958;S0558;P005503;1;15,00;0,00;EUR;ES;PAYPAL;PENDING;178 route de Bordeaux, 28001 Madrid;;MARKETPLACE_API
ORD-20260603-00601;ORD-20260603-00601-1;2026-06-03 17:07:47;C001958;S0435;P002183;1;64,08;0,00;EUR;DE;PAYPAL;DELIVERED;14 cours Gambetta, 10115 Berlin;;WEB
ORD-20260603-00602;ORD-20260603-00602-1;2026-06-03 08:38:22;C001146;S0255;P005582;1;173,06;17,31;EUR;DE;CARD;Delivered;47 avenue des Tilleuls, 10115 Berlin;WELCOME15;MOBILE_APP
ORD-20260603-00603;ORD-20260603-00603-1;2026-06-03 15:40:16;C006771;S0501;P002295;2;142,29;42,69;EUR;FR;CARD;DELIVERED;155 cours Gambetta, 44000 Nantes;SUMMER10;WEB
ORD-20260603-00603;ORD-20260603-00603-2;2026-06-03 15:40:16;C006771;S0269;P002326;1;127,30;12,73;EUR;FR;CARD;DELIVERED;155 cours Gambetta, 44000 Nantes;SUMMER10;WEB
ORD-20260603-00603;ORD-20260603-00603-3;2026-06-03 15:40:16;C006771;S0367;P004193;1;37,31;3,73;EUR;FR;CARD;Delivered;155 cours Gambetta, 44000 Nantes;SUMMER10;WEB
ORD-20260603-00603;ORD-20260603-00603-4;2026-06-03 15:40:16;C006771;S0473;P007764;1;17,37;0,00;EUR;FR;CARD;DELIVERED;155 cours Gambetta, 44000 Nantes;SUMMER10;WEB
ORD-20260603-00604;ORD-20260603-00604-1;2026-06-03 16:42:41;C004862;S0463;P006176;2;20,99;2,10;EUR;BE;CARD; RETURNED ;37 allée des Peupliers, 1000 Bruxelles;SUMMER10;WEB
ORD-20260603-00605;ORD-20260603-00605-1;2026-06-03 14:40:26;C014449;S0118;P007905;2;259,49;77,85;EUR;BE;CARD;Delivered;44 impasse du Moulin, 1000 Bruxelles;VIP20;MOBILE_APP
ORD-20260603-00605;ORD-20260603-00605-2;2026-06-03 14:40:26;C014449;S0523;P004901;2;100,91;0,00;EUR;BE;CARD;delivered;44 impasse du Moulin, 1000 Bruxelles;VIP20;MOBILE_APP
ORD-20260603-00606;ORD-20260603-00606-1;2026-06-03 16:11:19;C004482;S0489;P007277;1;264,21;13,21;EUR;ES;CARD;CANCELLED;14 allée des Peupliers, 08001 Barcelone;FREESHIP;WEB
ORD-20260603-00607;ORD-20260603-00607-1;2026-06-03 15:00:59;C016004;S0578;P007946;1;169,75;16,98;EUR;IT;CARD;DELIVERED;156 route de Bordeaux; Batiment D; 20121 Milan;FREESHIP;WEB
ORD-20260603-00608;ORD-20260603-00608-1;2026-06-03 11:00:56;C017555;S0349;P007522;1;72,12;7,21;EUR;FR;CARD;Delivered;86 rue Victor Hugo, 33000 Bordeaux;VIP20;WEB
ORD-20260603-00608;ORD-20260603-00608-2;2026-06-03 11:00:56;C017555;S0482;P000204;1;205,88;20,59;EUR;FR;CARD;DELIVERED;86 rue Victor Hugo, 33000 Bordeaux;VIP20;WEB
ORD-20260603-00609;ORD-20260603-00609-1;2026-06-03 08:21:52;C019046;S0044;P003818;1;69,56;0,00;EUR;FR;GIFTCARD;DELIVERED;41 boulevard Saint-Michel, 44000 Nantes;;WEB
ORD-20260603-00609;ORD-20260603-00609-2;2026-06-03 08:21:52;C019046;S0534;P006383;1;57,71;5,77;EUR;FR;GIFTCARD;DELIVERED;41 boulevard Saint-Michel, 44000 Nantes;;WEB
ORD-20260603-00610;ORD-20260603-00610-1;2026-06-03 18:25:06;C024753;S0205;P001225;1;8,82;0,00;EUR;FR;CARD;delivered;33 rue du Général Leclerc, 69003 Lyon;WELCOME15;WEB
ORD-20260603-00610;ORD-20260603-00610-2;2026-06-03 18:25:06;C024753;S0378;P002858;1;114,01;0,00;EUR;FR;CARD;DELIVERED;33 rue du Général Leclerc, 69003 Lyon;WELCOME15;WEB
ORD-20260603-00610;ORD-20260603-00610-3;2026-06-03 18:25:06;C024753;S0027;P007077;1;73,30;7,33;EUR;FR;CARD;DELIVERED;33 rue du Général Leclerc, 69003 Lyon;WELCOME15;WEB
ORD-20260603-00611;ORD-20260603-00611-1;2026-06-03 15:46:20;C022560;S0322;P002838;3;48,33;0,00;EUR;FR;PAYPAL;delivered;135 rue Victor Hugo, 67000 Strasbourg;FLASH5;WEB
ORD-20260603-00611;ORD-20260603-00611-2;2026-06-03 15:46:20;C022560;S0109;P003360;1;61,05;6,11;EUR;FR;PAYPAL;DELIVERED;135 rue Victor Hugo, 67000 Strasbourg;FLASH5;WEB
ORD-20260603-00611;ORD-20260603-00611-3;2026-06-03 15:46:20;C022560;S0507;P001372;1;127,52;12,75;EUR;FR;PAYPAL;DELIVERED;135 rue Victor Hugo, 67000 Strasbourg;FLASH5;WEB
ORD-20260603-00611;ORD-20260603-00611-4;2026-06-03 15:46:20;C022560;S0196;P002359;4;117,41;23,48;EUR;FR;PAYPAL;DELIVERED;135 rue Victor Hugo, 67000 Strasbourg;FLASH5;WEB
ORD-20260603-00611;ORD-20260603-00611-5;2026-06-03 15:46:20;C022560;S0102;P002533;1;67,29;10,09;EUR;FR;PAYPAL;DELIVERED;135 rue Victor Hugo, 67000 Strasbourg;FLASH5;WEB
ORD-20260603-00612;ORD-20260603-00612-1;2026-06-03 14:09:01;C009976;S0173;P001958;4;13,39;2,68;EUR;ES;PAYPAL;CANCELLED;128 rue du Général Leclerc, 28001 Madrid;FREESHIP;WEB
ORD-20260603-00612;ORD-20260603-00612-2;2026-06-03 14:09:01;C009976;S0532;P005925;1;70,80;7,08;EUR;ES;PAYPAL;CANCELLED;128 rue du Général Leclerc, 28001 Madrid;FREESHIP;WEB
ORD-20260603-00613;ORD-20260603-00613-1;2026-06-03 14:06:55;C007212;S0299;P005853;1;60,20;9,03;EUR;FR;CARD;RETURNED;130 chemin des Vignes, 44000 Nantes;;WEB
ORD-20260603-00614;ORD-20260603-00614-1;2026-06-03 12:39:45;C006228;S0305;P001468;1;127,55;6,38;EUR;FR;CARD;DELIVERED;143 impasse du Moulin, 59000 Lille;WELCOME15;WEB
ORD-20260603-00614;ORD-20260603-00614-2;0000-00-00 00:00:00;C006228;S0057;P006019;1;17,34;2,60;EUR;FR;CARD;DELIVERED;143 impasse du Moulin, 59000 Lille;WELCOME15;WEB
ORD-20260603-00614;ORD-20260603-00614-3;2026-06-03 12:39:45;C006228;S0014;P000394;3;43,18;19,43;EUR;FR;CARD;DELIVERED;143 impasse du Moulin, 59000 Lille;WELCOME15;WEB
ORD-20260603-00615;ORD-20260603-00615-1;2026-06-03 10:58:38;C022205;S0120;P004791;1;39,56;0,00;EUR;DE;CARD;DELIVERED;31 impasse du Moulin, 10115 Berlin;FLASH5;WEB
ORD-20260603-00615;ORD-20260603-00615-2;2026-06-03 10:58:38;C022205;S0122;P005457;1;58,82;0,00;EUR;DE;CARD;DELIVERED;31 impasse du Moulin, 10115 Berlin;FLASH5;WEB
ORD-20260603-00616;ORD-20260603-00616-1;2026-06-03 12:58:18;C024789;S0129;P001677;1;29,56;0,00;EUR;FR;TRANSFER;DELIVERED;113 route de Bordeaux, 75011 Paris;;MOBILE_APP
ORD-20260603-00616;ORD-20260603-00616-2;2026-06-03 12:58:18;C024789;S0080;P001890;3;54,12;0,00;EUR;FR;TRANSFER;DELIVERED;113 route de Bordeaux, 75011 Paris;;MOBILE_APP
ORD-20260603-00616;ORD-20260603-00616-3;2026-06-03 12:58:18;C024789;S0150;P007265;1;32,88;1,64;EUR;FR;TRANSFER;DELIVERED;113 route de Bordeaux, 75011 Paris;;MOBILE_APP
ORD-20260603-00617;ORD-20260603-00617-1;2026-06-03 21:58:57;C023916;S0540;P000138;1;28,40;4,26;EUR;FR;CARD;DELIVERED;116 cours Gambetta, 75011 Paris;SUMMER10;MOBILE_APP
ORD-20260603-00618;ORD-20260603-00618-1;2026-06-03 16:51:41;C016233;S0583;P003691;1;8,75;1,31;EUR;FR;CARD;DELIVERED;24 quai des Chartrons, 44000 Nantes;WELCOME15;WEB
ORD-20260603-00618;ORD-20260603-00618-2;2026-06-03 16:51:41;C016233;S0226;P003513;1;170,16;17,02;EUR;FR;CARD;DELIVERED;24 quai des Chartrons, 44000 Nantes;WELCOME15;WEB
ORD-20260603-00619;ORD-20260603-00619-1;2026-06-03 15:34:16;C008359;S0442;P002060;1;65,51;0,00;EUR;FR;TRANSFER;DELIVERED;159 boulevard Saint-Michel, 75011 Paris;FLASH5;MOBILE_APP
ORD-20260603-00619;ORD-20260603-00619-2;2026-06-03 15:34:16;C008359;S0433;P001893;1;24,57;2,46;EUR;FR;TRANSFER;DELIVERED;159 boulevard Saint-Michel, 75011 Paris;FLASH5;MOBILE_APP
ORD-20260603-00620;ORD-20260603-00620-1;2026-06-03 07:27:12;C023711;S0328;P007985;4;54,19;0,00;EUR;BE;CARD;CANCELLED;23 rue de la République, 1000 Bruxelles;VIP20;MOBILE_APP
ORD-20260603-00620;ORD-20260603-00620-2;2026-06-03 07:27:12;C023711;S0046;P002584;3;63,72;0,00;EUR;BE;CARD;CANCELLED;23 rue de la République, 1000 Bruxelles;VIP20;MOBILE_APP
ORD-20260603-00620;ORD-20260603-00620-3;2026-06-03 07:27:12;C023711;S0284;P002191;1;94,83;0,00;EUR;BE;CARD;CANCELLED;23 rue de la République, 1000 Bruxelles;VIP20;MOBILE_APP
ORD-20260603-00621;ORD-20260603-00621-1;2026-06-03 13:16:15;C015294;S0517;P006416;2;106,22;31,87;EUR;FR;CARD;CANCELLED;43 rue de la République, 69003 Lyon;FREESHIP;MOBILE_APP
ORD-20260603-00621;ORD-20260603-00621-2;2026-06-03 13:16:15;C015294;S0302;P005561;1;51,38;0,00;EUR;FR;CARD;CANCELLED;43 rue de la République, 69003 Lyon;FREESHIP;MOBILE_APP
ORD-20260603-00622;ORD-20260603-00622-1;2026-06-03 07:55:22;C002549;S0475;P003150;2;221,02;0,00;EUR;FR;APPLEPAY;DELIVERED;165 route de Bordeaux, 33000 Bordeaux;;WEB
ORD-20260603-00622;ORD-20260603-00622-2;2026-06-03 07:55:22;C002549;S0507;P001372;1;151,54;0,00;EUR;FR;APPLEPAY;Delivered;165 route de Bordeaux, 33000 Bordeaux;;WEB
ORD-20260603-00622;ORD-20260603-00622-3;2026-06-03 07:55:22;C002549;S0406;P004584;2;51,92;10,38;EUR;FR;APPLEPAY;DELIVERED;165 route de Bordeaux, 33000 Bordeaux;;WEB
ORD-20260603-00623;ORD-20260603-00623-1;2026-06-03 12:51:03;C019433;S0226;P001292;1;27,48;1,37;EUR;FR;PAYPAL;CANCELLED;172 chemin des Vignes, 33000 Bordeaux;WELCOME15;WEB
ORD-20260603-00624;ORD-20260603-00624-1;2026-06-03 14:09:40;C011718;S0012;P002193;1;90,59;0,00;EUR;BE;PAYPAL; CANCELLED ;84 place de l'Église, 2000 Anvers;SUMMER10;MOBILE_APP
ORD-20260603-00624;ORD-20260603-00624-2;2026-06-03 14:09:40;C011718;S0132;P007712;1;37,86;0,00;EUR;BE;PAYPAL;CANCELLED;84 place de l'Église, 2000 Anvers;SUMMER10;MOBILE_APP
ORD-20260603-00624;ORD-20260603-00624-3;2026-06-03 14:09:40;C011718;S0294;P003220;4;51,68;10,34;EUR;BE;PAYPAL;CANCELLED;84 place de l'Église, 2000 Anvers;SUMMER10;MOBILE_APP
ORD-20260603-00624;ORD-20260603-00624-4;2026-06-03 14:09:40;C011718;S0447;P000811;2;67,36;0,00;EUR;BE;PAYPAL;cancelled;84 place de l'Église, 2000 Anvers;SUMMER10;MOBILE_APP
ORD-20260603-00625;ORD-20260603-00625-1;2026-06-03 14:34:15;C021528;S0453;P003272;1;41,31;4,13;EUR;BE;CARD;Delivered;10 route de Bordeaux, 2000 Anvers;;MOBILE_APP
ORD-20260603-00626;ORD-20260603-00626-1;2026-06-03 12:57:15;C007332;S0473;P003689;1;11,60;0,00;EUR;DE;CARD; DELIVERED ;59 boulevard Saint-Michel, 20095 Hambourg;FREESHIP;MOBILE_APP
ORD-20260603-00627;ORD-20260603-00627-1;2026-06-03 12:09:20;C021279;S0211;P006956;1;93,43;0,00;EUR;FR;PAYPAL;SHIPPED;84 avenue des Tilleuls, 69003 Lyon;SUMMER10;WEB
ORD-20260603-00627;ORD-20260603-00627-2;2026-06-03 12:09:20;C021279;S0440;P000679;1;184,28;27,64;EUR;FR;PAYPAL;SHIPPED;84 avenue des Tilleuls, 69003 Lyon;SUMMER10;WEB
ORD-20260603-00627;ORD-20260603-00627-3;2026-06-03 12:09:20;C021279;S0460;P005968;1;61,41;9,21;EUR;FR;PAYPAL;SHIPPED;84 avenue des Tilleuls, 69003 Lyon;SUMMER10;WEB
ORD-20260603-00627;ORD-20260603-00627-4;2026-06-03 12:09:20;C021279;S0533;P001394;1;159,42;23,91;EUR;FR;PAYPAL;SHIPPED;84 avenue des Tilleuls, 69003 Lyon;SUMMER10;WEB
ORD-20260603-00628;ORD-20260603-00628-1;2026-06-03 22:59:27;C015348;S0139;P001358;1;143,01;14,30;EUR;DE;CARD;SHIPPED;175 rue du Général Leclerc, 80331 Munich;;WEB
ORD-20260603-00629;ORD-20260603-00629-1;2026-06-03 15:17:09;C021907;S0410;P005546;3;146,11;21,92;EUR;DE;APPLEPAY;DELIVERED;48 avenue des Tilleuls, 10115 Berlin;FLASH5;MOBILE_APP
ORD-20260603-00630;ORD-20260603-00630-1;2026-06-03 23:01:45;C011292;S0082;P003079;1;25,19;1,26;EUR;BE;CARD;DELIVERED;93 allée des Peupliers, 1000 Bruxelles;;MARKETPLACE_API
ORD-20260603-00631;ORD-20260603-00631-1;2026-06-03 15:19:01;C003327;S0050;P003023;1;30,18;0,00;EUR;ES;PAYPAL;DELIVERED;67 boulevard Saint-Michel, 08001 Barcelone;FREESHIP;MOBILE_APP
ORD-20260603-00631;ORD-20260603-00631-2;2026-06-03 15:19:01;C003327;S0142;P000365;1;73,63;0,00;EUR;ES;PAYPAL; DELIVERED ;67 boulevard Saint-Michel, 08001 Barcelone;FREESHIP;MOBILE_APP
ORD-20260603-00631;ORD-20260603-00631-3;2026-06-03 15:19:01;C003327;S0114;P007512;3;6,11;0,92;EUR;ES;PAYPAL;DELIVERED;67 boulevard Saint-Michel, 08001 Barcelone;FREESHIP;MOBILE_APP
ORD-20260603-00632;ORD-20260603-00632-1;2026-06-03 12:51:38;C012547;S0490;P002395;1;205,78;30,87;EUR;FR;CARD;Delivered;95 allée des Peupliers, 13008 Marseille;SUMMER10;MOBILE_APP
ORD-20260603-00632;ORD-20260603-00632-2;2026-06-03 12:51:38;C012547;S0133;P002826;1;184,22;18,42;EUR;FR;CARD;Delivered;95 allée des Peupliers, 13008 Marseille;SUMMER10;MOBILE_APP
ORD-20260603-00633;ORD-20260603-00633-1;2026-06-03 10:12:59;C023696;S0526;P000266;1;48,12;2,41;EUR;FR;CARD;DELIVERED;18 rue de la République, 44000 Nantes;;MOBILE_APP
ORD-20260603-00633;ORD-20260603-00633-2;2026-06-03 10:12:59;C023696;S0391;P002439;1;67,50;0,00;EUR;FR;CARD;DELIVERED;18 rue de la République, 44000 Nantes;;MOBILE_APP
ORD-20260603-00634;ORD-20260603-00634-1;2026-06-03 17:31:56;C000872;S0304;P006153;1;38,30;0,00;EUR;FR;CARD;DELIVERED;53 impasse du Moulin, 31000 Toulouse;WELCOME15;WEB
ORD-20260603-00635;ORD-20260603-00635-1;2026-06-03 16:29:00;C004111;S0051;P005293;2;38,11;7,62;EUR;FR;PAYPAL;DELIVERED;129 rue Victor Hugo, 44000 Nantes;VIP20;MOBILE_APP
ORD-20260603-00636;ORD-20260603-00636-1;2026-06-03 18:55:13;C004658;S0440;P004642;1;40,71;4,07;EUR;FR;CARD;DELIVERED;61 allée des Peupliers, 13008 Marseille;;MOBILE_APP
ORD-20260603-00637;ORD-20260603-00637-1;2026-06-03 19:19:42;C020757;S0260;P000466;1;6,64;0,33;EUR;IT;CARD;SHIPPED;23 boulevard Saint-Michel, 00184 Rome;;WEB
ORD-20260603-00638;ORD-20260603-00638-1;2026-06-03 12:04:21;C017826;S0024;P002056;2;44,95;0,00;EUR;DE;CARD;DELIVERED;123 avenue des Tilleuls, 80331 Munich;;MOBILE_APP
ORD-20260603-00638;ORD-20260603-00638-2;2026-06-03 12:04:21;C017826;S0248;P001068;1;95,83;9,58;EUR;DE;CARD;Delivered;123 avenue des Tilleuls, 80331 Munich;;MOBILE_APP
ORD-20260603-00638;ORD-20260603-00638-3;2026-06-03 12:04:21;C017826;S0142;P007157;0;56,70;8,51;EUR;DE;CARD;delivered;123 avenue des Tilleuls, 80331 Munich;;MOBILE_APP
ORD-20260603-00638;ORD-20260603-00638-4;2026-06-03 12:04:21;C017826;S0235;P001422;1;148,79;14,88;EUR;DE;CARD;DELIVERED;123 avenue des Tilleuls, 80331 Munich;;MOBILE_APP
ORD-20260603-00639;ORD-20260603-00639-1;2026-06-03 15:55:15;C012593;S0590;P003036;2;217,44;0,00;EUR;DE;PAYPAL;Returned;101 quai des Chartrons, 20095 Hambourg;;MARKETPLACE_API
ORD-20260603-00639;ORD-20260603-00639-2;2026-06-03 15:55:15;C012593;S0485;P006227;1;18,94;0,95;EUR;DE;PAYPAL;RETURNED;101 quai des Chartrons, 20095 Hambourg;;MARKETPLACE_API
ORD-20260603-00640;ORD-20260603-00640-1;2026-06-03 21:41:46;C019664;S0361;P001018;1;60,20;0,00;EUR;FR;GIFTCARD; DELIVERED ;118 place de l'Église, 69003 Lyon;FREESHIP;WEB
ORD-20260603-00640;ORD-20260603-00640-2;2026-06-03 21:41:46;C019664;S0475;P003150;1;220,56;11,03;EUR;FR;GIFTCARD;DELIVERED;118 place de l'Église, 69003 Lyon;FREESHIP;WEB
ORD-20260603-00640;ORD-20260603-00640-3;2026-06-03 21:41:46;C019664;S0392;P001214;1;48,48;0,00;EUR;FR;GIFTCARD; DELIVERED ;118 place de l'Église, 69003 Lyon;FREESHIP;WEB
ORD-20260603-00640;ORD-20260603-00640-4;2026-06-03 21:41:46;C019664;S0043;P005320;1;25,17;0,00;EUR;FR;GIFTCARD;Delivered;118 place de l'Église, 69003 Lyon;FREESHIP;WEB
ORD-20260603-00640;ORD-20260603-00640-5;2026-06-03 21:41:46;C019664;S0261;P004078;1;18,70;0,00;EUR;FR;GIFTCARD;DELIVERED;118 place de l'Église, 69003 Lyon;FREESHIP;WEB
ORD-20260603-00641;ORD-20260603-00641-1;2026-06-03 13:35:41;C020223;S0224;P002184;1;201,08;30,16;EUR;ES;CARD;DELIVERED;174 avenue des Tilleuls, 28001 Madrid;;MARKETPLACE_API
ORD-20260603-00641;ORD-20260603-00641-2;2026-06-03 13:35:41;C020223;S0191;P006777;1;105,33;5,27;EUR;ES;CARD;DELIVERED;174 avenue des Tilleuls, 28001 Madrid;;MARKETPLACE_API
ORD-20260603-00641;ORD-20260603-00641-3;2026-06-03 13:35:41;C999418;S0500;P003940;4;108,76;21,75;EUR;ES;CARD;DELIVERED;174 avenue des Tilleuls, 28001 Madrid;;MARKETPLACE_API
ORD-20260603-00641;ORD-20260603-00641-4;2026-06-03 13:35:41;C020223;S0145;P002287;1;176,87;17,69;EUR;ES;CARD;Delivered;174 avenue des Tilleuls, 28001 Madrid;;MARKETPLACE_API
ORD-20260603-00641;ORD-20260603-00641-5;2026-06-03 13:35:41;C020223;S0018;P007685;2;81,40;0,00;EUR;ES;CARD; DELIVERED ;174 avenue des Tilleuls, 28001 Madrid;;MARKETPLACE_API
ORD-20260603-00642;ORD-20260603-00642-1;2026-06-03 14:43:06;C016932;S0196;P005459;1;9,31;0,00;EUR;DE;CARD;DELIVERED;100 boulevard Saint-Michel, 20095 Hambourg;;WEB
ORD-20260603-00642;ORD-20260603-00642-2;2026-06-03 14:43:06;C016932;S0430;P007991;1;65,96;0,00;EUR;DE;CARD;delivered;100 boulevard Saint-Michel, 20095 Hambourg;;WEB
ORD-20260603-00643;ORD-20260603-00643-1;2026-06-03 10:47:01;C001200;S0530;P007289;1;81,16;12,17;EUR;FR;PAYPAL;PENDING;38 impasse du Moulin, 75011 Paris;FREESHIP;MOBILE_APP
ORD-20260603-00643;ORD-20260603-00643-2;2026-06-03 10:47:01;C001200;S0548;P003598;1;65,87;3,29;EUR;FR;PAYPAL;Pending;38 impasse du Moulin, 75011 Paris;FREESHIP;MOBILE_APP
ORD-20260603-00644;ORD-20260603-00644-1;2026-06-03 20:48:19;C006364;S0566;P000455;1;70,00;10,50;EUR;FR;CARD;DELIVERED;7 cours Gambetta, 69003 Lyon;FREESHIP;MOBILE_APP
ORD-20260603-00644;ORD-20260603-00644-2;2026-06-03 20:48:19;C006364;S0385;P005991;1;64,75;6,48;EUR;FR;CARD;DELIVERED;7 cours Gambetta, 69003 Lyon;FREESHIP;MOBILE_APP
ORD-20260603-00644;ORD-20260603-00644-3;2026-06-03 20:48:19;C006364;S0482;P007950;2;162,39;0,00;EUR;FR;CARD;DELIVERED;7 cours Gambetta, 69003 Lyon;FREESHIP;MOBILE_APP
ORD-20260603-00645;ORD-20260603-00645-1;2026-06-03 10:17:16;C023387;S0024;P007053;3;239,02;0,00;EUR;BE;CARD;Delivered;178 cours Gambetta, 4000 Liège;;MOBILE_APP
ORD-20260603-00646;ORD-20260603-00646-1;2026-06-03 20:38:23;C021025;S0543;P006663;1;97,48;4,87;EUR;ES;CARD;RETURNED;139 route de Bordeaux, 28001 Madrid;;MOBILE_APP
ORD-20260603-00647;ORD-20260603-00647-1;2026-06-03 15:46:41;C008533;S0140;P002233;1;75,93;0,00;EUR;FR;PAYPAL; DELIVERED ;74 place de l'Église, 31000 Toulouse;;MOBILE_APP
ORD-20260603-00648;ORD-20260603-00648-1;2026-06-03 13:18:19;C007868;S0434;P006149;2;54,61;0,00;EUR;FR;CARD;DELIVERED;3 quai des Chartrons, 75011 Paris;FREESHIP;WEB
ORD-20260603-00648;ORD-20260603-00648-2;2026-06-03 13:18:19;C007868;S0222;P001228;1;38,10;5,71;EUR;FR;CARD;DELIVERED;3 quai des Chartrons, 75011 Paris;FREESHIP;WEB
ORD-20260603-00648;ORD-20260603-00648-3;2026-06-03 13:18:19;C007868;S0449;P007825;1;176,30;0,00;EUR;FR;CARD;DELIVERED;3 quai des Chartrons, 75011 Paris;FREESHIP;WEB
ORD-20260603-00648;ORD-20260603-00648-4;2026-06-03 13:18:19;C007868;S0457;P005874;1;188,71;0,00;EUR;FR;CARD;DELIVERED;3 quai des Chartrons, 75011 Paris;FREESHIP;WEB
ORD-20260603-00649;ORD-20260603-00649-1;2026-06-03 11:17:36;C004775;S0420;P000355;1;22,89;3,43;EUR;BE;PAYPAL;DELIVERED;172 cours Gambetta, 2000 Anvers;SUMMER10;MOBILE_APP
ORD-20260603-00649;ORD-20260603-00649-2;2026-06-03 11:17:36;C004775;S0039;P001855;1;75,69;0,00;EUR;BE;PAYPAL;DELIVERED;172 cours Gambetta, 2000 Anvers;SUMMER10;MOBILE_APP
ORD-20260603-00649;ORD-20260603-00649-3;2026-06-03 11:17:36;C004775;S0508;P001536;2;49,32;0,00;EUR;BE;PAYPAL;DELIVERED;172 cours Gambetta, 2000 Anvers;SUMMER10;MOBILE_APP
ORD-20260603-00650;ORD-20260603-00650-1;2026-06-03 23:57:45;C002076;S0372;P000836;1;51,24;0,00;EUR;FR;CARD;DELIVERED;54 rue du Général Leclerc, 13008 Marseille;;WEB
ORD-20260603-00651;ORD-20260603-00651-1;2026-06-03 12:31:50;C003791;S0338;P000357;2;40,85;8,17;EUR;FR;PAYPAL;delivered;57 cours Gambetta, 67000 Strasbourg;;WEB
ORD-20260603-00651;ORD-20260603-00651-2;2026-06-03 12:31:50;C003791;S0067;P002788;1;151,84;0,00;EUR;FR;PAYPAL;DELIVERED;57 cours Gambetta, 67000 Strasbourg;;WEB
ORD-20260603-00651;ORD-20260603-00651-3;2026-06-03 12:31:50;C003791;S0497;P006441;3;40,52;0,00;EUR;FR;PAYPAL;DELIVERED;57 cours Gambetta, 67000 Strasbourg;;WEB
ORD-20260603-00651;ORD-20260603-00651-4;2026-06-03 12:31:50;C003791;S0326;P004644;1;283,47;0,00;EUR;FR;PAYPAL;Delivered;57 cours Gambetta, 67000 Strasbourg;;WEB
ORD-20260603-00651;ORD-20260603-00651-5;2026-06-03 12:31:50;C003791;S0092;P005529;1;82,12;4,11;EUR;FR;PAYPAL;DELIVERED;57 cours Gambetta, 67000 Strasbourg;;WEB
ORD-20260603-00652;ORD-20260603-00652-1;2026-06-03 16:17:37;C008859;S0176;P003210;2;67,69;13,54;EUR;FR;CARD;DELIVERED;30 cours Gambetta, 35000 Rennes;FLASH5;WEB
ORD-20260603-00652;ORD-20260603-00652-2;2026-06-03 16:17:37;C008859;S0256;P003015;1;48,91;0,00;EUR;FR;CARD;DELIVERED;30 cours Gambetta, 35000 Rennes;FLASH5;WEB
ORD-20260603-00653;ORD-20260603-00653-1;2026-06-03 09:37:44;C005009;S0297;P000777;2;49,05;14,71;EUR;BE;CARD;DELIVERED;109 rue Victor Hugo, 4000 Liège;VIP20;MARKETPLACE_API
ORD-20260603-00653;ORD-20260603-00653-2;2026-06-03 09:37:44;C005009;S0421;P003585;1;32,37;0,00;EUR;BE;CARD;delivered;109 rue Victor Hugo, 4000 Liège;VIP20;MARKETPLACE_API
ORD-20260603-00654;ORD-20260603-00654-1;2026-06-03 10:57:16;C007943;S0316;P003348;1;45,62;4,56;EUR;FR;CARD;DELIVERED;48 rue Victor Hugo, 69003 Lyon;SUMMER10;WEB
ORD-20260603-00655;ORD-20260603-00655-1;2026-06-03 16:52:40;C012437;S0442;P000737;1;105,09;0,00;EUR;ES;PAYPAL;RETURNED;133 rue Victor Hugo, 46001 Valence;FREESHIP;WEB
ORD-20260603-00656;ORD-20260603-00656-1;2026-06-03 20:49:18;C007007;S0006;P007981;2;56,06;5,61;EUR;ES;CARD;DELIVERED;87 avenue des Tilleuls, 46001 Valence;;WEB
ORD-20260603-00656;ORD-20260603-00656-2;2026-06-03 20:49:18;C007007;S0421;P002499;1;40,77;2,04;EUR;ES;CARD;Delivered;87 avenue des Tilleuls, 46001 Valence;;WEB
ORD-20260603-00656;ORD-20260603-00656-3;2026-06-03 20:49:18;C996973;S0177;P006881;2;108,21;0,00;EUR;ES;CARD;DELIVERED;87 avenue des Tilleuls, 46001 Valence;;WEB
ORD-20260603-00656;ORD-20260603-00656-4;2026-06-03 20:49:18;C007007;S0239;P003778;2;72,95;7,30;EUR;ES;CARD; DELIVERED ;87 avenue des Tilleuls, 46001 Valence;;WEB
ORD-20260603-00657;ORD-20260603-00657-1;2026-06-03 20:59:08;C010295;S0101;P007852;4;104,12;0,00;EUR;IT;CARD;CANCELLED;61 route de Bordeaux, 20121 Milan;;MOBILE_APP
ORD-20260603-00658;ORD-20260603-00658-1;2026-06-03 13:13:06;C016376;S0065;P001205;1;49,99;2,50;EUR;FR;CARD;DELIVERED;161 cours Gambetta, 31000 Toulouse;FLASH5;WEB
ORD-20260603-00658;ORD-20260603-00658-2;2026-06-03 13:13:06;C016376;S0494;P000654;4;69,21;0,00;EUR;FR;CARD;DELIVERED;161 cours Gambetta, 31000 Toulouse;FLASH5;WEB
ORD-20260603-00658;ORD-20260603-00658-3;2026-06-03 13:13:06;C016376;S0306;P000288;1;24,60;2,46;EUR;FR;CARD;DELIVERED;161 cours Gambetta, 31000 Toulouse;FLASH5;WEB
ORD-20260603-00659;ORD-20260603-00659-1;2026-06-03 15:00:28;C019474;S0042;P005405;2;72,35;0,00;EUR;IT;CARD; DELIVERED ;119 avenue des Tilleuls, 20121 Milan;;MARKETPLACE_API
ORD-20260603-00659;ORD-20260603-00659-2;2026-06-03 15:00:28;C019474;S0088;P003173;2;112,98;0,00;EUR;IT;CARD;Delivered;119 avenue des Tilleuls, 20121 Milan;;MARKETPLACE_API
ORD-20260603-00660;ORD-20260603-00660-1;2026-06-03 13:46:58;C008174;S0455;P006718;1;250,13;0,00;EUR;ES;CARD;Pending;79 cours Gambetta, 08001 Barcelone;FREESHIP;MARKETPLACE_API
ORD-20260603-00660;ORD-20260603-00660-2;2026-06-03 13:46:58;C008174;S0149;P001257;1;66,50;3,33;EUR;ES;CARD;PENDING;79 cours Gambetta, 08001 Barcelone;FREESHIP;MARKETPLACE_API
ORD-20260603-00661;ORD-20260603-00661-1;2026-06-03 18:52:19;C013405;S0258;P002747;1;4,63;0,69;EUR;ES;TRANSFER;Delivered;164 impasse du Moulin, 28001 Madrid;SUMMER10;WEB
ORD-20260603-00662;ORD-20260603-00662-1;2026-06-03 19:02:07;C014562;S0590;P006566;2;36,75;0,00;EUR;DE;PAYPAL;delivered;114 rue du Général Leclerc, 10115 Berlin;;WEB
ORD-20260603-00663;ORD-20260603-00663-1;2026-06-03 23:46:27;C011012;S0472;P002581;1;70,44;10,57;EUR;DE;CARD;Returned;176 rue de la République, 10115 Berlin;FREESHIP;MOBILE_APP
ORD-20260603-00664;ORD-20260603-00664-1;2026-06-03 17:40:29;C003067;S0257;P000259;1;222,91;22,29;EUR;FR;PAYPAL;SHIPPED;48 rue de la République, 31000 Toulouse;SUMMER10;WEB
ORD-20260603-00665;ORD-20260603-00665-1;2026-06-03 14:59:32;C024121;S0137;P006338;1;27,16;0,00;EUR;DE;PAYPAL;DELIVERED;13 impasse du Moulin, 10115 Berlin;;MOBILE_APP
ORD-20260603-00666;ORD-20260603-00666-1;2026-06-03 11:33:19;C005220;S0599;P006393;3;19,56;8,80;EUR;IT;PAYPAL;shipped;51 rue Victor Hugo, 20121 Milan;SUMMER10;WEB
ORD-20260603-00666;ORD-20260603-00666-2;2026-06-03 11:33:19;C005220;S0251;P002633;1;170,40;25,56;EUR;IT;PAYPAL;SHIPPED;51 rue Victor Hugo, 20121 Milan;SUMMER10;WEB
ORD-20260603-00667;ORD-20260603-00667-1;2026-06-03 16:04:52;C018157;S0177;P001612;1;110,09;0,00;EUR;BE;PAYPAL;RETURNED;124 boulevard Saint-Michel, 2000 Anvers;;WEB
ORD-20260603-00668;ORD-20260603-00668-1;2026-06-03 14:56:03;C010514;S0463;P001013;1;242,47;36,37;EUR;ES;PAYPAL;DELIVERED;80 rue du Général Leclerc, 08001 Barcelone;;WEB
ORD-20260603-00668;ORD-20260603-00668-2;2026-06-03 14:56:03;C010514;S0435;P007704;1;128,98;0,00;EUR;ES;PAYPAL;Delivered;80 rue du Général Leclerc, 08001 Barcelone;;WEB
ORD-20260603-00669;ORD-20260603-00669-1;2026-06-03 19:50:55;C001846;S0388;P005726;1;50,12;0,00;EUR;IT;CARD;CANCELLED;130 boulevard Saint-Michel, 00184 Rome;FREESHIP;MOBILE_APP
ORD-20260603-00669;ORD-20260603-00669-2;2026-06-03 19:50:55;C001846;S0500;P007428;1;63,59;6,36;EUR;IT;CARD;CANCELLED;130 boulevard Saint-Michel, 00184 Rome;FREESHIP;MOBILE_APP
ORD-20260603-00669;ORD-20260603-00669-3;2026-06-03 19:50:55;C001846;S0102;P003865;1;46,59;0,00;EUR;IT;CARD;CANCELLED;130 boulevard Saint-Michel, 00184 Rome;FREESHIP;MOBILE_APP
ORD-20260603-00669;ORD-20260603-00669-4;2026-06-03 19:50:55;C001846;S0017;P002104;0;24,04;2,40;EUR;IT;CARD;cancelled;130 boulevard Saint-Michel, 00184 Rome;FREESHIP;MOBILE_APP
ORD-20260603-00670;ORD-20260603-00670-1;2026-06-03 15:09:04;C002318;S0091;P006017;1;122,92;0,00;EUR;DE;CARD;DELIVERED;173 route de Bordeaux, 10115 Berlin;FLASH5;MOBILE_APP
ORD-20260603-00670;ORD-20260603-00670-2;2026-06-03 15:09:04;C002318;S0482;P007313;1;66,75;0,00;EUR;DE;CARD;DELIVERED;173 route de Bordeaux, 10115 Berlin;FLASH5;MOBILE_APP
ORD-20260603-00671;ORD-20260603-00671-1;2026-06-03 15:12:51;C011529;S0021;P002452;2;50,34;0,00;EUR;DE;CARD;DELIVERED;10 route de Bordeaux, 80331 Munich;;MOBILE_APP
ORD-20260603-00672;ORD-20260603-00672-1;2026-06-03 17:03:54;C016474;S0529;P002285;1;51,87;0,00;EUR;FR;CARD;DELIVERED;47 rue du Général Leclerc, 69003 Lyon;SUMMER10;MOBILE_APP
ORD-20260603-00672;ORD-20260603-00672-2;2026-06-03 17:03:54;C016474;S0502;P000636;4;32,11;12,84;EUR;FR;CARD;DELIVERED;47 rue du Général Leclerc, 69003 Lyon;SUMMER10;MOBILE_APP
ORD-20260603-00672;ORD-20260603-00672-3;2026-06-03 17:03:54;C016474;S0086;P007013;1;16,29;0,81;EUR;FR;CARD;Delivered;47 rue du Général Leclerc, 69003 Lyon;SUMMER10;MOBILE_APP
ORD-20260603-00673;ORD-20260603-00673-1;2026-06-03 13:21:00;C024083;S0311;P002850;1;51,96;2,60;EUR;BE;CARD;RETURNED;9 chemin des Vignes, 4000 Liège;VIP20;MOBILE_APP
ORD-20260603-00673;ORD-20260603-00673-2;2026-06-03 13:21:00;C024083;S0473;P007998;1;58,80;2,94;EUR;BE;CARD;returned;9 chemin des Vignes, 4000 Liège;VIP20;MOBILE_APP
ORD-20260603-00673;ORD-20260603-00673-3;2026-06-03 13:21:00;C024083;S0565;P004531;1;68,51;6,85;EUR;BE;CARD;returned;9 chemin des Vignes, 4000 Liège;VIP20;MOBILE_APP
ORD-20260603-00674;ORD-20260603-00674-1;2026-06-03 15:09:40;C024828;S0185;P003471;3;29,22;0,00;EUR;BE;APPLEPAY; DELIVERED ;170 boulevard Saint-Michel, 4000 Liège;WELCOME15;MOBILE_APP
ORD-20260603-00674;ORD-20260603-00674-2;2026-06-03 15:09:40;C024828;S0330;P005425;1;115,91;0,00;EUR;BE;APPLEPAY;DELIVERED;170 boulevard Saint-Michel, 4000 Liège;WELCOME15;MOBILE_APP
ORD-20260603-00674;ORD-20260603-00674-3;2026-06-03 15:09:40;C024828;S0186;P002781;1;13,40;1,34;EUR;BE;APPLEPAY;DELIVERED;170 boulevard Saint-Michel, 4000 Liège;WELCOME15;MOBILE_APP
ORD-20260603-00675;ORD-20260603-00675-1;2026-06-03 15:01:35;C006275;S0286;P002710;1;7,74;0,39;EUR;BE;CARD;DELIVERED;108 allée des Peupliers, 1000 Bruxelles;;WEB
ORD-20260603-00676;ORD-20260603-00676-1;2026-06-03 09:47:55;C021105;S0321;P005485;1;52,31;0,00;EUR;DE;APPLEPAY;DELIVERED;150 route de Bordeaux, 10115 Berlin;WELCOME15;WEB
ORD-20260603-00676;ORD-20260603-00676-2;2026-06-03 09:47:55;C021105;S0298;P003363;2;56,17;16,85;EUR;DE;APPLEPAY;delivered;150 route de Bordeaux, 10115 Berlin;WELCOME15;WEB
ORD-20260603-00677;ORD-20260603-00677-1;2026-06-03 14:11:54;C001418;S0358;P002199;1;17,34;0,87;EUR;FR;PAYPAL;DELIVERED;158 route de Bordeaux, 35000 Rennes;VIP20;MOBILE_APP
ORD-20260603-00678;ORD-20260603-00678-1;2026-06-03 14:50:51;C015566;S0020;P006175;1;80,77;0,00;EUR;NL;CARD;DELIVERED;166 impasse du Moulin, 1011 Amsterdam;WELCOME15;WEB
ORD-20260603-00679;ORD-20260603-00679-1;2026-06-03 15:57:35;C019063;S0595;P001357;0;37,43;5,61;EUR;DE;CARD;DELIVERED;129 allée des Peupliers, 10115 Berlin;SUMMER10;MOBILE_APP
ORD-20260603-00679;ORD-20260603-00679-2;2026-06-03 15:57:35;C019063;S0036;P001291;1;36,12;5,42;EUR;DE;CARD;DELIVERED;129 allée des Peupliers, 10115 Berlin;SUMMER10;MOBILE_APP
ORD-20260603-00679;ORD-20260603-00679-3;2026-06-03 15:57:35;C019063;S0437;P002415;4;50,17;30,10;EUR;DE;CARD;DELIVERED;129 allée des Peupliers, 10115 Berlin;SUMMER10;MOBILE_APP
ORD-20260603-00679;ORD-20260603-00679-4;2026-06-03 15:57:35;C019063;S0062;P002110;1;45,86;2,29;EUR;DE;CARD;DELIVERED;129 allée des Peupliers, 10115 Berlin;SUMMER10;MOBILE_APP
ORD-20260603-00679;ORD-20260603-00679-5;2026-06-03 15:57:35;C019063;S0227;P004503;1;43,24;0,00;EUR;DE;CARD; DELIVERED ;129 allée des Peupliers, 10115 Berlin;SUMMER10;MOBILE_APP
ORD-20260603-00680;ORD-20260603-00680-1;2026-06-03 13:33:11;C016167;S0503;P002311;3;71,40;0,00;EUR;BE;CARD;DELIVERED;126 rue de la République, 1000 Bruxelles;;MARKETPLACE_API
ORD-20260603-00681;ORD-20260603-00681-1;2026-06-03 17:26:04;C002298;S0306;P000471;1;68,67;6,87;EUR;ES;APPLEPAY;delivered;111 place de l'Église, 46001 Valence;;MOBILE_APP
ORD-20260603-00681;ORD-20260603-00681-2;2026-06-03 17:26:04;C002298;S0402;P007574;1;71,44;0,00;EUR;ES;APPLEPAY;DELIVERED;111 place de l'Église, 46001 Valence;;MOBILE_APP
ORD-20260603-00681;ORD-20260603-00681-3;2026-06-03 17:26:04;C002298;S0255;P007358;1;68,71;0,00;EUR;ES;APPLEPAY;DELIVERED;111 place de l'Église, 46001 Valence;;MOBILE_APP
ORD-20260603-00681;ORD-20260603-00681-4;2026-06-03 17:26:04;C002298;S0360;P001183;2;21,39;4,28;EUR;ES;APPLEPAY;DELIVERED;111 place de l'Église, 46001 Valence;;MOBILE_APP
ORD-20260603-00682;ORD-20260603-00682-1;2026-06-03 19:53:24;C017343;S0070;P002966;3;39,21;0,00;EUR;IT;CARD;DELIVERED;20 rue de la République, 20121 Milan;WELCOME15;WEB
ORD-20260603-00683;ORD-20260603-00683-1;2026-06-03 20:11:57;C019335;S0149;P005226;1;27,06;0,00;EUR;FR;CARD;shipped;20 boulevard Saint-Michel, 44000 Nantes;VIP20;MOBILE_APP
ORD-20260603-00683;ORD-20260603-00683-2;2026-06-03 20:11:57;C019335;S0183;P000878;4;83,50;0,00;EUR;FR;CARD;shipped;20 boulevard Saint-Michel, 44000 Nantes;VIP20;MOBILE_APP
ORD-20260603-00683;ORD-20260603-00683-3;2026-06-03 20:11:57;C019335;S0124;P002165;2;26,03;0,00;EUR;FR;CARD;SHIPPED;20 boulevard Saint-Michel, 44000 Nantes;VIP20;MOBILE_APP
ORD-20260603-00684;ORD-20260603-00684-1;2026-06-03 17:08:08;C022244;S0136;P007583;1;10,12;0,00;EUR;BE;PAYPAL;DELIVERED;41 rue de la République, 4000 Liège;;WEB
