order_id;order_line_id;order_ts;customer_id;seller_id;product_id;quantity;unit_price;discount_amount;currency;shipping_country;payment_method;order_status;shipping_address;promo_code;channel
ORD-20260604-00000;ORD-20260604-00000-1;2026-06-04 09:14:45;C022095;S0525;P002202;1;38,48;0,00;EUR;FR;CARD;DELIVERED;50 allée des Peupliers, 35000 Rennes;;MOBILE_APP
ORD-20260604-00000;ORD-20260604-00000-2;2026-06-04 09:14:45;C022095;S0332;P003846;3;48,62;0,00;EUR;FR;CARD;DELIVERED;50 allée des Peupliers, 35000 Rennes;;MOBILE_APP
ORD-20260604-00001;ORD-20260604-00001-1;2026-06-04 10:16:40;C001716;S0493;P001021;2;31,03;0,00;EUR;DE;APPLEPAY; DELIVERED ;179 chemin des Vignes, 20095 Hambourg;FREESHIP;MARKETPLACE_API
ORD-20260604-00001;ORD-20260604-00001-2;2026-06-04 10:16:40;C001716;S0186;P004902;1;71,16;10,67;EUR;DE;APPLEPAY;DELIVERED;179 chemin des Vignes, 20095 Hambourg;FREESHIP;MARKETPLACE_API
ORD-20260604-00002;ORD-20260604-00002-1;2026-06-04 15:03:04;C008292;S0232;P004179;1;179,42;26,91;EUR;NL;CARD; DELIVERED ;18 rue de la République, 1011 Amsterdam;VIP20;MOBILE_APP
ORD-20260604-00002;ORD-20260604-00002-2;2026-06-04 15:03:04;C008292;S0265;P001626;1;69,53;0,00;EUR;NL;CARD;Delivered;18 rue de la République, 1011 Amsterdam;VIP20;MOBILE_APP
ORD-20260604-00002;ORD-20260604-00002-3;2026-06-04 15:03:04;C008292;S0293;P005328;1;67,56;3,38;EUR;NL;CARD;DELIVERED;18 rue de la République, 1011 Amsterdam;VIP20;MOBILE_APP
ORD-20260604-00002;ORD-20260604-00002-4;2026-06-04 15:03:04;C008292;S0107;P001155;1;128,63;0,00;EUR;NL;CARD;DELIVERED;18 rue de la République, 1011 Amsterdam;VIP20;MOBILE_APP
ORD-20260604-00002;ORD-20260604-00002-5;2026-06-04 15:03:04;C008292;S0188;P002931;1;12,75;1,91;EUR;NL;CARD;delivered;18 rue de la République, 1011 Amsterdam;VIP20;MOBILE_APP
ORD-20260604-00003;ORD-20260604-00003-1;2026-06-04 11:30:21;C020662;S0484;P001857;2;27,09;0,00;EUR;FR;CARD;SHIPPED;146 rue du Général Leclerc, 67000 Strasbourg;WELCOME15;MOBILE_APP
ORD-20260604-00003;ORD-20260604-00003-2;2026-06-04 11:30:21;C020662;S0315;P003690;4;33,60;0,00;EUR;FR;CARD;SHIPPED;146 rue du Général Leclerc, 67000 Strasbourg;WELCOME15;MOBILE_APP
ORD-20260604-00004;ORD-20260604-00004-1;2026-06-04 17:24:12;C006911;S0550;P003288;1;51,78;2,59;EUR;DE;TRANSFER;SHIPPED;16 boulevard Saint-Michel, 20095 Hambourg;WELCOME15;MOBILE_APP
ORD-20260604-00005;ORD-20260604-00005-1;0000-00-00 00:00:00;C003551;S0359;P006472;1;242,48;24,25;EUR;FR;CARD;DELIVERED;180 quai des Chartrons, 35000 Rennes;;MOBILE_APP
ORD-20260604-00006;ORD-20260604-00006-1;2026-06-04 16:27:43;C018175;S0059;P001611;1;64,56;3,23;EUR;FR;PAYPAL;DELIVERED;86 cours Gambetta, 67000 Strasbourg;FREESHIP;MOBILE_APP
ORD-20260604-00006;ORD-20260604-00006-2;2026-06-04 16:27:43;C018175;S0383;P005766;1;50,08;0,00;EUR;FR;PAYPAL;Delivered;86 cours Gambetta, 67000 Strasbourg;FREESHIP;MOBILE_APP
ORD-20260604-00006;ORD-20260604-00006-3;2026-06-04 16:27:43;C018175;S0588;P003426;3;9,82;0,00;EUR;FR;PAYPAL;DELIVERED;86 cours Gambetta, 67000 Strasbourg;FREESHIP;MOBILE_APP
ORD-20260604-00006;ORD-20260604-00006-4;2026-06-04 16:27:43;C018175;S0106;P004695;1;26,21;3,93;EUR;FR;PAYPAL;DELIVERED;86 cours Gambetta, 67000 Strasbourg;FREESHIP;MOBILE_APP
ORD-20260604-00007;ORD-20260604-00007-1;2026-06-04 19:41:58;C019778;S0177;P004738;1;59,86;5,99;EUR;FR;CARD; DELIVERED ;73 cours Gambetta, 59000 Lille;;MARKETPLACE_API
ORD-20260604-00008;ORD-20260604-00008-1;2026-06-04 17:38:16;C020889;S0072;P004632;1;65,16;6,52;EUR;BE;PAYPAL;DELIVERED;79 place de l'Église, 1000 Bruxelles;SUMMER10;MOBILE_APP
ORD-20260604-00009;ORD-20260604-00009-1;2026-06-04 15:43:24;C010039;S0273;P001666;1;26,84;1,34;EUR;IT;CARD;DELIVERED;154 rue du Général Leclerc, 20121 Milan;VIP20;WEB
ORD-20260604-00010;ORD-20260604-00010-1;2026-06-04 16:26:03;C011008;S0394;P005171;2;233,67;0,00;EUR;DE;CARD; DELIVERED ;82 place de l'Église, 20095 Hambourg;SUMMER10;MOBILE_APP
ORD-20260604-00010;ORD-20260604-00010-2;2026-06-04 16:26:03;C011008;S0209;P005790;1;4,36;0,65;EUR;DE;CARD;Delivered;82 place de l'Église, 20095 Hambourg;SUMMER10;MOBILE_APP
ORD-20260604-00011;ORD-20260604-00011-1;2026-06-04 21:45:45;C013092;S0234;P001843;3;145,99;21,90;EUR;FR;CARD;DELIVERED;65 allée des Peupliers, 35000 Rennes;SUMMER10;WEB
ORD-20260604-00011;ORD-20260604-00011-2;2026-06-04 21:45:45;C013092;S0055;P005487;1;3857;0,00;EUR;FR;CARD;DELIVERED;65 allée des Peupliers, 35000 Rennes;SUMMER10;WEB
ORD-20260604-00012;ORD-20260604-00012-1;2026-06-04 17:32:21;C024937;S0015;P001634;1;9,23;0,00;EUR;BE;CARD;Delivered;27 allée des Peupliers, 2000 Anvers;SUMMER10;WEB
ORD-20260604-00012;ORD-20260604-00012-2;2026-06-04 17:32:21;C024937;S0436;P006096;1;22,90;0,00;EUR;BE;CARD;DELIVERED;27 allée des Peupliers, 2000 Anvers;SUMMER10;WEB
ORD-20260604-00013;ORD-20260604-00013-1;2026-06-04 16:25:43;C014205;S0512;P002703;1;77,13;11,57;EUR;FR;CARD;DELIVERED;11 avenue des Tilleuls, 33000 Bordeaux;FREESHIP;WEB
ORD-20260604-00014;ORD-20260604-00014-1;2026-06-04 19:28:07;C010164;S0239;P002732;1;57,64;0,00;EUR;FR;TRANSFER;DELIVERED;55 place de l'Église, 69003 Lyon;;WEB
ORD-20260604-00014;ORD-20260604-00014-2;2026-06-04 19:28:07;C010164;S0573;P003160;4;11,94;0,00;EUR;FR;TRANSFER;DELIVERED;55 place de l'Église, 69003 Lyon;;WEB
ORD-20260604-00015;ORD-20260604-00015-1;2026-06-04 15:51:10;C017099;S0584;P000631;1;67,88;0,00;EUR;FR;PAYPAL;DELIVERED;141 rue Victor Hugo, 69003 Lyon;;MOBILE_APP
ORD-20260604-00015;ORD-20260604-00015-2;2026-06-04 15:51:10;C017099;S0536;P003748;1;158,21;7,91;EUR;FR;PAYPAL;Delivered;141 rue Victor Hugo, 69003 Lyon;;MOBILE_APP
ORD-20260604-00016;ORD-20260604-00016-1;2026-06-04 10:02:55;C016684;S0574;P006104;1;46,54;6,98;EUR;DE;CARD;DELIVERED;4 avenue des Tilleuls, 10115 Berlin;FREESHIP;MOBILE_APP
ORD-20260604-00016;ORD-20260604-00016-2;2026-06-04 10:02:55;C016684;S0550;P001454;2;193,56;38,71;EUR;DE;CARD;DELIVERED;4 avenue des Tilleuls, 10115 Berlin;FREESHIP;MOBILE_APP
ORD-20260604-00017;ORD-20260604-00017-1;2026-06-04 17:12:37;C024709;S0349;P004858;2;41,88;12,56;EUR;FR;PAYPAL;DELIVERED;171 cours Gambetta, 35000 Rennes;;MOBILE_APP
ORD-20260604-00017;ORD-20260604-00017-2;2026-06-04 17:12:37;C024709;S0223;P000313;1;15290;22,93;EUR;FR;PAYPAL;Delivered;171 cours Gambetta, 35000 Rennes;;MOBILE_APP
ORD-20260604-00017;ORD-20260604-00017-3;2026-06-04 17:12:37;C024709;S0270;P002216;4;143,70;28,74;EUR;FR;PAYPAL;DELIVERED;171 cours Gambetta, 35000 Rennes;;MOBILE_APP
ORD-20260604-00018;ORD-20260604-00018-1;2026-06-04 20:40:19;C003157;S0372;P007259;2;55,96;5,60;EUR;BE;CARD;DELIVERED;88 route de Bordeaux, 1000 Bruxelles;FREESHIP;MOBILE_APP
ORD-20260604-00018;ORD-20260604-00018-2;2026-06-04 20:40:19;C999318;S0511;P004997;4;14699;88,19;EUR;BE;CARD;Delivered;88 route de Bordeaux, 1000 Bruxelles;FREESHIP;MOBILE_APP
ORD-20260604-00018;ORD-20260604-00018-3;2026-06-04 20:40:19;C003157;S0416;P007425;4;63,86;0,00;EUR;BE;CARD;Delivered;88 route de Bordeaux, 1000 Bruxelles;FREESHIP;MOBILE_APP
ORD-20260604-00019;ORD-20260604-00019-1;2026-06-04 18:04:35;C009189;S0438;P002144;2;168,67;0,00;EUR;DE;APPLEPAY;CANCELLED;20 rue Victor Hugo, 80331 Munich;VIP20;WEB
ORD-20260604-00020;ORD-20260604-00020-1;2026-06-04 18:13:45;C001631;S0172;P004847;2;21,13;0,00;EUR;DE;CARD;DELIVERED;6 chemin des Vignes, 20095 Hambourg;VIP20;MARKETPLACE_API
ORD-20260604-00021;ORD-20260604-00021-1;2026-06-04 16:32:30;C014031;S0537;P005258;1;80,89;12,13;EUR;BE;CARD;Delivered;105 place de l'Église, 1000 Bruxelles;;MOBILE_APP
ORD-20260604-00022;ORD-20260604-00022-1;2026-06-04 17:37:16;C003936;S0235;P004532;2;104,67;0,00;EUR;ES;CARD;SHIPPED;30 allée des Peupliers, 28001 Madrid;;WEB
ORD-20260604-00022;ORD-20260604-00022-2;2026-06-04 17:37:16;C003936;S0397;P001162;1;50,55;0,00;EUR;ES;CARD;Shipped;30 allée des Peupliers, 28001 Madrid;;WEB
ORD-20260604-00023;ORD-20260604-00023-1;2026-06-04 08:57:24;C023489;S0062;P005117;1;53,44;0,00;EUR;FR;APPLEPAY;DELIVERED;150 route de Bordeaux, 59000 Lille;;MOBILE_APP
ORD-20260604-00023;ORD-20260604-00023-2;2026-06-04 08:57:24;C023489;S0137;P003879;1;11,48;0,00;EUR;FR;APPLEPAY;delivered;150 route de Bordeaux, 59000 Lille;;MOBILE_APP
ORD-20260604-00023;ORD-20260604-00023-3;2026-06-04 08:57:24;C023489;S0533;P002735;1;37,64;0,00;EUR;FR;APPLEPAY;DELIVERED;150 route de Bordeaux, 59000 Lille;;MOBILE_APP
ORD-20260604-00024;ORD-20260604-00024-1;2026-06-04 23:09:16;C001409;S0062;P002112;3;221,10;33,16;EUR;FR;CARD;DELIVERED;85 chemin des Vignes, 67000 Strasbourg;WELCOME15;WEB
ORD-20260604-00025;ORD-20260604-00025-1;2026-06-04 17:43:14;C002884;S0519;P005468;4;53,93;10,79;EUR;FR;PAYPAL;DELIVERED;47 boulevard Saint-Michel, 69003 Lyon;;WEB
ORD-20260604-00026;ORD-20260604-00026-1;2026-06-04 10:16:21;C006263;S0400;P005808;2;18,05;5,42;EUR;ES;PAYPAL;DELIVERED;104 rue de la République, 46001 Valence;VIP20;MOBILE_APP
ORD-20260604-00027;ORD-20260604-00027-1;2026-06-04 11:45:48;C016767;S0174;P003218;4;5,90;3,54;EUR;DE;CARD;DELIVERED;93 allée des Peupliers, 80331 Munich;SUMMER10;MARKETPLACE_API
ORD-20260604-00028;ORD-20260604-00028-1;2026-06-04 22:54:55;C003394;S0575;P000440;1;52,04;5,20;EUR;IT;CARD;shipped;36 avenue des Tilleuls, 00184 Rome;;WEB
ORD-20260604-00029;ORD-20260604-00029-1;2026-06-04 10:37:58;C013044;S0437;P002253;1;17,28;0,00;EUR;FR;GIFTCARD;CANCELLED;58 rue de la République, 31000 Toulouse;SUMMER10;MOBILE_APP
ORD-20260604-00030;ORD-20260604-00030-1;2026-06-04 11:24:36;C011809;S0507;P004907;1;10,20;0,51;EUR;BE;CARD; PENDING ;100 rue de la République, 1000 Bruxelles;;WEB
ORD-20260604-00030;ORD-20260604-00030-2;2026-06-04 11:24:36;C011809;S0180;P004624;3;68,22;0,00;EUR;BE;CARD;PENDING;100 rue de la République, 1000 Bruxelles;;WEB
ORD-20260604-00030;ORD-20260604-00030-3;2026-06-04 11:24:36;C011809;S0359;P006154;2;16,74;3,35;EUR;BE;CARD;PENDING;100 rue de la République, 1000 Bruxelles;;WEB
ORD-20260604-00031;ORD-20260604-00031-1;2026-06-04 18:29:13;C005005;S0147;P005568;1;86,88;0,00;EUR;FR;PAYPAL; CANCELLED ;60 avenue des Tilleuls, 44000 Nantes;VIP20;MOBILE_APP
ORD-20260604-00031;ORD-20260604-00031-2;2026-06-04 18:29:13;C005005;S0168;P005331;1;171,39;25,71;EUR;FR;PAYPAL;Cancelled;60 avenue des Tilleuls, 44000 Nantes;VIP20;MOBILE_APP
ORD-20260604-00032;ORD-20260604-00032-1;2026-13-45 99:99:99;C003698;S0471;P007912;2;79,01;15,80;EUR;DE;PAYPAL;DELIVERED;77 rue du Général Leclerc, 20095 Hambourg;;MOBILE_APP
ORD-20260604-00032;ORD-20260604-00032-2;2026-06-04 10:00:43;C003698;S0222;P003110;1;49,72;7,46;EUR;DE;PAYPAL; DELIVERED ;77 rue du Général Leclerc, 20095 Hambourg;;MOBILE_APP
ORD-20260604-00032;ORD-20260604-00032-2;2026-06-04 10:00:43;C003698;S0222;P003110;1;49,72;7,46;EUR;DE;PAYPAL; DELIVERED ;77 rue du Général Leclerc, 20095 Hambourg;;MOBILE_APP
ORD-20260604-00033;ORD-20260604-00033-1;2026-06-04 18:06:21;C023253;S0063;P001632;1;59,34;0,00;EUR;FR;CARD;Delivered;8 route de Bordeaux, 13008 Marseille;FLASH5;MOBILE_APP
ORD-20260604-00034;ORD-20260604-00034-1;2026-06-04 17:26:40;C011236;S0479;P006888;1;75,72;3,79;EUR;DE;CARD;SHIPPED;147 boulevard Saint-Michel, 10115 Berlin;;MOBILE_APP
ORD-20260604-00034;ORD-20260604-00034-2;2026-06-04 17:26:40;C011236;S0467;P001826;1;49,06;2,45;EUR;DE;CARD;SHIPPED;147 boulevard Saint-Michel, 10115 Berlin;;MOBILE_APP
ORD-20260604-00034;ORD-20260604-00034-3;2026-06-04 17:26:40;C011236;S0497;P005831;1;76,70;7,67;EUR;DE;CARD;SHIPPED;147 boulevard Saint-Michel, 10115 Berlin;;MOBILE_APP
ORD-20260604-00035;ORD-20260604-00035-1;2026-06-04 19:32:09;C019286;S0545;P007408;1;132,51;6,63;EUR;ES;CARD;SHIPPED;105 chemin des Vignes, 08001 Barcelone;SUMMER10;MOBILE_APP
ORD-20260604-00036;ORD-20260604-00036-1;2026-06-04 11:22:11;C008378;S0357;P003440;4;76,72;0,00;EUR;FR;GIFTCARD;Delivered;11 allée des Peupliers, 67000 Strasbourg;;WEB
ORD-20260604-00037;ORD-20260604-00037-1;2026-06-04 14:45:08;C013152;S0459;P007113;2;62,38;12,48;EUR;DE;PAYPAL;CANCELLED;65 cours Gambetta, 20095 Hambourg;;WEB
ORD-20260604-00037;ORD-20260604-00037-2;2026-06-04 14:45:08;C013152;S0478;P001718;1;147,54;7,38;EUR;DE;PAYPAL;CANCELLED;65 cours Gambetta, 20095 Hambourg;;WEB
ORD-20260604-00038;ORD-20260604-00038-1;2026-06-04 14:25:33;C000944;S0258;P005504;2;90,42;0,00;EUR;DE;PAYPAL;SHIPPED;119 allée des Peupliers, 80331 Munich;VIP20;WEB
ORD-20260604-00039;ORD-20260604-00039-1;2026-06-04 13:55:39;C006533;S0376;P005467;1;60,99;6,10;EUR;DE;TRANSFER;DELIVERED;172 rue du Général Leclerc, 80331 Munich;WELCOME15;WEB
ORD-20260604-00040;ORD-20260604-00040-1;2026-06-04 08:00:42;C017098;S0377;P005397;1;145,64;14,56;EUR;FR;PAYPAL;DELIVERED;159 place de l'Église, 31000 Toulouse;VIP20;MOBILE_APP
ORD-20260604-00041;ORD-20260604-00041-1;2026-06-04 17:49:29;C019986;S0568;P005257;1;86,63;0,00;EUR;IT;CARD;Delivered;151 chemin des Vignes, 20121 Milan;;WEB
ORD-20260604-00042;ORD-20260604-00042-1;2026-06-04 08:33:16;C012510;S0192;P003847;1;109,75;0,00;EUR;NL;TRANSFER;Shipped;99 place de l'Église, 1011 Amsterdam;;WEB
ORD-20260604-00042;ORD-20260604-00042-2;2026-06-04 08:33:16;C012510;S0287;P001603;2;75,25;0,00;EUR;NL;TRANSFER;SHIPPED;99 place de l'Église, 1011 Amsterdam;;WEB
ORD-20260604-00042;ORD-20260604-00042-3;2026-06-04 08:33:16;C012510;S0441;P005686;1;18,14;0,00;EUR;NL;TRANSFER;SHIPPED;99 place de l'Église, 1011 Amsterdam;;WEB
ORD-20260604-00042;ORD-20260604-00042-4;2026-06-04 08:33:16;C012510;S0504;P000490;1;86,41;12,96;EUR;NL;TRANSFER;SHIPPED;99 place de l'Église, 1011 Amsterdam;;WEB
ORD-20260604-00042;ORD-20260604-00042-5;2026-06-04 08:33:16;C012510;S0473;P003135;1;74,98;0,00;EUR;NL;TRANSFER;shipped;99 place de l'Église, 1011 Amsterdam;;WEB
ORD-20260604-00043;ORD-20260604-00043-1;2026-06-04 13:31:25;C020433;S0004;P001650;1;119,50;0,00;EUR;FR;CARD;DELIVERED;33 route de Bordeaux, 13008 Marseille;VIP20;MARKETPLACE_API
ORD-20260604-00043;ORD-20260604-00043-2;2026-06-04 13:31:25;C020433;S0433;P001919;1;72,21;10,83;EUR;FR;CARD; DELIVERED ;33 route de Bordeaux, 13008 Marseille;VIP20;MARKETPLACE_API
ORD-20260604-00044;ORD-20260604-00044-1;2026-06-04 09:53:43;C024004;S0090;P002805;1;9,19;1,38;EUR;BE;CARD;DELIVERED;133 place de l'Église, 4000 Liège;FLASH5;WEB
ORD-20260604-00044;ORD-20260604-00044-2;2026-06-04 09:53:43;C024004;S0392;P003576;2;191,53;19,15;EUR;BE;CARD;DELIVERED;133 place de l'Église, 4000 Liège;FLASH5;WEB
ORD-20260604-00044;ORD-20260604-00044-3;2026-06-04 09:53:43;C024004;S0059;P001611;2;62,11;0,00;EUR;BE;CARD; DELIVERED ;133 place de l'Église, 4000 Liège;FLASH5;WEB
ORD-20260604-00044;ORD-20260604-00044-3;2026-06-04 09:53:43;C024004;S0059;P001611;2;62,11;0,00;EUR;BE;CARD; DELIVERED ;133 place de l'Église, 4000 Liège;FLASH5;WEB
ORD-20260604-00045;ORD-20260604-00045-1;2026-06-04 12:03:48;C007792;S0503;P001942;1;13,23;0,00;EUR;ES;TRANSFER;DELIVERED;165 rue de la République, 28001 Madrid;FREESHIP;WEB
ORD-20260604-00045;ORD-20260604-00045-2;2026-06-04 12:03:48;C007792;S0013;P006506;1;5,88;0,88;EUR;ES;TRANSFER;DELIVERED;165 rue de la République, 28001 Madrid;FREESHIP;WEB
ORD-20260604-00045;ORD-20260604-00045-3;2026-06-04 12:03:48;C007792;S0142;P006357;1;79,20;11,88;EUR;ES;TRANSFER;DELIVERED;165 rue de la République, 28001 Madrid;FREESHIP;WEB
ORD-20260604-00045;ORD-20260604-00045-4;2026-06-04 12:03:48;C007792;S0470;P004159;1;47,36;2,37;EUR;ES;TRANSFER;DELIVERED;165 rue de la République, 28001 Madrid;FREESHIP;WEB
ORD-20260604-00046;ORD-20260604-00046-1;2026-06-04 05:53:53;C007118;S0474;P001763;1;77,72;3,89;EUR;NL;APPLEPAY;DELIVERED;24 avenue des Tilleuls, 1011 Amsterdam;FREESHIP;MOBILE_APP
ORD-20260604-00046;ORD-20260604-00046-2;2026-06-04 05:53:53;C007118;S0279;P007787;1;180,50;9,03;EUR;NL;APPLEPAY;DELIVERED;24 avenue des Tilleuls, 1011 Amsterdam;FREESHIP;MOBILE_APP
ORD-20260604-00046;ORD-20260604-00046-3;2026-06-04 05:53:53;C007118;S0046;P003848;1;82,88;12,43;EUR;NL;APPLEPAY;DELIVERED;24 avenue des Tilleuls, 1011 Amsterdam;FREESHIP;MOBILE_APP
ORD-20260604-00046;ORD-20260604-00046-4;2026-06-04 05:53:53;C007118;S0062;P000359;1;101,57;15,24;EUR;NL;APPLEPAY;DELIVERED;24 avenue des Tilleuls, 1011 Amsterdam;FREESHIP;MOBILE_APP
ORD-20260604-00046;ORD-20260604-00046-5;2026-06-04 05:53:53;C007118;S0507;P005707;1;69,10;0,00;EUR;NL;APPLEPAY;DELIVERED;24 avenue des Tilleuls, 1011 Amsterdam;FREESHIP;MOBILE_APP
ORD-20260604-00047;ORD-20260604-00047-1;2026-06-04 11:29:44;C014974;S0212;P006160;3;117,60;0,00;EUR;FR;CARD;DELIVERED;27 quai des Chartrons, 59000 Lille;WELCOME15;WEB
ORD-20260604-00048;ORD-20260604-00048-1;2026-06-04 13:00:51;C009777;S0025;P000398;2;24,19;0,00;EUR;FR;CARD;DELIVERED;180 rue du Général Leclerc, 69003 Lyon;WELCOME15;WEB
ORD-20260604-00048;ORD-20260604-00048-2;2026-06-04 13:00:51;C009777;S0379;P001384;1;46,20;2,31;EUR;FR;CARD; DELIVERED ;180 rue du Général Leclerc, 69003 Lyon;WELCOME15;WEB
ORD-20260604-00049;ORD-20260604-00049-1;2026-06-04 18:38:56;C024824;S0253;P004830;2;161,42;32,28;EUR;BE;PAYPAL;RETURNED;126 quai des Chartrons, 2000 Anvers;WELCOME15;MOBILE_APP
ORD-20260604-00050;ORD-20260604-00050-1;2026-06-04 13:52:09;C001882;S0292;P007499;2;23,44;4,69;EUR;FR;APPLEPAY; DELIVERED ;90 rue du Général Leclerc, 67000 Strasbourg;;MOBILE_APP
ORD-20260604-00050;ORD-20260604-00050-2;0000-00-00 00:00:00;C001882;S0262;P004423;1;106,74;10,67;EUR;FR;APPLEPAY;DELIVERED;90 rue du Général Leclerc, 67000 Strasbourg;;MOBILE_APP
ORD-20260604-00051;ORD-20260604-00051-1;2026-06-04 15:49:56;C008559;S0195;P000050;1;34,55;5,18;EUR;DE;CARD;DELIVERED;24 route de Bordeaux, 10115 Berlin;;MOBILE_APP
ORD-20260604-00051;ORD-20260604-00051-2;2026-06-04 15:49:56;C008559;S0218;P003286;2;77,79;0,00;EUR;DE;CARD;DELIVERED;24 route de Bordeaux, 10115 Berlin;;MOBILE_APP
ORD-20260604-00052;ORD-20260604-00052-1;2026-06-04 14:14:52;C012780;S0281;P006961;1;228,88;22,89;EUR;FR;CARD;delivered;43 cours Gambetta, 33000 Bordeaux;FLASH5;MOBILE_APP
ORD-20260604-00052;ORD-20260604-00052-2;2026-06-04 14:14:52;C012780;S0360;P004744;1;53,02;2,65;EUR;FR;CARD;DELIVERED;43 cours Gambetta, 33000 Bordeaux;FLASH5;MOBILE_APP
ORD-20260604-00052;ORD-20260604-00052-3;2026-06-04 14:14:52;C012780;S0207;P006464;1;53,64;0,00;EUR;FR;CARD; DELIVERED ;43 cours Gambetta, 33000 Bordeaux;FLASH5;MOBILE_APP
ORD-20260604-00052;ORD-20260604-00052-4;2026-06-04 14:14:52;C012780;S0546;P006732;2;32,50;0,00;EUR;FR;CARD;DELIVERED;43 cours Gambetta, 33000 Bordeaux;FLASH5;MOBILE_APP
ORD-20260604-00052;ORD-20260604-00052-5;2026-06-04 14:14:52;C012780;S0100;P003295;1;125,25;12,53;EUR;FR;CARD;DELIVERED;43 cours Gambetta, 33000 Bordeaux;FLASH5;MOBILE_APP
ORD-20260604-00053;ORD-20260604-00053-1;2026-06-04 08:24:20;C009565;S0418;P005006;1;12,26;1,84;EUR;ES;PAYPAL; DELIVERED ;22 rue du Général Leclerc, 28001 Madrid;FLASH5;MARKETPLACE_API
ORD-20260604-00053;ORD-20260604-00053-2;2026-06-04 08:24:20;C009565;S0436;P007423;2;288,33;28,83;EUR;ES;PAYPAL; DELIVERED ;22 rue du Général Leclerc, 28001 Madrid;FLASH5;MARKETPLACE_API
ORD-20260604-00053;ORD-20260604-00053-3;2026-06-04 08:24:20;C009565;S0063;P001093;1;30,05;4,51;EUR;ES;PAYPAL;Delivered;22 rue du Général Leclerc, 28001 Madrid;FLASH5;MARKETPLACE_API
ORD-20260604-00053;ORD-20260604-00053-4;2026-06-04 08:24:20;C009565;S0137;P000685;1;60,84;9,13;EUR;ES;PAYPAL;DELIVERED;22 rue du Général Leclerc, 28001 Madrid;FLASH5;MARKETPLACE_API
ORD-20260604-00053;ORD-20260604-00053-5;2026-06-04 08:24:20;C009565;S0505;P001506;1;49,06;0,00;EUR;ES;PAYPAL;DELIVERED;22 rue du Général Leclerc, 28001 Madrid;FLASH5;MARKETPLACE_API
ORD-20260604-00054;ORD-20260604-00054-1;2026-06-04 04:37:28;C000813;S0091;P001645;2;133,19;0,00;EUR;DE;CARD;DELIVERED;27 cours Gambetta, 80331 Munich;WELCOME15;MOBILE_APP
ORD-20260604-00055;ORD-20260604-00055-1;2026-06-04 12:01:58;C016268;S0457;P006373;1;240,66;0,00;EUR;DE;GIFTCARD;delivered;95 boulevard Saint-Michel, 20095 Hambourg;WELCOME15;WEB
ORD-20260604-00055;ORD-20260604-00055-2;2026-06-04 12:01:58;C016268;S0543;P006663;1;78,40;7,84;EUR;DE;GIFTCARD; DELIVERED ;95 boulevard Saint-Michel, 20095 Hambourg;WELCOME15;WEB
ORD-20260604-00055;ORD-20260604-00055-3;2026-06-04 12:01:58;C016268;S0277;P003123;1;154,01;0,00;EUR;DE;GIFTCARD;DELIVERED;95 boulevard Saint-Michel, 20095 Hambourg;WELCOME15;WEB
ORD-20260604-00056;ORD-20260604-00056-1;2026-06-04 20:10:38;C004963;S0355;P001841;2;20,89;0,00;EUR;FR;CARD;DELIVERED;10 rue du Général Leclerc, 69003 Lyon;WELCOME15;WEB
ORD-20260604-00057;ORD-20260604-00057-1;2026-06-04 15:22:14;C000743;S0197;P002413;1;10,57;1,59;EUR;FR;CARD;DELIVERED;18 avenue des Tilleuls, 69003 Lyon;VIP20;WEB
ORD-20260604-00058;ORD-20260604-00058-1;2026-06-04 17:27:36;C020657;S0067;P002788;1;140,06;0,00;EUR;IT;CARD;DELIVERED;160 chemin des Vignes, 00184 Rome;;MOBILE_APP
ORD-20260604-00059;ORD-20260604-00059-1;2026-06-04 14:48:17;C021876;S0493;P007765;1;65,29;9,79;EUR;DE;CARD;DELIVERED;179 cours Gambetta, 80331 Munich;;WEB
ORD-20260604-00059;ORD-20260604-00059-2;2026-06-04 14:48:17;C021876;S0435;P006535;2;97,56;0,00;EUR;DE;CARD; DELIVERED ;179 cours Gambetta, 80331 Munich;;WEB
ORD-20260604-00060;ORD-20260604-00060-1;2026-06-04 15:09:28;C020220;S0331;P002385;2;18,21;0,00;EUR;FR;CARD;Returned;60 place de l'Église, 67000 Strasbourg;;MOBILE_APP
ORD-20260604-00061;ORD-20260604-00061-1;2026-06-04 13:13:46;C015064;S0090;P000998;1;115,12;11,51;EUR;DE;CARD;RETURNED;12 impasse du Moulin, 10115 Berlin;;MOBILE_APP
ORD-20260604-00061;ORD-20260604-00061-2;2026-06-04 13:13:46;C015064;S0128;P003499;1;29,58;0,00;EUR;DE;CARD; RETURNED ;12 impasse du Moulin, 10115 Berlin;;MOBILE_APP
ORD-20260604-00061;ORD-20260604-00061-3;2026-06-04 13:13:46;C015064;S0408;P004850;1;43,06;6,46;EUR;DE;CARD;RETURNED;12 impasse du Moulin, 10115 Berlin;;MOBILE_APP
ORD-20260604-00062;ORD-20260604-00062-1;2026-06-04 22:37:00;C018522;S0011;P005177;3;EUR 9,37;2,81;EUR;FR;TRANSFER; DELIVERED ;122 impasse du Moulin, 44000 Nantes;VIP20;WEB
ORD-20260604-00063;ORD-20260604-00063-1;2026-06-04 15:55:48;C020559;S0055;P002563;2;7054;0,00;EUR;FR;PAYPAL;DELIVERED;166 impasse du Moulin, 44000 Nantes;VIP20;MOBILE_APP
ORD-20260604-00064;ORD-20260604-00064-1;2026-06-04 14:58:52;C005576;S0041;P002991;1;184,43;9,22;EUR;FR;APPLEPAY;RETURNED;165 rue Victor Hugo, 67000 Strasbourg;SUMMER10;MOBILE_APP
ORD-20260604-00064;ORD-20260604-00064-2;2026-06-04 14:58:52;C005576;S0013;P005947;1;64,36;0,00;EUR;FR;APPLEPAY;RETURNED;165 rue Victor Hugo, 67000 Strasbourg;SUMMER10;MOBILE_APP
ORD-20260604-00065;ORD-20260604-00065-1;2026-06-04 10:35:04;C004170;S0005;P000968;2;18,48;0,00;EUR;BE;CARD;Delivered;90 place de l'Église, 2000 Anvers;;WEB
ORD-20260604-00065;ORD-20260604-00065-2;2026-06-04 10:35:04;C004170;S0150;P004180;1;73,63;0,00;EUR;BE;CARD;DELIVERED;90 place de l'Église, 2000 Anvers;;WEB
ORD-20260604-00065;ORD-20260604-00065-3;2026-06-04 10:35:04;C004170;S0190;P001865;1;263,88;0,00;EUR;BE;CARD; DELIVERED ;90 place de l'Église, 2000 Anvers;;WEB
ORD-20260604-00066;ORD-20260604-00066-1;2026-06-04 21:23:43;C021621;S0441;P003695;1;57,18;0,00;EUR;BE;CARD;DELIVERED;30 rue du Général Leclerc, 4000 Liège;;WEB
ORD-20260604-00066;ORD-20260604-00066-2;2026-06-04 21:23:43;C021621;S0463;P006100;1;7508;3,75;EUR;BE;CARD;DELIVERED;30 rue du Général Leclerc, 4000 Liège;;WEB
ORD-20260604-00066;ORD-20260604-00066-3;2026-06-04 21:23:43;C021621;S0576;P001157;1;56,71;0,00;EUR;BE;CARD;DELIVERED;30 rue du Général Leclerc, 4000 Liège;;WEB
ORD-20260604-00067;ORD-20260604-00067-1;2026-06-04 10:10:05;C019937;S0033;P003351;1;82,28;0,00;EUR;BE;CARD;DELIVERED;66 rue de la République, 4000 Liège;FREESHIP;MARKETPLACE_API
ORD-20260604-00068;ORD-20260604-00068-1;2026-06-04 09:04:41;C016568;S0132;P006584;1;16,35;0,00;EUR;NL;CARD;DELIVERED;26 rue Victor Hugo, 1011 Amsterdam;FLASH5;MOBILE_APP
ORD-20260604-00068;ORD-20260604-00068-2;2026-06-04 09:04:41;C016568;S0510;P005822;1;54,17;0,00;EUR;NL;CARD;Delivered;26 rue Victor Hugo, 1011 Amsterdam;FLASH5;MOBILE_APP
ORD-20260604-00069;ORD-20260604-00069-1;2026-06-04 16:21:07;C012927;S0418;P005605;1;57,64;0,00;EUR;DE;CARD;RETURNED;112 avenue des Tilleuls, 20095 Hambourg;;WEB
ORD-20260604-00069;ORD-20260604-00069-2;2026-06-04 16:21:07;C012927;S0510;P000996;2;31,64;3,16;EUR;DE;CARD; RETURNED ;112 avenue des Tilleuls, 20095 Hambourg;;WEB
ORD-20260604-00069;ORD-20260604-00069-3;2026-06-04 16:21:07;C012927;S0396;P007676;4;10,37;6,22;EUR;DE;CARD; RETURNED ;112 avenue des Tilleuls, 20095 Hambourg;;WEB
ORD-20260604-00069;ORD-20260604-00069-4;2026-06-04 16:21:07;C012927;S0566;P006863;1;51,14;2,56;EUR;DE;CARD;returned;112 avenue des Tilleuls, 20095 Hambourg;;WEB
ORD-20260604-00070;ORD-20260604-00070-1;2026-06-04 12:50:33;C018143;S0313;P007461;1;34,00;5,10;EUR;IT;CARD;DELIVERED;66 cours Gambetta, 00184 Rome;WELCOME15;MOBILE_APP
ORD-20260604-00070;ORD-20260604-00070-2;2026-06-04 12:50:33;C018143;S0586;P000026;2;23,56;0,00;EUR;IT;CARD;DELIVERED;66 cours Gambetta, 00184 Rome;WELCOME15;MOBILE_APP
ORD-20260604-00071;ORD-20260604-00071-1;2026-06-04 19:49:17;C005602;S0003;P006132;1;20,41;0,00;EUR;ES;CARD;RETURNED;25 avenue des Tilleuls, 46001 Valence;;WEB
ORD-20260604-00071;ORD-20260604-00071-2;2026-06-04 19:49:17;C005602;S0242;P001823;1;107,15;0,00;EUR;ES;CARD;RETURNED;25 avenue des Tilleuls, 46001 Valence;;WEB
ORD-20260604-00071;ORD-20260604-00071-3;2026-06-04 19:49:17;C005602;S0501;P002559;1;74,07;7,41;EUR;ES;CARD;returned;25 avenue des Tilleuls, 46001 Valence;;WEB
ORD-20260604-00072;ORD-20260604-00072-1;2026-06-04 22:10:39;C023028;S0335;P002587;1;27,05;0,00;EUR;FR;CARD;cancelled;30 impasse du Moulin, 67000 Strasbourg;;WEB
ORD-20260604-00072;ORD-20260604-00072-2;2026-06-04 22:10:39;C023028;S0550;P000193;2;57,25;0,00;EUR;FR;CARD;CANCELLED;30 impasse du Moulin, 67000 Strasbourg;;WEB
ORD-20260604-00073;ORD-20260604-00073-1;2026-06-04 14:30:53;C021997;S0521;P000758;1;6,27;0,00;EUR;FR;CARD; SHIPPED ;46 cours Gambetta, 69003 Lyon;VIP20;WEB
ORD-20260604-00074;ORD-20260604-00074-1;2026-06-04 16:33:50;C007687;S0311;P005682;1;58,15;0,00;EUR;FR;CARD;DELIVERED;79 avenue des Tilleuls, 31000 Toulouse;WELCOME15;WEB
ORD-20260604-00074;ORD-20260604-00074-2;2026-06-04 16:33:50;C007687;S0238;P006320;1;166,26;0,00;EUR;FR;CARD;delivered;79 avenue des Tilleuls, 31000 Toulouse;WELCOME15;WEB
ORD-20260604-00074;ORD-20260604-00074-2;2026-06-04 16:33:50;C007687;S0238;P006320;1;166,26;0,00;EUR;FR;CARD;delivered;79 avenue des Tilleuls, 31000 Toulouse;WELCOME15;WEB
ORD-20260604-00075;ORD-20260604-00075-1;2026-06-04 10:47:04;C016140;S0071;P000980;2;10,58;2,12;EUR;NL;CARD;DELIVERED;139 allée des Peupliers, 1011 Amsterdam;;MOBILE_APP
ORD-20260604-00076;ORD-20260604-00076-1;2026-06-04 08:49:18;C999285;S0431;P005976;1;98,33;14,75;EUR;BE;CARD;Delivered;60 quai des Chartrons, 2000 Anvers;VIP20;MOBILE_APP
ORD-20260604-00077;ORD-20260604-00077-1;2026-06-04 14:33:20;C023005;S0576;P004605;1;26,16;3,92;EUR;BE;CARD;Shipped;129 boulevard Saint-Michel, 4000 Liège;;MOBILE_APP
ORD-20260604-00078;ORD-20260604-00078-1;2026-06-04 17:40:53;C007367;S0011;P000686;3;84,23;0,00;EUR;DE;CARD;DELIVERED;19 cours Gambetta, 20095 Hambourg;WELCOME15;WEB
ORD-20260604-00079;ORD-20260604-00079-1;2026-06-04 22:37:02;C019001;S0517;P000230;3;39,72;11,92;EUR;FR;CARD;Delivered;90 avenue des Tilleuls, 75011 Paris;FLASH5;MOBILE_APP
ORD-20260604-00079;ORD-20260604-00079-2;2026-06-04 22:37:02;C019001;S0313;P006910;1;25,84;0,00;EUR;FR;CARD;DELIVERED;90 avenue des Tilleuls, 75011 Paris;FLASH5;MOBILE_APP
ORD-20260604-00079;ORD-20260604-00079-3;2026-06-04 22:37:02;C019001;S0451;P000986;1;137,69;0,00;EUR;FR;CARD;DELIVERED;90 avenue des Tilleuls, 75011 Paris;FLASH5;MOBILE_APP
ORD-20260604-00080;ORD-20260604-00080-1;2026-06-04 12:35:20;C016743;S0472;P005426;2;119,31;0,00;EUR;IT;PAYPAL;DELIVERED;155 rue du Général Leclerc, 00184 Rome;;WEB
ORD-20260604-00080;ORD-20260604-00080-2;2026-06-04 12:35:20;C016743;S0352;P000957;1;58,50;8,78;EUR;IT;PAYPAL;DELIVERED;155 rue du Général Leclerc, 00184 Rome;;WEB
ORD-20260604-00081;ORD-20260604-00081-1;2026-06-04 15:06:38;C013003;S0058;P004210;1;89,83;0,00;EUR;IT;CARD;DELIVERED;101 place de l'Église, 00184 Rome;SUMMER10;MOBILE_APP
ORD-20260604-00081;ORD-20260604-00081-2;2026-06-04 15:06:38;C013003;S0042;P003446;1;23,53;0,00;EUR;IT;CARD;DELIVERED;101 place de l'Église, 00184 Rome;SUMMER10;MOBILE_APP
ORD-20260604-00082;ORD-20260604-00082-1;2026-06-04 11:08:50;C021646;S0327;P002046;1;100,12;5,01;EUR;FR;APPLEPAY;CANCELLED;176 quai des Chartrons, 33000 Bordeaux;FREESHIP;MOBILE_APP
ORD-20260604-00082;ORD-20260604-00082-2;2026-06-04 11:08:50;C021646;S0520;P007103;1;239,97;0,00;EUR;FR;APPLEPAY; CANCELLED ;176 quai des Chartrons, 33000 Bordeaux;FREESHIP;MOBILE_APP
ORD-20260604-00083;ORD-20260604-00083-1;2026-06-04 12:59:09;C000623;S0200;P004633;4;136,91;0,00;EUR;NL;CARD; DELIVERED ;167 cours Gambetta, 1011 Amsterdam;SUMMER10;MOBILE_APP
ORD-20260604-00084;ORD-20260604-00084-1;2026-06-04 17:17:37;C000673;S0109;P004730;1;76,19;11,43;EUR;FR;CARD;DELIVERED;74 avenue des Tilleuls, 59000 Lille;;WEB
ORD-20260604-00085;ORD-20260604-00085-1;2026-06-04 11:07:24;C020203;S0543;P004188;3;60,64;0,00;EUR;IT;CARD;DELIVERED;28 cours Gambetta, 00184 Rome;FLASH5;WEB
ORD-20260604-00086;ORD-20260604-00086-1;2026-06-04 08:17:01;C000910;S0345;P000304;1;48,89;2,44;EUR;FR;PAYPAL;DELIVERED;139 impasse du Moulin, 35000 Rennes;WELCOME15;MOBILE_APP
ORD-20260604-00087;ORD-20260604-00087-1;2026-06-04 22:43:12;C023359;S0417;P004177;1;11,79;0,00;EUR;DE;PAYPAL;RETURNED;49 allée des Peupliers, 10115 Berlin;FLASH5;MOBILE_APP
ORD-20260604-00088;ORD-20260604-00088-1;2026-06-04 16:09:17;C004333;S0419;P001629;1;62,72;6,27;EUR;DE;PAYPAL;delivered;106 impasse du Moulin, 80331 Munich;VIP20;MOBILE_APP
ORD-20260604-00089;ORD-20260604-00089-1;2026-06-04 23:30:04;C022861;S0600;P004312;1;46,68;4,67;EUR;FR;PAYPAL;DELIVERED;145 place de l'Église, 33000 Bordeaux;VIP20;WEB
ORD-20260604-00090;ORD-20260604-00090-1;2026-06-04 16:23:29;C015597;S0148;P005882;1;5,06;0,00;EUR;DE;CARD;DELIVERED;169 allée des Peupliers, 20095 Hambourg;;WEB
ORD-20260604-00090;ORD-20260604-00090-2;2026-06-04 16:23:29;C015597;S0340;P001377;2;18,95;0,00;EUR;DE;CARD;DELIVERED;169 allée des Peupliers, 20095 Hambourg;;WEB
ORD-20260604-00090;ORD-20260604-00090-3;2026-06-04 16:23:29;C015597;S0385;P003165;1;200,99;0,00;EUR;DE;CARD;delivered;169 allée des Peupliers, 20095 Hambourg;;WEB
ORD-20260604-00091;ORD-20260604-00091-1;2026-06-04 17:31:24;C019001;S0600;P006808;1;68,78;0,00;EUR;FR;CARD;PENDING;79 place de l'Église, 75011 Paris;FREESHIP;MOBILE_APP
ORD-20260604-00091;ORD-20260604-00091-2;2026-06-04 17:31:24;C019001;S0036;P000977;1;16,32;0,00;EUR;FR;CARD;PENDING;79 place de l'Église, 75011 Paris;FREESHIP;MOBILE_APP
ORD-20260604-00091;ORD-20260604-00091-3;2026-06-04 17:31:24;C019001;S0295;P004867;1;1829;0,00;EUR;FR;CARD;PENDING;79 place de l'Église, 75011 Paris;FREESHIP;MOBILE_APP
ORD-20260604-00092;ORD-20260604-00092-1;2026-06-04 14:38:19;C015400;S0503;P003934;2;24,16;4,83;EUR;DE;CARD;DELIVERED;144 chemin des Vignes, 20095 Hambourg;FREESHIP;MOBILE_APP
ORD-20260604-00093;ORD-20260604-00093-1;2026-06-04 13:29:09;C000227;S0036;P000446;1;62,12;0,00;EUR;BE;CARD; DELIVERED ;145 cours Gambetta, 1000 Bruxelles;;MOBILE_APP
ORD-20260604-00094;ORD-20260604-00094-1;2026-06-04 13:01:58;C000090;S0191;P006173;1;72,40;7,24;EUR;FR;CARD;RETURNED;133 chemin des Vignes, 69003 Lyon;WELCOME15;MOBILE_APP
ORD-20260604-00094;ORD-20260604-00094-2;2026-06-04 13:01:58;C000090;S0259;P004268;2;48,36;4,84;EUR;FR;CARD; RETURNED ;133 chemin des Vignes, 69003 Lyon;WELCOME15;MOBILE_APP
ORD-20260604-00095;ORD-20260604-00095-1;2026-06-04 16:57:40;C014738;S0010;P002023;3;63,00;0,00;EUR;ES;CARD;delivered;33 route de Bordeaux, 46001 Valence;;MOBILE_APP
ORD-20260604-00096;ORD-20260604-00096-1;2026-06-04 14:18:31;C021519;S0042;P003066;1;161,85;24,28;EUR;IT;CARD;DELIVERED;156 boulevard Saint-Michel, 20121 Milan;FREESHIP;WEB
ORD-20260604-00096;ORD-20260604-00096-2;2026-06-04 14:18:31;C021519;S0130;P006642;1;10,31;0,00;EUR;IT;CARD;Delivered;156 boulevard Saint-Michel, 20121 Milan;FREESHIP;WEB
ORD-20260604-00096;ORD-20260604-00096-3;2026-06-04 14:18:31;C021519;S0098;P001077;2;75,86;0,00;EUR;IT;CARD;DELIVERED;156 boulevard Saint-Michel, 20121 Milan;FREESHIP;WEB
ORD-20260604-00096;ORD-20260604-00096-3;2026-06-04 14:18:31;C021519;S0098;P001077;2;75,86;0,00;EUR;IT;CARD;DELIVERED;156 boulevard Saint-Michel, 20121 Milan;FREESHIP;WEB
ORD-20260604-00096;ORD-20260604-00096-4;2026-06-04 14:18:31;C021519;S0186;P003575;2;4,43;0,00;EUR;IT;CARD;DELIVERED;156 boulevard Saint-Michel, 20121 Milan;FREESHIP;WEB
ORD-20260604-00096;ORD-20260604-00096-5;2026-06-04 14:18:31;C021519;S0421;P006847;2;11,77;0,00;EUR;IT;CARD;Delivered;156 boulevard Saint-Michel, 20121 Milan;FREESHIP;WEB
ORD-20260604-00097;ORD-20260604-00097-1;2026-06-04 16:47:42;C006408;S0483;P000954;1;53,21;7,98;EUR;IT;CARD;DELIVERED;100 allée des Peupliers, 00184 Rome;FREESHIP;WEB
ORD-20260604-00098;ORD-20260604-00098-1;2026-06-04 13:54:28;C009923;S0347;P003069;1;7,63;0,76;EUR;FR;CARD;CANCELLED;73 route de Bordeaux, 69003 Lyon;VIP20;MOBILE_APP
ORD-20260604-00098;ORD-20260604-00098-2;2026-06-04 13:54:28;C009923;S0428;P005532;2;38,14;7,63;EUR;FR;CARD;CANCELLED;73 route de Bordeaux, 69003 Lyon;VIP20;MOBILE_APP
ORD-20260604-00098;ORD-20260604-00098-3;2026-06-04 13:54:28;C009923;S0404;P007770;1;278,53;27,85;EUR;FR;CARD;CANCELLED;73 route de Bordeaux, 69003 Lyon;VIP20;MOBILE_APP
ORD-20260604-00098;ORD-20260604-00098-4;2026-06-04T13:01;C009923;S0536;P004119;2;34,75;0,00;EUR;FR;CARD;CANCELLED;73 route de Bordeaux, 69003 Lyon;VIP20;MOBILE_APP
ORD-20260604-00098;ORD-20260604-00098-5;2026-06-04 13:54:28;C009923;S0083;P000773;3;252,45;0,00;EUR;FR;CARD;CANCELLED;73 route de Bordeaux, 69003 Lyon;VIP20;MOBILE_APP
ORD-20260604-00099;ORD-20260604-00099-1;2026-06-04 14:11:43;C020848;S0455;P004395;1;62,75;6,28;EUR;ES;GIFTCARD;Delivered;139 impasse du Moulin, 28001 Madrid;VIP20;MOBILE_APP
ORD-20260604-00099;ORD-20260604-00099-2;2026-06-04 14:11:43;C020848;S0549;P006270;1;154,79;7,74;EUR;ES;GIFTCARD; DELIVERED ;139 impasse du Moulin, 28001 Madrid;VIP20;MOBILE_APP
ORD-20260604-00099;ORD-20260604-00099-3;2026-06-04 14:11:43;C020848;S0579;P004288;2;47,71;0,00;EUR;ES;GIFTCARD;DELIVERED;139 impasse du Moulin, 28001 Madrid;VIP20;MOBILE_APP
ORD-20260604-00100;ORD-20260604-00100-1;2026-06-04 14:28:19;C021827;S0489;P007533;2;35,60;3,56;EUR;FR;CARD;DELIVERED;8 avenue des Tilleuls, 44000 Nantes;SUMMER10;MOBILE_APP
ORD-20260604-00100;ORD-20260604-00100-2;2026-06-04 14:28:19;C021827;S0445;P003794;4;60,78;0,00;EUR;FR;CARD;DELIVERED;8 avenue des Tilleuls, 44000 Nantes;SUMMER10;MOBILE_APP
ORD-20260604-00100;ORD-20260604-00100-3;2026-06-04 14:28:19;C021827;S0294;P003498;1;224,22;0,00;EUR;FR;CARD;DELIVERED;8 avenue des Tilleuls, 44000 Nantes;SUMMER10;MOBILE_APP
ORD-20260604-00100;ORD-20260604-00100-4;2026-06-04 14:28:19;C021827;S0421;P004860;4;61,55;36,93;EUR;FR;CARD;DELIVERED;8 avenue des Tilleuls, 44000 Nantes;SUMMER10;MOBILE_APP
ORD-20260604-00100;ORD-20260604-00100-5;2026-06-04 14:28:19;C021827;S0360;P005996;4;27,94;0,00;EUR;FR;CARD; DELIVERED ;8 avenue des Tilleuls, 44000 Nantes;SUMMER10;MOBILE_APP
ORD-20260604-00101;ORD-20260604-00101-1;2026-06-04 14:27:13;C006376;S0324;P003294;1;146,80;7,34;EUR;ES;TRANSFER;Delivered;121 avenue des Tilleuls, 46001 Valence;;MOBILE_APP
ORD-20260604-00102;ORD-20260604-00102-1;2026-06-04 14:33:20;C002735;S0434;P002380;1;81,19;0,00;EUR;NL;APPLEPAY;Delivered;138 boulevard Saint-Michel, 1011 Amsterdam;VIP20;MOBILE_APP
ORD-20260604-00102;ORD-20260604-00102-2;2026-06-04 14:33:20;C002735;S0405;P006268;1;62,73;9,41;EUR;NL;APPLEPAY;delivered;138 boulevard Saint-Michel, 1011 Amsterdam;VIP20;MOBILE_APP
ORD-20260604-00103;ORD-20260604-00103-1;2026-06-04 17:37:23;C000154;S0395;P004190;1;23,15;3,47;EUR;ES;PAYPAL;DELIVERED;144 avenue des Tilleuls, 08001 Barcelone;;WEB
ORD-20260604-00103;ORD-20260604-00103-2;2026-06-04 17:37:23;C000154;S0423;P007146;1;81,30;4,07;EUR;ES;PAYPAL;DELIVERED;144 avenue des Tilleuls, 08001 Barcelone;;WEB
ORD-20260604-00103;ORD-20260604-00103-3;2026-06-04 17:37:23;C000154;S0198;P006951;1;74,84;0,00;EUR;ES;PAYPAL;DELIVERED;144 avenue des Tilleuls, 08001 Barcelone;;WEB
ORD-20260604-00104;ORD-20260604-00104-1;2026-06-04 15:40:37;C005200;S0438;P005900;4;52,22;0,00;EUR;FR;CARD;delivered;129 avenue des Tilleuls, 35000 Rennes;VIP20;WEB
ORD-20260604-00105;ORD-20260604-00105-1;2026-06-04 17:17:11;C021031;S0459;P007017;3;9,90;0,00;EUR;IT;CARD;Delivered;108 place de l'Église, 00184 Rome;;WEB
ORD-20260604-00105;ORD-20260604-00105-2;2026-06-04 17:17:11;C021031;S0293;P005730;1;60,73;3,04;EUR;IT;CARD;DELIVERED;108 place de l'Église, 00184 Rome;;WEB
ORD-20260604-00106;ORD-20260604-00106-1;2026-06-04 16:12:56;C000300;S0161;P001667;1;73,49;7,35;EUR;FR;PAYPAL;DELIVERED;157 place de l'Église, 75011 Paris;;MOBILE_APP
ORD-20260604-00106;ORD-20260604-00106-2;2026-06-04 16:12:56;C000300;S0199;P006621;1;16743;8,37;EUR;FR;PAYPAL;DELIVERED;157 place de l'Église, 75011 Paris;;MOBILE_APP
ORD-20260604-00106;ORD-20260604-00106-3;2026-06-04 16:12:56;C000300;S0153;P005903;1;18,16;0,91;EUR;FR;PAYPAL;DELIVERED;157 place de l'Église, 75011 Paris;;MOBILE_APP
ORD-20260604-00107;ORD-20260604-00107-1;2026-06-04 12:59:51;C024440;S0083;P000873;1;64,94;6,49;EUR;DE;CARD;DELIVERED;112 avenue des Tilleuls, 20095 Hambourg;;MOBILE_APP
ORD-20260604-00108;ORD-20260604-00108-1;2026-06-04 14:34:47;C006561;S0462;P004950;1;26,78;1,34;EUR;FR;CARD;delivered;26 impasse du Moulin, 31000 Toulouse;WELCOME15;WEB
ORD-20260604-00109;ORD-20260604-00109-1;2026-06-04 14:53:01;C003930;S0224;P003435;2;27,75;8,32;EUR;BE;CARD;cancelled;76 rue du Général Leclerc, 2000 Anvers;SUMMER10;MOBILE_APP
ORD-20260604-00110;ORD-20260604-00110-1;2026-06-04 14:10:54;C019147;S0122;P001376;1;150,10;22,51;EUR;FR;CARD;DELIVERED;180 allée des Peupliers, 13008 Marseille;;MOBILE_APP
ORD-20260604-00110;ORD-20260604-00110-2;2026-06-04 14:10:54;C019147;S0586;P001747;1;60,66;0,00;EUR;FR;CARD;DELIVERED;180 allée des Peupliers, 13008 Marseille;;MOBILE_APP
ORD-20260604-00110;ORD-20260604-00110-3;2026-06-04 14:10:54;C019147;S0123;P006036;1;159,27;0,00;EUR;FR;CARD; DELIVERED ;180 allée des Peupliers, 13008 Marseille;;MOBILE_APP
ORD-20260604-00111;ORD-20260604-00111-1;2026-06-04 09:09:54;C002244;S0502;P007294;1;29,99;0,00;EUR;FR;CARD;DELIVERED;7 rue Victor Hugo, 33000 Bordeaux;FLASH5;MOBILE_APP
ORD-20260604-00111;ORD-20260604-00111-2;2026-06-04 09:09:54;C002244;S0397;P001162;1;60,39;6,04;EUR;FR;CARD;DELIVERED;7 rue Victor Hugo, 33000 Bordeaux;FLASH5;MOBILE_APP
ORD-20260604-00112;ORD-20260604-00112-1;2026-06-04 13:02:25;C017481;S0358;P002204;1;166,46;24,97;EUR;FR;CARD;DELIVERED;143 route de Bordeaux, 33000 Bordeaux;;MOBILE_APP
ORD-20260604-00113;ORD-20260604-00113-1;2026-06-04 10:29:44;C008915;S0035;P005721;1;6,35;0,00;EUR;FR;PAYPAL;DELIVERED;113 rue Victor Hugo, 67000 Strasbourg;;WEB
ORD-20260604-00113;ORD-20260604-00113-2;2026-06-04 10:29:44;C008915;S0523;P006568;1;15,63;0,00;EUR;FR;PAYPAL;DELIVERED;113 rue Victor Hugo, 67000 Strasbourg;;WEB
ORD-20260604-00114;ORD-20260604-00114-1;2026-06-04 19:27:33;C008412;S0530;P003843;2;178,53;35,71;EUR;DE;CARD;DELIVERED;74 cours Gambetta, 20095 Hambourg;FLASH5;WEB
ORD-20260604-00115;ORD-20260604-00115-1;2026-06-04 21:42:14;C010859;S0046;P005416;2;65,07;6,51;EUR;FR;GIFTCARD;DELIVERED;76 chemin des Vignes, 33000 Bordeaux;;MOBILE_APP
ORD-20260604-00116;ORD-20260604-00116-1;2026-06-04 15:23:58;C004789;S0207;P006464;2;53,72;16,12;EUR;ES;PAYPAL; DELIVERED ;156 boulevard Saint-Michel, 08001 Barcelone;;MOBILE_APP
ORD-20260604-00117;ORD-20260604-00117-1;2026-06-04 10:26:19;C011415;S0031;P000690;1;5503;2,75;EUR;FR;PAYPAL;DELIVERED;139 rue du Général Leclerc, 13008 Marseille;;MOBILE_APP
ORD-20260604-00118;ORD-20260604-00118-1;2026-06-04 18:52:26;C007532;S0016;P003206;1;29,67;0,00;EUR;ES;PAYPAL;DELIVERED;139 rue Victor Hugo, 08001 Barcelone;FLASH5;MOBILE_APP
ORD-20260604-00119;ORD-20260604-00119-1;2026-06-04 12:06:45;C010272;S0233;P000267;3;47,46;21,36;EUR;DE;CARD;DELIVERED;60 avenue des Tilleuls, 10115 Berlin;VIP20;WEB
ORD-20260604-00120;ORD-20260604-00120-1;2026-06-04 21:35:08;C013609;S0383;P001768;1;31,00;0,00;EUR;BE;CARD;DELIVERED;140 allée des Peupliers, 4000 Liège;VIP20;MARKETPLACE_API
ORD-20260604-00121;ORD-20260604-00121-1;2026-06-04 08:43:39;C017928;S0309;P001539;3;174,12;0,00;EUR;FR;CARD; DELIVERED ;120 rue Victor Hugo, 69003 Lyon;;MOBILE_APP
ORD-20260604-00121;ORD-20260604-00121-2;2026-06-04 08:43:39;C017928;S0301;P006049;1;10,22;1,53;EUR;FR;CARD;DELIVERED;120 rue Victor Hugo, 69003 Lyon;;MOBILE_APP
ORD-20260604-00121;ORD-20260604-00121-3;2026-06-04 08:43:39;C017928;S0575;P000979;1;26,77;4,02;EUR;FR;CARD;Delivered;120 rue Victor Hugo, 69003 Lyon;;MOBILE_APP
ORD-20260604-00121;ORD-20260604-00121-4;2026-06-04 08:43:39;C017928;S0260;P005697;1;80,29;12,04;EUR;FR;CARD;DELIVERED;120 rue Victor Hugo, 69003 Lyon;;MOBILE_APP
ORD-20260604-00121;ORD-20260604-00121-5;2026-06-04 08:43:39;C017928;S0270;P001427;1;47,01;2,35;EUR;FR;CARD;DELIVERED;120 rue Victor Hugo, 69003 Lyon;;MOBILE_APP
ORD-20260604-00122;ORD-20260604-00122-1;2026-06-04 20:53:41;C001706;S0177;P006881;1;113,40;11,34;EUR;ES;CARD; DELIVERED ;152 impasse du Moulin, 08001 Barcelone;;MOBILE_APP
ORD-20260604-00123;ORD-20260604-00123-1;2026-06-04 13:50:52;C018729;S0141;P005727;1;64,58;0,00;EUR;ES;TRANSFER;CANCELLED;115 boulevard Saint-Michel, 46001 Valence;;MOBILE_APP
ORD-20260604-00123;ORD-20260604-00123-2;2026-06-04 13:50:52;C018729;S0199;P005511;1;4144;2,07;EUR;ES;TRANSFER;CANCELLED;115 boulevard Saint-Michel, 46001 Valence;;MOBILE_APP
ORD-20260604-00124;ORD-20260604-00124-1;2026-06-04 14:03:10;C013069;S0269;P005720;2;34,63;0,00;EUR;ES;PAYPAL;DELIVERED;100 route de Bordeaux, 46001 Valence;;MARKETPLACE_API
ORD-20260604-00125;ORD-20260604-00125-1;2026-06-04 23:46:42;C018521;S0153;P003786;1;41,16;2,06;EUR;FR;CARD;DELIVERED;110 boulevard Saint-Michel, 35000 Rennes;;MOBILE_APP
ORD-20260604-00125;ORD-20260604-00125-2;2026-06-04 23:46:42;C018521;S0395;P002247;1;121,17;6,06;EUR;FR;CARD;DELIVERED;110 boulevard Saint-Michel, 35000 Rennes;;MOBILE_APP
ORD-20260604-00125;ORD-20260604-00125-3;2026-06-04 23:46:42;C018521;S0566;P002428;1; 36,23;1,81;EUR;FR;CARD;delivered;110 boulevard Saint-Michel, 35000 Rennes;;MOBILE_APP
ORD-20260604-00126;ORD-20260604-00126-1;2026-06-04 17:41:25;C011300;S0071;P005578;3;52,17;0,00;EUR;FR;CARD;RETURNED;93 place de l'Église, 31000 Toulouse;VIP20;MOBILE_APP
ORD-20260604-00126;ORD-20260604-00126-2;2026-06-04 17:41:25;C011300;S0486;P002756;1;62,66;3,13;EUR;FR;CARD;RETURNED;93 place de l'Église, 31000 Toulouse;VIP20;MOBILE_APP
ORD-20260604-00126;ORD-20260604-00126-3;2026-06-04 17:41:25;C011300;S0154;P007352;1;40,07;6,01;EUR;FR;CARD;RETURNED;93 place de l'Église, 31000 Toulouse;VIP20;MOBILE_APP
ORD-20260604-00127;ORD-20260604-00127-1;2026-06-04 11:47:42;C015065;S0331;P006254;1;21,65;0,00;EUR;BE;CARD;Delivered;149 cours Gambetta, 1000 Bruxelles;FREESHIP;WEB
ORD-20260604-00127;ORD-20260604-00127-2;2026-06-04 11:47:42;C015065;S0424;P002350;1;89,28;0,00;EUR;BE;CARD; DELIVERED ;149 cours Gambetta, 1000 Bruxelles;FREESHIP;WEB
ORD-20260604-00127;ORD-20260604-00127-3;2026-06-04 11:47:42;C015065;S0114;P007579;1;225,62;0,00;EUR;BE;CARD;DELIVERED;149 cours Gambetta, 1000 Bruxelles;FREESHIP;WEB
ORD-20260604-00128;ORD-20260604-00128-1;2026-06-04 10:12:27;C002693;S0336;P003117;1;144,29;7,21;EUR;DE;TRANSFER;DELIVERED;26 allée des Peupliers, 80331 Munich;FREESHIP;MOBILE_APP
ORD-20260604-00128;ORD-20260604-00128-2;2026-06-04 10:12:27;C002693;S0245;P006030;2;29,09;5,82;EUR;DE;TRANSFER;DELIVERED;26 allée des Peupliers, 80331 Munich;FREESHIP;MOBILE_APP
ORD-20260604-00128;ORD-20260604-00128-3;2026-06-04 10:12:27;C002693;S0204;P004198;1;69,49;0,00;EUR;DE;TRANSFER;DELIVERED;26 allée des Peupliers, 80331 Munich;FREESHIP;MOBILE_APP
ORD-20260604-00129;ORD-20260604-00129-1;2026-06-04 16:04:33;C016883;S0278;P004206;1;27,53;1,38;EUR;DE;GIFTCARD;DELIVERED;153 allée des Peupliers, 20095 Hambourg;;MOBILE_APP
ORD-20260604-00129;ORD-20260604-00129-2;2026-06-04 16:04:33;C016883;S0375;P003888;1;84,47;0,00;EUR;DE;GIFTCARD;DELIVERED;153 allée des Peupliers, 20095 Hambourg;;MOBILE_APP
ORD-20260604-00129;ORD-20260604-00129-3;2026-06-04 16:04:33;C016883;S0558;P006334;3;61,34;27,60;EUR;DE;GIFTCARD;DELIVERED;153 allée des Peupliers, 20095 Hambourg;;MOBILE_APP
ORD-20260604-00130;ORD-20260604-00130-1;2026-06-04 16:59:10;C017658;S0359;P005749;1;88,46;8,85;EUR;NL;CARD;DELIVERED;68 cours Gambetta, 1011 Amsterdam;SUMMER10;WEB
ORD-20260604-00130;ORD-20260604-00130-2;2026-06-04 16:59:10;C017658;S0006;P003266;2;122,95;0,00;EUR;NL;CARD;DELIVERED;68 cours Gambetta, 1011 Amsterdam;SUMMER10;WEB
ORD-20260604-00130;ORD-20260604-00130-3;2026-06-04 16:59:10;C017658;S0511;P004693;1;931;0,93;EUR;NL;CARD;DELIVERED;68 cours Gambetta, 1011 Amsterdam;SUMMER10;WEB
ORD-20260604-00130;ORD-20260604-00130-4;2026-06-04 16:59:10;C017658;S0537;P002680;2;121,15;36,34;EUR;NL;CARD;DELIVERED;68 cours Gambetta, 1011 Amsterdam;SUMMER10;WEB
ORD-20260604-00130;ORD-20260604-00130-5;2026-06-04 16:59:10;C017658;S0244;P004370;1;130,46;0,00;EUR;NL;CARD;DELIVERED;68 cours Gambetta, 1011 Amsterdam;SUMMER10;WEB
ORD-20260604-00131;ORD-20260604-00131-1;2026-06-04 14:11:53;C020784;S0215;P000644;1;90,26;9,03;EUR;ES;CARD;CANCELLED;37 route de Bordeaux, 08001 Barcelone;;WEB
ORD-20260604-00131;ORD-20260604-00131-1;2026-06-04 14:11:53;C020784;S0215;P000644;1;90,26;9,03;EUR;ES;CARD;CANCELLED;37 route de Bordeaux, 08001 Barcelone;;WEB
ORD-20260604-00132;ORD-20260604-00132-1;2026-06-04 16:10:23;C003989;S0467;P003462;1;86,05;0,00;EUR;FR;CARD;DELIVERED;112 cours Gambetta, 31000 Toulouse;;WEB
ORD-20260604-00132;ORD-20260604-00132-2;2026-06-04 16:10:23;C003989;S0368;P005588;1;92,86;0,00;EUR;FR;CARD;DELIVERED;112 cours Gambetta, 31000 Toulouse;;WEB
ORD-20260604-00132;ORD-20260604-00132-3;2026-06-04 16:10:23;C003989;S0273;P005207;1;19,27;0,00;EUR;FR;CARD;DELIVERED;112 cours Gambetta, 31000 Toulouse;;WEB
ORD-20260604-00132;ORD-20260604-00132-4;2026-06-04 16:10:23;C003989;S0575;P007560;2;141,99;0,00;EUR;FR;CARD;DELIVERED;112 cours Gambetta, 31000 Toulouse;;WEB
ORD-20260604-00133;ORD-20260604-00133-1;2026-06-04 10:51:59;C019130;S0352;P005194;2;62,27;18,68;EUR;DE;CARD;Delivered;168 rue de la République, 20095 Hambourg;FLASH5;MOBILE_APP
ORD-20260604-00133;ORD-20260604-00133-2;2026-06-04 10:51:59;C019130;S0145;P007281;3;111,43;33,43;EUR;DE;CARD;DELIVERED;168 rue de la République, 20095 Hambourg;FLASH5;MOBILE_APP
ORD-20260604-00134;ORD-20260604-00134-1;2026-06-04 14:40:25;C014901;S0115;P005295;1;50,64;7,60;EUR;FR;CARD;pending;132 allée des Peupliers, 31000 Toulouse;;WEB
ORD-20260604-00135;ORD-20260604-00135-1;2026-06-04 10:28:55;C008907;S0570;P006820;3;54,97;0,00;EUR;FR;CARD;Cancelled;66 rue de la République, 67000 Strasbourg;SUMMER10;MOBILE_APP
ORD-20260604-00135;ORD-20260604-00135-2;2026-06-04 10:28:55;C008907;S0070;P007467;1;47,44;7,12;EUR;FR;CARD; CANCELLED ;66 rue de la République, 67000 Strasbourg;SUMMER10;MOBILE_APP
ORD-20260604-00136;ORD-20260604-00136-1;2026-06-04 17:45:04;C002784;S0239;P001675;1;12,05;0,60;EUR;ES;PAYPAL;CANCELLED;34 impasse du Moulin, 28001 Madrid;VIP20;MOBILE_APP
ORD-20260604-00136;ORD-20260604-00136-2;2026-06-04 17:45:04;C002784;S0151;P002690;1;2582;0,00;EUR;ES;PAYPAL; CANCELLED ;34 impasse du Moulin, 28001 Madrid;VIP20;MOBILE_APP
ORD-20260604-00137;ORD-20260604-00137-1;2026-06-04 15:08:07;C002555;S0288;P007966;1;12,67;0,63;EUR;ES;CARD;CANCELLED;31 boulevard Saint-Michel, 46001 Valence;VIP20;WEB
ORD-20260604-00138;ORD-20260604-00138-1;2026-06-04 14:45:49;C011161;S0030;P002892;4;8,79;0,00;EUR;ES;CARD;DELIVERED;34 quai des Chartrons, 28001 Madrid;FREESHIP;WEB
ORD-20260604-00138;ORD-20260604-00138-2;2026-06-04 14:45:49;C011161;S0074;P006304;1;14,74;2,21;EUR;ES;CARD;DELIVERED;34 quai des Chartrons, 28001 Madrid;FREESHIP;WEB
ORD-20260604-00138;ORD-20260604-00138-3;2026-06-04 14:45:49;C011161;S0441;P005987;1;198,53;19,85;EUR;ES;CARD;DELIVERED;34 quai des Chartrons, 28001 Madrid;FREESHIP;WEB
ORD-20260604-00139;ORD-20260604-00139-1;2026-06-04 16:08:43;C011452;S0160;P003390;1;28,75;4,31;EUR;IT;CARD;DELIVERED;26 rue Victor Hugo, 00184 Rome;;WEB
ORD-20260604-00139;ORD-20260604-00139-2;2026-06-04 16:08:43;C011452;S0260;P002960;1;40,13;0,00;EUR;IT;CARD;DELIVERED;26 rue Victor Hugo, 00184 Rome;;WEB
ORD-20260604-00139;ORD-20260604-00139-3;2026-06-04 16:08:43;C011452;S0019;P003260;2;28,45;8,54;EUR;IT;CARD;DELIVERED;26 rue Victor Hugo, 00184 Rome;;WEB
ORD-20260604-00139;ORD-20260604-00139-4;2026-06-04 16:08:43;C011452;S0368;P006221;1;65,53;0,00;EUR;IT;CARD;DELIVERED;26 rue Victor Hugo, 00184 Rome;;WEB
ORD-20260604-00140;ORD-20260604-00140-1;2026-06-04 12:10:39;C016770;S0330;P002812;1;61,16;0,00;EUR;DE;CARD;RETURNED;14 rue de la République, 10115 Berlin;;MARKETPLACE_API
ORD-20260604-00141;ORD-20260604-00141-1;2026-06-04 18:50:11;C009888;S0401;P006241;2;26,28;0,00;EUR;ES;PAYPAL;Delivered;3 boulevard Saint-Michel, 28001 Madrid;FREESHIP;WEB
ORD-20260604-00141;ORD-20260604-00141-2;2026-06-04 18:50:11;C009888;S0172;P003339;1;66,96;0,00;EUR;ES;PAYPAL;DELIVERED;3 boulevard Saint-Michel, 28001 Madrid;FREESHIP;WEB
ORD-20260604-00141;ORD-20260604-00141-3;2026-06-04 18:50:11;C009888;S0010;P002276;1;56,10;0,00;EUR;ES;PAYPAL;DELIVERED;3 boulevard Saint-Michel, 28001 Madrid;FREESHIP;WEB
ORD-20260604-00142;ORD-20260604-00142-1;2026-06-04 09:39:17;C024126;S0258;P003766;1;80,79;4,04;EUR;FR;CARD; DELIVERED ;73 rue du Général Leclerc, 44000 Nantes;FLASH5;MOBILE_APP
ORD-20260604-00142;ORD-20260604-00142-2;2026-06-04 09:39:17;C024126;S0322;P001689;1;70,07;10,51;EUR;FR;CARD;Delivered;73 rue du Général Leclerc, 44000 Nantes;FLASH5;MOBILE_APP
ORD-20260604-00142;ORD-20260604-00142-3;2026-06-04 09:39:17;C024126;S0160;P003518;1;51,96;0,00;EUR;FR;CARD;DELIVERED;73 rue du Général Leclerc, 44000 Nantes;FLASH5;MOBILE_APP
ORD-20260604-00143;ORD-20260604-00143-1;2026-06-04 17:21:32;C008934;S0333;P006982;1;10,26;0,00;EUR;BE;PAYPAL;DELIVERED;118 boulevard Saint-Michel, 1000 Bruxelles;;WEB
ORD-20260604-00143;ORD-20260604-00143-2;2026-06-04 17:21:32;C008934;S0508;P006484;1;167,37;0,00;EUR;BE;PAYPAL;DELIVERED;118 boulevard Saint-Michel, 1000 Bruxelles;;WEB
ORD-20260604-00144;ORD-20260604-00144-1;2026-06-04 12:13:43;C023428;S0590;P000218;1;62,53;6,25;EUR;IT;PAYPAL;delivered;153 allée des Peupliers, 00184 Rome;WELCOME15;MARKETPLACE_API
ORD-20260604-00145;ORD-20260604-00145-1;2026-06-04 14:47:37;C005408;S0581;P005758;4;75,00;0,00;EUR;FR;CARD;DELIVERED;151 allée des Peupliers, 69003 Lyon;VIP20;MOBILE_APP
ORD-20260604-00145;ORD-20260604-00145-2;2026-06-04 14:47:37;C005408;S0489;P001396;1;96,08;4,80;EUR;FR;CARD;DELIVERED;151 allée des Peupliers, 69003 Lyon;VIP20;MOBILE_APP
ORD-20260604-00146;ORD-20260604-00146-1;2026-06-04 09:39:21;C007106;S0474;P001763;1;79,88;0,00;EUR;FR;CARD;SHIPPED;9 rue Victor Hugo, 35000 Rennes;;WEB
ORD-20260604-00147;ORD-20260604-00147-1;2026-06-04 17:06:16;C002094;S0600;P004142;2;186,13;0,00;EUR;FR;PAYPAL;DELIVERED;44 quai des Chartrons, 67000 Strasbourg;WELCOME15;MOBILE_APP
ORD-20260604-00147;ORD-20260604-00147-2;2026-06-04 17:06:16;C002094;S0447;P000787;2;62,10;18,63;EUR;FR;PAYPAL;DELIVERED;44 quai des Chartrons, 67000 Strasbourg;WELCOME15;MOBILE_APP
ORD-20260604-00148;ORD-20260604-00148-1;2026-06-04 17:19:13;C023244;S0084;P003918;1;58,69;5,87;EUR;NL;CARD;DELIVERED;111 rue du Général Leclerc, 1011 Amsterdam;;MARKETPLACE_API
ORD-20260604-00148;ORD-20260604-00148-2;2026-06-04 17:19:13;C023244;S0474;P007369;1;48,10;2,41;EUR;NL;CARD;DELIVERED;111 rue du Général Leclerc, 1011 Amsterdam;;MARKETPLACE_API
ORD-20260604-00149;ORD-20260604-00149-1;2026-06-04 13:02:20;C014804;S0264;P003012;1;45,09;2,25;EUR;ES;GIFTCARD;shipped;160 rue de la République, 46001 Valence;VIP20;MOBILE_APP
ORD-20260604-00149;ORD-20260604-00149-2;2026-06-04 13:02:20;C014804;S0514;P005887;1;6,54;0,00;EUR;ES;GIFTCARD;SHIPPED;160 rue de la République, 46001 Valence;VIP20;MOBILE_APP
ORD-20260604-00150;ORD-20260604-00150-1;2026-06-04 16:00:41;C020507;S0578;P004533;4;33,38;6,68;EUR;FR;CARD;DELIVERED;92 avenue des Tilleuls, 69003 Lyon;FLASH5;MOBILE_APP
ORD-20260604-00150;ORD-20260604-00150-2;2026-06-04 16:00:41;C020507;S0135;P005521;1;187,32;18,73;EUR;FR;CARD;DELIVERED;92 avenue des Tilleuls, 69003 Lyon;FLASH5;MOBILE_APP
ORD-20260604-00150;ORD-20260604-00150-3;2026-06-04 16:00:41;C020507;S0568;P005257;1;106,45;0,00;EUR;FR;CARD;DELIVERED;92 avenue des Tilleuls, 69003 Lyon;FLASH5;MOBILE_APP
ORD-20260604-00151;ORD-20260604-00151-1;2026-06-04 15:55:38;C010052;S0039;P004059;1;83,19;0,00;EUR;DE;CARD;delivered;167 cours Gambetta, 20095 Hambourg;;MOBILE_APP
ORD-20260604-00152;ORD-20260604-00152-1;2026-06-04 17:37:08;C012472;S0248;P000196;2;29,74;2,97;EUR;DE;CARD;Shipped;148 boulevard Saint-Michel, 20095 Hambourg;;WEB
ORD-20260604-00152;ORD-20260604-00152-2;2026-06-04 17:37:08;C012472;S0256;P001838;4;63,15;12,63;EUR;DE;CARD;SHIPPED;148 boulevard Saint-Michel, 20095 Hambourg;;WEB
ORD-20260604-00152;ORD-20260604-00152-3;2026-06-04 17:37:08;C012472;S0066;P003852;1;156,69;0,00;EUR;DE;CARD; SHIPPED ;148 boulevard Saint-Michel, 20095 Hambourg;;WEB
ORD-20260604-00153;ORD-20260604-00153-1;2026-06-04 11:03:38;C003363;S0116;P003897;1;220,56;0,00;EUR;FR;PAYPAL;CANCELLED;164 avenue des Tilleuls, 31000 Toulouse;FLASH5;WEB
ORD-20260604-00154;ORD-20260604-00154-1;2026-06-04 13:41:35;C022898;S0541;P006755;4;153,37;0,00;EUR;BE;CARD;Cancelled;76 route de Bordeaux, 2000 Anvers;;WEB
ORD-20260604-00154;ORD-20260604-00154-1;2026-06-04 13:41:35;C022898;S0541;P006755;4;153,37;0,00;EUR;BE;CARD;Cancelled;76 route de Bordeaux, 2000 Anvers;;WEB
ORD-20260604-00154;ORD-20260604-00154-2;2026-06-04 13:41:35;C022898;S0328;P000039;1;169,33;16,93;EUR;BE;CARD;cancelled;76 route de Bordeaux, 2000 Anvers;;WEB
ORD-20260604-00154;ORD-20260604-00154-3;2026-06-04 13:41:35;C022898;S0098;P001077;1;72,94;0,00;EUR;BE;CARD;Cancelled;76 route de Bordeaux, 2000 Anvers;;WEB
ORD-20260604-00155;ORD-20260604-00155-1;2026-06-04 19:03:11;C023208;S0543;P000610;1;214,88;21,49;EUR;FR;CARD;delivered;88 boulevard Saint-Michel, 67000 Strasbourg;VIP20;MOBILE_APP
ORD-20260604-00156;ORD-20260604-00156-1;2026-06-04 11:03:05;C016011;S0360;P004494;1;22,52;0,00;EUR;FR;CARD;DELIVERED;87 rue du Général Leclerc, 67000 Strasbourg;;WEB
ORD-20260604-00157;ORD-20260604-00157-1;2026-06-04 14:09:14;C002539;S0245;P002226;1;51,41;5,14;EUR;DE;PAYPAL;RETURNED;112 cours Gambetta, 10115 Berlin;;WEB
ORD-20260604-00157;ORD-20260604-00157-2;2026-06-04 14:09:14;C002539;S0432;P006653;1;119,67;0,00;EUR;DE;PAYPAL;Returned;112 cours Gambetta, 10115 Berlin;;WEB
ORD-20260604-00158;ORD-20260604-00158-1;2026-06-04 10:24:52;C012864;S0268;P007184;2;38,50;11,55;EUR;IT;PAYPAL;CANCELLED;53 boulevard Saint-Michel, 00184 Rome;FLASH5;WEB
ORD-20260604-00158;ORD-20260604-00158-2;2026-06-04 10:24:52;C012864;S0037;P001076;1;66,27;0,00;EUR;IT;PAYPAL;CANCELLED;53 boulevard Saint-Michel, 00184 Rome;FLASH5;WEB
ORD-20260604-00158;ORD-20260604-00158-3;2026-06-04 10:24:52;C012864;S0317;P006590;1;10,83;0,00;EUR;IT;PAYPAL;cancelled;53 boulevard Saint-Michel, 00184 Rome;FLASH5;WEB
ORD-20260604-00158;ORD-20260604-00158-4;2026-06-04 10:24:52;C012864;S0286;P003582;1;16,44;0,00;EUR;IT;PAYPAL;cancelled;53 boulevard Saint-Michel, 00184 Rome;FLASH5;WEB
ORD-20260604-00159;ORD-20260604-00159-1;2026-06-04 16:23:02;C001318;S0304;P007529;1;78,69;0,00;EUR;BE;TRANSFER;CANCELLED;52 quai des Chartrons, 2000 Anvers;VIP20;WEB
ORD-20260604-00160;ORD-20260604-00160-1;2026-06-04 10:40:51;C001308;S0529;P004349;1;27,96;0,00;EUR;BE;TRANSFER;RETURNED;68 chemin des Vignes, 1000 Bruxelles;FREESHIP;MOBILE_APP
ORD-20260604-00161;ORD-20260604-00161-1;2026-06-04 19:35:30;C990424;S0254;P004913;1;67,15;3,36;EUR;FR;PAYPAL;DELIVERED;75 impasse du Moulin, 59000 Lille;;MOBILE_APP
ORD-20260604-00161;ORD-20260604-00161-2;2026-06-04 19:35:30;C001909;S0243;P007375;1;52,71;2,64;EUR;FR;PAYPAL;DELIVERED;75 impasse du Moulin, 59000 Lille;;MOBILE_APP
ORD-20260604-00162;ORD-20260604-00162-1;2026-06-04 17:02:52;C020709;S0541;P006755;1;133,94;0,00;EUR;DE;CARD;CANCELLED;46 quai des Chartrons, 20095 Hambourg;;MOBILE_APP
ORD-20260604-00163;ORD-20260604-00163-1;2026-06-04 11:23:18;C007652;S0374;P000650;2;71,35;7,13;EUR;FR;CARD; DELIVERED ;110 rue de la République, 69003 Lyon;;MOBILE_APP
ORD-20260604-00164;ORD-20260604-00164-1;2026-06-04 16:32:15;C012163;S0413;P006194;4;40,76;8,15;EUR;FR;CARD; RETURNED ;38 impasse du Moulin, 35000 Rennes;FREESHIP;WEB
ORD-20260604-00164;ORD-20260604-00164-2;2026-06-04 16:32:15;C012163;S0500;P003940;2;112,90;0,00;EUR;FR;CARD;RETURNED;38 impasse du Moulin, 35000 Rennes;FREESHIP;WEB
ORD-20260604-00164;ORD-20260604-00164-3;2026-06-04 16:32:15;C012163;S0230;P000816;1;229,09;0,00;EUR;FR;CARD;RETURNED;38 impasse du Moulin, 35000 Rennes;FREESHIP;WEB
ORD-20260604-00165;ORD-20260604-00165-1;2026-06-04 17:27:29;C022424;S0036;P000446;1;70,29;7,03;EUR;FR;TRANSFER; DELIVERED ;165 allée des Peupliers, 31000 Toulouse;;WEB
ORD-20260604-00166;ORD-20260604-00166-1;2026-06-04 21:44:08;C018453;S0518;P001348;1;63,07;0,00;EUR;IT;CARD;CANCELLED;73 cours Gambetta, 00184 Rome;;MOBILE_APP
ORD-20260604-00166;ORD-20260604-00166-2;2026-06-04 21:44:08;C018453;S0223;P003164;1;21886;10,94;EUR;IT;CARD;CANCELLED;73 cours Gambetta, 00184 Rome;;MOBILE_APP
ORD-20260604-00166;ORD-20260604-00166-3;2026-06-04 21:44:08;C018453;S0111;P005339;1;15,69;0,00;EUR;IT;CARD;CANCELLED;73 cours Gambetta, 00184 Rome;;MOBILE_APP
ORD-20260604-00166;ORD-20260604-00166-3;2026-06-04 21:44:08;C018453;S0111;P005339;1;15,69;0,00;EUR;IT;CARD;CANCELLED;73 cours Gambetta, 00184 Rome;;MOBILE_APP
ORD-20260604-00166;ORD-20260604-00166-4;2026-06-04 21:44:08;C018453;S0061;P002900;1;241,82;24,18;EUR;IT;CARD;CANCELLED;73 cours Gambetta, 00184 Rome;;MOBILE_APP
ORD-20260604-00167;ORD-20260604-00167-1;2026-06-04 14:25:31;C020246;S0057;P001370;1;23,95;3,59;EUR;FR;PAYPAL;Delivered;166 chemin des Vignes, 31000 Toulouse;VIP20;MOBILE_APP
ORD-20260604-00168;ORD-20260604-00168-1;2026-06-04 11:39:27;C000915;S0382;P002658;3;12,40;0,00;EUR;NL;PAYPAL;DELIVERED;120 place de l'Église, 1011 Amsterdam;SUMMER10;WEB
ORD-20260604-00169;ORD-20260604-00169-1;2026-06-04 12:39:01;C020622;S0317;P006590;1;11,34;1,13;EUR;DE;GIFTCARD;DELIVERED;33 chemin des Vignes, 80331 Munich;FLASH5;WEB
ORD-20260604-00170;ORD-20260604-00170-1;2026-06-04 15:09:50;C015675;S0486;P002880;1;83,90;0,00;EUR;FR;PAYPAL;DELIVERED;159 rue du Général Leclerc, 44000 Nantes;;WEB
ORD-20260604-00170;ORD-20260604-00170-2;2026-06-04 15:09:50;C015675;S0082;P000327;2;110,90;0,00;EUR;FR;PAYPAL;DELIVERED;159 rue du Général Leclerc, 44000 Nantes;;WEB
ORD-20260604-00170;ORD-20260604-00170-3;2026-06-04 15:09:50;C015675;S0335;P002587;1;30,62;0,00;EUR;FR;PAYPAL;DELIVERED;159 rue du Général Leclerc, 44000 Nantes;;WEB
ORD-20260604-00171;ORD-20260604-00171-1;2026-06-04 11:32:38;C004513;S0291;P005469;1;10,14;1,01;EUR;FR;CARD;Returned;160 place de l'Église, 59000 Lille;;WEB
ORD-20260604-00172;ORD-20260604-00172-1;2026-06-04 15:20:45;C004598;S0566;P002000;4;67,79;0,00;EUR;ES;APPLEPAY;Delivered;33 quai des Chartrons, 46001 Valence;FREESHIP;WEB
ORD-20260604-00173;ORD-20260604-00173-1;2026-06-04 10:53:08;C006803;S0382;P001923;4;187,56;37,51;EUR;ES;PAYPAL;DELIVERED;59 route de Bordeaux, 28001 Madrid;SUMMER10;MOBILE_APP
ORD-20260604-00173;ORD-20260604-00173-2;2026-06-04 10:53:08;C006803;S0513;P002986;1;54,07;0,00;EUR;ES;PAYPAL;Delivered;59 route de Bordeaux, 28001 Madrid;SUMMER10;MOBILE_APP
ORD-20260604-00173;ORD-20260604-00173-3;2026-06-04 10:53:08;C006803;S0461;P005973;1;30,95;0,00;EUR;ES;PAYPAL;delivered;59 route de Bordeaux, 28001 Madrid;SUMMER10;MOBILE_APP
ORD-20260604-00173;ORD-20260604-00173-4;2026-06-04 10:53:08;C006803;S0333;P004235;2;76,89;0,00;EUR;ES;PAYPAL;delivered;59 route de Bordeaux, 28001 Madrid;SUMMER10;MOBILE_APP
ORD-20260604-00174;ORD-20260604-00174-1;2026-06-04 09:14:13;C002217;S0497;P001580;1;59,72;0,00;EUR;FR;CARD;DELIVERED;123 route de Bordeaux, 59000 Lille;;MOBILE_APP
ORD-20260604-00175;ORD-20260604-00175-1;2026-06-04 11:47:04;C001763;S0217;P003780;3;25,09;11,29;EUR;NL;APPLEPAY;DELIVERED;128 route de Bordeaux, 1011 Amsterdam;FLASH5;MARKETPLACE_API
ORD-20260604-00176;ORD-20260604-00176-1;2026-06-04 13:28:18;C009137;S0513;P002906;3;57,98;0,00;EUR;BE;CARD;Delivered;10 rue de la République, 2000 Anvers;VIP20;WEB
ORD-20260604-00176;ORD-20260604-00176-2;2026-06-04 13:28:18;C009137;S0526;P000065;2;236,21;70,86;EUR;BE;CARD;DELIVERED;10 rue de la République, 2000 Anvers;VIP20;WEB
ORD-20260604-00176;ORD-20260604-00176-3;2026-06-04 13:28:18;C009137;S0536;P007380;3;208,11;93,65;EUR;BE;CARD; DELIVERED ;10 rue de la République, 2000 Anvers;VIP20;WEB
ORD-20260604-00176;ORD-20260604-00176-4;2026-06-04 13:28:18;C009137;S0068;P006695;1;29,00;1,45;EUR;BE;CARD;delivered;10 rue de la République, 2000 Anvers;VIP20;WEB
ORD-20260604-00176;ORD-20260604-00176-5;2026-06-04 13:28:18;C009137;S0167;P005173;2;166,54;33,31;EUR;BE;CARD;delivered;10 rue de la République, 2000 Anvers;VIP20;WEB
ORD-20260604-00177;ORD-20260604-00177-1;2026-06-04 14:44:54;C014198;S0122;P006604;1;156,50;0,00;EUR;NL;CARD;DELIVERED;42 boulevard Saint-Michel, 1011 Amsterdam;WELCOME15;WEB
ORD-20260604-00177;ORD-20260604-00177-2;2026-06-04 14:44:54;C014198;S0301;P005880;1;7,19;0,00;EUR;NL;CARD;delivered;42 boulevard Saint-Michel, 1011 Amsterdam;WELCOME15;WEB
ORD-20260604-00177;ORD-20260604-00177-3;2026-06-04 14:44:54;C014198;S0372;P001424;1;197,75;9,89;EUR;NL;CARD;DELIVERED;42 boulevard Saint-Michel, 1011 Amsterdam;WELCOME15;WEB
ORD-20260604-00177;ORD-20260604-00177-4;2026-06-04 14:44:54;C014198;S0249;P006930;1;55,81;8,37;EUR;NL;CARD;DELIVERED;42 boulevard Saint-Michel, 1011 Amsterdam;WELCOME15;WEB
ORD-20260604-00177;ORD-20260604-00177-5;2026-06-04 14:44:54;C014198;S0397;P001782;1;25,37;0,00;EUR;NL;CARD;DELIVERED;42 boulevard Saint-Michel, 1011 Amsterdam;WELCOME15;WEB
ORD-20260604-00178;ORD-20260604-00178-1;2026-06-04 14:17:54;C001858;S0030;P004838;1;107,38;0,00;EUR;BE;TRANSFER;RETURNED;121 rue de la République, 2000 Anvers;FREESHIP;WEB
ORD-20260604-00178;ORD-20260604-00178-2;2026-06-04 14:17:54;C001858;S0436;P005195;3;48,28;0,00;EUR;BE;TRANSFER;RETURNED;121 rue de la République, 2000 Anvers;FREESHIP;WEB
ORD-20260604-00178;ORD-20260604-00178-3;2026-06-04 14:17:54;C001858;S0034;P003058;1;68,99;3,45;EUR;BE;TRANSFER;RETURNED;121 rue de la République, 2000 Anvers;FREESHIP;WEB
ORD-20260604-00178;ORD-20260604-00178-4;2026-06-04 14:17:54;C001858;S0097;P006492;1;81,41;4,07;EUR;BE;TRANSFER;RETURNED;121 rue de la République, 2000 Anvers;FREESHIP;WEB
ORD-20260604-00179;ORD-20260604-00179-1;2026-06-04 16:25:24;C007182;S0313;P007461;2;32,75;3,28;EUR;BE;CARD;RETURNED;62 impasse du Moulin, 2000 Anvers;VIP20;MOBILE_APP
ORD-20260604-00180;ORD-20260604-00180-1;2026-06-04 19:56:22;C023282;S0281;P007843;1;246,94;0,00;EUR;FR;CARD;Delivered;64 place de l'Église, 35000 Rennes;WELCOME15;MOBILE_APP
ORD-20260604-00181;ORD-20260604-00181-1;2026-06-04 15:15:10;C013083;S0025;P002220;1;3,77;0,57;EUR;NL;CARD;delivered;125 rue de la République, 1011 Amsterdam;FLASH5;MOBILE_APP
ORD-20260604-00182;ORD-20260604-00182-1;2026-06-04 22:21:13;C020412;S0135;P006645;4;21,70;13,02;EUR;FR;CARD;CANCELLED;78 impasse du Moulin, 67000 Strasbourg;SUMMER10;MOBILE_APP
ORD-20260604-00183;ORD-20260604-00183-1;2026-06-04 14:47:16;C011110;S0578;P002010;1;60,52;9,08;EUR;ES;CARD;DELIVERED;42 quai des Chartrons, 46001 Valence;;WEB
ORD-20260604-00184;ORD-20260604-00184-1;2026-06-04 16:03:15;C001832;S0494;P001460;2;85,14;0,00;EUR;FR;CARD;DELIVERED;48 route de Bordeaux, 33000 Bordeaux;;WEB
ORD-20260604-00184;ORD-20260604-00184-2;2026-06-04 16:03:15;C001832;S0385;P003165;1;206,98;10,35;EUR;FR;CARD;DELIVERED;48 route de Bordeaux, 33000 Bordeaux;;WEB
ORD-20260604-00185;ORD-20260604-00185-1;2026-06-04 15:12:51;C024084;S0081;P000639;1;80,65;12,10;EUR;FR;PAYPAL;delivered;114 allée des Peupliers, 35000 Rennes;VIP20;WEB
ORD-20260604-00186;ORD-20260604-00186-1;2026-06-04 11:22:33;C005857;S0031;P001062;1;3623;0,00;EUR;IT;CARD;DELIVERED;119 boulevard Saint-Michel, 20121 Milan;FREESHIP;MOBILE_APP
ORD-20260604-00186;ORD-20260604-00186-2;2026-06-04 11:22:33;C005857;S0469;P007039;1;56,99;0,00;EUR;IT;CARD;Delivered;119 boulevard Saint-Michel, 20121 Milan;FREESHIP;MOBILE_APP
ORD-20260604-00187;ORD-20260604-00187-1;2026-06-04 13:10:16;C002706;S0084;P005626;1;11,99;0,00;EUR;IT;PAYPAL;DELIVERED;133 route de Bordeaux, 20121 Milan;VIP20;WEB
ORD-20260604-00187;ORD-20260604-00187-2;2026-06-04 13:10:16;C002706;S0527;P002048;1;27,31;0,00;EUR;IT;PAYPAL;delivered;133 route de Bordeaux, 20121 Milan;VIP20;WEB
ORD-20260604-00188;ORD-20260604-00188-1;2026-06-04 15:12:01;C004245;S0168;P005152;1;60,52;3,03;EUR;ES;PAYPAL;DELIVERED;57 avenue des Tilleuls, 46001 Valence;;MOBILE_APP
ORD-20260604-00189;ORD-20260604-00189-1;2026-06-04 17:07:19;C021107;S0440;P006564;1;95,75;4,79;EUR;FR;CARD;DELIVERED;152 route de Bordeaux, 35000 Rennes;;WEB
ORD-20260604-00190;ORD-20260604-00190-1;2026-06-04 19:00:32;C000203;S0324;P004703;1;81,41;12,21;EUR;DE;PAYPAL;DELIVERED;152 route de Bordeaux, 20095 Hambourg;;WEB
ORD-20260604-00191;ORD-20260604-00191-1;2026-06-04 23:44:44;C011907;S0456;P001936;2;19,14;5,74;EUR;FR;CARD;delivered;112 rue du Général Leclerc, 75011 Paris;WELCOME15;MOBILE_APP
ORD-20260604-00192;ORD-20260604-00192-1;2026-06-04 16:10:31;C001275;S0151;P003798;1;4276;0,00;EUR;BE;CARD;DELIVERED;132 chemin des Vignes, 2000 Anvers;;WEB
ORD-20260604-00192;ORD-20260604-00192-2;2026-06-04 16:10:31;C001275;S0152;P001999;2;207,47;20,75;EUR;BE;CARD;DELIVERED;132 chemin des Vignes, 2000 Anvers;;WEB
ORD-20260604-00192;ORD-20260604-00192-3;2026-06-04 16:10:31;C001275;S0456;P003423;1;66,64;6,66;EUR;BE;CARD;DELIVERED;132 chemin des Vignes, 2000 Anvers;;WEB
ORD-20260604-00193;ORD-20260604-00193-1;2026-06-04 12:14:12;C022594;S0364;P002829;2;261,20;52,24;EUR;FR;PAYPAL;delivered;103 cours Gambetta, 31000 Toulouse;;WEB
ORD-20260604-00194;ORD-20260604-00194-1;2026-06-04 14:32:26;C020532;S0504;P005233;1;20,20;2,02;EUR;DE;CARD;DELIVERED;84 rue de la République, 20095 Hambourg;FREESHIP;WEB
ORD-20260604-00195;ORD-20260604-00195-1;2026-06-04 12:17:45;C015065;S0434;P002380;1;93,35;0,00;EUR;BE;CARD;DELIVERED;90 route de Bordeaux, 1000 Bruxelles;FREESHIP;WEB
ORD-20260604-00195;ORD-20260604-00195-2;2026-06-04 12:17:45;C015065;S0178;P006736;4;50,11;0,00;EUR;BE;CARD;delivered;90 route de Bordeaux, 1000 Bruxelles;FREESHIP;WEB
ORD-20260604-00195;ORD-20260604-00195-3;2026-06-04 12:17:45;C015065;S0299;P006190;1;45,44;6,82;EUR;BE;CARD; DELIVERED ;90 route de Bordeaux, 1000 Bruxelles;FREESHIP;WEB
ORD-20260604-00196;ORD-20260604-00196-1;2026-06-04 10:21:24;C013962;S0155;P000748;1;163,32;0,00;EUR;DE;CARD;DELIVERED;158 rue de la République, 80331 Munich;SUMMER10;WEB
ORD-20260604-00196;ORD-20260604-00196-2;2026-06-04 10:21:24;C013962;S0436;P000575;1;12,95;0,00;EUR;DE;CARD;DELIVERED;158 rue de la République, 80331 Munich;SUMMER10;WEB
ORD-20260604-00196;ORD-20260604-00196-3;2026-06-04 10:21:24;C013962;S0536;P006691;1;45,11;4,51;EUR;DE;CARD;DELIVERED;158 rue de la République, 80331 Munich;SUMMER10;WEB
ORD-20260604-00196;ORD-20260604-00196-4;2026-06-04 10:21:24;C013962;S0485;P004683;1;121,13;18,17;EUR;DE;CARD;DELIVERED;158 rue de la République, 80331 Munich;SUMMER10;WEB
ORD-20260604-00197;ORD-20260604-00197-1;2026-06-04 08:05:25;C001273;S0361;P001018;3;51,13;7,67;EUR;NL;CARD;RETURNED;14 impasse du Moulin, 1011 Amsterdam;;MOBILE_APP
ORD-20260604-00198;ORD-20260604-00198-1;2026-06-04 14:29:16;C013411;S0181;P000008;1;35,14;0,00;EUR;FR;CARD;Delivered;138 allée des Peupliers, 35000 Rennes;;WEB
ORD-20260604-00198;ORD-20260604-00198-2;2026-06-04 14:29:16;C013411;S0397;P001196;2;46,50;13,95;EUR;FR;CARD;DELIVERED;138 allée des Peupliers, 35000 Rennes;;WEB
ORD-20260604-00199;ORD-20260604-00199-1;2026-06-04 10:42:08;C000987;S0264;P002888;1;66,52;3,33;EUR;FR;CARD; DELIVERED ;37 cours Gambetta, 75011 Paris;WELCOME15;MOBILE_APP
ORD-20260604-00200;ORD-20260604-00200-1;2026-06-04 15:12:13;C014976;S0376;P002034;1;53,19;0,00;EUR;FR;CARD;DELIVERED;125 rue du Général Leclerc, 31000 Toulouse;SUMMER10;WEB
ORD-20260604-00201;ORD-20260604-00201-1;2026-06-04 15:43:13;C021155;S0331;P001229;1;15,30;0,00;EUR;FR;GIFTCARD;Delivered;43 cours Gambetta, 13008 Marseille;FREESHIP;WEB
ORD-20260604-00202;ORD-20260604-00202-1;2026-06-04 20:43:39;C008142;S0269;P004729;1;58,10;0,00;EUR;FR;CARD;delivered;149 rue de la République, 59000 Lille;FREESHIP;WEB
ORD-20260604-00203;ORD-20260604-00203-1;2026-06-04 11:53:09;C000924;S0407;P000255;1;38,59;0,00;EUR;FR;PAYPAL;DELIVERED;27 route de Bordeaux, 44000 Nantes;;WEB
ORD-20260604-00204;ORD-20260604-00204-1;2026-06-04 08:09:17;C007566;S0572;P007756;1;145,49;0,00;EUR;FR;PAYPAL;DELIVERED;108 route de Bordeaux, 67000 Strasbourg;SUMMER10;WEB
ORD-20260604-00205;ORD-20260604-00205-1;2026-06-04 11:01:59;C012593;S0004;P003417;3;34,67;15,60;EUR;DE;CARD;CANCELLED;16 allée des Peupliers, 20095 Hambourg;WELCOME15;WEB
ORD-20260604-00206;ORD-20260604-00206-1;2026-06-04 19:33:55;C005009;S0546;P000558;1;127,78;0,00;EUR;BE;CARD;DELIVERED;131 rue du Général Leclerc, 4000 Liège;;MOBILE_APP
ORD-20260604-00206;ORD-20260604-00206-2;2026-06-04 19:33:55;C005009;S0269;P004729;1;55,30;0,00;EUR;BE;CARD;DELIVERED;131 rue du Général Leclerc, 4000 Liège;;MOBILE_APP
ORD-20260604-00206;ORD-20260604-00206-3;2026-06-04 19:33:55;C005009;S0242;P001823;1;91,31;0,00;EUR;BE;CARD; DELIVERED ;131 rue du Général Leclerc, 4000 Liège;;MOBILE_APP
ORD-20260604-00207;ORD-20260604-00207-1;2026-06-04 19:15:05;C001009;S0024;P007744;2;8,74;0,87;EUR;FR;CARD;DELIVERED;170 route de Bordeaux, 35000 Rennes;VIP20;MOBILE_APP
ORD-20260604-00208;ORD-20260604-00208-1;2026-06-04 14:09:16;C006641;S0287;P007393;4;41,84;0,00;EUR;ES;PAYPAL;CANCELLED;8 rue Victor Hugo, 08001 Barcelone;;WEB
ORD-20260604-00208;ORD-20260604-00208-1;2026-06-04 14:09:16;C006641;S0287;P007393;4;41,84;0,00;EUR;ES;PAYPAL;CANCELLED;8 rue Victor Hugo, 08001 Barcelone;;WEB
ORD-20260604-00209;ORD-20260604-00209-1;2026-06-04 13:19:24;C023625;S0300;P005586;4;29,97;5,99;EUR;BE;PAYPAL;shipped;7 chemin des Vignes, 1000 Bruxelles;WELCOME15;MOBILE_APP
ORD-20260604-00210;ORD-20260604-00210-1;2026-06-04 17:09:47;C005473;S0188;P005889;3;32,83;9,85;EUR;BE;PAYPAL;delivered;75 cours Gambetta, 1000 Bruxelles;VIP20;MOBILE_APP
ORD-20260604-00210;ORD-20260604-00210-2;2026-06-04 17:09:47;C005473;S0420;P000355;1;26,55;3,98;EUR;BE;PAYPAL;delivered;75 cours Gambetta, 1000 Bruxelles;VIP20;MOBILE_APP
ORD-20260604-00210;ORD-20260604-00210-3;2026-06-04 17:09:47;C005473;S0573;P000289;1;47,66;0,00;EUR;BE;PAYPAL;Delivered;75 cours Gambetta, 1000 Bruxelles;VIP20;MOBILE_APP
ORD-20260604-00211;ORD-20260604-00211-1;2026-06-04 19:25:39;C007857;S0099;P000062;1;89,28;0,00;EUR;FR;CARD;DELIVERED;136 rue du Général Leclerc, 75011 Paris;;MOBILE_APP
ORD-20260604-00211;ORD-20260604-00211-2;2026-06-04 19:25:39;C007857;S0525;P000167;1;31,14;0,00;EUR;FR;CARD;DELIVERED;136 rue du Général Leclerc, 75011 Paris;;MOBILE_APP
ORD-20260604-00211;ORD-20260604-00211-3;2026-06-04 19:25:39;C007857;S0210;P005517;2;62,96;0,00;EUR;FR;CARD;DELIVERED;136 rue du Général Leclerc, 75011 Paris;;MOBILE_APP
ORD-20260604-00212;ORD-20260604-00212-1;2026-06-04 23:51:28;C008922;S0566;P000264;1;25,56;0,00;EUR;DE;CARD;delivered;177 route de Bordeaux, 20095 Hambourg;;MOBILE_APP
ORD-20260604-00212;ORD-20260604-00212-2;2026-06-04 23:51:28;C008922;S0552;P001343;2;83,34;25,00;EUR;DE;CARD;DELIVERED;177 route de Bordeaux, 20095 Hambourg;;MOBILE_APP
ORD-20260604-00212;ORD-20260604-00212-3;2026-06-04 23:51:28;C992222;S0334;P003659;1;26,23;1,31;EUR;DE;CARD;DELIVERED;177 route de Bordeaux, 20095 Hambourg;;MOBILE_APP
ORD-20260604-00212;ORD-20260604-00212-4;2026-06-04 23:51:28;C008922;S0592;P002496;1;31,97;0,00;EUR;DE;CARD; DELIVERED ;177 route de Bordeaux, 20095 Hambourg;;MOBILE_APP
ORD-20260604-00212;ORD-20260604-00212-5;2026-06-04 23:51:28;C008922;S0154;P007955;2;80,88;0,00;EUR;DE;CARD;DELIVERED;177 route de Bordeaux, 20095 Hambourg;;MOBILE_APP
ORD-20260604-00213;ORD-20260604-00213-1;2026-06-04 20:13:39;C011705;S0274;P001818;1;34,50;0,00;EUR;BE;CARD;RETURNED;173 place de l'Église, 1000 Bruxelles;;WEB
ORD-20260604-00214;ORD-20260604-00214-1;2026-06-04 15:19:34;C016577;S0493;P007109;1;40,17;0,00;EUR;BE;CARD;DELIVERED;65 place de l'Église, 2000 Anvers;;MOBILE_APP
ORD-20260604-00215;ORD-20260604-00215-1;2026-06-04 15:38:22;C000030;S0403;P001231;1;42,38;0,00;EUR;ES;GIFTCARD;DELIVERED;23 place de l'Église, 46001 Valence;FREESHIP;MARKETPLACE_API
ORD-20260604-00216;ORD-20260604-00216-1;2026-06-04 08:56:30;C024731;S0200;P000719;1;56,73;2,84;EUR;DE;CARD;Delivered;9 avenue des Tilleuls, 10115 Berlin;FREESHIP;WEB
ORD-20260604-00216;ORD-20260604-00216-2;2026-06-04 08:56:30;C024731;S0268;P003750;2;126,10;0,00;EUR;DE;CARD;DELIVERED;9 avenue des Tilleuls, 10115 Berlin;FREESHIP;WEB
ORD-20260604-00217;ORD-20260604-00217-1;2026-06-04 13:51:51;C023083;S0213;P007884;1;21,40;0,00;EUR;FR;CARD; DELIVERED ;62 route de Bordeaux, 69003 Lyon;;MOBILE_APP
ORD-20260604-00218;ORD-20260604-00218-1;2026-06-04 15:53:13;C006977;S0443;P001298;2;83,44;8,34;EUR;BE;PAYPAL;DELIVERED;56 rue Victor Hugo, 4000 Liège;;WEB
ORD-20260604-00218;ORD-20260604-00218-2;2026-06-04 15:53:13;C006977;S0326;P006793;1;42,93;0,00;EUR;BE;PAYPAL;DELIVERED;56 rue Victor Hugo, 4000 Liège;;WEB
ORD-20260604-00218;ORD-20260604-00218-3;2026-06-04 15:53:13;C006977;S0268;P003131;1;11,91;0,00;EUR;BE;PAYPAL;DELIVERED;56 rue Victor Hugo, 4000 Liège;;WEB
ORD-20260604-00218;ORD-20260604-00218-4;2026-06-04 15:53:13;C006977;S0108;P007644;1;16,01;0,00;EUR;BE;PAYPAL; DELIVERED ;56 rue Victor Hugo, 4000 Liège;;WEB
ORD-20260604-00218;ORD-20260604-00218-5;2026-06-04 15:53:13;C006977;S0207;P002787;1;12,78;0,00;EUR;BE;PAYPAL; DELIVERED ;56 rue Victor Hugo, 4000 Liège;;WEB
ORD-20260604-00219;ORD-20260604-00219-1;2026-06-04 14:57:10;C016601;S0301;P006119;1;57,51;0,00;EUR;ES;PAYPAL;DELIVERED;33 allée des Peupliers, 46001 Valence;;WEB
ORD-20260604-00220;ORD-20260604-00220-1;2026-06-04 14:49:04;C005222;S0448;P005421;1;35,44;0,00;EUR;ES;CARD;RETURNED;18 chemin des Vignes, 46001 Valence;WELCOME15;MOBILE_APP
ORD-20260604-00221;ORD-20260604-00221-1;2026-06-04 15:18:09;C017127;S0458;P006258;1;25,45;2,54;EUR;BE;CARD;DELIVERED;39 avenue des Tilleuls, 1000 Bruxelles;FREESHIP;MOBILE_APP
ORD-20260604-00221;ORD-20260604-00221-2;2026-06-04 15:18:09;C017127;S0449;P003957;1;63,11;3,16;EUR;BE;CARD;DELIVERED;39 avenue des Tilleuls, 1000 Bruxelles;FREESHIP;MOBILE_APP
ORD-20260604-00222;ORD-20260604-00222-1;2026-06-04 16:07:36;C019519;S0434;P995925;1;73,58;0,00;EUR;FR;CARD;DELIVERED;7 quai des Chartrons, 69003 Lyon;WELCOME15;MOBILE_APP
ORD-20260604-00222;ORD-20260604-00222-2;2026-06-04 16:07:36;C019519;S0366;P006165;4;7,43;4,46;EUR;FR;CARD; DELIVERED ;7 quai des Chartrons, 69003 Lyon;WELCOME15;MOBILE_APP
ORD-20260604-00223;ORD-20260604-00223-1;2026-06-04 15:26:35;C012955;S0506;P006745;1;157,37;23,61;EUR;FR;PAYPAL;DELIVERED;117 cours Gambetta, 35000 Rennes;VIP20;WEB
ORD-20260604-00223;ORD-20260604-00223-2;2026-06-04 15:26:35;C012955;S0195;P000386;3;66,69;0,00;EUR;FR;PAYPAL;DELIVERED;117 cours Gambetta, 35000 Rennes;VIP20;WEB
ORD-20260604-00224;ORD-20260604-00224-1;2026-06-04 15:10:05;C008833;S0081;P005834;1;99,99;0,00;EUR;FR;PAYPAL;DELIVERED;5 place de l'Église, 44000 Nantes;;MOBILE_APP
ORD-20260604-00224;ORD-20260604-00224-2;2026-06-04 15:10:05;C008833;S0408;P002063;2;33,40;0,00;EUR;FR;PAYPAL;Delivered;5 place de l'Église, 44000 Nantes;;MOBILE_APP
ORD-20260604-00225;ORD-20260604-00225-1;2026-06-04 20:54:08;C000975;S0105;P001443;1;21,38;2,14;EUR;DE;CARD;DELIVERED;124 rue du Général Leclerc, 10115 Berlin;WELCOME15;MOBILE_APP
ORD-20260604-00226;ORD-20260604-00226-1;2026-06-04 15:01:08;C012828;S0105;P002020;2;81,58;0,00;EUR;BE;CARD; SHIPPED ;115 quai des Chartrons, 4000 Liège;;MOBILE_APP
ORD-20260604-00226;ORD-20260604-00226-2;2026-06-04 15:01:08;C012828;S0169;P005701;1;189,82;9,49;EUR;BE;CARD;SHIPPED;115 quai des Chartrons, 4000 Liège;;MOBILE_APP
ORD-20260604-00227;ORD-20260604-00227-1;2026-06-04 08:21:39;C002426;S0507;P006594;2;73,36;22,01;EUR;BE;CARD;delivered;171 place de l'Église, 4000 Liège;;MOBILE_APP
ORD-20260604-00227;ORD-20260604-00227-2;2026-06-04 08:21:39;C002426;S0331;P001229;1;13,63;0,00;EUR;BE;CARD;Delivered;171 place de l'Église, 4000 Liège;;MOBILE_APP
ORD-20260604-00227;ORD-20260604-00227-3;2026-06-04 08:21:39;C002426;S0187;P006601;1;162,14;16,21;EUR;BE;CARD;Delivered;171 place de l'Église, 4000 Liège;;MOBILE_APP
ORD-20260604-00228;ORD-20260604-00228-1;2026-06-04 12:47:12;C016715;S0571;P005824;1;203,87;0,00;EUR;BE;CARD; CANCELLED ;11 avenue des Tilleuls, 4000 Liège;VIP20;MOBILE_APP
ORD-20260604-00228;ORD-20260604-00228-2;2026-06-04 12:47:12;C016715;S0048;P001223;1;21,20;0,00;EUR;BE;CARD;cancelled;11 avenue des Tilleuls, 4000 Liège;VIP20;MOBILE_APP
ORD-20260604-00228;ORD-20260604-00228-3;2026-06-04 12:47:12;C016715;S0547;P006864;2;38,33;0,00;EUR;BE;CARD;CANCELLED;11 avenue des Tilleuls, 4000 Liège;VIP20;MOBILE_APP
ORD-20260604-00228;ORD-20260604-00228-4;2026-06-04 12:47:12;C016715;S0082;P007784;4;107,28;0,00;EUR;BE;CARD;CANCELLED;11 avenue des Tilleuls, 4000 Liège;VIP20;MOBILE_APP
ORD-20260604-00229;ORD-20260604-00229-1;2026-06-04 08:04:12;C004934;S0486;P006126;1;63,94;3,20;EUR;FR;TRANSFER;DELIVERED;118 avenue des Tilleuls, 31000 Toulouse;;MOBILE_APP
ORD-20260604-00230;ORD-20260604-00230-1;2026-06-04 18:21:54;C017718;S0470;P005083;1;35,88;0,00;EUR;NL;CARD;DELIVERED;47 cours Gambetta, 1011 Amsterdam;FREESHIP;WEB
ORD-20260604-00230;ORD-20260604-00230-2;2026-06-04 18:21:54;C017718;S0570;P005787;1;89,95;0,00;EUR;NL;CARD; DELIVERED ;47 cours Gambetta, 1011 Amsterdam;FREESHIP;WEB
ORD-20260604-00231;ORD-20260604-00231-1;2026-06-04 21:26:57;C009946;S0484;P007757;1;62,48;0,00;EUR;DE;CARD;delivered;68 avenue des Tilleuls, 10115 Berlin;;MOBILE_APP
ORD-20260604-00232;ORD-20260604-00232-1;2026-06-04 09:00:55;C012047;S0454;P002814;1;37,03;5,55;EUR;BE;CARD;DELIVERED;157 rue Victor Hugo, 1000 Bruxelles;FREESHIP;MOBILE_APP
ORD-20260604-00232;ORD-20260604-00232-2;2026-06-04 09:00:55;C012047;S0307;P007975;2;18,09;0,00;EUR;BE;CARD;DELIVERED;157 rue Victor Hugo, 1000 Bruxelles;FREESHIP;MOBILE_APP
ORD-20260604-00233;ORD-20260604-00233-1;2026-06-04 18:41:34;C001502;S0469;P000027;2;213,34;0,00;EUR;NL;CARD;DELIVERED;160 chemin des Vignes, 1011 Amsterdam;;MOBILE_APP
ORD-20260604-00233;ORD-20260604-00233-2;2026-06-04 18:41:34;C001502;S0218;P990360;3;149,05;44,72;EUR;NL;CARD;Delivered;160 chemin des Vignes, 1011 Amsterdam;;MOBILE_APP
ORD-20260604-00234;ORD-20260604-00234-1;2026-06-04 23:02:47;C023537;S0535;P003281;1;3710;1,86;EUR;IT;CARD;DELIVERED;157 quai des Chartrons, 00184 Rome;FLASH5;WEB
ORD-20260604-00235;ORD-20260604-00235-1;2026-06-04 14:05:16;C018960;S0572;P000383;1;20,17;0,00;EUR;ES;CARD;DELIVERED;64 boulevard Saint-Michel, 28001 Madrid;;MOBILE_APP
ORD-20260604-00236;ORD-20260604-00236-1;2026-06-04 19:10:08;C023022;S0382;P007651;1;54,34;0,00;EUR;ES;CARD;DELIVERED;29 chemin des Vignes, 08001 Barcelone;SUMMER10;MOBILE_APP
ORD-20260604-00237;ORD-20260604-00237-1;2026-06-04 11:17:23;C009973;S0257;P001976;1;103,71;5,19;EUR;FR;CARD;PENDING;152 allée des Peupliers, 44000 Nantes;;WEB
ORD-20260604-00238;ORD-20260604-00238-1;2026-06-04 15:09:19;C010118;S0328;P005768;2;228,72;0,00;EUR;ES;CARD; DELIVERED ;97 impasse du Moulin, 28001 Madrid;FLASH5;MARKETPLACE_API
ORD-20260604-00238;ORD-20260604-00238-2;2026-06-04 15:09:19;C010118;S0207;P006464;1;47,68;0,00;EUR;ES;CARD;DELIVERED;97 impasse du Moulin, 28001 Madrid;FLASH5;MARKETPLACE_API
ORD-20260604-00239;ORD-20260604-00239-1;2026-06-04 21:23:12;C009171;S0339;P003033;1;64,37;0,00;EUR;FR;CARD; CANCELLED ;112 rue du Général Leclerc, 44000 Nantes;FLASH5;WEB
ORD-20260604-00240;ORD-20260604-00240-1;2026-06-04 10:19:03;C004663;S0395;P003510;2;141,97;28,39;EUR;FR;CARD;DELIVERED;172 cours Gambetta, 75011 Paris;;MOBILE_APP
ORD-20260604-00240;ORD-20260604-00240-2;2026-06-04 10:19:03;C004663;S0132;P006588;3;52,07;7,81;EUR;FR;CARD; DELIVERED ;172 cours Gambetta, 75011 Paris;;MOBILE_APP
ORD-20260604-00240;ORD-20260604-00240-3;2026-06-04 10:19:03;C004663;S0254;P006423;3;29,17;8,75;EUR;FR;CARD;delivered;172 cours Gambetta, 75011 Paris;;MOBILE_APP
ORD-20260604-00240;ORD-20260604-00240-4;2026-06-04 10:19:03;C004663;S0404;P006372;1;33,03;3,30;EUR;FR;CARD;DELIVERED;172 cours Gambetta, 75011 Paris;;MOBILE_APP
ORD-20260604-00240;ORD-20260604-00240-5;2026-06-04 10:19:03;C004663;S0464;P002672;1;52,42;7,86;EUR;FR;CARD;Delivered;172 cours Gambetta, 75011 Paris;;MOBILE_APP
ORD-20260604-00241;ORD-20260604-00241-1;2026-06-04 22:14:01;C022195;S0210;P003825;2;71,79;21,54;EUR;DE;APPLEPAY;Pending;57 allée des Peupliers, 80331 Munich;FLASH5;WEB
ORD-20260604-00241;ORD-20260604-00241-2;2026-06-04 22:14:01;C022195;S0337;P005100;1;69,94;0,00;EUR;DE;APPLEPAY;PENDING;57 allée des Peupliers, 80331 Munich;FLASH5;WEB
ORD-20260604-00242;ORD-20260604-00242-1;2026-06-04 12:56:14;C002444;S0581;P003965;3;19,54;0,00;EUR;FR;CARD;Delivered;57 route de Bordeaux, 59000 Lille;FREESHIP;MOBILE_APP
ORD-20260604-00242;ORD-20260604-00242-2;2026-06-04 12:56:14;C002444;S0470;P001411;1;101,61;0,00;EUR;FR;CARD;DELIVERED;57 route de Bordeaux, 59000 Lille;FREESHIP;MOBILE_APP
ORD-20260604-00243;ORD-20260604-00243-1;2026-06-04 17:57:16;C009510;S0414;P003119;1;44,59;6,69;EUR;FR;CARD;DELIVERED;5 avenue des Tilleuls, 31000 Toulouse;VIP20;MOBILE_APP
ORD-20260604-00243;ORD-20260604-00243-1;2026-06-04 17:57:16;C009510;S0414;P003119;1;44,59;6,69;EUR;FR;CARD;DELIVERED;5 avenue des Tilleuls, 31000 Toulouse;VIP20;MOBILE_APP
ORD-20260604-00244;ORD-20260604-00244-1;2026-06-04 09:22:26;C013895;S0264;P006923;1;14,06;0,00;EUR;FR;PAYPAL;RETURNED;138 rue du Général Leclerc, 44000 Nantes;VIP20;MOBILE_APP
ORD-20260604-00245;ORD-20260604-00245-1;2026-06-04 10:54:31;C002173;S0573;P001968;1;20,72;2,07;EUR;FR;CARD;CANCELLED;25 route de Bordeaux, 69003 Lyon;VIP20;MOBILE_APP
ORD-20260604-00245;ORD-20260604-00245-2;2026-06-04 10:54:31;C002173;S0085;P005647;1;42,48;4,25;EUR;FR;CARD;CANCELLED;25 route de Bordeaux, 69003 Lyon;VIP20;MOBILE_APP
ORD-20260604-00245;ORD-20260604-00245-3;2026-06-04 10:54:31;C002173;S0502;P000829;1;188,79;9,44;EUR;FR;CARD;CANCELLED;25 route de Bordeaux, 69003 Lyon;VIP20;MOBILE_APP
ORD-20260604-00246;ORD-20260604-00246-1;2026-06-04 12:37:28;C017085;S0502;P004259;1;72,28;0,00;EUR;DE;PAYPAL;DELIVERED;47 allée des Peupliers, 10115 Berlin;;MOBILE_APP
ORD-20260604-00247;ORD-20260604-00247-1;2026-06-04 19:50:26;C009173;S0493;P006991;1;154,64;0,00;EUR;FR;CARD; DELIVERED ;141 route de Bordeaux, 33000 Bordeaux;;WEB
ORD-20260604-00248;ORD-20260604-00248-1;2026-06-04 11:45:59;C005246;S0250;P000554;1;17,84;0,00;EUR;FR;TRANSFER;DELIVERED;125 rue de la République, 75011 Paris;;WEB
ORD-20260604-00248;ORD-20260604-00248-2;2026-06-04 11:45:59;C005246;S0261;P004453;1;68,16;0,00;EUR;FR;TRANSFER;DELIVERED;125 rue de la République, 75011 Paris;;WEB
ORD-20260604-00249;ORD-20260604-00249-1;2026-06-04 10:20:33;C021246;S0074;P004498;2;41,76;0,00;EUR;BE;CARD;SHIPPED;171 chemin des Vignes, 4000 Liège;SUMMER10;MOBILE_APP
ORD-20260604-00250;ORD-20260604-00250-1;2026-06-04 13:06:17;C018470;S0020;P004727;3;228,53;0,00;EUR;BE;GIFTCARD;DELIVERED;149 rue de la République, 1000 Bruxelles;FREESHIP;WEB
ORD-20260604-00251;ORD-20260604-00251-1;2026-06-04 11:08:18;C019697;S0273;P006347;1;90,44;4,52;EUR;FR;PAYPAL;Delivered;9 rue de la République, 44000 Nantes;SUMMER10;WEB
ORD-20260604-00252;ORD-20260604-00252-1;2026-06-04 14:58:23;C011583;S0001;P001784;2;56,55;11,31;EUR;ES;PAYPAL;SHIPPED;71 rue du Général Leclerc, 28001 Madrid;FLASH5;WEB
ORD-20260604-00253;ORD-20260604-00253-1;2026-06-04 12:34:41;C014302;S0120;P004725;1;30,82;1,54;EUR;DE;CARD; DELIVERED ;37 cours Gambetta, 20095 Hambourg;WELCOME15;WEB
ORD-20260604-00253;ORD-20260604-00253-2;2026-06-04 12:34:41;C014302;S0194;P000316;1;44,44;2,22;EUR;DE;CARD;DELIVERED;37 cours Gambetta, 20095 Hambourg;WELCOME15;WEB
ORD-20260604-00253;ORD-20260604-00253-3;2026-06-04 12:34:41;C014302;S0288;P006671;1;11,70;0,00;EUR;DE;CARD;Delivered;37 cours Gambetta, 20095 Hambourg;WELCOME15;WEB
ORD-20260604-00253;ORD-20260604-00253-4;2026-06-04 12:34:41;C014302;S0574;P001619;1;49,21;4,92;EUR;DE;CARD;DELIVERED;37 cours Gambetta, 20095 Hambourg;WELCOME15;WEB
ORD-20260604-00254;ORD-20260604-00254-1;2026-06-04 14:51:07;C020810;S0477;P004554;1;81,24;0,00;EUR;BE;CARD;DELIVERED;90 allée des Peupliers, 4000 Liège;SUMMER10;WEB
ORD-20260604-00254;ORD-20260604-00254-2;2026-06-04 14:51:07;C020810;S0057;P006019;1;14,16;0,00;EUR;BE;CARD;DELIVERED;90 allée des Peupliers, 4000 Liège;SUMMER10;WEB
ORD-20260604-00254;ORD-20260604-00254-3;2026-06-04 14:51:07;C020810;S0234;P002938;1;70,19;0,00;EUR;BE;CARD;DELIVERED;90 allée des Peupliers, 4000 Liège;SUMMER10;WEB
ORD-20260604-00254;ORD-20260604-00254-4;2026-06-04 14:51:07;C020810;S0530;P003413;1;31,09;4,66;EUR;BE;CARD;DELIVERED;90 allée des Peupliers, 4000 Liège;SUMMER10;WEB
ORD-20260604-00255;ORD-20260604-00255-1;2026-06-04 13:18:26;C008943;S0134;P007779;1;70,10;0,00;EUR;FR;PAYPAL;CANCELLED;167 rue de la République, 69003 Lyon;FLASH5;MOBILE_APP
ORD-20260604-00255;ORD-20260604-00255-2;2026-06-04 13:18:26;C008943;S0481;P007105;3;43,30;12,99;EUR;FR;PAYPAL;CANCELLED;167 rue de la République, 69003 Lyon;FLASH5;MOBILE_APP
ORD-20260604-00256;ORD-20260604-00256-1;2026-06-04 16:35:12;C023314;S0466;P007752;1;121,76;0,00;EUR;NL;CARD;returned;14 quai des Chartrons, 1011 Amsterdam;WELCOME15;WEB
ORD-20260604-00257;ORD-20260604-00257-1;2026-06-04 13:26:38;C009895;S0240;P000535;1;61,46;0,00;EUR;BE;CARD; DELIVERED ;176 rue Victor Hugo, 4000 Liège;VIP20;MOBILE_APP
ORD-20260604-00257;ORD-20260604-00257-2;2026-06-04 13:26:38;C009895;S0439;P000168;1;2586;0,00;EUR;BE;CARD;DELIVERED;176 rue Victor Hugo, 4000 Liège;VIP20;MOBILE_APP
ORD-20260604-00257;ORD-20260604-00257-3;2026-06-04 13:26:38;C009895;S0135;P007708;2;18,18;3,64;EUR;BE;CARD;DELIVERED;176 rue Victor Hugo, 4000 Liège;VIP20;MOBILE_APP
ORD-20260604-00257;ORD-20260604-00257-4;2026-06-04 13:26:38;C009895;S0573;P005753;1;85,52;0,00;EUR;BE;CARD;DELIVERED;176 rue Victor Hugo, 4000 Liège;VIP20;MOBILE_APP
ORD-20260604-00257;ORD-20260604-00257-5;2026-06-04 13:26:38;C009895;S0439;P003925;1;684;0,00;EUR;BE;CARD;DELIVERED;176 rue Victor Hugo, 4000 Liège;VIP20;MOBILE_APP
ORD-20260604-00258;ORD-20260604-00258-1;2026-06-04 17:46:48;C011937;S0293;P007816;1;51,78;5,18;EUR;FR;PAYPAL;DELIVERED;173 place de l'Église, 13008 Marseille;FREESHIP;MOBILE_APP
ORD-20260604-00259;ORD-20260604-00259-1;2026-06-04 14:07:50;C004424;S0285;P000284;1;60,21;0,00;EUR;ES;CARD;DELIVERED;23 place de l'Église, 28001 Madrid;;MOBILE_APP
ORD-20260604-00260;ORD-20260604-00260-1;2026-06-04 16:31:12;C000325;S0363;P007291;1;55,31;5,53;EUR;NL;CARD;DELIVERED;123 rue de la République, 1011 Amsterdam;FREESHIP;MOBILE_APP
ORD-20260604-00260;ORD-20260604-00260-2;2026-06-04 16:31:12;C000325;S0365;P000499;1;72,18;3,61;EUR;NL;CARD;Delivered;123 rue de la République; Batiment C; 1011 Amsterdam;FREESHIP;MOBILE_APP
ORD-20260604-00261;ORD-20260604-00261-1;2026-06-04 12:12:53;C008132;S0515;P005334;3;88,92;0,00;EUR;ES;CARD;DELIVERED;90 rue du Général Leclerc, 08001 Barcelone;SUMMER10;MOBILE_APP
ORD-20260604-00261;ORD-20260604-00261-2;2026-06-04 12:12:53;C008132;S0021;P000607;1;31,55;1,58;EUR;ES;CARD;DELIVERED;90 rue du Général Leclerc, 08001 Barcelone;SUMMER10;MOBILE_APP
ORD-20260604-00261;ORD-20260604-00261-3;2026-06-04 12:12:53;C008132;S0196;P003988;2;65,35;0,00;EUR;ES;CARD;DELIVERED;90 rue du Général Leclerc, 08001 Barcelone;SUMMER10;MOBILE_APP
ORD-20260604-00262;ORD-20260604-00262-1;2026-06-04 13:10:20;C019161;S0151;P002767;2;1135;0,00;EUR;BE;CARD;delivered;52 quai des Chartrons, 1000 Bruxelles;;MOBILE_APP
ORD-20260604-00263;ORD-20260604-00263-1;2026-06-04 17:31:32;C013292;S0482;P007726;2;35,87;3,59;EUR;NL;TRANSFER;PENDING;72 cours Gambetta, 1011 Amsterdam;SUMMER10;WEB
ORD-20260604-00263;ORD-20260604-00263-2;2026-06-04 17:31:32;C013292;S0041;P002152;1;28,63;0,00;EUR;NL;TRANSFER;PENDING;72 cours Gambetta, 1011 Amsterdam;SUMMER10;WEB
ORD-20260604-00264;ORD-20260604-00264-1;2026-06-04 18:24:46;C004849;S0310;P000022;2;113,82;34,15;EUR;ES;CARD;DELIVERED;172 chemin des Vignes, 08001 Barcelone;FLASH5;MARKETPLACE_API
ORD-20260604-00265;ORD-20260604-00265-1;2026-06-04 15:47:31;C019399;S0352;P006488;1;224,35;11,22;EUR;IT;PAYPAL;DELIVERED;126 allée des Peupliers, 00184 Rome;;MOBILE_APP
ORD-20260604-00265;ORD-20260604-00265-2;2026-06-04 15:47:31;C019399;S0158;P003887;1;113,51;5,68;EUR;IT;PAYPAL;DELIVERED;126 allée des Peupliers, 00184 Rome;;MOBILE_APP
ORD-20260604-00266;ORD-20260604-00266-1;2026-06-04 13:33:12;C007289;S0490;P000250;1;90,00;4,50;EUR;FR;APPLEPAY;DELIVERED;170 place de l'Église, 13008 Marseille;SUMMER10;WEB
ORD-20260604-00266;ORD-20260604-00266-2;2026-06-04 13:33:12;C007289;S0468;P005757;1;73,84;11,08;EUR;FR;APPLEPAY; DELIVERED ;170 place de l'Église, 13008 Marseille;SUMMER10;WEB
ORD-20260604-00266;ORD-20260604-00266-3;2026-06-04 13:33:12;C007289;S0544;P007647;1;5,80;0,00;EUR;FR;APPLEPAY;DELIVERED;170 place de l'Église, 13008 Marseille;SUMMER10;WEB
ORD-20260604-00267;ORD-20260604-00267-1;2026-06-04 18:17:17;C007503;S0436;P007753;1;26,73;0,00;EUR;FR;CARD;DELIVERED;12 rue du Général Leclerc, 59000 Lille;;WEB
ORD-20260604-00268;ORD-20260604-00268-1;2026-06-04 11:29:24;C008115;S0588;P006835;1;64,63;0,00;EUR;FR;PAYPAL;SHIPPED;154 boulevard Saint-Michel, 44000 Nantes;WELCOME15;WEB
ORD-20260604-00269;ORD-20260604-00269-1;2026-06-04 11:57:35;C012743;S0247;P004164;1;13583;0,00;EUR;NL;GIFTCARD;SHIPPED;162 quai des Chartrons, 1011 Amsterdam;SUMMER10;MOBILE_APP
ORD-20260604-00270;ORD-20260604-00270-1;2026-06-04 19:25:04;C013719;S0286;P002710;3;7,75;1,16;EUR;FR;CARD;CANCELLED;46 quai des Chartrons, 59000 Lille;;MOBILE_APP
ORD-20260604-00271;ORD-20260604-00271-1;2026-06-04 11:45:12;C005083;S0401;P001554;1;46,66;2,33;EUR;ES;CARD;DELIVERED;150 rue du Général Leclerc, 46001 Valence;SUMMER10;WEB
ORD-20260604-00272;ORD-20260604-00272-1;2026-06-04 21:49:26;C020652;S0595;P005801;1;17,05;1,71;EUR;IT;CARD;DELIVERED;99 rue du Général Leclerc, 20121 Milan;;MOBILE_APP
ORD-20260604-00272;ORD-20260604-00272-2;2026-06-04 21:49:26;C020652;S0520;P000897;4;85,03;0,00;EUR;IT;CARD;DELIVERED;99 rue du Général Leclerc, 20121 Milan;;MOBILE_APP
ORD-20260604-00273;ORD-20260604-00273-1;2026-06-04 13:42:00;C021266;S0136;P000818;1;48,89;0,00;EUR;DE;CARD;DELIVERED;101 place de l'Église, 20095 Hambourg;WELCOME15;WEB
ORD-20260604-00274;ORD-20260604-00274-1;2026-06-04 15:51:59;C022477;S0474;P004776;2;58,70;17,61;EUR;ES;APPLEPAY;PENDING;164 impasse du Moulin, 28001 Madrid;FLASH5;WEB
ORD-20260604-00274;ORD-20260604-00274-2;2026-06-04 15:51:59;C022477;S0017;P003297;1;13,61;1,36;EUR;ES;APPLEPAY;PENDING;164 impasse du Moulin, 28001 Madrid;FLASH5;WEB
ORD-20260604-00274;ORD-20260604-00274-3;2026-06-04 15:51:59;C022477;S0244;P002035;1;114,56;11,46;EUR;ES;APPLEPAY;PENDING;164 impasse du Moulin, 28001 Madrid;FLASH5;WEB
ORD-20260604-00274;ORD-20260604-00274-4;2026-06-04 15:51:59;C022477;S0119;P003401;2;28,56;0,00;EUR;ES;APPLEPAY; PENDING ;164 impasse du Moulin, 28001 Madrid;FLASH5;WEB
ORD-20260604-00275;ORD-20260604-00275-1;2026-06-04 12:05:30;C012271;S0105;P004708;2;56,39;0,00;EUR;FR;CARD;DELIVERED;82 rue Victor Hugo, 75011 Paris;WELCOME15;MOBILE_APP
ORD-20260604-00275;ORD-20260604-00275-2;2026-06-04 12:05:30;C012271;S0539;P000593;1;13,83;0,00;EUR;FR;CARD;DELIVERED;82 rue Victor Hugo, 75011 Paris;WELCOME15;MOBILE_APP
ORD-20260604-00275;ORD-20260604-00275-3;2026-06-04 12:05:30;C012271;S0205;P001967;1;47,82;0,00;EUR;FR;CARD;DELIVERED;82 rue Victor Hugo, 75011 Paris;WELCOME15;MOBILE_APP
ORD-20260604-00276;ORD-20260604-00276-1;2026-06-04 17:29:32;C011661;S0278;P005598;3;74,50;22,35;EUR;BE;CARD; DELIVERED ;115 route de Bordeaux, 2000 Anvers;;WEB
ORD-20260604-00277;ORD-20260604-00277-1;2026-06-04 10:13:29;C012782;S0484;P001916;1;80,67;8,07;EUR;FR;CARD;SHIPPED;123 chemin des Vignes, 69003 Lyon;;WEB
ORD-20260604-00277;ORD-20260604-00277-2;2026-06-04 10:13:29;C012782;S0562;P000832;1;50,89;0,00;EUR;FR;CARD;shipped;123 chemin des Vignes, 69003 Lyon;;WEB
ORD-20260604-00277;ORD-20260604-00277-3;2026-06-04 10:13:29;C012782;S0412;P005625;2;41,66;4,17;EUR;FR;CARD;SHIPPED;123 chemin des Vignes, 69003 Lyon;;WEB
ORD-20260604-00278;ORD-20260604-00278-1;2026-06-04 18:51:26;C015265;S0254;P004913;1;81,37;8,14;EUR;BE;APPLEPAY;delivered;143 chemin des Vignes, 2000 Anvers;;MOBILE_APP
ORD-20260604-00278;ORD-20260604-00278-2;2026-06-04 18:51:26;C015265;S0498;P001943;1;56,33;0,00;EUR;BE;APPLEPAY;DELIVERED;143 chemin des Vignes, 2000 Anvers;;MOBILE_APP
ORD-20260604-00279;ORD-20260604-00279-1;2026-06-04 09:45:32;C009551;S0268;P000524;1;35,41;1,77;EUR;DE;CARD;DELIVERED;104 quai des Chartrons, 80331 Munich;FLASH5;MOBILE_APP
ORD-20260604-00279;ORD-20260604-00279-2;2026-06-04 09:45:32;C009551;S0044;P002377;2;6,70;0,67;EUR;DE;CARD;DELIVERED;104 quai des Chartrons, 80331 Munich;FLASH5;MOBILE_APP
ORD-20260604-00279;ORD-20260604-00279-3;2026-06-04 09:45:32;C993662;S0046;P005244;3;34,29;0,00;EUR;DE;CARD;DELIVERED;104 quai des Chartrons, 80331 Munich;FLASH5;MOBILE_APP
ORD-20260604-00279;ORD-20260604-00279-4;2026-06-04 09:45:32;C009551;S0459;P002783;1;18,02;1,80;EUR;DE;CARD;DELIVERED;104 quai des Chartrons, 80331 Munich;FLASH5;MOBILE_APP
ORD-20260604-00280;ORD-20260604-00280-1;2026-06-04 11:25:10;C008266;S0072;P007518;1;66,61;3,33;EUR;IT;TRANSFER;DELIVERED;106 place de l'Église, 20121 Milan;FLASH5;MOBILE_APP
ORD-20260604-00281;ORD-20260604-00281-1;2026-06-04 14:51:49;C000708;S0362;P002861;1;14,31;0,00;EUR;FR;TRANSFER;DELIVERED;122 quai des Chartrons, 44000 Nantes;;MOBILE_APP
ORD-20260604-00281;ORD-20260604-00281-2;2026-06-04 14:51:49;C000708;S0273;P002103;3;62,27;0,00;EUR;FR;TRANSFER;DELIVERED;122 quai des Chartrons, 44000 Nantes;;MOBILE_APP
ORD-20260604-00282;ORD-20260604-00282-1;2026-06-04 20:49:56;C013042;S0116;P002689;2;20,04;0,00;EUR;DE;CARD;DELIVERED;70 chemin des Vignes, 10115 Berlin;SUMMER10;MOBILE_APP
ORD-20260604-00282;ORD-20260604-00282-2;2026-06-04 20:49:56;C013042;S0229;P004166;1;115,63;5,78;EUR;DE;CARD; DELIVERED ;70 chemin des Vignes, 10115 Berlin;SUMMER10;MOBILE_APP
ORD-20260604-00282;ORD-20260604-00282-3;2026-06-04 20:49:56;C013042;S0334;P000691;1;14,91;0,75;EUR;DE;CARD;DELIVERED;70 chemin des Vignes, 10115 Berlin;SUMMER10;MOBILE_APP
ORD-20260604-00282;ORD-20260604-00282-4;2026-06-04 20:49:56;C013042;S0062;P007797;1;60,19;0,00;EUR;DE;CARD;DELIVERED;70 chemin des Vignes, 10115 Berlin;SUMMER10;MOBILE_APP
ORD-20260604-00283;ORD-20260604-00283-1;2026-06-04 20:54:06;C010131;S0082;P003961;2;266,23;0,00;EUR;FR;CARD;DELIVERED;99 cours Gambetta, 59000 Lille;;MOBILE_APP
ORD-20260604-00284;ORD-20260604-00284-1;2026-06-04 16:31:50;C011693;S0148;P003473;1;29,68;0,00;EUR;FR;TRANSFER;DELIVERED;79 avenue des Tilleuls, 75011 Paris;WELCOME15;WEB
ORD-20260604-00284;ORD-20260604-00284-2;2026-06-04 16:31:50;C011693;S0269;P006494;2;40,63;4,06;EUR;FR;TRANSFER;DELIVERED;79 avenue des Tilleuls, 75011 Paris;WELCOME15;WEB
ORD-20260604-00285;ORD-20260604-00285-1;2026-06-04 17:32:56;C022481;S0340;P002507;1;33,60;1,68;EUR;FR;CARD;shipped;46 route de Bordeaux, 69003 Lyon;;MARKETPLACE_API
ORD-20260604-00285;ORD-20260604-00285-2;2026-06-04 17:32:56;C022481;S0305;P003335;2;122,99;24,60;EUR;FR;CARD;SHIPPED;46 route de Bordeaux, 69003 Lyon;;MARKETPLACE_API
ORD-20260604-00286;ORD-20260604-00286-1;2026-06-04 04:50:15;C012242;S0030;P000757;1;57,05;8,56;EUR;IT;CARD;CANCELLED;50 avenue des Tilleuls, 00184 Rome;VIP20;WEB
ORD-20260604-00287;ORD-20260604-00287-1;2026-06-04 16:50:00;C020342;S0530;P006067;1;84,23;0,00;EUR;IT;CARD;delivered;56 boulevard Saint-Michel, 00184 Rome;;MOBILE_APP
ORD-20260604-00288;ORD-20260604-00288-1;2026-06-04 13:39:40;C010953;S0008;P005681;1;76,65;0,00;EUR;BE;CARD;RETURNED;16 rue Victor Hugo, 1000 Bruxelles;FREESHIP;MOBILE_APP
ORD-20260604-00289;ORD-20260604-00289-1;2026-06-04 13:47:05;C016831;S0206;P000697;4;41,06;8,21;EUR;NL;PAYPAL;CANCELLED;153 allée des Peupliers, 1011 Amsterdam;;WEB
ORD-20260604-00289;ORD-20260604-00289-2;2026-06-04 13:47:05;C016831;S0117;P002800;3;51,94;0,00;EUR;NL;PAYPAL;CANCELLED;153 allée des Peupliers, 1011 Amsterdam;;WEB
ORD-20260604-00289;ORD-20260604-00289-3;2026-06-04 13:47:05;C016831;S0067;P005993;2;28,53;0,00;EUR;NL;PAYPAL;Cancelled;153 allée des Peupliers, 1011 Amsterdam;;WEB
ORD-20260604-00289;ORD-20260604-00289-4;2026-06-04 13:47:05;C016831;S0031;P001325;2;8319;8,32;EUR;NL;PAYPAL;CANCELLED;153 allée des Peupliers, 1011 Amsterdam;;WEB
ORD-20260604-00289;ORD-20260604-00289-5;2026-06-04 13:47:05;C016831;S0170;P001069;1;67,86;3,39;EUR;NL;PAYPAL;CANCELLED;153 allée des Peupliers, 1011 Amsterdam;;WEB
ORD-20260604-00290;ORD-20260604-00290-1;2026-06-04 19:49:05;C014522;S0146;P004302;1;22,96;1,15;EUR;FR;CARD;Delivered;158 cours Gambetta, 44000 Nantes;SUMMER10;MOBILE_APP
ORD-20260604-00291;ORD-20260604-00291-1;2026-06-04 17:36:51;C010365;S0259;P001755;3;79,37;35,72;EUR;ES;TRANSFER;DELIVERED;106 avenue des Tilleuls, 08001 Barcelone;SUMMER10;MOBILE_APP
ORD-20260604-00291;ORD-20260604-00291-1;2026-06-04 17:36:51;C010365;S0259;P001755;3;79,37;35,72;EUR;ES;TRANSFER;DELIVERED;106 avenue des Tilleuls, 08001 Barcelone;SUMMER10;MOBILE_APP
ORD-20260604-00292;ORD-20260604-00292-1;2026-06-04 08:21:25;C005494;S0514;P007677;1;56,71;8,51;EUR;ES;CARD;cancelled;42 boulevard Saint-Michel, 08001 Barcelone;FLASH5;WEB
ORD-20260604-00293;ORD-20260604-00293-1;2026-06-04 18:23:55;C008047;S0281;P007843;1;258,65;12,93;EUR;IT;CARD;DELIVERED;156 place de l'Église, 20121 Milan;FREESHIP;MOBILE_APP
ORD-20260604-00294;ORD-20260604-00294-1;2026-06-04 18:08:34;C000774;S0006;P000256;1;67,44;0,00;EUR;BE;CARD;DELIVERED;99 rue Victor Hugo, 2000 Anvers;VIP20;MOBILE_APP
ORD-20260604-00294;ORD-20260604-00294-2;2026-06-04 18:08:34;C000774;S0596;P003141;1;89,74;13,46;EUR;BE;CARD;DELIVERED;99 rue Victor Hugo, 2000 Anvers;VIP20;MOBILE_APP
ORD-20260604-00294;ORD-20260604-00294-3;2026-06-04 18:08:34;C000774;S0253;P000608;1;59,50;2,98;EUR;BE;CARD;DELIVERED;99 rue Victor Hugo, 2000 Anvers;VIP20;MOBILE_APP
ORD-20260604-00294;ORD-20260604-00294-4;2026-06-04 18:08:34;C000774;S0095;P007417;2;71,39;21,42;EUR;BE;CARD;Delivered;99 rue Victor Hugo, 2000 Anvers;VIP20;MOBILE_APP
ORD-20260604-00295;ORD-20260604-00295-1;2026-06-04 11:52:39;C005781;S0371;P007502;1;65,09;0,00;EUR;FR;CARD;SHIPPED;69 quai des Chartrons, 44000 Nantes;VIP20;WEB
ORD-20260604-00296;ORD-20260604-00296-1;2026-06-04 14:51:36;C008731;S0040;P007354;1;19,81;1,98;EUR;DE;CARD;SHIPPED;78 place de l'Église, 80331 Munich;;MOBILE_APP
ORD-20260604-00296;ORD-20260604-00296-2;2026-06-04 14:51:36;C008731;S0453;P002692;1;122,53;18,38;EUR;DE;CARD;Shipped;78 place de l'Église, 80331 Munich;;MOBILE_APP
ORD-20260604-00297;ORD-20260604-00297-1;2026-06-04 07:48:52;C023262;S0265;P005997;2;51,72;0,00;EUR;BE;CARD;DELIVERED;60 quai des Chartrons, 1000 Bruxelles;VIP20;MOBILE_APP
ORD-20260604-00298;ORD-20260604-00298-1;2026-06-04 10:21:44;C010580;S0401;P003431;1;55,78;0,00;EUR;FR;CARD;Delivered;18 rue Victor Hugo, 59000 Lille;;MOBILE_APP
ORD-20260604-00299;ORD-20260604-00299-1;2026-06-04 15:12:42;C020760;S0276;P004366;1;11,72;0,00;EUR;IT;CARD;delivered;47 rue de la République, 00184 Rome;;MOBILE_APP
ORD-20260604-00300;ORD-20260604-00300-1;2026-06-04 16:54:02;C001995;S0302;P001098;1;205,43;0,00;EUR;BE;CARD;DELIVERED;165 allée des Peupliers, 2000 Anvers;FREESHIP;MOBILE_APP
ORD-20260604-00300;ORD-20260604-00300-2;2026-06-04 16:54:02;C001995;S0222;P004715;1;46,57;2,33;EUR;BE;CARD;DELIVERED;165 allée des Peupliers, 2000 Anvers;FREESHIP;MOBILE_APP
ORD-20260604-00300;ORD-20260604-00300-3;2026-06-04 16:54:02;C001995;S0538;P007342;2;17,69;0,00;EUR;BE;CARD;delivered;165 allée des Peupliers, 2000 Anvers;FREESHIP;MOBILE_APP
ORD-20260604-00301;ORD-20260604-00301-1;2026-06-04 11:38:55;C020155;S0317;P004840;1;215,14;0,00;EUR;FR;PAYPAL;DELIVERED;106 chemin des Vignes, 44000 Nantes;;WEB
ORD-20260604-00301;ORD-20260604-00301-2;2026-06-04 11:38:55;C020155;S0542;P002065;1;285,52;0,00;EUR;FR;PAYPAL;DELIVERED;106 chemin des Vignes, 44000 Nantes;;WEB
ORD-20260604-00301;ORD-20260604-00301-3;2026-06-04 11:38:55;C020155;S0412;P003520;1;81,48;0,00;EUR;FR;PAYPAL;DELIVERED;106 chemin des Vignes, 44000 Nantes;;WEB
ORD-20260604-00301;ORD-20260604-00301-4;2026-06-04 11:38:55;C020155;S0470;P005083;2;40,26;0,00;EUR;FR;PAYPAL;DELIVERED;106 chemin des Vignes, 44000 Nantes;;WEB
ORD-20260604-00302;ORD-20260604-00302-1;2026-06-04 21:47:35;C004095;S0289;P002416;1;24,59;2,46;EUR;FR;CARD; SHIPPED ;106 impasse du Moulin, 44000 Nantes;;WEB
ORD-20260604-00302;ORD-20260604-00302-2;2026-06-04 21:47:35;C004095;S0299;P006503;4;56,21;0,00;EUR;FR;CARD; SHIPPED ;106 impasse du Moulin, 44000 Nantes;;WEB
ORD-20260604-00302;ORD-20260604-00302-3;2026-06-04 21:47:35;C004095;S0452;P007811;2;104,95;0,00;EUR;FR;CARD;SHIPPED;106 impasse du Moulin, 44000 Nantes;;WEB
ORD-20260604-00302;ORD-20260604-00302-4;2026-06-04 21:47:35;C004095;S0566;P005764;1;136,21;0,00;EUR;FR;CARD;SHIPPED;106 impasse du Moulin, 44000 Nantes;;WEB
ORD-20260604-00302;ORD-20260604-00302-5;2026-06-04 21:47:35;C004095;S0183;P002778;2;35,14;10,54;EUR;FR;CARD;SHIPPED;106 impasse du Moulin, 44000 Nantes;;WEB
ORD-20260604-00303;ORD-20260604-00303-1;2026-06-04 14:51:45;C012487;S0021;P004209;1;59,60;0,00;EUR;DE;APPLEPAY; DELIVERED ;149 impasse du Moulin, 10115 Berlin;FLASH5;WEB
ORD-20260604-00304;ORD-20260604-00304-1;2026-06-04 17:29:09;C006793;S0447;P002180;1;56,43;5,64;EUR;FR;CARD;DELIVERED;95 boulevard Saint-Michel, 59000 Lille;SUMMER10;WEB
ORD-20260604-00304;ORD-20260604-00304-2;2026-06-04 17:29:09;C006793;S0031;P006896;1;3354;3,35;EUR;FR;CARD; DELIVERED ;95 boulevard Saint-Michel, 59000 Lille;SUMMER10;WEB
ORD-20260604-00305;ORD-20260604-00305-1;2026-06-04 09:13:57;C014825;S0216;P001218;4;184,06;36,81;EUR;FR;APPLEPAY;DELIVERED;162 route de Bordeaux, 67000 Strasbourg;;WEB
ORD-20260604-00306;ORD-20260604-00306-1;2026-06-04 12:09:05;C011931;S0317;P004840;1;254,78;38,22;EUR;DE;CARD; DELIVERED ;163 route de Bordeaux, 10115 Berlin;;MOBILE_APP
ORD-20260604-00306;ORD-20260604-00306-2;2026-06-04 12:09:05;C011931;S0195;P000050;2;33,43;0,00;EUR;DE;CARD;DELIVERED;163 route de Bordeaux, 10115 Berlin;;MOBILE_APP
ORD-20260604-00307;ORD-20260604-00307-1;2026-06-04 12:51:25;C018982;S0009;P001235;1;56,84;0,00;EUR;BE;CARD;DELIVERED;31 rue Victor Hugo, 4000 Liège;;WEB
ORD-20260604-00308;ORD-20260604-00308-1;2026-06-04 15:38:21;C023540;S0376;P006133;1;78,20;0,00;EUR;FR;APPLEPAY;RETURNED;92 boulevard Saint-Michel, 31000 Toulouse;FREESHIP;WEB
ORD-20260604-00308;ORD-20260604-00308-2;2026-06-04 15:38:21;C023540;S0027;P000144;1;102,52;10,25;EUR;FR;APPLEPAY;RETURNED;92 boulevard Saint-Michel, 31000 Toulouse;FREESHIP;WEB
ORD-20260604-00309;ORD-20260604-00309-1;2026-06-04 14:12:55;C003845;S0391;P002439;2;7382;0,00;EUR;ES;PAYPAL;DELIVERED;84 quai des Chartrons, 08001 Barcelone;FLASH5;WEB
ORD-20260604-00310;ORD-20260604-00310-1;2026-06-04 09:07:53;C023322;S0352;P005241;1;47,11;7,07;EUR;FR;CARD;DELIVERED;42 route de Bordeaux, 33000 Bordeaux;SUMMER10;WEB
ORD-20260604-00310;ORD-20260604-00310-2;2026-06-04 09:07:53;C023322;S0522;P002514;1;272,60;40,89;EUR;FR;CARD;DELIVERED;42 route de Bordeaux, 33000 Bordeaux;SUMMER10;WEB
ORD-20260604-00310;ORD-20260604-00310-3;2026-06-04 09:07:53;C023322;S0570;P007166;2;184,44;18,44;EUR;FR;CARD;DELIVERED;42 route de Bordeaux, 33000 Bordeaux;SUMMER10;WEB
ORD-20260604-00311;ORD-20260604-00311-1;2026-06-04 18:14:34;C016538;S0456;P000286;1;38,87;1,94;EUR;FR;CARD;DELIVERED;69 route de Bordeaux, 35000 Rennes;;MOBILE_APP
ORD-20260604-00312;ORD-20260604-00312-1;2026-06-04 17:19:25;C017655;S0234;P005381;1;71,65;3,58;EUR;FR;CARD;DELIVERED;86 allée des Peupliers, 44000 Nantes;FREESHIP;WEB
ORD-20260604-00312;ORD-20260604-00312-2;2026-06-04 17:19:25;C017655;S0505;P001182;1;47,57;0,00;EUR;FR;CARD;DELIVERED;86 allée des Peupliers, 44000 Nantes;FREESHIP;WEB
ORD-20260604-00312;ORD-20260604-00312-3;2026-06-04 17:19:25;C017655;S0273;P004264;3;50,23;22,60;EUR;FR;CARD;DELIVERED;86 allée des Peupliers, 44000 Nantes;FREESHIP;WEB
ORD-20260604-00313;ORD-20260604-00313-1;2026-06-04 17:50:23;C023540;S0588;P002852;4;80,93;48,56;EUR;FR;CARD;DELIVERED;73 rue de la République, 31000 Toulouse;;MOBILE_APP
ORD-20260604-00314;ORD-20260604-00314-1;2026-06-04 11:50:27;C007121;S0453;P003272;1;38,71;3,87;EUR;DE;CARD;DELIVERED;51 boulevard Saint-Michel, 80331 Munich;VIP20;WEB
ORD-20260604-00314;ORD-20260604-00314-1;2026-06-04 11:50:27;C007121;S0453;P003272;1;38,71;3,87;EUR;DE;CARD;DELIVERED;51 boulevard Saint-Michel, 80331 Munich;VIP20;WEB
ORD-20260604-00314;ORD-20260604-00314-2;2026-06-04 11:50:27;C007121;S0015;P002269;2;129,27;0,00;EUR;DE;CARD;DELIVERED;51 boulevard Saint-Michel, 80331 Munich;VIP20;WEB
ORD-20260604-00314;ORD-20260604-00314-3;2026-06-04 11:50:27;C007121;S0562;P000832;1;58,58;8,79;EUR;DE;CARD;Delivered;51 boulevard Saint-Michel, 80331 Munich;VIP20;WEB
ORD-20260604-00314;ORD-20260604-00314-4;2026-06-04 11:50:27;C007121;S0218;P007397;1;4,91;0,74;EUR;DE;CARD;DELIVERED;51 boulevard Saint-Michel, 80331 Munich;VIP20;WEB
ORD-20260604-00314;ORD-20260604-00314-5;2026-06-04 11:50:27;C007121;S0245;P007720;2;66,14;0,00;EUR;DE;CARD;DELIVERED;51 boulevard Saint-Michel, 80331 Munich;VIP20;WEB
ORD-20260604-00315;ORD-20260604-00315-1;2026-06-04 09:33:50;C015060;S0302;P007997;1;121,44;12,14;EUR;FR;GIFTCARD;RETURNED;71 impasse du Moulin, 67000 Strasbourg;;MARKETPLACE_API
ORD-20260604-00315;ORD-20260604-00315-2;2026-06-04 09:33:50;C015060;S0582;P005099;1;20,86;3,13;EUR;FR;GIFTCARD;RETURNED;71 impasse du Moulin, 67000 Strasbourg;;MARKETPLACE_API
ORD-20260604-00316;ORD-20260604-00316-1;2026-06-04 11:28:01;C015407;S0367;P007435;1;6114;0,00;EUR;IT;CARD;DELIVERED;130 cours Gambetta, 00184 Rome;;MARKETPLACE_API
ORD-20260604-00316;ORD-20260604-00316-2;2026-06-04 11:28:01;C015407;S0426;P003149;1;27,71;0,00;EUR;IT;CARD;Delivered;130 cours Gambetta, 00184 Rome;;MARKETPLACE_API
ORD-20260604-00316;ORD-20260604-00316-3;2026-06-04 11:28:01;C015407;S0528;P002929;1;139,98;7,00;EUR;IT;CARD;DELIVERED;130 cours Gambetta, 00184 Rome;;MARKETPLACE_API
ORD-20260604-00316;ORD-20260604-00316-4;2026-06-04 11:28:01;C015407;S0476;P006394;1;35,44;5,32;EUR;IT;CARD;Delivered;130 cours Gambetta, 00184 Rome;;MARKETPLACE_API
ORD-20260604-00316;ORD-20260604-00316-5;2026-06-04 11:28:01;C015407;S0028;P007834;2;77,18;15,44;EUR;IT;CARD;delivered;130 cours Gambetta, 00184 Rome;;MARKETPLACE_API
ORD-20260604-00317;ORD-20260604-00317-1;2026-06-04 20:21:03;C007863;S0386;P003978;1;158,95;7,95;EUR;IT;CARD; DELIVERED ;63 avenue des Tilleuls, 00184 Rome;SUMMER10;MARKETPLACE_API
ORD-20260604-00317;ORD-20260604-00317-2;2026-06-04 20:21:03;C007863;S0173;P006936;1;173,13;8,66;EUR;IT;CARD; DELIVERED ;63 avenue des Tilleuls, 00184 Rome;SUMMER10;MARKETPLACE_API
ORD-20260604-00318;ORD-20260604-00318-1;2026-06-04 14:47:23;C018489;S0504;P003171;2;86,85;8,69;EUR;BE;CARD;DELIVERED;57 route de Bordeaux, 4000 Liège;WELCOME15;WEB
ORD-20260604-00318;ORD-20260604-00318-2;2026-06-04 14:47:23;C018489;S0041;P001517;1;19,66;0,00;EUR;BE;CARD;DELIVERED;57 route de Bordeaux, 4000 Liège;WELCOME15;WEB
ORD-20260604-00318;ORD-20260604-00318-3;2026-06-04 14:47:23;C018489;S0296;P002590;2;36,08;7,22;EUR;BE;CARD;Delivered;57 route de Bordeaux, 4000 Liège;WELCOME15;WEB
ORD-20260604-00318;ORD-20260604-00318-3;2026-06-04 14:47:23;C018489;S0296;P002590;2;36,08;7,22;EUR;BE;CARD;Delivered;57 route de Bordeaux, 4000 Liège;WELCOME15;WEB
ORD-20260604-00318;ORD-20260604-00318-4;2026-06-04 14:47:23;C018489;S0552;P002338;2;183,26;54,98;EUR;BE;CARD;DELIVERED;57 route de Bordeaux, 4000 Liège;WELCOME15;WEB
ORD-20260604-00318;ORD-20260604-00318-5;2026-06-04 14:47:23;C018489;S0489;P004035;1;44,55;2,23;EUR;BE;CARD;Delivered;57 route de Bordeaux, 4000 Liège;WELCOME15;WEB
ORD-20260604-00319;ORD-20260604-00319-1;2026-06-04 10:50:24;C013343;S0289;P006995;1;103,70;0,00;EUR;NL;CARD;DELIVERED;151 quai des Chartrons, 1011 Amsterdam;;WEB
ORD-20260604-00319;ORD-20260604-00319-2;2026-06-04 10:50:24;C013343;S0595;P002052;1;85,05;8,51;EUR;NL;CARD;DELIVERED;151 quai des Chartrons, 1011 Amsterdam;;WEB
ORD-20260604-00320;ORD-20260604-00320-1;2026-06-04 22:34:23;C010206;S0168;P005592;1;11,95;0,00;EUR;DE;CARD;PENDING;64 impasse du Moulin, 20095 Hambourg;FREESHIP;MARKETPLACE_API
ORD-20260604-00321;ORD-20260604-00321-1;2026-06-04 13:54:25;C002359;S0263;P006509;2;167,58;0,00;EUR;DE;PAYPAL;SHIPPED;12 cours Gambetta, 80331 Munich;;WEB
ORD-20260604-00321;ORD-20260604-00321-2;2026-06-04 13:54:25;C002359;S0288;P007490;2;31,80;0,00;EUR;DE;PAYPAL;SHIPPED;12 cours Gambetta, 80331 Munich;;WEB
ORD-20260604-00321;ORD-20260604-00321-3;2026-06-04 13:54:25;C002359;S0282;P000987;4;63,43;0,00;EUR;DE;PAYPAL;SHIPPED;12 cours Gambetta, 80331 Munich;;WEB
ORD-20260604-00322;ORD-20260604-00322-1;2026-06-04 16:04:55;C018634;S0015;P006122;2;150,26;30,05;EUR;BE;CARD;DELIVERED;107 rue du Général Leclerc, 2000 Anvers;;WEB
ORD-20260604-00323;ORD-20260604-00323-1;2026-06-04 16:39:02;C014874;S0182;P003744;1;17,79;2,67;EUR;FR;CARD;PENDING;29 rue Victor Hugo, 31000 Toulouse;WELCOME15;MOBILE_APP
ORD-20260604-00323;ORD-20260604-00323-2;2026-06-04 16:39:02;C014874;S0349;P006557;1;49,59;7,44;EUR;FR;CARD;pending;29 rue Victor Hugo, 31000 Toulouse;WELCOME15;MOBILE_APP
ORD-20260604-00323;ORD-20260604-00323-3;2026-06-04 16:39:02;C014874;S0149;P005226;3;29,11;0,00;EUR;FR;CARD;PENDING;29 rue Victor Hugo, 31000 Toulouse;WELCOME15;MOBILE_APP
ORD-20260604-00324;ORD-20260604-00324-1;2026-06-04 18:52:27;C006905;S0164;P002259;1;47,51;0,00;EUR;IT;CARD;DELIVERED;13 route de Bordeaux, 00184 Rome;;MOBILE_APP
ORD-20260604-00325;ORD-20260604-00325-1;2026-06-04 18:58:32;C007684;S0163;P004628;1;16,04;0,80;EUR;FR;PAYPAL;DELIVERED;133 cours Gambetta, 44000 Nantes;WELCOME15;WEB
ORD-20260604-00326;ORD-20260604-00326-1;2026-06-04 16:50:05;C002325;S0127;P007404;1;22155;33,23;EUR;FR;CARD;DELIVERED;62 rue de la République, 31000 Toulouse;FREESHIP;MOBILE_APP
ORD-20260604-00327;ORD-20260604-00327-1;2026-06-04 19:49:17;C017434;S0239;P006076;1;80,00;0,00;EUR;FR;CARD;Delivered;101 rue de la République, 67000 Strasbourg;;MARKETPLACE_API
ORD-20260604-00327;ORD-20260604-00327-2;2026-06-04 19:49:17;C017434;S0343;P003935;1;7464;0,00;EUR;FR;CARD;delivered;101 rue de la République, 67000 Strasbourg;;MARKETPLACE_API
ORD-20260604-00327;ORD-20260604-00327-3;2026-06-04 19:49:17;C017434;S0450;P006217;2;15,83;3,17;EUR;FR;CARD; DELIVERED ;101 rue de la République, 67000 Strasbourg;;MARKETPLACE_API
ORD-20260604-00327;ORD-20260604-00327-4;2026-06-04 19:49:17;C017434;S0084;P007514;1;76,68;0,00;EUR;FR;CARD;DELIVERED;101 rue de la République, 67000 Strasbourg;;MARKETPLACE_API
ORD-20260604-00328;ORD-20260604-00328-1;2026-06-04 11:52:56;C017695;S0128;P000656;2;40,98;0,00;EUR;ES;APPLEPAY;delivered;64 chemin des Vignes, 28001 Madrid;SUMMER10;MOBILE_APP
ORD-20260604-00328;ORD-20260604-00328-2;2026-06-04 11:52:56;C017695;S0570;P006687;1;131,05;13,11;EUR;ES;APPLEPAY;DELIVERED;64 chemin des Vignes, 28001 Madrid;SUMMER10;MOBILE_APP
ORD-20260604-00328;ORD-20260604-00328-3;2026-06-04 11:52:56;C017695;S0206;P007481;1;69,52;10,43;EUR;ES;APPLEPAY;DELIVERED;64 chemin des Vignes, 28001 Madrid;SUMMER10;MOBILE_APP
ORD-20260604-00329;ORD-20260604-00329-1;2026-06-04 15:00:34;C005572;S0499;P007242;1;28,29;0,00;EUR;IT;CARD;DELIVERED;154 quai des Chartrons, 20121 Milan;;MOBILE_APP
ORD-20260604-00330;ORD-20260604-00330-1;2026-06-04 11:29:44;C010863;S0102;P003830;1;206,80;0,00;EUR;FR;PAYPAL;SHIPPED;138 cours Gambetta, 13008 Marseille;;MARKETPLACE_API
ORD-20260604-00330;ORD-20260604-00330-2;2026-06-04 11:29:44;C010863;S0010;P002276;2;57,01;5,70;EUR;FR;PAYPAL;SHIPPED;138 cours Gambetta; Batiment A; 13008 Marseille;;MARKETPLACE_API
ORD-20260604-00331;ORD-20260604-00331-1;2026-06-04 07:50:27;C018135;S0389;P007000;1;37,40;0,00;EUR;FR;CARD;DELIVERED;29 rue de la République, 75011 Paris;FREESHIP;MOBILE_APP
ORD-20260604-00331;ORD-20260604-00331-2;2026-06-04 07:50:27;C018135;S0530;P005527;2;39,96;4,00;EUR;FR;CARD;DELIVERED;29 rue de la République, 75011 Paris;FREESHIP;MOBILE_APP
ORD-20260604-00332;ORD-20260604-00332-1;2026-06-04 15:28:18;C006960;S0571;P004254;2;18,80;0,00;EUR;IT;APPLEPAY;DELIVERED;169 cours Gambetta, 20121 Milan;;WEB
ORD-20260604-00333;ORD-20260604-00333-1;2026-06-04 13:33:06;C006892;S0115;P007051;1;225,85;0,00;EUR;IT;CARD;DELIVERED;50 rue Victor Hugo, 00184 Rome;;WEB
ORD-20260604-00333;ORD-20260604-00333-2;2026-06-04 13:33:06;C006892;S0466;P005385;1;72,54;0,00;EUR;IT;CARD;DELIVERED;50 rue Victor Hugo, 00184 Rome;;WEB
ORD-20260604-00334;ORD-20260604-00334-1;2026-06-04 17:38:48;C002673;S0511;P006876;1;12359;12,36;EUR;BE;CARD;CANCELLED;125 rue de la République, 2000 Anvers;;WEB
ORD-20260604-00335;ORD-20260604-00335-1;2026-06-04 11:52:57;C009494;S0437;P001493;1;104,49;15,67;EUR;IT;CARD;DELIVERED;123 cours Gambetta, 00184 Rome;FLASH5;WEB
ORD-20260604-00335;ORD-20260604-00335-2;2026-06-04 11:52:57;C009494;S0068;P003952;1;44,64;2,23;EUR;IT;CARD;DELIVERED;123 cours Gambetta, 00184 Rome;FLASH5;WEB
ORD-20260604-00336;ORD-20260604-00336-1;2026-06-04 23:41:51;C011542;S0596;P001462;1;88,46;13,27;EUR;FR;PAYPAL; DELIVERED ;88 rue du Général Leclerc, 13008 Marseille;FREESHIP;MOBILE_APP
ORD-20260604-00337;ORD-20260604-00337-1;2026-06-04 11:34:23;C004627;S0007;P001217;1;6411;6,41;EUR;FR;CARD;SHIPPED;121 place de l'Église, 44000 Nantes;FLASH5;WEB
ORD-20260604-00337;ORD-20260604-00337-2;2026-06-04 11:34:23;C004627;S0122;P005657;1;276,12;0,00;EUR;FR;CARD;SHIPPED;121 place de l'Église, 44000 Nantes;FLASH5;WEB
ORD-20260604-00337;ORD-20260604-00337-3;2026-06-04 11:34:23;C004627;S0083;P000873;1;61,07;3,05;EUR;FR;CARD;SHIPPED;121 place de l'Église, 44000 Nantes;FLASH5;WEB
ORD-20260604-00338;ORD-20260604-00338-1;2026-06-04 14:55:20;C003278;S0263;P005780;1;45,60;4,56;EUR;DE;CARD;returned;166 avenue des Tilleuls, 80331 Munich;;WEB
ORD-20260604-00338;ORD-20260604-00338-2;2026-06-04 14:55:20;C003278;S0238;P002671;1;27,44;0,00;EUR;DE;CARD;returned;166 avenue des Tilleuls, 80331 Munich;;WEB
ORD-20260604-00339;ORD-20260604-00339-1;2026-06-04 14:25:49;C007164;S0404;P003214;1;33,83;1,69;EUR;ES;CARD;CANCELLED;9 quai des Chartrons, 46001 Valence;FREESHIP;MARKETPLACE_API
ORD-20260604-00340;ORD-20260604-00340-1;2026-06-04 18:33:37;C002788;S0573;P004961;1;78,52;7,85;EUR;IT;CARD;DELIVERED;123 cours Gambetta, 20121 Milan;FREESHIP;MOBILE_APP
ORD-20260604-00340;ORD-20260604-00340-2;2026-06-04 18:33:37;C002788;S0428;P001019;1;47,00;0,00;EUR;IT;CARD;DELIVERED;123 cours Gambetta, 20121 Milan;FREESHIP;MOBILE_APP
ORD-20260604-00341;ORD-20260604-00341-1;2026-06-04 16:26:12;C004552;S0475;P002175;1;157,85;7,89;EUR;BE;CARD;DELIVERED;151 place de l'Église, 2000 Anvers;;WEB
ORD-20260604-00342;ORD-20260604-00342-1;2026-06-04 16:00:49;C002575;S0162;P003666;1;138,39;0,00;EUR;DE;CARD;delivered;118 avenue des Tilleuls, 80331 Munich;FLASH5;WEB
ORD-20260604-00342;ORD-20260604-00342-2;2026-06-04 16:00:49;C002575;S0573;P006990;1;17,46;2,62;EUR;DE;CARD;DELIVERED;118 avenue des Tilleuls, 80331 Munich;FLASH5;WEB
ORD-20260604-00343;ORD-20260604-00343-1;2026-06-04 23:30:47;C015901;S0351;P006735;1;13,10;1,31;EUR;DE;CARD;Delivered;113 rue Victor Hugo, 10115 Berlin;WELCOME15;MOBILE_APP
ORD-20260604-00344;ORD-20260604-00344-1;2026-06-04 17:23:35;C016911;S0418;P004826;1;9,31;0,00;EUR;DE;TRANSFER;DELIVERED;142 chemin des Vignes, 10115 Berlin;;MOBILE_APP
ORD-20260604-00344;ORD-20260604-00344-2;2026-06-04 17:23:35;C016911;S0525;P000306;1;92,30;0,00;EUR;DE;TRANSFER;DELIVERED;142 chemin des Vignes, 10115 Berlin;;MOBILE_APP
ORD-20260604-00345;ORD-20260604-00345-1;2026-06-04 07:27:23;C022923;S0573;P003593;1;200,43;0,00;EUR;FR;PAYPAL;CANCELLED;93 boulevard Saint-Michel, 33000 Bordeaux;;WEB
ORD-20260604-00345;ORD-20260604-00345-2;2026-06-04 07:27:23;C022923;S0435;P000294;1;15,71;0,00;EUR;FR;PAYPAL;CANCELLED;93 boulevard Saint-Michel, 33000 Bordeaux;;WEB
ORD-20260604-00345;ORD-20260604-00345-3;2026-06-04 07:27:23;C022923;S0300;P002830;2;75,67;22,70;EUR;FR;PAYPAL;CANCELLED;93 boulevard Saint-Michel, 33000 Bordeaux;;WEB
ORD-20260604-00345;ORD-20260604-00345-4;2026-06-04 07:27:23;C022923;S0107;P005617;1;83,06;0,00;EUR;FR;PAYPAL;Cancelled;93 boulevard Saint-Michel, 33000 Bordeaux;;WEB
ORD-20260604-00346;ORD-20260604-00346-1;2026-06-04 19:57:19;C002279;S0162;P003666;1;126,24;6,31;EUR;DE;CARD;DELIVERED;3 chemin des Vignes, 20095 Hambourg;;WEB
ORD-20260604-00347;ORD-20260604-00347-1;2026-06-04 23:28:55;C003931;S0530;P001033;1;89,50;4,48;EUR;FR;APPLEPAY;DELIVERED;127 rue Victor Hugo, 13008 Marseille;FREESHIP;WEB
ORD-20260604-00347;ORD-20260604-00347-2;2026-06-04 23:28:55;C003931;S0250;P002611;1;77,54;0,00;EUR;FR;APPLEPAY;Delivered;127 rue Victor Hugo, 13008 Marseille;FREESHIP;WEB
ORD-20260604-00348;ORD-20260604-00348-1;2026-13-45 99:99:99;C002455;S0110;P001972;1;50,38;0,00;EUR;DE;PAYPAL;delivered;119 rue du Général Leclerc, 10115 Berlin;;MOBILE_APP
ORD-20260604-00348;ORD-20260604-00348-2;2026-06-04 16:56:53;C002455;S0102;P007218;2;137,08;13,71;EUR;DE;PAYPAL;delivered;119 rue du Général Leclerc, 10115 Berlin;;MOBILE_APP
ORD-20260604-00349;ORD-20260604-00349-1;2026-06-04 12:16:57;C009583;S0087;P004601;1;39,88;5,98;EUR;IT;CARD;RETURNED;179 rue du Général Leclerc, 00184 Rome;;MOBILE_APP
ORD-20260604-00349;ORD-20260604-00349-2;2026-06-04 12:16:57;C009583;S0174;P003699;1;137,44;0,00;EUR;IT;CARD;RETURNED;179 rue du Général Leclerc, 00184 Rome;;MOBILE_APP
ORD-20260604-00349;ORD-20260604-00349-3;2026-06-04 12:16:57;C009583;S0462;P001537;1;227,74;11,39;EUR;IT;CARD;RETURNED;179 rue du Général Leclerc, 00184 Rome;;MOBILE_APP
ORD-20260604-00350;ORD-20260604-00350-1;2026-06-04 10:50:34;C019198;S0135;P000318;2;47,10;0,00;EUR;FR;CARD;DELIVERED;14 quai des Chartrons, 35000 Rennes;FLASH5;WEB
ORD-20260604-00350;ORD-20260604-00350-2;2026-06-04 10:50:34;C019198;S0053;P001265;1;46,16;4,62;EUR;FR;CARD;DELIVERED;14 quai des Chartrons, 35000 Rennes;FLASH5;WEB
ORD-20260604-00350;ORD-20260604-00350-3;2026-06-04 10:50:34;C019198;S0078;P000349;3;58.12;26,15;EUR;FR;CARD;delivered;14 quai des Chartrons, 35000 Rennes;FLASH5;WEB
ORD-20260604-00351;ORD-20260604-00351-1;2026-06-04 17:46:08;C024801;S0104;P005088;1;21,56;0,00;EUR;FR;PAYPAL;DELIVERED;158 rue du Général Leclerc, 59000 Lille;SUMMER10;MOBILE_APP
ORD-20260604-00351;ORD-20260604-00351-2;2026-06-04 17:46:08;C024801;S0332;P006916;1;68,11;0,00;EUR;FR;PAYPAL;Delivered;158 rue du Général Leclerc, 59000 Lille;SUMMER10;MOBILE_APP
ORD-20260604-00351;ORD-20260604-00351-3;2026-06-04 17:46:08;C024801;S0436;P000575;2;12,74;3,82;EUR;FR;PAYPAL;Delivered;158 rue du Général Leclerc, 59000 Lille;SUMMER10;MOBILE_APP
ORD-20260604-00352;ORD-20260604-00352-1;2026-06-04 19:51:52;C001288;S0203;P000731;1;70,00;0,00;EUR;ES;CARD;CANCELLED;11 place de l'Église, 28001 Madrid;VIP20;WEB
ORD-20260604-00352;ORD-20260604-00352-2;2026-06-04 19:51:52;C001288;S0165;P001883;1;42,54;4,25;EUR;ES;CARD;CANCELLED;11 place de l'Église, 28001 Madrid;VIP20;WEB
ORD-20260604-00352;ORD-20260604-00352-3;2026-06-04 19:51:52;C001288;S0101;P004992;2;89,63;0,00;EUR;ES;CARD;CANCELLED;11 place de l'Église, 28001 Madrid;VIP20;WEB
ORD-20260604-00352;ORD-20260604-00352-4;2026-06-04 19:51:52;C001288;S0228;P007062;2;84,56;0,00;EUR;ES;CARD;CANCELLED;11 place de l'Église, 28001 Madrid;VIP20;WEB
ORD-20260604-00353;ORD-20260604-00353-1;2026-06-04 14:54:07;C009107;S0572;P003332;2;21,28;0,00;EUR;BE;CARD;DELIVERED;48 allée des Peupliers, 4000 Liège;WELCOME15;MOBILE_APP
ORD-20260604-00354;ORD-20260604-00354-1;2026-06-04 10:26:14;C017719;S0564;P000929;3;57,08;0,00;EUR;FR;CARD;DELIVERED;49 quai des Chartrons, 33000 Bordeaux;;WEB
ORD-20260604-00355;ORD-20260604-00355-1;2026-06-04 16:22:44;C007567;S0082;P006728;1;39,20;1,96;EUR;FR;CARD;CANCELLED;15 avenue des Tilleuls, 13008 Marseille;;MARKETPLACE_API
ORD-20260604-00355;ORD-20260604-00355-2;2026-06-04 16:22:44;C007567;S0283;P007940;2;213,79;0,00;EUR;FR;CARD;CANCELLED;15 avenue des Tilleuls, 13008 Marseille;;MARKETPLACE_API
ORD-20260604-00355;ORD-20260604-00355-3;2026-06-04 16:22:44;C007567;S0201;P000764;1;151,27;0,00;EUR;FR;CARD;CANCELLED;15 avenue des Tilleuls, 13008 Marseille;;MARKETPLACE_API
ORD-20260604-00356;ORD-20260604-00356-1;2026-06-04 17:50:58;C012546;S0160;P006688;1;20,17;3,03;EUR;ES;CARD;Shipped;60 chemin des Vignes, 28001 Madrid;FREESHIP;MOBILE_APP
ORD-20260604-00356;ORD-20260604-00356-2;2026-06-04 17:50:58;C012546;S0071;P001073;3;188,79;0,00;EUR;ES;CARD;SHIPPED;60 chemin des Vignes, 28001 Madrid;FREESHIP;MOBILE_APP
ORD-20260604-00356;ORD-20260604-00356-3;2026-06-04 17:50:58;C012546;S0505;P006088;1;77,87;0,00;EUR;ES;CARD;Shipped;60 chemin des Vignes, 28001 Madrid;FREESHIP;MOBILE_APP
ORD-20260604-00356;ORD-20260604-00356-3;2026-06-04 17:50:58;C012546;S0505;P006088;1;77,87;0,00;EUR;ES;CARD;Shipped;60 chemin des Vignes, 28001 Madrid;FREESHIP;MOBILE_APP
ORD-20260604-00357;ORD-20260604-00357-1;2026-06-04 02:39:43;C004720;S0318;P001278;1;244,35 €;0,00;EUR;BE;APPLEPAY;DELIVERED;40 avenue des Tilleuls, 4000 Liège;SUMMER10;MOBILE_APP
ORD-20260604-00358;ORD-20260604-00358-1;2026-06-04 16:26:51;C012062;S0376;P005467;1;69,25;3,46;EUR;BE;PAYPAL; SHIPPED ;93 route de Bordeaux, 1000 Bruxelles;;WEB
ORD-20260604-00359;ORD-20260604-00359-1;2026-06-04 08:29:01;C019394;S0127;P001240;1;1863;2,79;EUR;FR;CARD;cancelled;73 quai des Chartrons, 13008 Marseille;FLASH5;WEB
ORD-20260604-00359;ORD-20260604-00359-2;2026-06-04 08:29:01;C019394;S0486;P000815;1;52,69;5,27;EUR;FR;CARD;CANCELLED;73 quai des Chartrons, 13008 Marseille;FLASH5;WEB
ORD-20260604-00359;ORD-20260604-00359-3;2026-06-04 08:29:01;C019394;S0573;P007104;1;25,70;2,57;EUR;FR;CARD;Cancelled;73 quai des Chartrons, 13008 Marseille;FLASH5;WEB
ORD-20260604-00360;ORD-20260604-00360-1;2026-06-04 13:08:35;C023199;S0199;P002297;2;2334;2,33;EUR;FR;CARD;shipped;75 avenue des Tilleuls, 13008 Marseille;FREESHIP;MOBILE_APP
ORD-20260604-00360;ORD-20260604-00360-2;2026-06-04 13:08:35;C023199;S0146;P007828;1;84,76;4,24;EUR;FR;CARD; SHIPPED ;75 avenue des Tilleuls, 13008 Marseille;FREESHIP;MOBILE_APP
ORD-20260604-00360;ORD-20260604-00360-3;2026-06-04 13:08:35;C023199;S0046;P002584;3;54,23;0,00;EUR;FR;CARD;SHIPPED;75 avenue des Tilleuls, 13008 Marseille;FREESHIP;MOBILE_APP
ORD-20260604-00361;ORD-20260604-00361-1;2026-06-04 13:57:58;C021592;S0419;P001876;1;52,04;2,60;EUR;IT;GIFTCARD;DELIVERED;90 cours Gambetta, 00184 Rome;FREESHIP;MOBILE_APP
ORD-20260604-00362;ORD-20260604-00362-1;2026-06-04 00:11:43;C021219;S0095;P000414;1;49,11;2,46;EUR;ES;TRANSFER;DELIVERED;119 cours Gambetta, 28001 Madrid;FREESHIP;WEB
ORD-20260604-00362;ORD-20260604-00362-2;06/04/2026;C021219;S0426;P001830;2;113,19;11,32;EUR;ES;TRANSFER;DELIVERED;119 cours Gambetta, 28001 Madrid;FREESHIP;WEB
ORD-20260604-00362;ORD-20260604-00362-3;2026-06-04 00:11:43;C021219;S0216;P005294;1;59,18;8,88;EUR;ES;TRANSFER;DELIVERED;119 cours Gambetta, 28001 Madrid;FREESHIP;WEB
ORD-20260604-00363;ORD-20260604-00363-1;2026-06-04 17:02:08;C015269;S0388;P003238;1;49,92;4,99;EUR;IT;CARD;DELIVERED;68 impasse du Moulin, 20121 Milan;FLASH5;WEB
ORD-20260604-00363;ORD-20260604-00363-2;2026-06-04 17:02:08;C015269;S0450;P000330;3;74,58;33,56;EUR;IT;CARD;delivered;68 impasse du Moulin, 20121 Milan;FLASH5;WEB
ORD-20260604-00363;ORD-20260604-00363-3;2026-06-04 17:02:08;C015269;S0588;P002863;1;21,23;0,00;EUR;IT;CARD;Delivered;68 impasse du Moulin, 20121 Milan;FLASH5;WEB
ORD-20260604-00364;ORD-20260604-00364-1;2026-06-04 15:39:24;C018677;S0497;P005831;2;84,55;0,00;EUR;FR;CARD;DELIVERED;165 allée des Peupliers, 59000 Lille;FLASH5;WEB
ORD-20260604-00365;ORD-20260604-00365-1;2026-06-04 10:57:11;C015087;S0194;P006240;1;46,91;0,00;EUR;IT;CARD;DELIVERED;131 quai des Chartrons, 20121 Milan;;WEB
ORD-20260604-00365;ORD-20260604-00365-2;2026-06-04 10:57:11;C015087;S0507;P004907;1;9,98;0,00;EUR;IT;CARD;DELIVERED;131 quai des Chartrons, 20121 Milan;;WEB
ORD-20260604-00365;ORD-20260604-00365-3;2026-06-04 10:57:11;C015087;S0580;P001913;1;83,78;0,00;EUR;IT;CARD;Delivered;131 quai des Chartrons, 20121 Milan;;WEB
ORD-20260604-00365;ORD-20260604-00365-4;2026-06-04 10:57:11;C015087;S0262;P001522;2;25,75;0,00;EUR;IT;CARD;DELIVERED;131 quai des Chartrons, 20121 Milan;;WEB
ORD-20260604-00365;ORD-20260604-00365-5;2026-06-04 10:57:11;C015087;S0580;P003638;1;157,15;23,57;EUR;IT;CARD;DELIVERED;131 quai des Chartrons, 20121 Milan;;WEB
ORD-20260604-00366;ORD-20260604-00366-1;2026-06-04 22:17:30;C022162;S0139;P001678;2;51,52;15,46;EUR;NL;CARD;shipped;32 route de Bordeaux, 1011 Amsterdam;;WEB
ORD-20260604-00366;ORD-20260604-00366-2;2026-06-04 22:17:30;C022162;S0398;P006055;1;26,69;2,67;EUR;NL;CARD;SHIPPED;32 route de Bordeaux, 1011 Amsterdam;;WEB
ORD-20260604-00366;ORD-20260604-00366-3;2026-06-04 22:17:30;C022162;S0543;P002835;1;229,84;0,00;EUR;NL;CARD;Shipped;32 route de Bordeaux, 1011 Amsterdam;;WEB
ORD-20260604-00367;ORD-20260604-00367-1;2026-06-04 10:43:22;C007560;S0143;P001589;3;63,77;28,70;EUR;IT;GIFTCARD;DELIVERED;46 avenue des Tilleuls, 00184 Rome;;MOBILE_APP
ORD-20260604-00368;ORD-20260604-00368-1;2026-06-04 15:36:03;C003969;S0189;P005616;2;76,82;0,00;EUR;FR;PAYPAL;DELIVERED;37 impasse du Moulin, 67000 Strasbourg;WELCOME15;WEB
ORD-20260604-00369;ORD-20260604-00369-1;2026-06-04 19:10:08;C023147;S0166;P002524;1;146,79;0,00;EUR;FR;CARD;DELIVERED;18 chemin des Vignes, 75011 Paris;;MOBILE_APP
ORD-20260604-00369;ORD-20260604-00369-2;2026-06-04 19:10:08;C023147;S0305;P001468;1;130,29;13,03;EUR;FR;CARD;Delivered;18 chemin des Vignes, 75011 Paris;;MOBILE_APP
ORD-20260604-00370;ORD-20260604-00370-1;2026-06-04 09:01:36;C017025;S0543;P002458;1;83,04;0,00;EUR;FR;CARD;cancelled;12 avenue des Tilleuls, 69003 Lyon;;MOBILE_APP
ORD-20260604-00370;ORD-20260604-00370-2;2026-06-04 09:01:36;C017025;S0008;P006934;3;65,65;29,54;EUR;FR;CARD;CANCELLED;12 avenue des Tilleuls, 69003 Lyon;;MOBILE_APP
ORD-20260604-00370;ORD-20260604-00370-3;2026-06-04 09:01:36;C017025;S0469;P007039;1;54,18;5,42;EUR;FR;CARD;cancelled;12 avenue des Tilleuls, 69003 Lyon;;MOBILE_APP
ORD-20260604-00371;ORD-20260604-00371-1;2026-06-04 16:07:23;C003693;S0522;P005128;1;88,96;13,34;EUR;DE;CARD;Shipped;152 quai des Chartrons, 80331 Munich;FREESHIP;MOBILE_APP
ORD-20260604-00372;ORD-20260604-00372-1;2026-06-04 17:18:34;C005212;S0455;P004433;1;190,25;0,00;EUR;FR;CARD;RETURNED;66 boulevard Saint-Michel, 69003 Lyon;SUMMER10;WEB
ORD-20260604-00372;ORD-20260604-00372-2;2026-06-04 17:18:34;C005212;S0530;P003185;1;32,31;4,85;EUR;FR;CARD;RETURNED;66 boulevard Saint-Michel, 69003 Lyon;SUMMER10;WEB
ORD-20260604-00372;ORD-20260604-00372-3;2026-06-04 17:18:34;C005212;S0355;P007493;1;114,96;11,50;EUR;FR;CARD;RETURNED;66 boulevard Saint-Michel, 69003 Lyon;SUMMER10;WEB
ORD-20260604-00373;ORD-20260604-00373-1;2026-06-04 17:44:36;C000638;S0434;P004313;1;116,51;0,00;EUR;FR;PAYPAL;DELIVERED;27 place de l'Église, 75011 Paris;;WEB
ORD-20260604-00373;ORD-20260604-00373-2;2026-06-04 17:44:36;C000638;S0337;P004237;2;32,15;6,43;EUR;FR;PAYPAL;Delivered;27 place de l'Église, 75011 Paris;;WEB
ORD-20260604-00373;ORD-20260604-00373-3;2026-06-04 17:44:36;C000638;S0358;P004583;1;17,76;0,89;EUR;FR;PAYPAL; DELIVERED ;27 place de l'Église, 75011 Paris;;WEB
ORD-20260604-00373;ORD-20260604-00373-4;2026-06-04 17:44:36;C000638;S0402;P002332;2;122,70;12,27;EUR;FR;PAYPAL;DELIVERED;27 place de l'Église, 75011 Paris;;WEB
ORD-20260604-00374;ORD-20260604-00374-1;2026-06-04 20:44:05;C024220;S0295;P002699;1;15782;0,00;EUR;BE;GIFTCARD;DELIVERED;31 place de l'Église, 4000 Liège;SUMMER10;WEB
ORD-20260604-00375;ORD-20260604-00375-1;2026-06-04 10:08:32;C024891;S0376;P001236;1;5,21;0,78;EUR;ES;CARD;CANCELLED;131 chemin des Vignes, 08001 Barcelone;SUMMER10;WEB
ORD-20260604-00375;ORD-20260604-00375-2;2026-06-04 10:08:32;C024891;S0587;P000300;2;8,13;2,44;EUR;ES;CARD;CANCELLED;131 chemin des Vignes, 08001 Barcelone;SUMMER10;WEB
ORD-20260604-00376;ORD-20260604-00376-1;2026-06-04 13:20:27;C000969;S0267;P000914;3;79,39;11,91;EUR;ES;CARD;RETURNED;101 rue de la République, 46001 Valence;;MOBILE_APP
ORD-20260604-00376;ORD-20260604-00376-2;2026-06-04 13:20:27;C000969;S0597;P000983;3;108,67;32,60;EUR;ES;CARD; RETURNED ;101 rue de la République, 46001 Valence;;MOBILE_APP
ORD-20260604-00376;ORD-20260604-00376-3;2026-06-04 13:20:27;C000969;S0071;P005619;1;58,72;0,00;EUR;ES;CARD;RETURNED;101 rue de la République, 46001 Valence;;MOBILE_APP
ORD-20260604-00377;ORD-20260604-00377-1;2026-06-04 04:08:51;C015052;S0275;P004728;2;52,96;0,00;EUR;NL;CARD;delivered;35 allée des Peupliers, 1011 Amsterdam;;MARKETPLACE_API
ORD-20260604-00377;ORD-20260604-00377-2;2026-06-04 04:08:51;C015052;S0046;P007864;1;34,10;5,12;EUR;NL;CARD;delivered;35 allée des Peupliers, 1011 Amsterdam;;MARKETPLACE_API
ORD-20260604-00377;ORD-20260604-00377-3;2026-06-04 04:08:51;C015052;S0335;P001672;1;93,23;13,98;EUR;NL;CARD;DELIVERED;35 allée des Peupliers, 1011 Amsterdam;;MARKETPLACE_API
ORD-20260604-00377;ORD-20260604-00377-4;2026-06-04 04:08:51;C015052;S0250;P001051;1;31,18;0,00;EUR;NL;CARD;DELIVERED;35 allée des Peupliers, 1011 Amsterdam;;MARKETPLACE_API
ORD-20260604-00378;ORD-20260604-00378-1;2026-06-04 11:54:27;C020236;S0537;P003675;1;102,88;0,00;EUR;DE;CARD;DELIVERED;45 rue Victor Hugo, 20095 Hambourg;;WEB
ORD-20260604-00378;ORD-20260604-00378-2;2026-06-04 11:54:27;C020236;S0185;P006039;1;24,08;3,61;EUR;DE;CARD;DELIVERED;45 rue Victor Hugo, 20095 Hambourg;;WEB
ORD-20260604-00379;ORD-20260604-00379-1;2026-06-04 10:15:05;C020437;S0410;P006597;1;64,30;6,43;EUR;FR;CARD;DELIVERED;161 quai des Chartrons, 44000 Nantes;WELCOME15;MOBILE_APP
ORD-20260604-00380;ORD-20260604-00380-1;2026-06-04 13:13:37;C019568;S0145;P000202;1;15,19;0,00;EUR;IT;CARD;Delivered;23 quai des Chartrons, 00184 Rome;FREESHIP;WEB
ORD-20260604-00380;ORD-20260604-00380-2;2026-06-04 13:13:37;C019568;S0421;P006616;2;31,51;0,00;EUR;IT;CARD;DELIVERED;23 quai des Chartrons, 00184 Rome;FREESHIP;WEB
ORD-20260604-00380;ORD-20260604-00380-3;2026-06-04 13:13:37;C019568;S0427;P000024;1;16,91;0,00;EUR;IT;CARD;Delivered;23 quai des Chartrons, 00184 Rome;FREESHIP;WEB
ORD-20260604-00380;ORD-20260604-00380-4;2026-06-04 13:13:37;C019568;S0399;P006106;3;149,51;0,00;EUR;IT;CARD;DELIVERED;23 quai des Chartrons, 00184 Rome;FREESHIP;WEB
ORD-20260604-00380;ORD-20260604-00380-5;2026-06-04 13:13:37;C019568;S0021;P006726;1;69,92;0,00;EUR;IT;CARD;DELIVERED;23 quai des Chartrons, 00184 Rome;FREESHIP;WEB
ORD-20260604-00381;ORD-20260604-00381-1;2026-06-04 18:39:32;C012147;S0451;P006641;1;50,57;0,00;EUR;FR;CARD; DELIVERED ;45 chemin des Vignes, 44000 Nantes;;MOBILE_APP
ORD-20260604-00381;ORD-20260604-00381-2;2026-06-04 18:39:32;C012147;S0152;P001497;1;85,39;12,81;EUR;FR;CARD;DELIVERED;45 chemin des Vignes, 44000 Nantes;;MOBILE_APP
ORD-20260604-00381;ORD-20260604-00381-3;2026-06-04 18:39:32;C012147;S0539;P002592;1;13,20;0,66;EUR;FR;CARD;DELIVERED;45 chemin des Vignes, 44000 Nantes;;MOBILE_APP
ORD-20260604-00382;ORD-20260604-00382-1;2026-06-04 12:45:13;C020494;S0155;P000251;1;56,37;2,82;EUR;ES;CARD;DELIVERED;169 place de l'Église, 28001 Madrid;;MOBILE_APP
ORD-20260604-00383;ORD-20260604-00383-1;2026-06-04 19:53:12;C012176;S0515;P005334;2;75,96;0,00;EUR;FR;APPLEPAY;DELIVERED;65 impasse du Moulin, 59000 Lille;FREESHIP;WEB
ORD-20260604-00383;ORD-20260604-00383-2;2026-06-04 19:53:12;C012176;S0320;P001395;1;38,02;0,00;EUR;FR;APPLEPAY;DELIVERED;65 impasse du Moulin, 59000 Lille;FREESHIP;WEB
ORD-20260604-00383;ORD-20260604-00383-3;2026-06-04 19:53:12;C012176;S0326;P005932;2;85,69;0,00;EUR;FR;APPLEPAY;DELIVERED;65 impasse du Moulin, 59000 Lille;FREESHIP;WEB
ORD-20260604-00383;ORD-20260604-00383-4;2026-06-04 19:53:12;C012176;S0179;P003608;1;34,19;5,13;EUR;FR;APPLEPAY;DELIVERED;65 impasse du Moulin, 59000 Lille;FREESHIP;WEB
ORD-20260604-00383;ORD-20260604-00383-5;2026-06-04 19:53:12;C012176;S0573;P000879;1;87,17;4,36;EUR;FR;APPLEPAY;delivered;65 impasse du Moulin, 59000 Lille;FREESHIP;WEB
ORD-20260604-00384;ORD-20260604-00384-1;2026-06-04 20:23:44;C005822;S0268;P006655;1;26,48;0,00;EUR;ES;PAYPAL;Delivered;113 avenue des Tilleuls, 08001 Barcelone;;WEB
ORD-20260604-00384;ORD-20260604-00384-2;2026-06-04 20:23:44;C005822;S0008;P005754;1;161,07;24,16;EUR;ES;PAYPAL; DELIVERED ;113 avenue des Tilleuls, 08001 Barcelone;;WEB
ORD-20260604-00384;ORD-20260604-00384-3;2026-06-04 20:23:44;C005822;S0562;P003194;1;85,11;8,51;EUR;ES;PAYPAL;DELIVERED;113 avenue des Tilleuls, 08001 Barcelone;;WEB
ORD-20260604-00384;ORD-20260604-00384-4;2026-06-04 20:23:44;C005822;S0483;P000420;1;36,47;3,65;EUR;ES;PAYPAL;DELIVERED;113 avenue des Tilleuls, 08001 Barcelone;;WEB
ORD-20260604-00384;ORD-20260604-00384-5;2026-06-04 20:23:44;C005822;S0241;P005923;2;59,59;0,00;EUR;ES;PAYPAL;DELIVERED;113 avenue des Tilleuls, 08001 Barcelone;;WEB
ORD-20260604-00385;ORD-20260604-00385-1;2026-06-04 17:12:25;C015602;S0219;P006599;1;6,70;0,00;EUR;BE;CARD;SHIPPED;176 quai des Chartrons, 1000 Bruxelles;SUMMER10;WEB
ORD-20260604-00385;ORD-20260604-00385-2;2026-06-04 17:12:25;C015602;S0146;P000053;2;110,25;0,00;EUR;BE;CARD;SHIPPED;176 quai des Chartrons, 1000 Bruxelles;SUMMER10;WEB
ORD-20260604-00386;ORD-20260604-00386-1;2026-06-04 15:45:58;C000588;S0549;P002474;1;11,73;0,00;EUR;FR;CARD;DELIVERED;35 impasse du Moulin, 33000 Bordeaux;;MOBILE_APP
ORD-20260604-00386;ORD-20260604-00386-2;2026-06-04 15:45:58;C000588;S0134;P002371;1;54,46;0,00;EUR;FR;CARD; DELIVERED ;35 impasse du Moulin, 33000 Bordeaux;;MOBILE_APP
ORD-20260604-00387;ORD-20260604-00387-1;2026-06-04 13:34:27;C000494;S0088;P003949;1;64,10;0,00;EUR;DE;CARD;CANCELLED;114 chemin des Vignes, 20095 Hambourg;;WEB
ORD-20260604-00388;ORD-20260604-00388-1;2026-06-04 12:15:53;C003069;S0493;P004741;1;55,31;0,00;EUR;FR;PAYPAL;CANCELLED;96 allée des Peupliers, 33000 Bordeaux;VIP20;WEB
ORD-20260604-00389;ORD-20260604-00389-1;2026-06-04 17:35:58;C024851;S0526;P002936;2;54,64;0,00;EUR;FR;CARD;DELIVERED;64 avenue des Tilleuls, 35000 Rennes;WELCOME15;MARKETPLACE_API
ORD-20260604-00390;ORD-20260604-00390-1;2026-06-04 11:39:41;C005498;S0244;P005990;2;182,75;36,55;EUR;DE;PAYPAL; DELIVERED ;114 allée des Peupliers, 20095 Hambourg;VIP20;MARKETPLACE_API
ORD-20260604-00390;ORD-20260604-00390-2;2026-06-04 11:39:41;C005498;S0114;P004694;1;43,93;0,00;EUR;DE;PAYPAL;DELIVERED;114 allée des Peupliers, 20095 Hambourg;VIP20;MARKETPLACE_API
ORD-20260604-00391;ORD-20260604-00391-1;2026-06-04 10:13:33;C008867;S0532;P005548;1;41,89;2,09;EUR;FR;CARD;RETURNED;87 cours Gambetta, 67000 Strasbourg;;MOBILE_APP
ORD-20260604-00391;ORD-20260604-00391-2;2026-06-04 10:13:33;C008867;S0399;P007164;1;41,09;0,00;EUR;FR;CARD;returned;87 cours Gambetta, 67000 Strasbourg;;MOBILE_APP
ORD-20260604-00392;ORD-20260604-00392-1;2026-06-04 18:36:56;C001445;S0333;P007498;1;88,02;0,00;EUR;FR;CARD;DELIVERED;78 rue Victor Hugo, 35000 Rennes;;WEB
ORD-20260604-00392;ORD-20260604-00392-2;2026-06-04 18:36:56;C001445;S0485;P005396;3;79,31;0,00;EUR;FR;CARD;DELIVERED;78 rue Victor Hugo, 35000 Rennes;;WEB
ORD-20260604-00392;ORD-20260604-00392-3;2026-06-04 18:36:56;C001445;S0059;P001611;1;63,46;0,00;EUR;FR;CARD;Delivered;78 rue Victor Hugo, 35000 Rennes;;WEB
ORD-20260604-00392;ORD-20260604-00392-4;2026-06-04 18:36:56;C001445;S0075;P005545;1;57,87;0,00;EUR;FR;CARD;DELIVERED;78 rue Victor Hugo, 35000 Rennes;;WEB
ORD-20260604-00393;ORD-20260604-00393-1;2026-06-04 23:19:08;C012922;S0365;P001178;1;53,66;2,68;EUR;NL;TRANSFER;delivered;163 rue de la République, 1011 Amsterdam;FREESHIP;MARKETPLACE_API
ORD-20260604-00393;ORD-20260604-00393-2;2026-06-04 23:19:08;C012922;S0393;P007956;3;125,18;0,00;EUR;NL;TRANSFER;DELIVERED;163 rue de la République, 1011 Amsterdam;FREESHIP;MARKETPLACE_API
ORD-20260604-00393;ORD-20260604-00393-3;2026-06-04 23:19:08;C012922;S0092;P000935;3;8,40;0,00;EUR;NL;TRANSFER;DELIVERED;163 rue de la République, 1011 Amsterdam;FREESHIP;MARKETPLACE_API
ORD-20260604-00394;ORD-20260604-00394-1;2026-06-04 08:08:39;C012438;S0160;P005115;1;142,52;0,00;EUR;FR;PAYPAL;delivered;175 rue du Général Leclerc, 75011 Paris;FLASH5;MOBILE_APP
ORD-20260604-00395;ORD-20260604-00395-1;2026-06-04 14:57:59;C024494;S0504;P001780;1;124,11;0,00;EUR;BE;CARD;SHIPPED;169 cours Gambetta, 1000 Bruxelles;;MOBILE_APP
ORD-20260604-00395;ORD-20260604-00395-2;2026-06-04 14:57:59;C024494;S0514;P006514;1;24,18;2,42;EUR;BE;CARD;SHIPPED;169 cours Gambetta, 1000 Bruxelles;;MOBILE_APP
ORD-20260604-00395;ORD-20260604-00395-3;2026-06-04 14:57:59;C024494;S0108;P007006;2;16,43;1,64;EUR;BE;CARD;SHIPPED;169 cours Gambetta, 1000 Bruxelles;;MOBILE_APP
ORD-20260604-00395;ORD-20260604-00395-4;2026-06-04 14:57:59;C024494;S0504;P002613;3;77,23;0,00;EUR;BE;CARD;SHIPPED;169 cours Gambetta, 1000 Bruxelles;;MOBILE_APP
ORD-20260604-00396;ORD-20260604-00396-1;2026-06-04 11:44:52;C011243;S0139;P000475;1;270,16;40,52;EUR;FR;CARD;DELIVERED;44 avenue des Tilleuls, 75011 Paris;FLASH5;MOBILE_APP
ORD-20260604-00397;ORD-20260604-00397-1;2026-06-04 14:13:26;C024990;S0102;P002866;1;78,38;3,92;EUR;DE;CARD;Delivered;19 boulevard Saint-Michel, 20095 Hambourg;;WEB
ORD-20260604-00397;ORD-20260604-00397-2;2026-06-04 14:13:26;C024990;S0011;P002605;1;65,99;0,00;EUR;DE;CARD;DELIVERED;19 boulevard Saint-Michel, 20095 Hambourg;;WEB
ORD-20260604-00398;ORD-20260604-00398-1;2026-06-04 14:32:46;C022426;S0398;P003630;1;164,32;0,00;EUR;BE;CARD;DELIVERED;173 cours Gambetta, 4000 Liège;;WEB
ORD-20260604-00399;ORD-20260604-00399-1;2026-06-04 09:32:09;C012180;S0137;P002890;1;90,38;9,04;EUR;FR;CARD;DELIVERED;159 impasse du Moulin, 35000 Rennes;;MOBILE_APP
ORD-20260604-00400;ORD-20260604-00400-1;2026-06-04 20:24:51;C007718;S0331;P005336;2;46,20;0,00;EUR;ES;PAYPAL;PENDING;61 rue de la République, 28001 Madrid;VIP20;WEB
ORD-20260604-00401;ORD-20260604-00401-1;2026-06-04 11:10:43;C008229;S0292;P007853;2;195,42;58,63;EUR;DE;CARD; CANCELLED ;167 avenue des Tilleuls, 10115 Berlin;SUMMER10;WEB
ORD-20260604-00402;ORD-20260604-00402-1;2026-06-04 18:59:54;C004726;S0076;P006948;1;19,26;0,00;EUR;BE;CARD;DELIVERED;130 rue Victor Hugo, 1000 Bruxelles;FLASH5;WEB
ORD-20260604-00402;ORD-20260604-00402-2;2026-06-04 18:59:54;C004726;S0482;P007726;2;40,35;0,00;EUR;BE;CARD;delivered;130 rue Victor Hugo, 1000 Bruxelles;FLASH5;WEB
ORD-20260604-00403;ORD-20260604-00403-1;2026-06-04 12:05:54;C001212;S0435;P006674;1;63,02;0,00;EUR;ES;CARD;Delivered;12 boulevard Saint-Michel, 46001 Valence;;MOBILE_APP
ORD-20260604-00404;ORD-20260604-00404-1;2026-06-04 10:13:20;C001634;S0323;P007248;2;55,23;11,05;EUR;DE;CARD;RETURNED;72 place de l'Église, 80331 Munich;WELCOME15;WEB
ORD-20260604-00404;ORD-20260604-00404-2;2026-06-04 10:13:20;C001634;S0334;P003184;4;64,91;25,96;EUR;DE;CARD;RETURNED;72 place de l'Église, 80331 Munich;WELCOME15;WEB
ORD-20260604-00404;ORD-20260604-00404-3;2026-06-04 10:13:20;C001634;S0351;P002195;1;31,18;4,68;EUR;DE;CARD;RETURNED;72 place de l'Église, 80331 Munich;WELCOME15;WEB
ORD-20260604-00404;ORD-20260604-00404-4;2026-06-04 10:13:20;C001634;S0287;P003685;1;248,01;37,20;EUR;DE;CARD;RETURNED;72 place de l'Église, 80331 Munich;WELCOME15;WEB
ORD-20260604-00404;ORD-20260604-00404-5;2026-06-04 10:13:20;C001634;S0406;P004192;1;35,85;0,00;EUR;DE;CARD;Returned;72 place de l'Église, 80331 Munich;WELCOME15;WEB
ORD-20260604-00405;ORD-20260604-00405-1;2026-06-04 17:06:00;C006345;S0365;P007298;1;179,26;26,89;EUR;IT;APPLEPAY;delivered;116 boulevard Saint-Michel, 00184 Rome;WELCOME15;WEB
ORD-20260604-00406;ORD-20260604-00406-1;2026-06-04 08:13:59;C015310;S0045;P001538;1;78,98;7,90;EUR;FR;CARD; DELIVERED ;85 impasse du Moulin, 35000 Rennes;FREESHIP;WEB
ORD-20260604-00406;ORD-20260604-00406-2;2026-06-04 08:13:59;C015310;S0422;P004306;1;207,21;20,72;EUR;FR;CARD;Delivered;85 impasse du Moulin, 35000 Rennes;FREESHIP;WEB
ORD-20260604-00407;ORD-20260604-00407-1;2026-06-04 16:23:31;C002557;S0514;P000759;1;64,88;0,00;EUR;BE;APPLEPAY;CANCELLED;10 avenue des Tilleuls, 4000 Liège;;WEB
ORD-20260604-00408;ORD-20260604-00408-1;2026-06-04 14:12:56;C011159;S0104;P003542;1;54,05;8,11;EUR;FR;CARD;CANCELLED;49 avenue des Tilleuls, 35000 Rennes;FREESHIP;WEB
ORD-20260604-00408;ORD-20260604-00408-2;2026-06-04 14:12:56;C011159;S0222;P004883;3;95,54;42,99;EUR;FR;CARD;CANCELLED;49 avenue des Tilleuls, 35000 Rennes;FREESHIP;WEB
ORD-20260604-00408;ORD-20260604-00408-3;2026-06-04 14:12:56;C011159;S0043;P000274;1;47,41;2,37;EUR;FR;CARD;CANCELLED;49 avenue des Tilleuls, 35000 Rennes;FREESHIP;WEB
ORD-20260604-00409;ORD-20260604-00409-1;2026-06-04 11:39:01;C001167;S0179;P005077;1;36,61;1,83;EUR;FR;CARD;CANCELLED;52 avenue des Tilleuls, 33000 Bordeaux;;WEB
ORD-20260604-00409;ORD-20260604-00409-2;2026-06-04 11:39:01;C001167;S0066;P004274;2;42,30;12,69;EUR;FR;CARD;CANCELLED;52 avenue des Tilleuls, 33000 Bordeaux;;WEB
ORD-20260604-00409;ORD-20260604-00409-3;2026-06-04 11:39:01;C001167;S0010;P002023;3;72,58;0,00;EUR;FR;CARD;Cancelled;52 avenue des Tilleuls, 33000 Bordeaux;;WEB
ORD-20260604-00410;ORD-20260604-00410-1;2026-06-04 16:15:09;C013781;S0586;P005810;1;67,73;0,00;EUR;DE;CARD;DELIVERED;36 rue de la République, 80331 Munich;SUMMER10;WEB
ORD-20260604-00410;ORD-20260604-00410-2;2026-06-04 16:15:09;C013781;S0018;P004502;1;16,97;2,55;EUR;DE;CARD;DELIVERED;36 rue de la République, 80331 Munich;SUMMER10;WEB
ORD-20260604-00410;ORD-20260604-00410-3;2026-06-04 16:15:09;C013781;S0115;P005875;3;53,54;0,00;EUR;DE;CARD;DELIVERED;36 rue de la République, 80331 Munich;SUMMER10;WEB
ORD-20260604-00411;ORD-20260604-00411-1;2026-06-04 18:14:27;C005887;S0113;P006493;1;10,50;0,00;EUR;FR;CARD;DELIVERED;29 cours Gambetta, 44000 Nantes;FLASH5;MOBILE_APP
ORD-20260604-00411;ORD-20260604-00411-2;2026-06-04 18:14:27;C005887;S0021;P003572;1;66,53;0,00;EUR;FR;CARD;DELIVERED;29 cours Gambetta, 44000 Nantes;FLASH5;MOBILE_APP
ORD-20260604-00411;ORD-20260604-00411-3;2026-06-04 18:14:27;C005887;S0514;P004553;3;159,99;0,00;EUR;FR;CARD;DELIVERED;29 cours Gambetta, 44000 Nantes;FLASH5;MOBILE_APP
ORD-20260604-00411;ORD-20260604-00411-4;2026-06-04 18:14:27;C005887;S0061;P005419;1;80,68;0,00;EUR;FR;CARD;DELIVERED;29 cours Gambetta, 44000 Nantes;FLASH5;MOBILE_APP
ORD-20260604-00412;ORD-20260604-00412-1;2026-06-04 19:52:55;C001342;S0488;P001878;1;19,94;0,00;EUR;ES;PAYPAL;DELIVERED;84 allée des Peupliers, 08001 Barcelone;FREESHIP;WEB
ORD-20260604-00413;ORD-20260604-00413-1;2026-06-04 17:11:50;C008996;S0013;P005563;1;250,79;12,54;EUR;ES;CARD;DELIVERED;60 avenue des Tilleuls, 46001 Valence;;WEB
ORD-20260604-00414;ORD-20260604-00414-1;2026-06-04 11:20:05;C022227;S0436;P006150;1;41,72;2,09;EUR;DE;CARD;DELIVERED;53 avenue des Tilleuls, 20095 Hambourg;WELCOME15;MOBILE_APP
ORD-20260604-00414;ORD-20260604-00414-2;2026-06-04 11:20:05;C022227;S0459;P005302;2;77,52;0,00;EUR;DE;CARD;delivered;53 avenue des Tilleuls, 20095 Hambourg;WELCOME15;MOBILE_APP
ORD-20260604-00415;ORD-20260604-00415-1;2026-06-04 13:31:08;C011615;S0495;P000834;3;78,54;0,00;EUR;FR;APPLEPAY;CANCELLED;123 rue du Général Leclerc, 33000 Bordeaux;;MOBILE_APP
ORD-20260604-00415;ORD-20260604-00415-2;2026-06-04 13:31:08;C011615;S0447;P007351;1;189,68;9,48;EUR;FR;APPLEPAY;CANCELLED;123 rue du Général Leclerc, 33000 Bordeaux;;MOBILE_APP
ORD-20260604-00415;ORD-20260604-00415-3;2026-06-04 13:31:08;C011615;S0541;P000115;1;70,77;0,00;EUR;FR;APPLEPAY;CANCELLED;123 rue du Général Leclerc, 33000 Bordeaux;;MOBILE_APP
ORD-20260604-00415;ORD-20260604-00415-4;2026-06-04 13:31:08;C011615;S0239;P007411;2;56,04;0,00;EUR;FR;APPLEPAY;CANCELLED;123 rue du Général Leclerc, 33000 Bordeaux;;MOBILE_APP
ORD-20260604-00416;ORD-20260604-00416-1;2026-06-04 13:27:39;C022018;S0153;P003786;1;40,31;0,00;EUR;DE;PAYPAL;CANCELLED;174 boulevard Saint-Michel, 10115 Berlin;FLASH5;WEB
ORD-20260604-00416;ORD-20260604-00416-2;2026-06-04 13:27:39;C022018;S0539;P003813;1;26,46;0,00;EUR;DE;PAYPAL; CANCELLED ;174 boulevard Saint-Michel, 10115 Berlin;FLASH5;WEB
ORD-20260604-00416;ORD-20260604-00416-3;2026-06-04 13:27:39;C022018;S0362;P000975;1;5,71;0,00;EUR;DE;PAYPAL; CANCELLED ;174 boulevard Saint-Michel, 10115 Berlin;FLASH5;WEB
ORD-20260604-00417;ORD-20260604-00417-1;2026-06-04 11:20:03;C001009;S0110;P000105;1;41,97;0,00;EUR;FR;CARD;DELIVERED;12 avenue des Tilleuls, 35000 Rennes;FREESHIP;WEB
ORD-20260604-00418;ORD-20260604-00418-1;2026-06-04 13:02:40;C003389;S0072;P002719;2;131,55;0,00;EUR;ES;GIFTCARD;RETURNED;165 boulevard Saint-Michel, 08001 Barcelone;FLASH5;WEB
ORD-20260604-00418;ORD-20260604-00418-2;2026-06-04 13:02:40;C003389;S0531;P005399;1;98,00;0,00;EUR;ES;GIFTCARD;RETURNED;165 boulevard Saint-Michel, 08001 Barcelone;FLASH5;WEB
ORD-20260604-00418;ORD-20260604-00418-3;2026-06-04 13:02:40;C003389;S0539;P007572;1;68,00;3,40;EUR;ES;GIFTCARD;RETURNED;165 boulevard Saint-Michel, 08001 Barcelone;FLASH5;WEB
ORD-20260604-00419;ORD-20260604-00419-1;2026-06-04 19:46:54;C012057;S0520;P000897;1;68,80;0,00;EUR;FR;TRANSFER;DELIVERED;132 chemin des Vignes, 59000 Lille;;WEB
ORD-20260604-00419;ORD-20260604-00419-2;2026-06-04 19:46:54;C012057;S0042;P003066;1;147,10;0,00;EUR;FR;TRANSFER;delivered;132 chemin des Vignes, 59000 Lille;;WEB
ORD-20260604-00419;ORD-20260604-00419-3;2026-06-04 19:46:54;C012057;S0053;P005685;1;12,89;0,00;EUR;FR;TRANSFER;DELIVERED;132 chemin des Vignes, 59000 Lille;;WEB
ORD-20260604-00420;ORD-20260604-00420-1;2026-06-04 16:10:19;C015430;S0243;P007210;1;28,44;2,84;EUR;ES;TRANSFER;Delivered;149 allée des Peupliers, 08001 Barcelone;;MOBILE_APP
ORD-20260604-00421;ORD-20260604-00421-1;2026-06-04 16:18:40;C013352;S0389;P006784;2;17,27;5,18;EUR;IT;CARD;DELIVERED;57 avenue des Tilleuls, 20121 Milan;SUMMER10;WEB
ORD-20260604-00421;ORD-20260604-00421-2;2026-06-04 16:18:40;C013352;S0492;P000132;3;96,40;0,00;EUR;IT;CARD;DELIVERED;57 avenue des Tilleuls, 20121 Milan;SUMMER10;WEB
ORD-20260604-00422;ORD-20260604-00422-1;2026-06-04 19:09:52;C017660;S0271;P003352;2;7337;0,00;EUR;DE;CARD; RETURNED ;89 impasse du Moulin, 10115 Berlin;FREESHIP;WEB
ORD-20260604-00422;ORD-20260604-00422-2;2026-06-04 19:09:52;C017660;S0254;P003627;1;151,63;0,00;EUR;DE;CARD;RETURNED;89 impasse du Moulin, 10115 Berlin;FREESHIP;WEB
ORD-20260604-00422;ORD-20260604-00422-3;2026-06-04 19:09:52;C017660;S0389;P007000;1;43,57;0,00;EUR;DE;CARD;RETURNED;89 impasse du Moulin, 10115 Berlin;FREESHIP;WEB
ORD-20260604-00422;ORD-20260604-00422-4;2026-06-04 19:09:52;C017660;S0060;P000211;1;56,49;5,65;EUR;DE;CARD;RETURNED;89 impasse du Moulin, 10115 Berlin;FREESHIP;WEB
ORD-20260604-00423;ORD-20260604-00423-1;2026-06-04 23:50:57;C008357;S0356;P003606;2;46,40;4,64;EUR;FR;CARD;CANCELLED;40 place de l'Église, 13008 Marseille;SUMMER10;MOBILE_APP
ORD-20260604-00424;ORD-20260604-00424-1;2026-06-04 09:32:24;C015095;S0475;P005732;1;41,78;6,27;EUR;IT;TRANSFER;DELIVERED;97 rue du Général Leclerc, 20121 Milan;WELCOME15;MOBILE_APP
ORD-20260604-00425;ORD-20260604-00425-1;2026-06-04 19:56:52;C014226;S0248;P000196;1;32,81;1,64;EUR;BE;CARD;DELIVERED;106 place de l'Église, 4000 Liège;VIP20;WEB
ORD-20260604-00425;ORD-20260604-00425-2;2026-06-04 19:56:52;C014226;S0469;P001333;1;251,74;0,00;EUR;BE;CARD;Delivered;106 place de l'Église, 4000 Liège;VIP20;WEB
ORD-20260604-00426;ORD-20260604-00426-1;2026-06-04 21:51:15;C021021;S0431;P007840;1;210,62;0,00;EUR;ES;CARD;delivered;123 rue du Général Leclerc, 28001 Madrid;;MOBILE_APP
ORD-20260604-00427;ORD-20260604-00427-1;2026-06-04 13:55:30;C017047;S0372;P002548;1;38,66;5,80;EUR;FR;APPLEPAY;SHIPPED;175 chemin des Vignes, 35000 Rennes;WELCOME15;MOBILE_APP
ORD-20260604-00428;ORD-20260604-00428-1;2026-06-04 17:43:37;C024297;S0421;P006038;2;9,12;2,74;EUR;ES;CARD;shipped;129 rue Victor Hugo, 28001 Madrid;;MOBILE_APP
ORD-20260604-00429;ORD-20260604-00429-1;2026-06-04 15:29:15;C007811;S0012;P006448;1;22,50;2,25;EUR;BE;CARD;CANCELLED;30 rue Victor Hugo, 2000 Anvers;VIP20;WEB
ORD-20260604-00429;ORD-20260604-00429-2;2026-06-04 15:29:15;C007811;S0149;P003318;1;69,37;0,00;EUR;BE;CARD; CANCELLED ;30 rue Victor Hugo, 2000 Anvers;VIP20;WEB
ORD-20260604-00429;ORD-20260604-00429-2;2026-06-04 15:29:15;C007811;S0149;P003318;1;69,37;0,00;EUR;BE;CARD; CANCELLED ;30 rue Victor Hugo, 2000 Anvers;VIP20;WEB
ORD-20260604-00429;ORD-20260604-00429-3;2026-06-04 15:29:15;C007811;S0089;P005309;2;94,84;9,48;EUR;BE;CARD;CANCELLED;30 rue Victor Hugo, 2000 Anvers;VIP20;WEB
ORD-20260604-00430;ORD-20260604-00430-1;2026-06-04 17:41:08;C020318;S0493;P004741;3;58,84;8,83;EUR;BE;CARD; DELIVERED ;88 place de l'Église, 2000 Anvers;;MOBILE_APP
ORD-20260604-00430;ORD-20260604-00430-2;2026-06-04 17:41:08;C020318;S0570;P002141;4;85,07;17,01;EUR;BE;CARD;DELIVERED;88 place de l'Église, 2000 Anvers;;MOBILE_APP
ORD-20260604-00430;ORD-20260604-00430-3;2026-06-04 17:41:08;C020318;S0522;P006773;2;14,31;4,29;EUR;BE;CARD;DELIVERED;88 place de l'Église, 2000 Anvers;;MOBILE_APP
ORD-20260604-00431;ORD-20260604-00431-1;2026-06-04 15:42:11;C018110;S0484;P003018;2;156,05;46,82;EUR;NL;PAYPAL;DELIVERED;138 place de l'Église, 1011 Amsterdam;VIP20;MOBILE_APP
ORD-20260604-00431;ORD-20260604-00431-2;2026-06-04 15:42:11;C018110;S0452;P000070;1;27,77;4,17;EUR;NL;PAYPAL;DELIVERED;138 place de l'Église, 1011 Amsterdam;VIP20;MOBILE_APP
ORD-20260604-00431;ORD-20260604-00431-3;2026-06-04 15:42:11;C018110;S0359;P005153;1;17,73;0,00;EUR;NL;PAYPAL; DELIVERED ;138 place de l'Église, 1011 Amsterdam;VIP20;MOBILE_APP
ORD-20260604-00431;ORD-20260604-00431-4;2026-06-04 15:42:11;C018110;S0053;P007987;3;19,30;5,79;EUR;NL;PAYPAL;Delivered;138 place de l'Église, 1011 Amsterdam;VIP20;MOBILE_APP
ORD-20260604-00431;ORD-20260604-00431-5;2026-06-04 15:42:11;C018110;S0056;P004102;1;44,68;0,00;EUR;NL;PAYPAL;DELIVERED;138 place de l'Église, 1011 Amsterdam;VIP20;MOBILE_APP
ORD-20260604-00432;ORD-20260604-00432-1;2026-06-04 13:01:37;C020890;S0327;P002762;1;36,19;0,00;EUR;BE;CARD;Returned;46 rue Victor Hugo, 4000 Liège;VIP20;WEB
ORD-20260604-00433;ORD-20260604-00433-1;2026-06-04 12:22:08;C013424;S0355;P005714;1;60,18;0,00;EUR;IT;CARD;DELIVERED;131 cours Gambetta, 00184 Rome;SUMMER10;WEB
ORD-20260604-00434;ORD-20260604-00434-1;2026-06-04 17:52:34;C017344;S0184;P003986;1;6,97;1,05;EUR;FR;PAYPAL;DELIVERED;95 quai des Chartrons, 59000 Lille;WELCOME15;WEB
ORD-20260604-00435;ORD-20260604-00435-1;0000-00-00 00:00:00;C023413;S0263;P005780;2;45,11;0,00;EUR;ES;CARD;DELIVERED;51 allée des Peupliers, 46001 Valence;WELCOME15;WEB
ORD-20260604-00436;ORD-20260604-00436-1;2026-06-04 15:02:02;C023608;S0391;P002928;1;4608;0,00;EUR;FR;GIFTCARD;delivered;63 rue du Général Leclerc, 31000 Toulouse;;MOBILE_APP
ORD-20260604-00436;ORD-20260604-00436-2;2026-06-04 15:02:02;C023608;S0028;P000372;2;265,27;0,00;EUR;FR;GIFTCARD;DELIVERED;63 rue du Général Leclerc, 31000 Toulouse;;MOBILE_APP
ORD-20260604-00437;ORD-20260604-00437-1;2026-06-04 15:41:26;C008940;S0199;P000064;2;554;0,00;EUR;BE;PAYPAL;DELIVERED;40 quai des Chartrons, 4000 Liège;SUMMER10;MOBILE_APP
ORD-20260604-00437;ORD-20260604-00437-2;2026-06-04 15:41:26;C008940;S0597;P002272;2;55,87;5,59;EUR;BE;PAYPAL;DELIVERED;40 quai des Chartrons, 4000 Liège;SUMMER10;MOBILE_APP
ORD-20260604-00438;ORD-20260604-00438-1;2026-06-04 22:01:32;C000686;S0282;P001822;1;54,52;0,00;EUR;BE;PAYPAL;DELIVERED;154 rue de la République, 2000 Anvers;SUMMER10;MOBILE_APP
ORD-20260604-00439;ORD-20260604-00439-1;2026-06-04 12:54:52;C008789;S0357;P007283;1;28,58;1,43;EUR;BE;APPLEPAY;DELIVERED;1 quai des Chartrons, 2000 Anvers;FLASH5;WEB
ORD-20260604-00439;ORD-20260604-00439-2;2026-06-04 12:54:52;C008789;S0395;P004190;1;24,40;1,22;EUR;BE;APPLEPAY;DELIVERED;1 quai des Chartrons, 2000 Anvers;FLASH5;WEB
ORD-20260604-00440;ORD-20260604-00440-1;2026-06-04 23:01:38;C006207;S0306;P007201;1;66,59;0,00;EUR;ES;CARD;DELIVERED;151 impasse du Moulin, 08001 Barcelone;VIP20;WEB
ORD-20260604-00441;ORD-20260604-00441-1;2026-06-04 23:45:03;C005484;S0268;P001670;3;60,69;27,31;EUR;DE;CARD;DELIVERED;132 rue du Général Leclerc, 10115 Berlin;WELCOME15;MARKETPLACE_API
ORD-20260604-00442;ORD-20260604-00442-1;2026-06-04 11:26:36;C023416;S0031;P007707;2;867;2,60;EUR;FR;PAYPAL;CANCELLED;60 avenue des Tilleuls, 69003 Lyon;WELCOME15;WEB
ORD-20260604-00443;ORD-20260604-00443-1;2026-06-04 11:20:03;C013665;S0475;P003150;2;202,55;40,51;EUR;FR;PAYPAL;DELIVERED;177 impasse du Moulin, 69003 Lyon;;MOBILE_APP
ORD-20260604-00443;ORD-20260604-00443-2;2026-06-04 11:20:03;C013665;S0459;P007007;1;70,95;3,55;EUR;FR;PAYPAL;delivered;177 impasse du Moulin, 69003 Lyon;;MOBILE_APP
ORD-20260604-00443;ORD-20260604-00443-3;2026-06-04 11:20:03;C013665;S0310;P002694;1;75,03;11,25;EUR;FR;PAYPAL;DELIVERED;177 impasse du Moulin, 69003 Lyon;;MOBILE_APP
ORD-20260604-00444;ORD-20260604-00444-1;2026-06-04 17:28:33;C003800;S0217;P004945;1;28,30;0,00;EUR;BE;CARD;delivered;29 rue Victor Hugo, 1000 Bruxelles;FREESHIP;WEB
ORD-20260604-00444;ORD-20260604-00444-2;2026-06-04 17:28:33;C003800;S0426;P000579;1;60,09;3,00;EUR;BE;CARD;DELIVERED;29 rue Victor Hugo, 1000 Bruxelles;FREESHIP;WEB
ORD-20260604-00445;ORD-20260604-00445-1;2026-06-04 12:35:41;C004750;S0360;P005996;1;30,69;0,00;EUR;ES;CARD;DELIVERED;119 allée des Peupliers, 46001 Valence;;MOBILE_APP
ORD-20260604-00445;ORD-20260604-00445-2;2026-06-04 12:35:41;C004750;S0360;P004744;3;44,55;13,36;EUR;ES;CARD;Delivered;119 allée des Peupliers, 46001 Valence;;MOBILE_APP
ORD-20260604-00445;ORD-20260604-00445-3;2026-06-04 12:35:41;C004750;S0211;P000512;1;62,41;0,00;EUR;ES;CARD;Delivered;119 allée des Peupliers, 46001 Valence;;MOBILE_APP
ORD-20260604-00446;ORD-20260604-00446-1;2026-06-04 15:41:06;C002996;S0037;P003434;1;173,86;17,39;EUR;ES;CARD;DELIVERED;135 route de Bordeaux, 08001 Barcelone;;MARKETPLACE_API
ORD-20260604-00446;ORD-20260604-00446-2;2026-06-04 15:41:06;C002996;S0330;P007406;1;149,85;0,00;EUR;ES;CARD;DELIVERED;135 route de Bordeaux, 08001 Barcelone;;MARKETPLACE_API
ORD-20260604-00447;ORD-20260604-00447-1;2026-06-04 14:41:01;C017661;S0205;P006097;1;17,82;2,67;EUR;IT;CARD;DELIVERED;79 impasse du Moulin, 20121 Milan;FREESHIP;MOBILE_APP
ORD-20260604-00448;ORD-20260604-00448-1;2026-06-04 10:36:03;C016705;S0061;P006415;2;62,03;0,00;EUR;BE;CARD;DELIVERED;87 rue Victor Hugo, 4000 Liège;;WEB
ORD-20260604-00448;ORD-20260604-00448-2;2026-06-04 10:36:03;C016705;S0114;P006078;3;172,00;77,40;EUR;BE;CARD;DELIVERED;87 rue Victor Hugo, 4000 Liège;;WEB
ORD-20260604-00449;ORD-20260604-00449-1;2026-06-04 16:17:45;C011729;S0224;P002184;1;159,33;7,97;EUR;BE;PAYPAL;DELIVERED;175 avenue des Tilleuls, 4000 Liège;;MARKETPLACE_API
ORD-20260604-00450;ORD-20260604-00450-1;2026-06-04 10:12:39;C013553;S0367;P006828;3;528;0,00;EUR;BE;CARD;DELIVERED;67 impasse du Moulin, 2000 Anvers;FREESHIP;MARKETPLACE_API
ORD-20260604-00450;ORD-20260604-00450-2;2026-06-04 10:12:39;C013553;S0161;P004083;2;29,60;0,00;EUR;BE;CARD;DELIVERED;67 impasse du Moulin, 2000 Anvers;FREESHIP;MARKETPLACE_API
ORD-20260604-00451;ORD-20260604-00451-1;2026-06-04 18:27:58;C008486;S0540;P004018;2;32,04;0,00;EUR;FR;PAYPAL;DELIVERED;126 impasse du Moulin, 75011 Paris;FLASH5;MOBILE_APP
ORD-20260604-00451;ORD-20260604-00451-2;2026-06-04 18:27:58;C008486;S0389;P004848;1;222,98;33,45;EUR;FR;PAYPAL;delivered;126 impasse du Moulin, 75011 Paris;FLASH5;MOBILE_APP
ORD-20260604-00452;ORD-20260604-00452-1;2026-06-04 15:45:26;C018124;S0566;P006430;1;145,61;0,00;EUR;FR;CARD;SHIPPED;9 impasse du Moulin, 35000 Rennes;FLASH5;MARKETPLACE_API
ORD-20260604-00452;ORD-20260604-00452-2;2026-06-04 15:45:26;C018124;S0453;P001654;1;10,96;1,10;EUR;FR;CARD;SHIPPED;9 impasse du Moulin, 35000 Rennes;FLASH5;MARKETPLACE_API
ORD-20260604-00452;ORD-20260604-00452-3;2026-06-04 15:45:26;C018124;S0292;P003136;1;17,39;2,61;EUR;FR;CARD;SHIPPED;9 impasse du Moulin, 35000 Rennes;FLASH5;MARKETPLACE_API
ORD-20260604-00453;ORD-20260604-00453-1;2026-06-04 17:06:51;C006306;S0396;P005249;1;34,88;0,00;EUR;FR;CARD; DELIVERED ;46 cours Gambetta, 44000 Nantes;SUMMER10;MOBILE_APP
ORD-20260604-00453;ORD-20260604-00453-2;2026-06-04 17:06:51;C006306;S0378;P004280;1;42,32;0,00;EUR;FR;CARD;DELIVERED;46 cours Gambetta, 44000 Nantes;SUMMER10;MOBILE_APP
ORD-20260604-00454;ORD-20260604-00454-1;2026-06-04 18:46:22;C001593;S0108;P007394;2;110,55;11,05;EUR;ES;PAYPAL;Delivered;98 quai des Chartrons, 08001 Barcelone;;WEB
ORD-20260604-00455;ORD-20260604-00455-1;2026-06-04 16:22:47;C001468;S0428;P005532;1;39,56;3,96;EUR;ES;CARD;DELIVERED;18 cours Gambetta, 08001 Barcelone;FLASH5;MOBILE_APP
ORD-20260604-00455;ORD-20260604-00455-2;2026-06-04 16:22:47;C001468;S0236;P001902;4;39,22;0,00;EUR;ES;CARD;DELIVERED;18 cours Gambetta, 08001 Barcelone;FLASH5;MOBILE_APP
ORD-20260604-00455;ORD-20260604-00455-3;2026-06-04 16:22:47;C001468;S0248;P002720;2;87,84;17,57;EUR;ES;CARD;DELIVERED;18 cours Gambetta, 08001 Barcelone;FLASH5;MOBILE_APP
ORD-20260604-00455;ORD-20260604-00455-4;2026-06-04 16:22:47;C001468;S0352;P006488;1;205,56;0,00;EUR;ES;CARD;DELIVERED;18 cours Gambetta, 08001 Barcelone;FLASH5;MOBILE_APP
ORD-20260604-00455;ORD-20260604-00455-5;2026-06-04 16:22:47;C001468;S0376;P003064;1;26,32;0,00;EUR;ES;CARD;DELIVERED;18 cours Gambetta, 08001 Barcelone;FLASH5;MOBILE_APP
ORD-20260604-00456;ORD-20260604-00456-1;2026-06-04 12:55:50;C005637;S0448;P004974;1;41,59;0,00;EUR;FR;CARD;DELIVERED;69 boulevard Saint-Michel, 33000 Bordeaux;WELCOME15;MOBILE_APP
ORD-20260604-00457;ORD-20260604-00457-1;2026-06-04 14:29:28;C009137;S0452;P003913;2;120,19;36,06;EUR;BE;CARD;RETURNED;116 rue du Général Leclerc, 2000 Anvers;;WEB
ORD-20260604-00458;ORD-20260604-00458-1;2026-06-04 14:42:21;C020779;S0434;P003247;3;62,67;28,20;EUR;DE;CARD;CANCELLED;115 route de Bordeaux, 80331 Munich;;MOBILE_APP
ORD-20260604-00458;ORD-20260604-00458-2;2026-06-04 14:42:21;C020779;S0083;P000873;1;53,85;8,08;EUR;DE;CARD;CANCELLED;115 route de Bordeaux, 80331 Munich;;MOBILE_APP
ORD-20260604-00458;ORD-20260604-00458-3;2026-06-04 14:42:21;C020779;S0427;P006640;1;18,24;0,00;EUR;DE;CARD;CANCELLED;115 route de Bordeaux, 80331 Munich;;MOBILE_APP
ORD-20260604-00459;ORD-20260604-00459-1;2026-06-04 15:07:10;C020709;S0346;P000443;1;63,97;3,20;EUR;DE;CARD;DELIVERED;34 avenue des Tilleuls, 20095 Hambourg;FREESHIP;WEB
ORD-20260604-00459;ORD-20260604-00459-2;2026-06-04 15:07:10;C020709;S0250;P005700;1;74,15;0,00;EUR;DE;CARD;DELIVERED;34 avenue des Tilleuls, 20095 Hambourg;FREESHIP;WEB
ORD-20260604-00460;ORD-20260604-00460-1;2026-06-04 14:58:55;C011340;S0025;P003100;2;190,47;19,05;EUR;DE;TRANSFER;DELIVERED;95 place de l'Église, 80331 Munich;;MOBILE_APP
ORD-20260604-00460;ORD-20260604-00460-2;2026-06-04 14:58:55;C011340;S0102;P003830;2;173,18;0,00;EUR;DE;TRANSFER;DELIVERED;95 place de l'Église, 80331 Munich;;MOBILE_APP
ORD-20260604-00461;ORD-20260604-00461-1;2026-06-04 19:57:54;C009451;S0228;P002749;1;48,03;0,00;EUR;ES;CARD;DELIVERED;144 place de l'Église, 08001 Barcelone;;WEB
ORD-20260604-00462;ORD-20260604-00462-1;2026-06-04 11:07:58;C010314;S0309;P004917;3;35,50;5,33;EUR;ES;CARD;DELIVERED;24 cours Gambetta, 28001 Madrid;FLASH5;WEB
ORD-20260604-00462;ORD-20260604-00462-2;2026-06-04 11:07:58;C010314;S0332;P002889;4;41,81;0,00;EUR;ES;CARD;DELIVERED;24 cours Gambetta, 28001 Madrid;FLASH5;WEB
ORD-20260604-00462;ORD-20260604-00462-3;2026-06-04 11:07:58;C995077;S0451;P004595;1;15,56;0,00;EUR;ES;CARD;DELIVERED;24 cours Gambetta, 28001 Madrid;FLASH5;WEB
ORD-20260604-00463;ORD-20260604-00463-1;2026-06-04 20:02:52;C004384;S0300;P003948;1;69,24;0,00;EUR;ES;CARD;CANCELLED;75 place de l'Église, 46001 Valence;;WEB
ORD-20260604-00464;ORD-20260604-00464-1;2026-06-04 22:00:04;C023300;S0273;P007235;1;51,04;0,00;EUR;FR;CARD; SHIPPED ;72 route de Bordeaux, 31000 Toulouse;;WEB
ORD-20260604-00464;ORD-20260604-00464-2;2026-06-04 22:00:04;C023300;S0046;P000622;1;19,53;0,00;EUR;FR;CARD;SHIPPED;72 route de Bordeaux, 31000 Toulouse;;WEB
ORD-20260604-00464;ORD-20260604-00464-3;2026-06-04 22:00:04;C023300;S0256;P001151;3;118,42;0,00;EUR;FR;CARD; SHIPPED ;72 route de Bordeaux, 31000 Toulouse;;WEB
ORD-20260604-00465;ORD-20260604-00465-1;2026-06-04 07:42:23;C018788;S0371;P000632;2;234,95;0,00;EUR;ES;PAYPAL;CANCELLED;49 rue du Général Leclerc, 28001 Madrid;;MARKETPLACE_API
ORD-20260604-00465;ORD-20260604-00465-2;2026-06-04 07:42:23;C018788;S0574;P006104;1;51,59;2,58;EUR;ES;PAYPAL;CANCELLED;49 rue du Général Leclerc, 28001 Madrid;;MARKETPLACE_API
ORD-20260604-00465;ORD-20260604-00465-3;2026-06-04 07:42:23;C018788;S0093;P001116;1;37,07;5,56;EUR;ES;PAYPAL;CANCELLED;49 rue du Général Leclerc, 28001 Madrid;;MARKETPLACE_API
ORD-20260604-00466;ORD-20260604-00466-1;2026-06-04 22:04:51;C011733;S0348;P003636;1;70,02;3,50;EUR;DE;CARD;DELIVERED;174 avenue des Tilleuls, 80331 Munich;;MOBILE_APP
ORD-20260604-00467;ORD-20260604-00467-1;2026-06-04 08:25:51;C008872;S0189;P004120;2;26,63;0,00;EUR;ES;CARD;SHIPPED;129 rue Victor Hugo, 28001 Madrid;;MOBILE_APP
ORD-20260604-00467;ORD-20260604-00467-2;2026-06-04 08:25:51;C008872;S0463;P006100;3;8456;38,05;EUR;ES;CARD; SHIPPED ;129 rue Victor Hugo, 28001 Madrid;;MOBILE_APP
ORD-20260604-00468;ORD-20260604-00468-1;2026-06-04 11:37:37;C009773;S0042;P005638;1;82,64;0,00;EUR;FR;CARD;DELIVERED;71 quai des Chartrons, 67000 Strasbourg;;WEB
ORD-20260604-00469;ORD-20260604-00469-1;2026-06-04 13:26:26;C009409;S0092;P006803;1;83,24;0,00;EUR;NL;CARD; DELIVERED ;166 place de l'Église, 1011 Amsterdam;FLASH5;MOBILE_APP
ORD-20260604-00470;ORD-20260604-00470-1;2026-06-04 21:39:44;C016977;S0291;P004117;3;7,48;2,24;EUR;FR;APPLEPAY;DELIVERED;162 place de l'Église, 69003 Lyon;;MOBILE_APP
ORD-20260604-00471;ORD-20260604-00471-1;2026-06-04 09:46:00;C002553;S0209;P000033;1;53,93;2,70;EUR;FR;CARD;DELIVERED;51 rue Victor Hugo, 59000 Lille;SUMMER10;WEB
ORD-20260604-00472;ORD-20260604-00472-1;2026-06-04 13:58:06;C022368;S0461;P002003;1;128,35;0,00;EUR;BE;PAYPAL;CANCELLED;116 chemin des Vignes, 2000 Anvers;WELCOME15;MOBILE_APP
ORD-20260604-00473;ORD-20260604-00473-1;2026-06-04 11:53:37;C016142;S0506;P002373;1;14,94;2,24;EUR;ES;PAYPAL;CANCELLED;91 route de Bordeaux, 46001 Valence;FLASH5;MOBILE_APP
ORD-20260604-00474;ORD-20260604-00474-1;2026-06-04 13:10:26;C011549;S0231;P005048;1;132,58;0,00;EUR;FR;CARD;DELIVERED;30 boulevard Saint-Michel, 44000 Nantes;;WEB
ORD-20260604-00474;ORD-20260604-00474-2;2026-06-04 13:10:26;C011549;S0583;P006521;1;4271;0,00;EUR;FR;CARD;DELIVERED;30 boulevard Saint-Michel, 44000 Nantes;;WEB
ORD-20260604-00474;ORD-20260604-00474-3;2026-06-04 13:10:26;C011549;S0316;P006265;1;159,34;0,00;EUR;FR;CARD;delivered;30 boulevard Saint-Michel, 44000 Nantes;;WEB
ORD-20260604-00474;ORD-20260604-00474-4;2026-06-04 13:10:26;C011549;S0410;P002782;4;11,58;0,00;EUR;FR;CARD; DELIVERED ;30 boulevard Saint-Michel, 44000 Nantes;;WEB
ORD-20260604-00475;ORD-20260604-00475-1;2026-06-04 14:16:05;C009834;S0417;P001511;3;73,18;10,98;EUR;IT;CARD;SHIPPED;32 impasse du Moulin, 00184 Rome;;MOBILE_APP
ORD-20260604-00476;ORD-20260604-00476-1;2026-06-04 11:00:15;C015623;S0003;P000621;1;141,19;0,00;EUR;DE;CARD;PENDING;53 rue du Général Leclerc, 10115 Berlin;VIP20;WEB
ORD-20260604-00476;ORD-20260604-00476-2;2026-06-04 11:00:15;C015623;S0290;P007566;1;31,57;0,00;EUR;DE;CARD; PENDING ;53 rue du Général Leclerc, 10115 Berlin;VIP20;WEB
ORD-20260604-00476;ORD-20260604-00476-3;2026-06-04 11:00:15;C015623;S0318;P004225;2;35,58;0,00;EUR;DE;CARD;PENDING;53 rue du Général Leclerc, 10115 Berlin;VIP20;WEB
ORD-20260604-00477;ORD-20260604-00477-1;2026-06-04 20:23:10;C006921;S0551;P001795;4;76,61;45,97;EUR;NL;CARD;DELIVERED;78 impasse du Moulin, 1011 Amsterdam;FLASH5;MOBILE_APP
ORD-20260604-00477;ORD-20260604-00477-2;2026-06-04 20:23:10;C006921;S0519;P000247;1;136,78;0,00;EUR;NL;CARD;DELIVERED;78 impasse du Moulin, 1011 Amsterdam;FLASH5;MOBILE_APP
ORD-20260604-00478;ORD-20260604-00478-1;2026-06-04 08:07:13;C023887;S0170;P001069;1;71,15;10,67;EUR;FR;PAYPAL;SHIPPED;176 cours Gambetta, 75011 Paris;;MOBILE_APP
ORD-20260604-00478;ORD-20260604-00478-2;2026-06-04 08:07:13;C023887;S0475;P007904;1;28,74;4,31;EUR;FR;PAYPAL;SHIPPED;176 cours Gambetta, 75011 Paris;;MOBILE_APP
ORD-20260604-00478;ORD-20260604-00478-3;2026-06-04 08:07:13;C023887;S0539;P007572;1;57,18;2,86;EUR;FR;PAYPAL;Shipped;176 cours Gambetta, 75011 Paris;;MOBILE_APP
ORD-20260604-00479;ORD-20260604-00479-1;2026-06-04 16:40:44;C018700;S0417;P004696;1;53,46;2,67;EUR;FR;CARD;SHIPPED;34 route de Bordeaux, 69003 Lyon;;MOBILE_APP
ORD-20260604-00480;ORD-20260604-00480-1;2026-06-04 20:14:42;C024026;S0124;P006965;1;73,71;0,00;EUR;FR;CARD;DELIVERED;46 chemin des Vignes, 67000 Strasbourg;;MOBILE_APP
ORD-20260604-00480;ORD-20260604-00480-2;2026-06-04 20:14:42;C024026;S0046;P005930;3;23,62;0,00;EUR;FR;CARD;DELIVERED;46 chemin des Vignes, 67000 Strasbourg;;MOBILE_APP
ORD-20260604-00480;ORD-20260604-00480-3;2026-06-04 20:14:42;C024026;S0241;P000470;1;44,04;6,61;EUR;FR;CARD;DELIVERED;46 chemin des Vignes, 67000 Strasbourg;;MOBILE_APP
ORD-20260604-00480;ORD-20260604-00480-4;2026-06-04 20:14:42;C024026;S0440;P006758;1;56,22;0,00;EUR;FR;CARD;Delivered;46 chemin des Vignes, 67000 Strasbourg;;MOBILE_APP
ORD-20260604-00481;ORD-20260604-00481-1;2026-06-04 14:39:32;C002805;S0443;P000680;3;66,49;0,00;EUR;FR;PAYPAL;DELIVERED;146 allée des Peupliers, 13008 Marseille;;MOBILE_APP
ORD-20260604-00482;ORD-20260604-00482-1;2026-06-04 13:42:24;C014401;S0548;P003493;2;18,28;5,48;EUR;ES;PAYPAL;DELIVERED;82 rue du Général Leclerc, 28001 Madrid;FREESHIP;MARKETPLACE_API
ORD-20260604-00482;ORD-20260604-00482-2;2026-06-04 13:42:24;C014401;S0137;P006338;1;24,78;0,00;EUR;ES;PAYPAL;DELIVERED;82 rue du Général Leclerc, 28001 Madrid;FREESHIP;MARKETPLACE_API
ORD-20260604-00482;ORD-20260604-00482-3;2026-06-04 13:42:24;C014401;S0545;P002317;3;19,56;0,00;EUR;ES;PAYPAL;delivered;82 rue du Général Leclerc, 28001 Madrid;FREESHIP;MARKETPLACE_API
ORD-20260604-00483;ORD-20260604-00483-1;2026-06-04 21:36:06;C011604;S0105;P004260;1;48,28;0,00;EUR;DE;CARD;DELIVERED;89 place de l'Église, 10115 Berlin;FREESHIP;WEB
ORD-20260604-00484;ORD-20260604-00484-1;2026-06-04 19:14:32;C021215;S0200;P000915;1;90,05;0,00;EUR;ES;CARD;CANCELLED;107 quai des Chartrons, 08001 Barcelone;WELCOME15;MOBILE_APP
ORD-20260604-00484;ORD-20260604-00484-2;2026-06-04 19:14:32;C021215;S0430;P007945;1;191,07;9,55;EUR;ES;CARD; CANCELLED ;107 quai des Chartrons, 08001 Barcelone;WELCOME15;MOBILE_APP
ORD-20260604-00485;ORD-20260604-00485-1;2026-06-04 17:43:20;C024874;S0056;P006608;2;63,64;19,09;EUR;FR;CARD;DELIVERED;58 allée des Peupliers, 59000 Lille;WELCOME15;WEB
ORD-20260604-00486;ORD-20260604-00486-1;2026-06-04 07:29:45;C005819;S0137;P006144;1;22,56;3,38;EUR;FR;CARD; CANCELLED ;49 avenue des Tilleuls, 33000 Bordeaux;;WEB
ORD-20260604-00487;ORD-20260604-00487-1;2026-06-04 13:49:00;C018722;S0485;P007592;1;55,12;0,00;EUR;ES;CARD;DELIVERED;21 place de l'Église, 08001 Barcelone;;MARKETPLACE_API
ORD-20260604-00487;ORD-20260604-00487-2;2026-06-04 13:49:00;C018722;S0311;P005159;1;10,50;0,53;EUR;ES;CARD;DELIVERED;21 place de l'Église, 08001 Barcelone;;MARKETPLACE_API
ORD-20260604-00488;ORD-20260604-00488-1;2026-06-04 14:17:39;C012068;S0213;P002926;1;67,27;0,00;EUR;DE;CARD;DELIVERED;28 rue du Général Leclerc, 10115 Berlin;;WEB
ORD-20260604-00489;ORD-20260604-00489-1;2026-06-04 15:17:34;C014648;S0428;P007923;1;66,01;0,00;EUR;DE;CARD;CANCELLED;150 rue du Général Leclerc, 80331 Munich;;WEB
ORD-20260604-00490;ORD-20260604-00490-1;2026-06-04 15:13:36;C016027;S0336;P006136;1;237,91;0,00;EUR;FR;CARD; SHIPPED ;61 quai des Chartrons, 35000 Rennes;SUMMER10;MOBILE_APP
ORD-20260604-00491;ORD-20260604-00491-1;2026-06-04 17:37:19;C016955;S0546;P006732;3;36,89;0,00;EUR;FR;CARD;DELIVERED;96 quai des Chartrons, 31000 Toulouse;;MOBILE_APP
ORD-20260604-00492;ORD-20260604-00492-1;2026-06-04 17:22:42;C004292;S0414;P001008;2; 51,80;0,00;EUR;FR;CARD;DELIVERED;134 impasse du Moulin, 67000 Strasbourg;;MOBILE_APP
ORD-20260604-00493;ORD-20260604-00493-1;2026-06-04 18:35:48;C997976;S0589;P005374;1;17,59;1,76;EUR;FR;GIFTCARD;Delivered;117 place de l'Église, 44000 Nantes;;WEB
ORD-20260604-00494;ORD-20260604-00494-1;2026-06-04 14:08:08;C003441;S0405;P005260;1;135,56;6,78;EUR;NL;APPLEPAY;SHIPPED;158 rue Victor Hugo, 1011 Amsterdam;SUMMER10;MOBILE_APP
ORD-20260604-00494;ORD-20260604-00494-2;2026-06-04 14:08:08;C003441;S0282;P001063;3;39,60;5,94;EUR;NL;APPLEPAY;SHIPPED;158 rue Victor Hugo, 1011 Amsterdam;SUMMER10;MOBILE_APP
ORD-20260604-00495;ORD-20260604-00495-1;2026-06-04 21:06:46;C017103;S0077;P002299;1;33,12;0,00;EUR;FR;CARD; DELIVERED ;1 chemin des Vignes, 35000 Rennes;;MARKETPLACE_API
ORD-20260604-00496;ORD-20260604-00496-1;2026-06-04 12:35:42;C017909;S0092;P004529;1;43,08;0,00;EUR;FR;PAYPAL;Delivered;8 chemin des Vignes, 75011 Paris;FREESHIP;MOBILE_APP
ORD-20260604-00496;ORD-20260604-00496-2;2026-06-04 12:35:42;C017909;S0146;P007828;1;76,80;0,00;EUR;FR;PAYPAL;DELIVERED;8 chemin des Vignes, 75011 Paris;FREESHIP;MOBILE_APP
ORD-20260604-00496;ORD-20260604-00496-3;2026-06-04 12:35:42;C017909;S0321;P005485;1;53,51;0,00;EUR;FR;PAYPAL;DELIVERED;8 chemin des Vignes, 75011 Paris;FREESHIP;MOBILE_APP
ORD-20260604-00496;ORD-20260604-00496-4;2026-06-04 12:35:42;C017909;S0203;P000824;4;65,98;26,39;EUR;FR;PAYPAL;delivered;8 chemin des Vignes, 75011 Paris;FREESHIP;MOBILE_APP
ORD-20260604-00497;ORD-20260604-00497-1;2026-06-04 14:08:25;C001574;S0548;P000752;1;127,49;6,37;EUR;FR;CARD;DELIVERED;71 quai des Chartrons, 75011 Paris;SUMMER10;MOBILE_APP
ORD-20260604-00497;ORD-20260604-00497-2;2026-06-04 14:08:25;C001574;S0391;P003175;4;4123;16,49;EUR;FR;CARD;DELIVERED;71 quai des Chartrons, 75011 Paris;SUMMER10;MOBILE_APP
ORD-20260604-00497;ORD-20260604-00497-3;2026-06-04 14:08:25;C001574;S0527;P000445;1;22,56;2,26;EUR;FR;CARD;Delivered;71 quai des Chartrons, 75011 Paris;SUMMER10;MOBILE_APP
ORD-20260604-00498;ORD-20260604-00498-1;2026-06-04 20:30:14;C016707;S0478;P007806;1;84,12;12,62;EUR;FR;CARD;DELIVERED;106 place de l'Église, 35000 Rennes;WELCOME15;MOBILE_APP
ORD-20260604-00498;ORD-20260604-00498-2;2026-06-04 20:30:14;C016707;S0313;P005306;2;74,06;0,00;EUR;FR;CARD;DELIVERED;106 place de l'Église, 35000 Rennes;WELCOME15;MOBILE_APP
ORD-20260604-00498;ORD-20260604-00498-3;2026-06-04 20:30:14;C016707;S0342;P002309;1;57,15;0,00;EUR;FR;CARD;DELIVERED;106 place de l'Église, 35000 Rennes;WELCOME15;MOBILE_APP
ORD-20260604-00499;ORD-20260604-00499-1;2026-06-04 14:31:11;C012423;S0413;P004635;1;44,79;6,72;EUR;BE;CARD; DELIVERED ;58 cours Gambetta, 4000 Liège;;WEB
ORD-20260604-00499;ORD-20260604-00499-2;2026-06-04 14:31:11;C012423;S0412;P004230;1;181,02 €;18,10;EUR;BE;CARD;DELIVERED;58 cours Gambetta, 4000 Liège;;WEB
ORD-20260604-00499;ORD-20260604-00499-3;2026-06-04 14:31:11;C012423;S0218;P002655;4;141,31;0,00;EUR;BE;CARD;DELIVERED;58 cours Gambetta, 4000 Liège;;WEB
ORD-20260604-00500;ORD-20260604-00500-1;2026-06-04 16:25:15;C017221;S0069;P007492;1;143,46;0,00;EUR;FR;APPLEPAY;SHIPPED;1 rue Victor Hugo, 59000 Lille;;MOBILE_APP
ORD-20260604-00500;ORD-20260604-00500-2;2026-06-04 16:25:15;C017221;S0282;P004135;1;49,98;7,50;EUR;FR;APPLEPAY;SHIPPED;1 rue Victor Hugo, 59000 Lille;;MOBILE_APP
ORD-20260604-00500;ORD-20260604-00500-3;2026-06-04 16:25:15;C017221;S0355;P001841;1;21,93;1,10;EUR;FR;APPLEPAY;shipped;1 rue Victor Hugo, 59000 Lille;;MOBILE_APP
ORD-20260604-00500;ORD-20260604-00500-4;2026-06-04 16:25:15;C017221;S0278;P004206;1;28,43;1,42;EUR;FR;APPLEPAY;SHIPPED;1 rue Victor Hugo, 59000 Lille;;MOBILE_APP
ORD-20260604-00501;ORD-20260604-00501-1;2026-06-04 21:35:54;C004064;S0199;P000064;1;630;0,00;EUR;ES;CARD;DELIVERED;45 place de l'Église, 46001 Valence;;WEB
ORD-20260604-00501;ORD-20260604-00501-2;2026-06-04 21:35:54;C004064;S0500;P004818;2;36,37;0,00;EUR;ES;CARD;delivered;45 place de l'Église, 46001 Valence;;WEB
ORD-20260604-00501;ORD-20260604-00501-3;2026-06-04 21:35:54;C004064;S0324;P002515;2;99,13;0,00;EUR;ES;CARD;DELIVERED;45 place de l'Église, 46001 Valence;;WEB
ORD-20260604-00502;ORD-20260604-00502-1;2026-06-04 18:06:50;C008445;S0524;P003506;1;81,73;0,00;EUR;FR;PAYPAL;DELIVERED;124 rue Victor Hugo, 13008 Marseille;;WEB
ORD-20260604-00502;ORD-20260604-00502-2;2026-06-04 18:06:50;C008445;S0240;P002596;1;57,60;0,00;EUR;FR;PAYPAL;DELIVERED;124 rue Victor Hugo, 13008 Marseille;;WEB
ORD-20260604-00503;ORD-20260604-00503-1;2026-06-04 19:53:26;C006458;S0139;P004799;1;29,16;1,46;EUR;ES;CARD; DELIVERED ;170 place de l'Église, 46001 Valence;FLASH5;MOBILE_APP
ORD-20260604-00504;ORD-20260604-00504-1;2026-06-04 08:27:11;C019359;S0540;P006127;1;57,29;0,00;EUR;DE;CARD;Returned;90 allée des Peupliers, 20095 Hambourg;VIP20;WEB
ORD-20260604-00504;ORD-20260604-00504-2;2026-06-04 08:27:11;C019359;S0493;P005095;1; 178,56;0,00;EUR;DE;CARD;RETURNED;90 allée des Peupliers, 20095 Hambourg;VIP20;WEB
ORD-20260604-00504;ORD-20260604-00504-3;2026-06-04 08:27:11;C019359;S0473;P003540;2;11,84;0,00;EUR;DE;CARD;RETURNED;90 allée des Peupliers, 20095 Hambourg;VIP20;WEB
ORD-20260604-00505;ORD-20260604-00505-1;2026-06-04 15:12:02;C003657;S0482;P007726;4;41,49;24,89;EUR;NL;GIFTCARD;DELIVERED;57 impasse du Moulin, 1011 Amsterdam;;MOBILE_APP
ORD-20260604-00505;ORD-20260604-00505-2;2026-06-04 15:12:02;C003657;S0304;P002153;1;EUR 179,78;0,00;EUR;NL;GIFTCARD;DELIVERED;57 impasse du Moulin, 1011 Amsterdam;;MOBILE_APP
ORD-20260604-00506;ORD-20260604-00506-1;2026-06-04 17:30:59;C021180;S0538;P005345;1;49,08;2,45;EUR;FR;CARD;DELIVERED;120 rue Victor Hugo, 33000 Bordeaux;;WEB
ORD-20260604-00506;ORD-20260604-00506-2;2026-06-04 17:30:59;C021180;S0058;P005444;1;37,15;0,00;EUR;FR;CARD;DELIVERED;120 rue Victor Hugo, 33000 Bordeaux;;WEB
ORD-20260604-00506;ORD-20260604-00506-3;2026-06-04 17:30:59;C021180;S0302;P006496;2;104,11;20,82;EUR;FR;CARD; DELIVERED ;120 rue Victor Hugo, 33000 Bordeaux;;WEB
ORD-20260604-00507;ORD-20260604-00507-1;2026-06-04 12:34:37;C007256;S0315;P002181;1;74,55;3,73;EUR;FR;CARD;delivered;133 quai des Chartrons, 33000 Bordeaux;;WEB
ORD-20260604-00507;ORD-20260604-00507-2;2026-06-04 12:34:37;C007256;S0410;P002406;1;68,68;0,00;EUR;FR;CARD;DELIVERED;133 quai des Chartrons, 33000 Bordeaux;;WEB
ORD-20260604-00507;ORD-20260604-00507-3;2026-06-04 12:34:37;C007256;S0232;P004555;1;141,82;7,09;EUR;FR;CARD;DELIVERED;133 quai des Chartrons, 33000 Bordeaux;;WEB
ORD-20260604-00508;ORD-20260604-00508-1;2026-06-04 13:00:06;C014724;S0234;P002118;2;45,41;4,54;EUR;DE;CARD;RETURNED;8 rue Victor Hugo, 80331 Munich;;MOBILE_APP
ORD-20260604-00509;ORD-20260604-00509-1;2026-06-04 15:32:27;C015437;S0190;P002526;1;74,40;7,44;EUR;IT;CARD;DELIVERED;175 rue de la République, 00184 Rome;VIP20;WEB
ORD-20260604-00509;ORD-20260604-00509-2;2026-06-04 15:32:27;C015437;S0272;P000750;2;28,55;8,56;EUR;IT;CARD;DELIVERED;175 rue de la République, 00184 Rome;VIP20;WEB
ORD-20260604-00509;ORD-20260604-00509-3;2026-06-04 15:32:27;C015437;S0506;P006273;1;75,94;0,00;EUR;IT;CARD;DELIVERED;175 rue de la République, 00184 Rome;VIP20;WEB
ORD-20260604-00509;ORD-20260604-00509-4;2026-06-04 15:32:27;C015437;S0222;P004715;1;50,61;0,00;EUR;IT;CARD;DELIVERED;175 rue de la République, 00184 Rome;VIP20;WEB
ORD-20260604-00509;ORD-20260604-00509-5;2026-06-04 15:32:27;C015437;S0453;P001417;1;50,79;0,00;EUR;IT;CARD;delivered;175 rue de la République, 00184 Rome;VIP20;WEB
ORD-20260604-00510;ORD-20260604-00510-1;2026-06-04 23:16:31;C007595;S0253;P004294;2;45,31;13,59;EUR;IT;PAYPAL;DELIVERED;24 avenue des Tilleuls, 20121 Milan;VIP20;MARKETPLACE_API
ORD-20260604-00510;ORD-20260604-00510-2;2026-06-04 23:16:31;C007595;S0178;P006736;3;48,39;21,78;EUR;IT;PAYPAL;DELIVERED;24 avenue des Tilleuls, 20121 Milan;VIP20;MARKETPLACE_API
ORD-20260604-00510;ORD-20260604-00510-3;2026-06-04 23:16:31;C007595;S0304;P007529;1;94,47;9,45;EUR;IT;PAYPAL;DELIVERED;24 avenue des Tilleuls, 20121 Milan;VIP20;MARKETPLACE_API
ORD-20260604-00511;ORD-20260604-00511-1;2026-06-04 11:46:50;C017426;S0007;P004315;1;16516;0,00;EUR;FR;PAYPAL;RETURNED;107 route de Bordeaux, 35000 Rennes;VIP20;MOBILE_APP
ORD-20260604-00511;ORD-20260604-00511-2;2026-06-04 11:46:50;C017426;S0315;P002768;1;51,37;0,00;EUR;FR;PAYPAL;RETURNED;107 route de Bordeaux, 35000 Rennes;VIP20;MOBILE_APP
ORD-20260604-00512;ORD-20260604-00512-1;2026-06-04 17:47:09;C011746;S0178;P006736;1;52,71;2,64;EUR;DE;GIFTCARD;DELIVERED;125 impasse du Moulin, 10115 Berlin;SUMMER10;MOBILE_APP
ORD-20260604-00513;ORD-20260604-00513-1;2026-06-04 12:29:18;C021079;S0234;P005381;2;73,15;0,00;EUR;FR;CARD; DELIVERED ;157 boulevard Saint-Michel, 31000 Toulouse;VIP20;MOBILE_APP
ORD-20260604-00513;ORD-20260604-00513-2;2026-06-04 12:29:18;C021079;S0291;P006790;1;6,86;0,00;EUR;FR;CARD;DELIVERED;157 boulevard Saint-Michel, 31000 Toulouse;VIP20;MOBILE_APP
ORD-20260604-00514;ORD-20260604-00514-1;2026-06-04 14:47:29;C006496;S0269;P006434;4;30,48;6,10;EUR;ES;APPLEPAY;CANCELLED;124 boulevard Saint-Michel, 08001 Barcelone;;WEB
ORD-20260604-00515;ORD-20260604-00515-1;2026-06-04 10:01:46;C002514;S0012;P006284;1;47,18;4,72;EUR;DE;PAYPAL;DELIVERED;106 place de l'Église, 20095 Hambourg;SUMMER10;MOBILE_APP
ORD-20260604-00516;ORD-20260604-00516-1;2026-06-04 18:29:16;C019014;S0022;P002218;1;98,11;9,81;EUR;FR;CARD;DELIVERED;104 rue de la République, 44000 Nantes;SUMMER10;WEB
ORD-20260604-00516;ORD-20260604-00516-2;2026-06-04 18:29:16;C019014;S0535;P001602;2;8344;0,00;EUR;FR;CARD;DELIVERED;104 rue de la République, 44000 Nantes;SUMMER10;WEB
ORD-20260604-00517;ORD-20260604-00517-1;2026-06-04 18:30:12;C015978;S0421;P003585;2;33,64;3,36;EUR;FR;CARD;DELIVERED;122 allée des Peupliers, 33000 Bordeaux;FREESHIP;WEB
ORD-20260604-00517;ORD-20260604-00517-2;2026-06-04 18:30:12;C015978;S0091;P001645;1;155,10;0,00;EUR;FR;CARD; DELIVERED ;122 allée des Peupliers, 33000 Bordeaux;FREESHIP;WEB
ORD-20260604-00518;ORD-20260604-00518-1;2026-06-04 10:00:44;C018509;S0582;P007890;2;73,38;0,00;EUR;IT;PAYPAL;DELIVERED;145 allée des Peupliers, 00184 Rome;FLASH5;MARKETPLACE_API
ORD-20260604-00518;ORD-20260604-00518-2;2026-06-04 10:00:44;C018509;S0575;P004757;1;14,24;2,14;EUR;IT;PAYPAL;Delivered;145 allée des Peupliers, 00184 Rome;FLASH5;MARKETPLACE_API
ORD-20260604-00518;ORD-20260604-00518-3;2026-06-04 10:00:44;C018509;S0542;P000791;1;22,47;1,12;EUR;IT;PAYPAL; DELIVERED ;145 allée des Peupliers, 00184 Rome;FLASH5;MARKETPLACE_API
ORD-20260604-00519;ORD-20260604-00519-1;2026-06-04 11:24:22;C003172;S0296;P001915;3;19,48;0,00;EUR;FR;CARD;DELIVERED;64 rue du Général Leclerc, 33000 Bordeaux;;MOBILE_APP
ORD-20260604-00520;ORD-20260604-00520-1;2026-06-04 15:34:00;C004508;S0571;P002569;1;32,76;1,64;EUR;DE;TRANSFER; DELIVERED ;176 rue du Général Leclerc, 80331 Munich;;WEB
ORD-20260604-00521;ORD-20260604-00521-1;2026-06-04 15:05:25;C002707;S0023;P002796;1;56,20;0,00;EUR;DE;PAYPAL;Delivered;130 cours Gambetta, 20095 Hambourg;;MOBILE_APP
ORD-20260604-00521;ORD-20260604-00521-2;2026-06-04 15:05:25;C002707;S0369;P000209;-2;62,30;3,12;EUR;DE;PAYPAL;DELIVERED;130 cours Gambetta, 20095 Hambourg;;MOBILE_APP
ORD-20260604-00522;ORD-20260604-00522-1;2026-06-04 10:26:06;C017016;S0570;P002141;1;86,70;0,00;EUR;DE;CARD;DELIVERED;140 impasse du Moulin, 80331 Munich;;MOBILE_APP
ORD-20260604-00523;ORD-20260604-00523-1;2026-06-04 14:45:36;C013080;S0548;P005138;1;93,04;0,00;EUR;FR;CARD;DELIVERED;50 quai des Chartrons, 67000 Strasbourg;;MOBILE_APP
ORD-20260604-00524;ORD-20260604-00524-1;2026-06-04 19:06:21;C012973;S0495;P007922;4;6,91;0,00;EUR;FR;CARD;delivered;128 rue de la République, 31000 Toulouse;;MOBILE_APP
ORD-20260604-00524;ORD-20260604-00524-2;2026-06-04 19:06:21;C012973;S0107;P007653;2;70,45;0,00;EUR;FR;CARD;DELIVERED;128 rue de la République, 31000 Toulouse;;MOBILE_APP
ORD-20260604-00524;ORD-20260604-00524-3;2026-06-04 19:06:21;C012973;S0324;P006515;1;6,83;0,00;EUR;FR;CARD;DELIVERED;128 rue de la République, 31000 Toulouse;;MOBILE_APP
ORD-20260604-00524;ORD-20260604-00524-4;2026-06-04 19:06:21;C012973;S0467;P006860;1;70,11;0,00;EUR;FR;CARD;DELIVERED;128 rue de la République, 31000 Toulouse;;MOBILE_APP
ORD-20260604-00525;ORD-20260604-00525-1;2026-06-04 17:30:45;C002494;S0109;P006685;1;10,92;1,64;EUR;FR;APPLEPAY;delivered;69 route de Bordeaux, 67000 Strasbourg;WELCOME15;MOBILE_APP
ORD-20260604-00525;ORD-20260604-00525-2;2026-06-04 17:30:45;C002494;S0185;P001741;3;43,29;0,00;EUR;FR;APPLEPAY;DELIVERED;69 route de Bordeaux, 67000 Strasbourg;WELCOME15;MOBILE_APP
ORD-20260604-00525;ORD-20260604-00525-3;2026-06-04 17:30:45;C002494;S0498;P003993;1;70,55;10,58;EUR;FR;APPLEPAY;DELIVERED;69 route de Bordeaux, 67000 Strasbourg;WELCOME15;MOBILE_APP
ORD-20260604-00525;ORD-20260604-00525-4;2026-06-04 17:30:45;C002494;S0247;P000075;2;1174;2,35;EUR;FR;APPLEPAY;delivered;69 route de Bordeaux, 67000 Strasbourg;WELCOME15;MOBILE_APP
ORD-20260604-00526;ORD-20260604-00526-1;2026-06-04 20:34:50;C999165;S0016;P002120;1;76,08;0,00;EUR;FR;PAYPAL;DELIVERED;54 impasse du Moulin, 35000 Rennes;FLASH5;WEB
ORD-20260604-00527;ORD-20260604-00527-1;2026-06-04 16:37:35;C018762;S0422;P005174;2;64,42;6,44;EUR;ES;PAYPAL;Delivered;7 quai des Chartrons, 08001 Barcelone;;WEB
ORD-20260604-00527;ORD-20260604-00527-2;2026-06-04 16:37:35;C018762;S0490;P001121;1;87,47;4,37;EUR;ES;PAYPAL;DELIVERED;7 quai des Chartrons, 08001 Barcelone;;WEB
ORD-20260604-00527;ORD-20260604-00527-3;2026-06-04 16:37:35;C018762;S0508;P007378;1;66,19;9,93;EUR;ES;PAYPAL;Delivered;7 quai des Chartrons, 08001 Barcelone;;WEB
ORD-20260604-00527;ORD-20260604-00527-4;2026-06-04 16:37:35;C018762;S0229;P005310;1;222,16;0,00;EUR;ES;PAYPAL;Delivered;7 quai des Chartrons, 08001 Barcelone;;WEB
ORD-20260604-00528;ORD-20260604-00528-1;2026-06-04 14:17:28;C017302;S0322;P001480;1;75,52;3,78;EUR;DE;PAYPAL; DELIVERED ;175 cours Gambetta, 80331 Munich;;MARKETPLACE_API
ORD-20260604-00529;ORD-20260604-00529-1;2026-06-04 15:41:11;C022802;S0151;P003798;1;4647;0,00;EUR;IT;CARD;RETURNED;28 allée des Peupliers, 20121 Milan;SUMMER10;MARKETPLACE_API
ORD-20260604-00530;ORD-20260604-00530-1;2026-06-04 11:38:17;C015125;S0313;P005946;1;130,17;13,02;EUR;ES;PAYPAL; DELIVERED ;95 quai des Chartrons, 08001 Barcelone;;WEB
ORD-20260604-00530;ORD-20260604-00530-2;2026-06-04 11:38:17;C015125;S0268;P003131;1;9,79;0,00;EUR;ES;PAYPAL; DELIVERED ;95 quai des Chartrons, 08001 Barcelone;;WEB
ORD-20260604-00531;ORD-20260604-00531-1;2026-06-04 13:04:14;C000575;S0179;P003990;2;41,31;4,13;EUR;ES;CARD;Delivered;177 rue Victor Hugo, 46001 Valence;;WEB
ORD-20260604-00532;ORD-20260604-00532-1;2026-06-04 12:41:21;C018107;S0467;P005101;1;34,34;0,00;EUR;DE;CARD;returned;153 impasse du Moulin, 80331 Munich;VIP20;MOBILE_APP
ORD-20260604-00533;ORD-20260604-00533-1;2026-06-04 16:28:59;C024795;S0453;P001654;1;10,27;1,54;EUR;FR;PAYPAL;DELIVERED;30 cours Gambetta, 33000 Bordeaux;FLASH5;MOBILE_APP
ORD-20260604-00533;ORD-20260604-00533-2;2026-06-04 16:28:59;C024795;S0010;P002200;1;54,49;0,00;EUR;FR;PAYPAL;delivered;30 cours Gambetta, 33000 Bordeaux;FLASH5;MOBILE_APP
ORD-20260604-00534;ORD-20260604-00534-1;2026-06-04 14:01:58;C022682;S0531;P002551;1;71,43;10,71;EUR;DE;CARD;delivered;83 rue de la République, 10115 Berlin;;MOBILE_APP
ORD-20260604-00535;ORD-20260604-00535-1;2026-06-04 16:58:53;C020336;S0083;P006215;1;70,06;0,00;EUR;FR;CARD;DELIVERED;49 allée des Peupliers, 31000 Toulouse;FLASH5;WEB
ORD-20260604-00535;ORD-20260604-00535-2;2026-06-04 16:58:53;C020336;S0458;P000905;4;141,31;0,00;EUR;FR;CARD;DELIVERED;49 allée des Peupliers, 31000 Toulouse;FLASH5;WEB
ORD-20260604-00536;ORD-20260604-00536-1;2026-06-04 14:04:10;C009578;S0192;P005441;3;53,54;0,00;EUR;NL;PAYPAL;PENDING;28 impasse du Moulin, 1011 Amsterdam;;MOBILE_APP
ORD-20260604-00537;ORD-20260604-00537-1;2026-06-04 22:04:35;C000744;S0414;P002955;1;103,76;0,00;EUR;FR;CARD; DELIVERED ;124 impasse du Moulin, 59000 Lille;;WEB
ORD-20260604-00538;ORD-20260604-00538-1;2026-06-04 16:29:17;C008586;S0015;P004985;3;166,45;74,90;EUR;IT;CARD;Pending;146 cours Gambetta, 00184 Rome;;MOBILE_APP
ORD-20260604-00538;ORD-20260604-00538-2;2026-06-04 16:29:17;C008586;S0140;P001758;1;77,26;0,00;EUR;IT;CARD; PENDING ;146 cours Gambetta, 00184 Rome;;MOBILE_APP
ORD-20260604-00539;ORD-20260604-00539-1;2026-06-04 16:14:25;C011156;S0121;P002823;1;99,68;0,00;EUR;FR;CARD;DELIVERED;2 rue de la République, 69003 Lyon;;WEB
ORD-20260604-00539;ORD-20260604-00539-2;2026-06-04 16:14:25;C011156;S0455;P006718;1;251,45;37,72;EUR;FR;CARD;DELIVERED;2 rue de la République, 69003 Lyon;;WEB
ORD-20260604-00539;ORD-20260604-00539-3;2026-06-04 16:14:25;C011156;S0530;P006186;3;38,36;5,75;EUR;FR;CARD;Delivered;2 rue de la République, 69003 Lyon;;WEB
ORD-20260604-00540;ORD-20260604-00540-1;2026-06-04 10:22:02;C009469;S0445;P003530;2;71,12;7,11;EUR;FR;CARD; PENDING ;93 place de l'Église, 75011 Paris;SUMMER10;MOBILE_APP
ORD-20260604-00540;ORD-20260604-00540-2;2026-06-04 10:22:02;C009469;S0196;P001465;1;256,52;0,00;EUR;FR;CARD;Pending;93 place de l'Église, 75011 Paris;SUMMER10;MOBILE_APP
ORD-20260604-00540;ORD-20260604-00540-3;2026-06-04 10:22:02;C009469;S0478;P006799;1;242,60;0,00;EUR;FR;CARD;PENDING;93 place de l'Église, 75011 Paris;SUMMER10;MOBILE_APP
ORD-20260604-00541;ORD-20260604-00541-1;2026-06-04 09:15:15;C019069;S0593;P002266;1; 43,50;0,00;EUR;ES;CARD;DELIVERED;40 impasse du Moulin, 08001 Barcelone;SUMMER10;MOBILE_APP
ORD-20260604-00541;ORD-20260604-00541-2;2026-06-04 09:15:15;C019069;S0496;P000821;1;105,84;5,29;EUR;ES;CARD;DELIVERED;40 impasse du Moulin, 08001 Barcelone;SUMMER10;MOBILE_APP
ORD-20260604-00542;ORD-20260604-00542-1;2026-06-04 15:14:08;C003343;S0321;P006360;1;62,75;9,41;EUR;FR;CARD;DELIVERED;155 route de Bordeaux, 13008 Marseille;;WEB
ORD-20260604-00542;ORD-20260604-00542-2;2026-06-04 15:14:08;C003343;S0351;P000665;2;96,10;9,61;EUR;FR;CARD;DELIVERED;155 route de Bordeaux, 13008 Marseille;;WEB
ORD-20260604-00543;ORD-20260604-00543-1;2026-06-04 12:35:21;C010738;S0473;P007938;4;41,47;0,00;EUR;BE;PAYPAL;DELIVERED;92 rue de la République, 1000 Bruxelles;;WEB
ORD-20260604-00544;ORD-20260604-00544-1;2026-06-04 23:46:52;C024307;S0466;P005385;1;70,99;3,55;EUR;BE;PAYPAL;CANCELLED;12 boulevard Saint-Michel, 2000 Anvers;FLASH5;MOBILE_APP
ORD-20260604-00545;ORD-20260604-00545-1;2026-06-04 13:24:48;C011062;S0037;P003067;1;31,94;1,60;EUR;FR;CARD;DELIVERED;35 allée des Peupliers, 69003 Lyon;;WEB
ORD-20260604-00545;ORD-20260604-00545-2;2026-06-04 13:24:48;C011062;S0290;P000689;1;47,78;0,00;EUR;FR;CARD; DELIVERED ;35 allée des Peupliers, 69003 Lyon;;WEB
ORD-20260604-00545;ORD-20260604-00545-3;2026-06-04 13:24:48;C011062;S0005;P006362;1;71,67;0,00;EUR;FR;CARD;delivered;35 allée des Peupliers, 69003 Lyon;;WEB
ORD-20260604-00545;ORD-20260604-00545-4;2026-06-04 13:24:48;C011062;S0534;P000677;1;51,16;0,00;EUR;FR;CARD;DELIVERED;35 allée des Peupliers, 69003 Lyon;;WEB
ORD-20260604-00546;ORD-20260604-00546-1;2026-06-04 21:52:04;C004890;S0553;P004098;2;134,58;0,00;EUR;ES;PAYPAL;RETURNED;74 cours Gambetta, 08001 Barcelone;;WEB
ORD-20260604-00546;ORD-20260604-00546-2;2026-06-04 21:52:04;C004890;S0123;P000978;1;172,50;0,00;EUR;ES;PAYPAL;RETURNED;74 cours Gambetta, 08001 Barcelone;;WEB
ORD-20260604-00547;ORD-20260604-00547-1;2026-06-04 09:29:19;C024666;S0313;P000604;3;32,01;9,60;EUR;BE;CARD;Delivered;102 chemin des Vignes, 4000 Liège;SUMMER10;MOBILE_APP
ORD-20260604-00548;ORD-20260604-00548-1;2026-06-04 07:35:50;C006372;S0023;P001840;3;45,94;13,78;EUR;IT;CARD;DELIVERED;45 place de l'Église, 00184 Rome;;MOBILE_APP
ORD-20260604-00549;ORD-20260604-00549-1;2026-06-04 16:06:46;C021811;S0053;P003429;1;130,19;6,51;EUR;BE;TRANSFER; DELIVERED ;47 rue du Général Leclerc, 2000 Anvers;;WEB
ORD-20260604-00549;ORD-20260604-00549-2;2026-06-04 16:06:46;C021811;S0093;P004462;2;13,26;2,65;EUR;BE;TRANSFER;DELIVERED;47 rue du Général Leclerc, 2000 Anvers;;WEB
ORD-20260604-00549;ORD-20260604-00549-3;2026-06-04 16:06:46;C021811;S0192;P004364;2;139,85;41,95;EUR;BE;TRANSFER;DELIVERED;47 rue du Général Leclerc, 2000 Anvers;;WEB
ORD-20260604-00549;ORD-20260604-00549-4;2026-06-04 16:06:46;C021811;S0351;P006322;1;82,58;4,13;EUR;BE;TRANSFER;DELIVERED;47 rue du Général Leclerc, 2000 Anvers;;WEB
ORD-20260604-00549;ORD-20260604-00549-5;2026-06-04 16:06:46;C021811;S0524;P003506;1;84,77;0,00;EUR;BE;TRANSFER;DELIVERED;47 rue du Général Leclerc, 2000 Anvers;;WEB
ORD-20260604-00550;ORD-20260604-00550-1;2026-06-04 17:44:32;C010142;S0099;P007867;1;6,42;0,00;EUR;FR;CARD;SHIPPED;131 route de Bordeaux, 67000 Strasbourg;VIP20;MOBILE_APP
ORD-20260604-00550;ORD-20260604-00550-2;2026-06-04 17:44:32;C010142;S0011;P000081;3;18,35;8,26;EUR;FR;CARD;SHIPPED;131 route de Bordeaux, 67000 Strasbourg;VIP20;MOBILE_APP
ORD-20260604-00551;ORD-20260604-00551-1;2026-06-04 15:07:58;C010602;S0433;P001919;1;83,56;8,36;EUR;DE;CARD;PENDING;143 rue du Général Leclerc, 20095 Hambourg;VIP20;WEB
ORD-20260604-00552;ORD-20260604-00552-1;2026-06-04 10:06:05;C022205;S0401;P007600;1;24,50;0,00;EUR;DE;CARD;DELIVERED;171 chemin des Vignes, 10115 Berlin;;MOBILE_APP
ORD-20260604-00552;ORD-20260604-00552-2;2026-06-04 10:06:05;C022205;S0179;P006697;1;6,10;0,61;EUR;DE;CARD;delivered;171 chemin des Vignes, 10115 Berlin;;MOBILE_APP
ORD-20260604-00553;ORD-20260604-00553-1;2026-06-04 19:03:40;C010555;S0005;P006787;2;56,42;16,93;EUR;ES;CARD;SHIPPED;165 boulevard Saint-Michel, 08001 Barcelone;FREESHIP;MOBILE_APP
ORD-20260604-00553;ORD-20260604-00553-2;2026-06-04 19:03:40;C010555;S0012;P002021;1;55,60;5,56;EUR;ES;CARD;SHIPPED;165 boulevard Saint-Michel, 08001 Barcelone;FREESHIP;MOBILE_APP
ORD-20260604-00553;ORD-20260604-00553-3;2026-06-04 19:03:40;C998061;S0008;P002209;2;9,62;0,00;EUR;ES;CARD;SHIPPED;165 boulevard Saint-Michel, 08001 Barcelone;FREESHIP;MOBILE_APP
ORD-20260604-00553;ORD-20260604-00553-4;2026-06-04 19:03:40;C010555;S0155;P004953;1;75,68;0,00;EUR;ES;CARD;SHIPPED;165 boulevard Saint-Michel, 08001 Barcelone;FREESHIP;MOBILE_APP
ORD-20260604-00553;ORD-20260604-00553-5;2026-06-04 19:03:40;C010555;S0092;P001884;1;24,22;0,00;EUR;ES;CARD;SHIPPED;165 boulevard Saint-Michel, 08001 Barcelone;FREESHIP;MOBILE_APP
ORD-20260604-00554;ORD-20260604-00554-1;2026-06-04 15:36:07;C020854;S0581;P000058;1;67,97;6,80;EUR;BE;CARD;delivered;20 rue du Général Leclerc, 2000 Anvers;FREESHIP;WEB
ORD-20260604-00555;ORD-20260604-00555-1;2026-06-04 15:48:54;C015916;S0427;P002490;1;66,01;9,90;EUR;FR;CARD;cancelled;153 allée des Peupliers, 67000 Strasbourg;FREESHIP;WEB
ORD-20260604-00556;ORD-20260604-00556-1;2026-06-04 13:43:09;C020462;S0126;P005826;1;69,68;10,45;EUR;ES;CARD;DELIVERED;27 place de l'Église, 08001 Barcelone;FREESHIP;WEB
ORD-20260604-00556;ORD-20260604-00556-2;2026-06-04 13:43:09;C020462;S0269;P004729;1;58,66;0,00;EUR;ES;CARD;DELIVERED;27 place de l'Église, 08001 Barcelone;FREESHIP;WEB
ORD-20260604-00557;ORD-20260604-00557-1;2026-06-04 13:01:38;C017407;S0023;P005848;1;160,99;8,05;EUR;FR;TRANSFER;delivered;161 rue du Général Leclerc, 35000 Rennes;FLASH5;WEB
ORD-20260604-00557;ORD-20260604-00557-2;2026-06-04 13:01:38;C017407;S0269;P004094;2;75,52;22,66;EUR;FR;TRANSFER;DELIVERED;161 rue du Général Leclerc, 35000 Rennes;FLASH5;WEB
ORD-20260604-00558;ORD-20260604-00558-1;2026-06-04 15:19:50;C003524;S0479;P006888;2;84,63;0,00;EUR;IT;TRANSFER;DELIVERED;132 rue Victor Hugo, 00184 Rome;SUMMER10;WEB
ORD-20260604-00559;ORD-20260604-00559-1;2026-06-04 11:44:54;C010798;S0246;P004523;1;67,33;0,00;EUR;ES;CARD;DELIVERED;52 chemin des Vignes, 28001 Madrid;;MOBILE_APP
ORD-20260604-00559;ORD-20260604-00559-2;2026-06-04 11:44:54;C010798;S0033;P005660;1;56,58;2,83;EUR;ES;CARD; DELIVERED ;52 chemin des Vignes, 28001 Madrid;;MOBILE_APP
ORD-20260604-00560;ORD-20260604-00560-1;2026-06-04 18:21:05;C018432;S0457;P003815;1;22,40;0,00;EUR;FR;PAYPAL;DELIVERED;178 impasse du Moulin, 69003 Lyon;SUMMER10;WEB
ORD-20260604-00560;ORD-20260604-00560-2;2026-06-04 18:21:05;C018432;S0264;P003120;4;28,72;17,23;EUR;FR;PAYPAL;DELIVERED;178 impasse du Moulin, 69003 Lyon;SUMMER10;WEB
ORD-20260604-00560;ORD-20260604-00560-3;2026-06-04 18:21:05;C018432;S0127;P006989;2;18629;55,89;EUR;FR;PAYPAL;DELIVERED;178 impasse du Moulin, 69003 Lyon;SUMMER10;WEB
ORD-20260604-00560;ORD-20260604-00560-4;2026-06-04 18:21:05;C018432;S0414;P002955;3;97,25;0,00;EUR;FR;PAYPAL;DELIVERED;178 impasse du Moulin, 69003 Lyon;SUMMER10;WEB
ORD-20260604-00560;ORD-20260604-00560-5;2026-06-04 18:21:05;C018432;S0320;P000189;3;138,53;20,78;EUR;FR;PAYPAL;DELIVERED;178 impasse du Moulin, 69003 Lyon;SUMMER10;WEB
ORD-20260604-00561;ORD-20260604-00561-1;2026-06-04 03:31:15;C009816;S0455;P004391;1;75,95;0,00;EUR;NL;PAYPAL;DELIVERED;118 allée des Peupliers, 1011 Amsterdam;;WEB
ORD-20260604-00561;ORD-20260604-00561-2;2026-06-04 03:31:15;C009816;S0304;P007889;2;13,57;0,00;EUR;NL;PAYPAL;DELIVERED;118 allée des Peupliers, 1011 Amsterdam;;WEB
ORD-20260604-00562;ORD-20260604-00562-1;2026-06-04 19:52:25;C024015;S0260;P001905;1;71,54;0,00;EUR;FR;CARD;SHIPPED;67 rue du Général Leclerc, 44000 Nantes;;MOBILE_APP
ORD-20260604-00562;ORD-20260604-00562-2;2026-06-04 19:52:25;C024015;S0368;P005400;1;54,42;0,00;EUR;FR;CARD;SHIPPED;67 rue du Général Leclerc, 44000 Nantes;;MOBILE_APP
ORD-20260604-00563;ORD-20260604-00563-1;2026-06-04 10:53:35;C016725;S0124;P003470;1;155,29;23,29;EUR;FR;PAYPAL;DELIVERED;176 place de l'Église, 59000 Lille;;WEB
ORD-20260604-00564;ORD-20260604-00564-1;2026-06-04 13:14:48;C008684;S0170;P004577;2;15,28;0,00;EUR;FR;CARD;Delivered;116 avenue des Tilleuls, 67000 Strasbourg;;WEB
ORD-20260604-00565;ORD-20260604-00565-1;2026-06-04 04:03:56;C013254;S0414;P001008;1;50,23;0,00;EUR;FR;APPLEPAY;DELIVERED;129 chemin des Vignes, 35000 Rennes;FLASH5;WEB
ORD-20260604-00565;ORD-20260604-00565-2;2026-06-04 04:03:56;C013254;S0380;P003293;1;70,09;10,51;EUR;FR;APPLEPAY;delivered;129 chemin des Vignes, 35000 Rennes;FLASH5;WEB
ORD-20260604-00566;ORD-20260604-00566-1;2026-06-04 19:05:13;C010923;S0421;P002499;1;38,58;1,93;EUR;DE;APPLEPAY;DELIVERED;20 boulevard Saint-Michel, 10115 Berlin;;WEB
ORD-20260604-00567;ORD-20260604-00567-1;2026-06-04 12:53:48;C008006;S0145;P002287;2;194,79;0,00;EUR;ES;PAYPAL;DELIVERED;98 rue de la République, 08001 Barcelone;WELCOME15;MOBILE_APP
ORD-20260604-00568;ORD-20260604-00568-1;2026-06-04 19:19:53;C012224;S0002;P000666;1;45,22;2,26;EUR;ES;CARD;DELIVERED;158 cours Gambetta, 08001 Barcelone;;WEB
ORD-20260604-00568;ORD-20260604-00568-2;2026-06-04 19:19:53;C012224;S0375;P006371;3;92,76;0,00;EUR;ES;CARD;delivered;158 cours Gambetta, 08001 Barcelone;;WEB
ORD-20260604-00568;ORD-20260604-00568-3;2026-06-04 19:19:53;C012224;S0102;P002533;2;77,43;7,74;EUR;ES;CARD;DELIVERED;158 cours Gambetta, 08001 Barcelone;;WEB
ORD-20260604-00568;ORD-20260604-00568-4;2026-06-04 19:19:53;C012224;S0135;P005279;1;15,81;2,37;EUR;ES;CARD;DELIVERED;158 cours Gambetta, 08001 Barcelone;;WEB
ORD-20260604-00569;ORD-20260604-00569-1;2026-06-04 21:06:43;C012162;S0138;P006400;1;9,77;0,98;EUR;NL;PAYPAL;DELIVERED;164 place de l'Église, 1011 Amsterdam;WELCOME15;WEB
ORD-20260604-00569;ORD-20260604-00569-2;2026-06-04 21:06:43;C012162;S0036;P005984;2;67,38;0,00;EUR;NL;PAYPAL;DELIVERED;164 place de l'Église, 1011 Amsterdam;WELCOME15;WEB
ORD-20260604-00569;ORD-20260604-00569-3;2026-06-04 21:06:43;C012162;S0003;P003804;2;230,94;0,00;EUR;NL;PAYPAL;Delivered;164 place de l'Église, 1011 Amsterdam;WELCOME15;WEB
ORD-20260604-00570;ORD-20260604-00570-1;2026-06-04 15:25:14;C020268;S0588;P003275;2;63,67;12,73;EUR;DE;TRANSFER;delivered;171 allée des Peupliers, 20095 Hambourg;WELCOME15;WEB
ORD-20260604-00570;ORD-20260604-00570-1;2026-06-04 15:25:14;C020268;S0588;P003275;2;63,67;12,73;EUR;DE;TRANSFER;delivered;171 allée des Peupliers, 20095 Hambourg;WELCOME15;WEB
ORD-20260604-00570;ORD-20260604-00570-2;2026-06-04 15:25:14;C020268;S0010;P003162;1;10,19;0,00;EUR;DE;TRANSFER;Delivered;171 allée des Peupliers, 20095 Hambourg;WELCOME15;WEB
ORD-20260604-00570;ORD-20260604-00570-3;0000-00-00 00:00:00;C020268;S0251;P004175;2;58,24;11,65;EUR;DE;TRANSFER;Delivered;171 allée des Peupliers, 20095 Hambourg;WELCOME15;WEB
ORD-20260604-00570;ORD-20260604-00570-4;2026-06-04 15:25:14;C020268;S0186;P003083;1;81,85;12,28;EUR;DE;TRANSFER;DELIVERED;171 allée des Peupliers, 20095 Hambourg;WELCOME15;WEB
ORD-20260604-00570;ORD-20260604-00570-5;2026-06-04 15:25:14;C020268;S0240;P001290;1;82,75;8,28;EUR;DE;TRANSFER;DELIVERED;171 allée des Peupliers, 20095 Hambourg;WELCOME15;WEB
ORD-20260604-00571;ORD-20260604-00571-1;2026-06-04 18:28:02;C015383;S0197;P002413;1;10,78;1,62;EUR;IT;GIFTCARD;CANCELLED;85 cours Gambetta, 20121 Milan;;MOBILE_APP
ORD-20260604-00571;ORD-20260604-00571-2;2026-06-04 18:28:02;C015383;S0374;P001693;1;51,07;5,11;EUR;IT;GIFTCARD; CANCELLED ;85 cours Gambetta, 20121 Milan;;MOBILE_APP
ORD-20260604-00572;ORD-20260604-00572-1;2026-06-04 16:47:55;C022591;S0455;P004767;1;28,75;4,31;EUR;FR;CARD;DELIVERED;82 route de Bordeaux, 31000 Toulouse;FREESHIP;WEB
ORD-20260604-00572;ORD-20260604-00572-2;2026-06-04 16:47:55;C022591;S0309;P000625;1;54,16;0,00;EUR;FR;CARD;DELIVERED;82 route de Bordeaux, 31000 Toulouse;FREESHIP;WEB
ORD-20260604-00572;ORD-20260604-00572-3;2026-06-04 16:47:55;C022591;S0353;P002246;1;18,57;1,86;EUR;FR;CARD;DELIVERED;82 route de Bordeaux, 31000 Toulouse;FREESHIP;WEB
ORD-20260604-00573;ORD-20260604-00573-1;2026-06-04 12:08:37;C024546;S0277;P007204;1;174,89;0,00;EUR;DE;PAYPAL; DELIVERED ;152 quai des Chartrons, 10115 Berlin;FLASH5;MARKETPLACE_API
ORD-20260604-00574;ORD-20260604-00574-1;2026-06-04 13:49:22;C017685;S0303;P000778;1;65,08;6,51;EUR;FR;PAYPAL;DELIVERED;141 rue du Général Leclerc, 35000 Rennes;WELCOME15;MOBILE_APP
ORD-20260604-00575;ORD-20260604-00575-1;2026-06-04 14:51:59;C024740;S0215;P000644;1;90,07;9,01;EUR;BE;CARD;CANCELLED;17 route de Bordeaux, 2000 Anvers;SUMMER10;WEB
ORD-20260604-00576;ORD-20260604-00576-1;2026-06-04 13:23:12;C018597;S0297;P001791;1;82,88;0,00;EUR;BE;GIFTCARD; RETURNED ;6 rue Victor Hugo, 4000 Liège;;MOBILE_APP
ORD-20260604-00577;ORD-20260604-00577-1;2026-06-04 18:06:16;C010180;S0249;P005484;2;8,04;0,00;EUR;FR;TRANSFER;delivered;60 chemin des Vignes, 75011 Paris;VIP20;WEB
ORD-20260604-00577;ORD-20260604-00577-2;2026-06-04 18:06:16;C010180;S0455;P004767;1;28,05;0,00;EUR;FR;TRANSFER;DELIVERED;60 chemin des Vignes, 75011 Paris;VIP20;WEB
ORD-20260604-00577;ORD-20260604-00577-3;2026-06-04 18:06:16;C010180;S0578;P005114;4;30,78;0,00;EUR;FR;TRANSFER;DELIVERED;60 chemin des Vignes, 75011 Paris;VIP20;WEB
ORD-20260604-00577;ORD-20260604-00577-4;2026-06-04 18:06:16;C010180;S0053;P002833;4;60,92;24,37;EUR;FR;TRANSFER;delivered;60 chemin des Vignes, 75011 Paris;VIP20;WEB
ORD-20260604-00577;ORD-20260604-00577-5;2026-06-04 18:06:16;C010180;S0434;P003977;3;68,72;10,31;EUR;FR;TRANSFER;delivered;60 chemin des Vignes, 75011 Paris;VIP20;WEB
ORD-20260604-00578;ORD-20260604-00578-1;2026-06-04 14:02:02;C007242;S0495;P004130;1;15,53;1,55;EUR;BE;CARD; DELIVERED ;52 impasse du Moulin, 2000 Anvers;SUMMER10;MOBILE_APP
ORD-20260604-00579;ORD-20260604-00579-1;2026-06-04 09:30:23;C010353;S0234;P000004;1;45,02;0,00;EUR;ES;PAYPAL; DELIVERED ;179 allée des Peupliers, 08001 Barcelone;;WEB
ORD-20260604-00579;ORD-20260604-00579-2;2026-06-04 09:30:23;C010353;S0388;P002668;3;119,41;0,00;EUR;ES;PAYPAL;DELIVERED;179 allée des Peupliers, 08001 Barcelone;;WEB
ORD-20260604-00580;ORD-20260604-00580-1;2026-06-04 08:24:54;C009711;S0528;P001086;2;275,26;55,05;EUR;DE;CARD;DELIVERED;156 place de l'Église, 10115 Berlin;;MOBILE_APP
ORD-20260604-00580;ORD-20260604-00580-2;2026-06-04 08:24:54;C009711;S0136;P004208;1;99,33;9,93;EUR;DE;CARD;DELIVERED;156 place de l'Église, 10115 Berlin;;MOBILE_APP
ORD-20260604-00580;ORD-20260604-00580-3;2026-06-04 08:24:54;C009711;S0074;P001740;1;78,96;0,00;EUR;DE;CARD;Delivered;156 place de l'Église, 10115 Berlin;;MOBILE_APP
ORD-20260604-00580;ORD-20260604-00580-4;2026-06-04 08:24:54;C009711;S0551;P005972;1;25,13;0,00;EUR;DE;CARD; DELIVERED ;156 place de l'Église, 10115 Berlin;;MOBILE_APP
ORD-20260604-00580;ORD-20260604-00580-4;2026-06-04 08:24:54;C009711;S0551;P005972;1;25,13;0,00;EUR;DE;CARD; DELIVERED ;156 place de l'Église, 10115 Berlin;;MOBILE_APP
ORD-20260604-00580;ORD-20260604-00580-5;2026-06-04 08:24:54;C990143;S0189;P006056;2;83,16;24,95;EUR;DE;CARD;DELIVERED;156 place de l'Église, 10115 Berlin;;MOBILE_APP
ORD-20260604-00581;ORD-20260604-00581-1;2026-06-04 10:51:31;C016145;S0525;P000126;1;20,04;1,00;EUR;FR;CARD;DELIVERED;156 rue de la République, 44000 Nantes;;WEB
ORD-20260604-00581;ORD-20260604-00581-2;2026-06-04 10:51:31;C016145;S0043;P005320;3;27,55;0,00;EUR;FR;CARD; DELIVERED ;156 rue de la République, 44000 Nantes;;WEB
ORD-20260604-00582;ORD-20260604-00582-1;2026-06-04 13:14:41;C020241;S0525;P000167;2;31,38;0,00;EUR;DE;APPLEPAY;DELIVERED;34 allée des Peupliers, 80331 Munich;FREESHIP;WEB
ORD-20260604-00582;ORD-20260604-00582-2;2026-06-04 13:14:41;C020241;S0340;P002507;1;41,27;0,00;EUR;DE;APPLEPAY;DELIVERED;34 allée des Peupliers, 80331 Munich;FREESHIP;WEB
ORD-20260604-00582;ORD-20260604-00582-3;2026-06-04 13:14:41;C020241;S0395;P000298;3;54,82;0,00;EUR;DE;APPLEPAY; DELIVERED ;34 allée des Peupliers, 80331 Munich;FREESHIP;WEB
ORD-20260604-00582;ORD-20260604-00582-4;2026-06-04 13:14:41;C020241;S0575;P004138;1;85,38;8,54;EUR;DE;APPLEPAY;Delivered;34 allée des Peupliers, 80331 Munich;FREESHIP;WEB
ORD-20260604-00582;ORD-20260604-00582-5;2026-06-04 13:14:41;C020241;S0058;P004342;1;70,68;10,60;EUR;DE;APPLEPAY;Delivered;34 allée des Peupliers, 80331 Munich;FREESHIP;WEB
ORD-20260604-00583;ORD-20260604-00583-1;2026-06-04 10:47:58;C019873;S0362;P005410;1;69,33;3,47;EUR;DE;GIFTCARD;DELIVERED;132 cours Gambetta, 10115 Berlin;FLASH5;WEB
ORD-20260604-00584;ORD-20260604-00584-1;2026-06-04 19:04:02;C020614;S0512;P005478;2;11,97;3,59;EUR;NL;CARD;DELIVERED;81 rue du Général Leclerc, 1011 Amsterdam;;MOBILE_APP
ORD-20260604-00585;ORD-20260604-00585-1;2026-06-04 15:38:10;C017223;S0318;P004225;2;34,88;0,00;EUR;BE;TRANSFER;DELIVERED;107 avenue des Tilleuls, 2000 Anvers;SUMMER10;WEB
ORD-20260604-00585;ORD-20260604-00585-2;2026-06-04 15:38:10;C017223;S0420;P001206;4;191,54;0,00;EUR;BE;TRANSFER;DELIVERED;107 avenue des Tilleuls, 2000 Anvers;SUMMER10;WEB
ORD-20260604-00585;ORD-20260604-00585-3;2026-06-04 15:38:10;C017223;S0028;P000372;1;271,01;40,65;EUR;BE;TRANSFER;DELIVERED;107 avenue des Tilleuls, 2000 Anvers;SUMMER10;WEB
ORD-20260604-00585;ORD-20260604-00585-4;2026-06-04 15:38:10;C017223;S0138;P000195;2;286,92;28,69;EUR;BE;TRANSFER;DELIVERED;107 avenue des Tilleuls, 2000 Anvers;SUMMER10;WEB
ORD-20260604-00586;ORD-20260604-00586-1;2026-06-04 12:01:59;C013735;S0516;P007198;1;84,79;0,00;EUR;DE;PAYPAL;DELIVERED;12 chemin des Vignes, 20095 Hambourg;WELCOME15;MOBILE_APP
ORD-20260604-00587;ORD-20260604-00587-1;2026-06-04 22:56:07;C016065;S0240;P006182;1;178,88;26,83;EUR;FR;CARD;DELIVERED;71 rue du Général Leclerc, 44000 Nantes;VIP20;WEB
ORD-20260604-00588;ORD-20260604-00588-1;2026-06-04 11:26:40;C013296;S0274;P002975;1;71,79;7,18;EUR;FR;APPLEPAY;DELIVERED;84 rue du Général Leclerc, 67000 Strasbourg;;WEB
ORD-20260604-00588;ORD-20260604-00588-2;2026-06-04 11:26:40;C013296;S0299;P000673;1;79,82;0,00;EUR;FR;APPLEPAY;DELIVERED;84 rue du Général Leclerc, 67000 Strasbourg;;WEB
ORD-20260604-00589;ORD-20260604-00589-1;2026-06-04 11:25:04;C011717;S0144;P005955;1;14,45;0,72;EUR;IT;CARD; DELIVERED ;140 route de Bordeaux, 00184 Rome;FREESHIP;WEB
ORD-20260604-00590;ORD-20260604-00590-1;2026-06-04 13:19:12;C019529;S0591;P001212;1;19,48;1,95;EUR;IT;APPLEPAY;DELIVERED;109 quai des Chartrons, 00184 Rome;;WEB
ORD-20260604-00590;ORD-20260604-00590-2;2026-06-04 13:19:12;C019529;S0026;P000348;2;123,24;12,32;EUR;IT;APPLEPAY;DELIVERED;109 quai des Chartrons, 00184 Rome;;WEB
ORD-20260604-00590;ORD-20260604-00590-3;2026-06-04 13:19:12;C019529;S0423;P006129;1;74,87;0,00;EUR;IT;APPLEPAY;DELIVERED;109 quai des Chartrons, 00184 Rome;;WEB
ORD-20260604-00590;ORD-20260604-00590-4;2026-06-04 13:19:12;C019529;S0462;P007778;1;63,23;0,00;EUR;IT;APPLEPAY;DELIVERED;109 quai des Chartrons, 00184 Rome;;WEB
ORD-20260604-00590;ORD-20260604-00590-4;2026-06-04 13:19:12;C019529;S0462;P007778;1;63,23;0,00;EUR;IT;APPLEPAY;DELIVERED;109 quai des Chartrons, 00184 Rome;;WEB
ORD-20260604-00590;ORD-20260604-00590-5;2026-06-04 13:19:12;C019529;S0341;P002867;3;113,83;0,00;EUR;IT;APPLEPAY;DELIVERED;109 quai des Chartrons, 00184 Rome;;WEB
ORD-20260604-00591;ORD-20260604-00591-1;2026-06-04 12:03:00;C003048;S0170;P002037;1;35,86;3,59;EUR;FR;CARD;DELIVERED;140 route de Bordeaux, 75011 Paris;;MOBILE_APP
ORD-20260604-00592;ORD-20260604-00592-1;2026-06-04 17:06:52;C002779;S0558;P000139;1;24,93;3,74;EUR;DE;PAYPAL;delivered;68 chemin des Vignes, 20095 Hambourg;WELCOME15;WEB
ORD-20260604-00593;ORD-20260604-00593-1;2026-06-04 14:05:49;C000321;S0151;P001509;3;8079;0,00;EUR;FR;APPLEPAY;DELIVERED;156 rue Victor Hugo, 75011 Paris;;MOBILE_APP
ORD-20260604-00593;ORD-20260604-00593-2;2026-06-04 14:05:49;C000321;S0177;P002352;1;74,33;3,72;EUR;FR;APPLEPAY;DELIVERED;156 rue Victor Hugo, 75011 Paris;;MOBILE_APP
ORD-20260604-00594;ORD-20260604-00594-1;2026-06-04 15:43:30;C023781;S0245;P002564;1;79,29;7,93;EUR;DE;CARD; DELIVERED ;50 rue de la République, 10115 Berlin;;MARKETPLACE_API
ORD-20260604-00594;ORD-20260604-00594-2;2026-06-04 15:43:30;C023781;S0525;P002202;1;40,28;6,04;EUR;DE;CARD;DELIVERED;50 rue de la République, 10115 Berlin;;MARKETPLACE_API
ORD-20260604-00594;ORD-20260604-00594-3;2026-06-04 15:43:30;C023781;S0238;P006320;2;133,67;40,10;EUR;DE;CARD; DELIVERED ;50 rue de la République, 10115 Berlin;;MARKETPLACE_API
ORD-20260604-00595;ORD-20260604-00595-1;2026-06-04 16:08:01;C015730;S0558;P003043;1;31,09;0,00;EUR;ES;GIFTCARD; DELIVERED ;147 rue Victor Hugo, 28001 Madrid;;MOBILE_APP
ORD-20260604-00595;ORD-20260604-00595-2;2026-06-04 16:08:01;C015730;S0478;P003764;1;217,34;0,00;EUR;ES;GIFTCARD;DELIVERED;147 rue Victor Hugo, 28001 Madrid;;MOBILE_APP
ORD-20260604-00595;ORD-20260604-00595-3;2026-06-04 16:08:01;C015730;S0185;P005888;1;56,56;0,00;EUR;ES;GIFTCARD;DELIVERED;147 rue Victor Hugo, 28001 Madrid;;MOBILE_APP
ORD-20260604-00595;ORD-20260604-00595-4;2026-06-04 16:08:01;C015730;S0396;P002279;1;32,59;1,63;EUR;ES;GIFTCARD;DELIVERED;147 rue Victor Hugo, 28001 Madrid;;MOBILE_APP
ORD-20260604-00596;ORD-20260604-00596-1;2026-06-04 23:50:04;C002840;S0221;P007688;1;103,25;15,49;EUR;BE;CARD;Pending;142 rue Victor Hugo, 4000 Liège;FREESHIP;MARKETPLACE_API
ORD-20260604-00596;ORD-20260604-00596-2;2026-06-04 23:50:04;C002840;S0453;P002465;1;41,81;4,18;EUR;BE;CARD;PENDING;142 rue Victor Hugo, 4000 Liège;FREESHIP;MARKETPLACE_API
ORD-20260604-00597;ORD-20260604-00597-1;2026-06-04 09:12:27;C016481;S0394;P001621;1;72,37;0,00;EUR;FR;CARD;shipped;72 cours Gambetta, 35000 Rennes;;WEB
ORD-20260604-00597;ORD-20260604-00597-2;2026-06-04 09:12:27;C997481;S0264;P003120;1;23,72;3,56;EUR;FR;CARD;SHIPPED;72 cours Gambetta, 35000 Rennes;;WEB
ORD-20260604-00597;ORD-20260604-00597-2;2026-06-04 09:12:27;C997481;S0264;P003120;1;23,72;3,56;EUR;FR;CARD;SHIPPED;72 cours Gambetta, 35000 Rennes;;WEB
ORD-20260604-00598;ORD-20260604-00598-1;2026-06-04 23:51:10;C023786;S0337;P002301;1;110,01;11,00;EUR;ES;CARD; DELIVERED ;135 rue du Général Leclerc, 46001 Valence;;WEB
ORD-20260604-00598;ORD-20260604-00598-2;2026-06-04 23:51:10;C023786;S0495;P004130;1; 14,62;2,19;EUR;ES;CARD;Delivered;135 rue du Général Leclerc, 46001 Valence;;WEB
ORD-20260604-00598;ORD-20260604-00598-3;2026-06-04 23:51:10;C023786;S0333;P006801;1;29,60;0,00;EUR;ES;CARD;DELIVERED;135 rue du Général Leclerc, 46001 Valence;;WEB
ORD-20260604-00598;ORD-20260604-00598-4;2026-06-04 23:51:10;C023786;S0264;P007701;2;17,39;5,22;EUR;ES;CARD;DELIVERED;135 rue du Général Leclerc, 46001 Valence;;WEB
ORD-20260604-00599;ORD-20260604-00599-1;2026-06-04 12:17:43;C021364;S0180;P001368;1;78,15;11,72;EUR;FR;CARD;DELIVERED;80 route de Bordeaux, 59000 Lille;;WEB
ORD-20260604-00599;ORD-20260604-00599-2;2026-06-04 12:17:43;C021364;S0590;P003036;3;208,61;0,00;EUR;FR;CARD;DELIVERED;80 route de Bordeaux, 59000 Lille;;WEB
ORD-20260604-00599;ORD-20260604-00599-3;2026-06-04 12:17:43;C021364;S0100;P001690;2;238,19;71,46;EUR;FR;CARD;DELIVERED;80 route de Bordeaux, 59000 Lille;;WEB
ORD-20260604-00600;ORD-20260604-00600-1;2026-06-04 18:11:00;C022319;S0103;P001991;1;7307;7,31;EUR;IT;CARD;DELIVERED;148 rue du Général Leclerc, 20121 Milan;SUMMER10;MOBILE_APP
ORD-20260604-00601;ORD-20260604-00601-1;2026-06-04 14:28:00;C993032;S0485;P002462;1;83,51;8,35;EUR;FR;CARD;DELIVERED;100 cours Gambetta, 69003 Lyon;SUMMER10;MOBILE_APP
ORD-20260604-00602;ORD-20260604-00602-1;2026-06-04 18:31:08;C012467;S0342;P002404;3;20,62;3,09;EUR;FR;CARD;DELIVERED;130 rue du Général Leclerc, 59000 Lille;FLASH5;MOBILE_APP
ORD-20260604-00603;ORD-20260604-00603-1;2026-06-04 08:46:06;C007382;S0191;P005218;2;42,25;0,00;EUR;FR;PAYPAL;DELIVERED;152 chemin des Vignes, 44000 Nantes;VIP20;WEB
ORD-20260604-00603;ORD-20260604-00603-2;2026-06-04 08:46:06;C007382;S0565;P001673;1;63,90;3,20;EUR;FR;PAYPAL; DELIVERED ;152 chemin des Vignes, 44000 Nantes;VIP20;WEB
ORD-20260604-00603;ORD-20260604-00603-3;2026-06-04 08:46:06;C007382;S0410;P004550;1;70,07;0,00;EUR;FR;PAYPAL;delivered;152 chemin des Vignes, 44000 Nantes;VIP20;WEB
ORD-20260604-00603;ORD-20260604-00603-4;2026-06-04 08:46:06;C007382;S0130;P000754;1;51,82;7,77;EUR;FR;PAYPAL;DELIVERED;152 chemin des Vignes, 44000 Nantes;VIP20;WEB
ORD-20260604-00603;ORD-20260604-00603-5;2026-06-04 08:46:06;C007382;S0009;P007389;1;30,96;3,10;EUR;FR;PAYPAL;DELIVERED;152 chemin des Vignes, 44000 Nantes;VIP20;WEB
ORD-20260604-00604;ORD-20260604-00604-1;2026-06-04 15:36:55;C002778;S0118;P004457;1;35,08;0,00;EUR;FR;CARD;shipped;117 avenue des Tilleuls, 13008 Marseille;;MOBILE_APP
ORD-20260604-00604;ORD-20260604-00604-2;2026-06-04 15:36:55;C002778;S0183;P006218;2;103,59;31,08;EUR;FR;CARD; SHIPPED ;117 avenue des Tilleuls, 13008 Marseille;;MOBILE_APP
ORD-20260604-00605;ORD-20260604-00605-1;2026-06-04 11:48:50;C002690;S0576;P000857;1;44,35;6,65;EUR;FR;TRANSFER;DELIVERED;137 impasse du Moulin, 69003 Lyon;FREESHIP;MARKETPLACE_API
ORD-20260604-00605;ORD-20260604-00605-2;2026-06-04 11:48:50;C002690;S0328;P006061;3;264,39;0,00;EUR;FR;TRANSFER; DELIVERED ;137 impasse du Moulin, 69003 Lyon;FREESHIP;MARKETPLACE_API
ORD-20260604-00606;ORD-20260604-00606-1;2026-06-04 09:42:19;C022227;S0348;P003636;3;69,47;0,00;EUR;DE;CARD;DELIVERED;42 rue de la République, 20095 Hambourg;SUMMER10;WEB
ORD-20260604-00606;ORD-20260604-00606-2;2026-06-04 09:42:19;C022227;S0307;P004856;1;46,65;0,00;EUR;DE;CARD;Delivered;42 rue de la République, 20095 Hambourg;SUMMER10;WEB
ORD-20260604-00606;ORD-20260604-00606-3;2026-06-04 09:42:19;C022227;S0367;P002100;1;6933;0,00;EUR;DE;CARD;DELIVERED;42 rue de la République, 20095 Hambourg;SUMMER10;WEB
ORD-20260604-00606;ORD-20260604-00606-4;2026-06-04 09:42:19;C022227;S0515;P000073;3;41,66;18,75;EUR;DE;CARD;delivered;42 rue de la République, 20095 Hambourg;SUMMER10;WEB
ORD-20260604-00606;ORD-20260604-00606-5;2026-06-04 09:42:19;C022227;S0444;P005256;2;24,04;2,40;EUR;DE;CARD;DELIVERED;42 rue de la République, 20095 Hambourg;SUMMER10;WEB
ORD-20260604-00607;ORD-20260604-00607-1;2026-06-04 20:25:44;C021977;S0530;P007289;1;80,35;0,00;EUR;BE;GIFTCARD;DELIVERED;143 allée des Peupliers, 4000 Liège;;MOBILE_APP
ORD-20260604-00608;ORD-20260604-00608-1;2026-06-04 15:54:22;C005249;S0204;P002854;1;50,34;5,03;EUR;ES;TRANSFER;CANCELLED;91 quai des Chartrons, 46001 Valence;;WEB
ORD-20260604-00608;ORD-20260604-00608-2;2026-06-04 15:54:22;C005249;S0056;P003731;1;59,30;8,89;EUR;ES;TRANSFER;CANCELLED;91 quai des Chartrons, 46001 Valence;;WEB
ORD-20260604-00609;ORD-20260604-00609-1;2026-06-04 21:48:49;C010975;S0573;P005555;1;59,21;5,92;EUR;FR;CARD;SHIPPED;3 route de Bordeaux, 75011 Paris;FREESHIP;WEB
ORD-20260604-00610;ORD-20260604-00610-1;2026-06-04 17:46:40;C021665;S0273;P006157;1;64,15;0,00;EUR;NL;CARD;Delivered;7 place de l'Église, 1011 Amsterdam;WELCOME15;WEB
ORD-20260604-00610;ORD-20260604-00610-2;2026-06-04 17:46:40;C021665;S0249;P006524;1;61,60;6,16;EUR;NL;CARD;Delivered;7 place de l'Église, 1011 Amsterdam;WELCOME15;WEB
ORD-20260604-00611;ORD-20260604-00611-1;2026-06-04 13:56:08;C002068;S0368;P004911;2;75,86;15,17;EUR;IT;CARD;RETURNED;47 chemin des Vignes, 20121 Milan;;WEB
ORD-20260604-00611;ORD-20260604-00611-2;2026-06-04 13:56:08;C002068;S0035;P006675;1;81,12;0,00;EUR;IT;CARD;RETURNED;47 chemin des Vignes, 20121 Milan;;WEB
ORD-20260604-00611;ORD-20260604-00611-3;2026-06-04 13:56:08;C002068;S0549;P007524;1;122,41;18,36;EUR;IT;CARD;RETURNED;47 chemin des Vignes, 20121 Milan;;WEB
ORD-20260604-00611;ORD-20260604-00611-4;2026-06-04 13:56:08;C002068;S0307;P004856;1;42,71;4,27;EUR;IT;CARD;Returned;47 chemin des Vignes, 20121 Milan;;WEB
ORD-20260604-00612;ORD-20260604-00612-1;2026-06-04 18:37:37;C018248;S0191;P005522;1;46,19;0,00;EUR;DE;CARD;SHIPPED;177 rue de la République, 80331 Munich;FLASH5;MARKETPLACE_API
ORD-20260604-00612;ORD-20260604-00612-1;2026-06-04 18:37:37;C018248;S0191;P005522;1;46,19;0,00;EUR;DE;CARD;SHIPPED;177 rue de la République, 80331 Munich;FLASH5;MARKETPLACE_API
ORD-20260604-00612;ORD-20260604-00612-2;2026-06-04 18:37:37;C018248;S0046;P005930;1;23,68;1,18;EUR;DE;CARD;SHIPPED;177 rue de la République, 80331 Munich;FLASH5;MARKETPLACE_API
ORD-20260604-00613;ORD-20260604-00613-1;2026-06-04 17:29:51;C011494;S0349;P006557;1;47,97;0,00;EUR;BE;CARD;RETURNED;45 rue de la République, 2000 Anvers;;MOBILE_APP
ORD-20260604-00613;ORD-20260604-00613-2;2026-06-04 17:29:51;C011494;S0390;P006299;2;67,82;20,35;EUR;BE;CARD;RETURNED;45 rue de la République, 2000 Anvers;;MOBILE_APP
ORD-20260604-00613;ORD-20260604-00613-3;2026-06-04 17:29:51;C011494;S0049;P007872;1;190,83;0,00;EUR;BE;CARD;RETURNED;45 rue de la République, 2000 Anvers;;MOBILE_APP
ORD-20260604-00614;ORD-20260604-00614-1;2026-06-04 18:25:12;C013100;S0537;P005318;1;87,70;0,00;EUR;IT;TRANSFER;DELIVERED;178 cours Gambetta, 20121 Milan;FREESHIP;WEB
ORD-20260604-00614;ORD-20260604-00614-2;2026-06-04 18:25:12;C013100;S0385;P007559;1;38,27;0,00;EUR;IT;TRANSFER; DELIVERED ;178 cours Gambetta, 20121 Milan;FREESHIP;WEB
ORD-20260604-00614;ORD-20260604-00614-3;2026-06-04 18:25:12;C013100;S0329;P007980;1;173,83;0,00;EUR;IT;TRANSFER;DELIVERED;178 cours Gambetta, 20121 Milan;FREESHIP;WEB
ORD-20260604-00614;ORD-20260604-00614-4;2026-06-04 18:25:12;C013100;S0338;P000357;2;48,09;4,81;EUR;IT;TRANSFER;Delivered;178 cours Gambetta, 20121 Milan;FREESHIP;WEB
ORD-20260604-00615;ORD-20260604-00615-1;2026-06-04 14:58:34;C014223;S0439;P003916;1;4309;2,15;EUR;DE;CARD;delivered;14 cours Gambetta, 80331 Munich;FLASH5;MOBILE_APP
ORD-20260604-00616;ORD-20260604-00616-1;2026-06-04 09:38:26;C004185;S0581;P004118;2;68,85;20,65;EUR;FR;CARD;delivered;142 rue Victor Hugo, 13008 Marseille;;MOBILE_APP
ORD-20260604-00616;ORD-20260604-00616-2;2026-06-04 09:38:26;C004185;S0385;P003974;1;59,41;0,00;EUR;FR;CARD;delivered;142 rue Victor Hugo, 13008 Marseille;;MOBILE_APP
ORD-20260604-00617;ORD-20260604-00617-1;2026-06-04 09:55:18;C009576;S0104;P006705;4;65,37;39,22;EUR;IT;CARD;DELIVERED;132 quai des Chartrons, 20121 Milan;;MOBILE_APP
ORD-20260604-00618;ORD-20260604-00618-1;2026-06-04 14:26:36;C016738;S0052;P001996;4;55,57;0,00;EUR;FR;CARD;DELIVERED;155 quai des Chartrons, 35000 Rennes;;MOBILE_APP
ORD-20260604-00619;ORD-20260604-00619-1;2026-06-04 15:04:30;C000112;S0149;P000933;1;14,67;1,47;EUR;DE;TRANSFER;DELIVERED;7 impasse du Moulin, 20095 Hambourg;;MOBILE_APP
ORD-20260604-00619;ORD-20260604-00619-2;2026-06-04 15:04:30;C000112;S0303;P004262;1;72,33;10,85;EUR;DE;TRANSFER;DELIVERED;7 impasse du Moulin, 20095 Hambourg;;MOBILE_APP
ORD-20260604-00619;ORD-20260604-00619-3;2026-06-04 15:04:30;C000112;S0266;P002646;3;28,12;8,44;EUR;DE;TRANSFER;DELIVERED;7 impasse du Moulin, 20095 Hambourg;;MOBILE_APP
ORD-20260604-00620;ORD-20260604-00620-1;2026-06-04 20:16:38;C994686;S0497;P006704;1;7,13;0,71;EUR;FR;PAYPAL;DELIVERED;54 route de Bordeaux, 59000 Lille;FLASH5;MOBILE_APP
ORD-20260604-00621;ORD-20260604-00621-1;2026-06-04 12:13:35;C014347;S0568;P001872;2;75,74;7,57;EUR;ES;CARD;DELIVERED;47 rue de la République, 08001 Barcelone;;MOBILE_APP
ORD-20260604-00621;ORD-20260604-00621-2;2026-06-04 12:13:35;C014347;S0446;P005384;4;14,51;5,80;EUR;ES;CARD;DELIVERED;47 rue de la République, 08001 Barcelone;;MOBILE_APP
ORD-20260604-00622;ORD-20260604-00622-1;2026-06-04 09:18:43;C000438;S0553;P003741;1;42,01;0,00;EUR;FR;TRANSFER;delivered;50 boulevard Saint-Michel, 31000 Toulouse;VIP20;WEB
ORD-20260604-00623;ORD-20260604-00623-1;2026-06-04 19:35:09;C000157;S0463;P002832;1;3899;1,95;EUR;ES;APPLEPAY;returned;107 boulevard Saint-Michel, 46001 Valence;VIP20;MOBILE_APP
ORD-20260604-00624;ORD-20260604-00624-1;2026-06-04 23:02:34;C015786;S0405;P003334;1;71,29;0,00;EUR;BE;CARD;SHIPPED;114 place de l'Église, 4000 Liège;VIP20;MOBILE_APP
ORD-20260604-00624;ORD-20260604-00624-2;2026-06-04 23:02:34;C015786;S0251;P003569;2;26,59;5,32;EUR;BE;CARD;shipped;114 place de l'Église, 4000 Liège;VIP20;MOBILE_APP
ORD-20260604-00624;ORD-20260604-00624-3;2026-06-04 23:02:34;C015786;S0565;P006722;1;208,13;0,00;EUR;BE;CARD;SHIPPED;114 place de l'Église, 4000 Liège;VIP20;MOBILE_APP
ORD-20260604-00625;ORD-20260604-00625-1;2026-06-04 19:03:26;C008332;S0376;P007862;1;44,15;0,00;EUR;FR;CARD;DELIVERED;51 cours Gambetta, 35000 Rennes;SUMMER10;WEB
ORD-20260604-00626;ORD-20260604-00626-1;2026-06-04 14:15:00;C013417;S0523;P006568;1;15,64;0,78;EUR;BE;CARD;DELIVERED;85 rue Victor Hugo, 2000 Anvers;FREESHIP;MOBILE_APP
ORD-20260604-00626;ORD-20260604-00626-2;2026-06-04 14:15:00;C013417;S0487;P004522;1;6525;3,26;EUR;BE;CARD;delivered;85 rue Victor Hugo, 2000 Anvers;FREESHIP;MOBILE_APP
ORD-20260604-00626;ORD-20260604-00626-3;2026-06-04 14:15:00;C013417;S0389;P005789;2;89,40;0,00;EUR;BE;CARD;DELIVERED;85 rue Victor Hugo, 2000 Anvers;FREESHIP;MOBILE_APP
ORD-20260604-00627;ORD-20260604-00627-1;2026-06-04 18:47:51;C023979;S0513;P007171;1;149,29;14,93;EUR;DE;CARD;Delivered;172 avenue des Tilleuls, 20095 Hambourg;FLASH5;WEB
ORD-20260604-00627;ORD-20260604-00627-2;2026-06-04 18:47:51;C023979;S0276;P007876;1;82,57;0,00;EUR;DE;CARD;delivered;172 avenue des Tilleuls, 20095 Hambourg;FLASH5;WEB
ORD-20260604-00628;ORD-20260604-00628-1;2026-06-04 09:36:39;C021400;S0408;P003263;1;32,46;1,62;EUR;FR;CARD;CANCELLED;46 boulevard Saint-Michel, 69003 Lyon;;MOBILE_APP
ORD-20260604-00629;ORD-20260604-00629-1;2026-06-04 13:01:09;C004422;S0098;P002407;1;57,91;0,00;EUR;IT;APPLEPAY;RETURNED;170 chemin des Vignes, 00184 Rome;;MOBILE_APP
ORD-20260604-00629;ORD-20260604-00629-2;2026-06-04 13:01:09;C004422;S0196;P001465;1;251,22;12,56;EUR;IT;APPLEPAY;RETURNED;170 chemin des Vignes, 00184 Rome;;MOBILE_APP
ORD-20260604-00629;ORD-20260604-00629-3;2026-06-04 13:01:09;C004422;S0320;P000189;1;125,36;0,00;EUR;IT;APPLEPAY; RETURNED ;170 chemin des Vignes, 00184 Rome;;MOBILE_APP
ORD-20260604-00630;ORD-20260604-00630-1;2026-06-04 16:30:27;C002736;S0110;P007539;1;44,43;0,00;EUR;FR;PAYPAL;Cancelled;166 cours Gambetta, 69003 Lyon;;WEB
ORD-20260604-00631;ORD-20260604-00631-1;2026-06-04 13:20:27;C004605;S0513;P004399;1;15,17;0,76;EUR;ES;CARD;DELIVERED;104 rue de la République, 28001 Madrid;WELCOME15;MOBILE_APP
ORD-20260604-00631;ORD-20260604-00631-2;2026-06-04 13:20:27;C004605;S0095;P000054;2;72,03;0,00;EUR;ES;CARD;DELIVERED;104 rue de la République, 28001 Madrid;WELCOME15;MOBILE_APP
ORD-20260604-00631;ORD-20260604-00631-3;2026-06-04 13:20:27;C004605;S0180;P006458;1;81,33;8,13;EUR;ES;CARD;DELIVERED;104 rue de la République, 28001 Madrid;WELCOME15;MOBILE_APP
ORD-20260604-00631;ORD-20260604-00631-4;2026-06-04 13:20:27;C004605;S0473;P007998;2;65,43;0,00;EUR;ES;CARD;DELIVERED;104 rue de la République, 28001 Madrid;WELCOME15;MOBILE_APP
ORD-20260604-00632;ORD-20260604-00632-1;2026-06-04 10:09:47;C020827;S0507;P004585;1;82,64;4,13;EUR;FR;CARD;SHIPPED;179 rue de la République, 44000 Nantes;;MARKETPLACE_API
ORD-20260604-00632;ORD-20260604-00632-2;2026-06-04 10:09:47;C020827;S0199;P006621;1;16182;24,27;EUR;FR;CARD;SHIPPED;179 rue de la République, 44000 Nantes;;MARKETPLACE_API
ORD-20260604-00632;ORD-20260604-00632-3;2026-06-04 10:09:47;C020827;S0409;P001297;3;25,38;0,00;EUR;FR;CARD;SHIPPED;179 rue de la République, 44000 Nantes;;MARKETPLACE_API
ORD-20260604-00632;ORD-20260604-00632-4;2026-06-04 10:09:47;C991860;S0296;P001868;1;71,89;0,00;EUR;FR;CARD;SHIPPED;179 rue de la République, 44000 Nantes;;MARKETPLACE_API
ORD-20260604-00633;ORD-20260604-00633-1;2026-06-04 15:50:51;C012067;S0183;P000878;1;85,33;12,80;EUR;ES;PAYPAL;delivered;147 allée des Peupliers, 46001 Valence;WELCOME15;WEB
ORD-20260604-00634;ORD-20260604-00634-1;2026-06-04 19:05:11;C014769;S0210;P000009;2;59,67;17,90;EUR;FR;CARD;DELIVERED;113 rue de la République, 75011 Paris;VIP20;MOBILE_APP
ORD-20260604-00634;ORD-20260604-00634-2;2026-06-04 19:05:11;C014769;S0091;P002305;3;60,18;0,00;EUR;FR;CARD;DELIVERED;113 rue de la République, 75011 Paris;VIP20;MOBILE_APP
ORD-20260604-00635;ORD-20260604-00635-1;2026-06-04 18:40:18;C001464;S0434;P004424;2;125,85;12,59;EUR;NL;CARD;PENDING;171 impasse du Moulin, 1011 Amsterdam;SUMMER10;WEB
ORD-20260604-00635;ORD-20260604-00635-2;2026-06-04 18:40:18;C001464;S0300;P006015;1;46,48;6,97;EUR;NL;CARD;PENDING;171 impasse du Moulin, 1011 Amsterdam;SUMMER10;WEB
ORD-20260604-00636;ORD-20260604-00636-1;2026-06-04 13:43:46;C020818;S0053;P007987;1;17,98;0,90;EUR;FR;PAYPAL;DELIVERED;131 rue de la République, 44000 Nantes;FREESHIP;MOBILE_APP
ORD-20260604-00637;ORD-20260604-00637-1;2026-06-04 23:53:45;C006312;S0309;P007976;1;42,10;0,00;EUR;ES;TRANSFER;SHIPPED;83 rue du Général Leclerc, 46001 Valence;VIP20;WEB
ORD-20260604-00637;ORD-20260604-00637-2;2026-06-04 23:53:45;C006312;S0254;P004913;1;85,57;12,84;EUR;ES;TRANSFER;SHIPPED;83 rue du Général Leclerc, 46001 Valence;VIP20;WEB
ORD-20260604-00637;ORD-20260604-00637-3;2026-06-04 23:53:45;C006312;S0160;P005187;2;126,18;37,85;EUR;ES;TRANSFER;SHIPPED;83 rue du Général Leclerc, 46001 Valence;VIP20;WEB
ORD-20260604-00638;ORD-20260604-00638-1;2026-06-04 18:28:36;C003423;S0008;P005145;3;16,78;2,52;EUR;FR;CARD;RETURNED;92 rue de la République, 67000 Strasbourg;FREESHIP;WEB
ORD-20260604-00639;ORD-20260604-00639-1;2026-06-04 13:49:22;C003952;S0062;P002392;1;51,87;5,19;EUR;NL;CARD;delivered;51 rue de la République, 1011 Amsterdam;SUMMER10;MARKETPLACE_API
ORD-20260604-00639;ORD-20260604-00639-2;2026-06-04 13:49:22;C003952;S0407;P005065;1;217,81;32,67;EUR;NL;CARD;DELIVERED;51 rue de la République, 1011 Amsterdam;SUMMER10;MARKETPLACE_API
ORD-20260604-00640;ORD-20260604-00640-1;2026-06-04 16:42:17;C018499;S0093;P003075;1;73,87;0,00;EUR;FR;CARD;DELIVERED;15 impasse du Moulin, 13008 Marseille;FLASH5;WEB
ORD-20260604-00640;ORD-20260604-00640-2;2026-06-04 16:42:17;C018499;S0462;P005238;1;45,10;0,00;EUR;FR;CARD;DELIVERED;15 impasse du Moulin, 13008 Marseille;FLASH5;WEB
ORD-20260604-00641;ORD-20260604-00641-1;2026-06-04 07:24:58;C013335;S0186;P000852;3;92,12;0,00;EUR;FR;GIFTCARD;DELIVERED;99 chemin des Vignes, 33000 Bordeaux;;MOBILE_APP
ORD-20260604-00642;ORD-20260604-00642-1;2026-06-04 16:59:07;C002435;S0305;P003979;1;41,44;6,22;EUR;IT;CARD; DELIVERED ;146 cours Gambetta, 20121 Milan;;MOBILE_APP
ORD-20260604-00643;ORD-20260604-00643-1;2026-06-04 19:42:36;C010111;S0208;P004504;1;15,94;0,00;EUR;FR;CARD;delivered;114 avenue des Tilleuls, 33000 Bordeaux;;WEB
ORD-20260604-00644;ORD-20260604-00644-1;2026-06-04 17:08:51;C022190;S0521;P004713;1;165,40;16,54;EUR;NL;CARD;DELIVERED;45 rue du Général Leclerc, 1011 Amsterdam;;MARKETPLACE_API
ORD-20260604-00645;ORD-20260604-00645-1;2026-06-04 17:35:03;C002225;S0111;P002254;1;87,64;0,00;EUR;ES;PAYPAL;DELIVERED;151 route de Bordeaux, 28001 Madrid;VIP20;WEB
ORD-20260604-00646;ORD-20260604-00646-1;2026-06-04 07:35:51;C016945;S0332;P003216;1;52,15;2,61;EUR;IT;CARD;DELIVERED;163 rue du Général Leclerc, 00184 Rome;FREESHIP;WEB
ORD-20260604-00646;ORD-20260604-00646-2;2026-06-04 07:35:51;C016945;S0193;P002464;1;12,18;0,00;EUR;IT;CARD;DELIVERED;163 rue du Général Leclerc, 00184 Rome;FREESHIP;WEB
ORD-20260604-00646;ORD-20260604-00646-3;2026-06-04 07:35:51;C016945;S0576;P006613;1;13,69;2,05;EUR;IT;CARD;DELIVERED;163 rue du Général Leclerc, 00184 Rome;FREESHIP;WEB
ORD-20260604-00646;ORD-20260604-00646-4;2026-06-04 07:35:51;C016945;S0130;P007085;1;188,45;0,00;EUR;IT;CARD;DELIVERED;163 rue du Général Leclerc, 00184 Rome;FREESHIP;WEB
ORD-20260604-00646;ORD-20260604-00646-5;2026-06-04 07:35:51;C016945;S0390;P004676;1;55,71;0,00;EUR;IT;CARD;DELIVERED;163 rue du Général Leclerc, 00184 Rome;FREESHIP;WEB
ORD-20260604-00647;ORD-20260604-00647-1;2026-06-04 23:49:19;C023308;S0130;P000754;3;63,53;19,06;EUR;DE;CARD;SHIPPED;4 cours Gambetta, 80331 Munich;;WEB
ORD-20260604-00648;ORD-20260604-00648-1;2026-06-04 21:22:56;C021462;S0409;P007118;1;143,48;7,17;EUR;FR;CARD;DELIVERED;167 allée des Peupliers, 13008 Marseille;;MOBILE_APP
ORD-20260604-00649;ORD-20260604-00649-1;2026-06-04 10:33:54;C015612;S0017;P001994;1;189,51;0,00;EUR;BE;CARD;DELIVERED;14 rue Victor Hugo, 2000 Anvers;;MOBILE_APP
ORD-20260604-00650;ORD-20260604-00650-1;2026-06-04 17:38:27;C015042;S0450;P003326;1;55,65;0,00;EUR;ES;PAYPAL;RETURNED;7 avenue des Tilleuls, 28001 Madrid;;WEB
ORD-20260604-00650;ORD-20260604-00650-2;2026-06-04 17:38:27;C015042;S0471;P000214;1;66,18;0,00;EUR;ES;PAYPAL;Returned;7 avenue des Tilleuls, 28001 Madrid;;WEB
ORD-20260604-00650;ORD-20260604-00650-3;2026-06-04 17:38:27;C015042;S0200;P002280;2;11,48;0,00;EUR;ES;PAYPAL;RETURNED;7 avenue des Tilleuls, 28001 Madrid;;WEB
ORD-20260604-00650;ORD-20260604-00650-4;2026-06-04 17:38:27;C015042;S0237;P005629;1;68,30;3,42;EUR;ES;PAYPAL;RETURNED;7 avenue des Tilleuls, 28001 Madrid;;WEB
ORD-20260604-00651;ORD-20260604-00651-1;2026-06-04 11:31:06;C005857;S0185;P006440;3;121,79;0,00;EUR;IT;PAYPAL;CANCELLED;129 avenue des Tilleuls, 20121 Milan;;MOBILE_APP
ORD-20260604-00652;ORD-20260604-00652-1;2026-06-04 10:43:14;C010475;S0483;P000954;2;55,05;16,51;EUR;NL;CARD;DELIVERED;97 chemin des Vignes, 1011 Amsterdam;;WEB
ORD-20260604-00653;ORD-20260604-00653-1;2026-06-04 23:01:22;C024865;S0141;P001127;1;97,32;9,73;EUR;FR;CARD;RETURNED;146 allée des Peupliers, 44000 Nantes;;MOBILE_APP
ORD-20260604-00653;ORD-20260604-00653-2;2026-06-04 23:01:22;C024865;S0523;P006068;3;268,18;0,00;EUR;FR;CARD;Returned;146 allée des Peupliers, 44000 Nantes;;MOBILE_APP
ORD-20260604-00653;ORD-20260604-00653-3;2026-06-04 23:01:22;C024865;S0277;P005134;1;71,20;10,68;EUR;FR;CARD;RETURNED;146 allée des Peupliers, 44000 Nantes;;MOBILE_APP
ORD-20260604-00654;ORD-20260604-00654-1;2026-06-04 19:40:25;C015958;S0324;P007541;2;14,21;1,42;EUR;FR;CARD; DELIVERED ;97 quai des Chartrons, 44000 Nantes;FREESHIP;WEB
ORD-20260604-00654;ORD-20260604-00654-2;2026-06-04 19:40:25;C015958;S0292;P001777;1;13,35;0,00;EUR;FR;CARD;DELIVERED;97 quai des Chartrons, 44000 Nantes;FREESHIP;WEB
ORD-20260604-00655;ORD-20260604-00655-1;2026-06-04 15:50:57;C003964;S0165;P002403;1;234,38;0,00;EUR;BE;CARD;DELIVERED;99 route de Bordeaux, 1000 Bruxelles;VIP20;WEB
ORD-20260604-00656;ORD-20260604-00656-1;2026-06-04 18:47:10;C015730;S0159;P007916;1;56,55;2,83;EUR;ES;CARD;CANCELLED;35 rue Victor Hugo, 28001 Madrid;FREESHIP;MARKETPLACE_API
ORD-20260604-00656;ORD-20260604-00656-2;2026-06-04 18:47:10;C015730;S0010;P005838;2;71,70;0,00;EUR;ES;CARD;cancelled;35 rue Victor Hugo, 28001 Madrid;FREESHIP;MARKETPLACE_API
ORD-20260604-00656;ORD-20260604-00656-3;2026-06-04 18:47:10;C990158;S0563;P000960;1;41,30;0,00;EUR;ES;CARD;CANCELLED;35 rue Victor Hugo, 28001 Madrid;FREESHIP;MARKETPLACE_API
ORD-20260604-00656;ORD-20260604-00656-3;2026-06-04 18:47:10;C990158;S0563;P000960;1;41,30;0,00;EUR;ES;CARD;CANCELLED;35 rue Victor Hugo, 28001 Madrid;FREESHIP;MARKETPLACE_API
ORD-20260604-00656;ORD-20260604-00656-4;2026-06-04 18:47:10;C015730;S0262;P006595;1;34,59;3,46;EUR;ES;CARD;CANCELLED;35 rue Victor Hugo, 28001 Madrid;FREESHIP;MARKETPLACE_API
ORD-20260604-00656;ORD-20260604-00656-5;2026-06-04 18:47:10;C015730;S0253;P004294;1;38,83;0,00;EUR;ES;CARD;CANCELLED;35 rue Victor Hugo, 28001 Madrid;FREESHIP;MARKETPLACE_API
ORD-20260604-00657;ORD-20260604-00657-1;2026-06-04 15:35:08;C018610;S0256;P003280;2;39,45;0,00;EUR;BE;CARD;PENDING;131 place de l'Église, 1000 Bruxelles;SUMMER10;MOBILE_APP
ORD-20260604-00657;ORD-20260604-00657-2;2026-06-04 15:35:08;C018610;S0114;P006943;1;76,08;3,80;EUR;BE;CARD;PENDING;131 place de l'Église, 1000 Bruxelles;SUMMER10;MOBILE_APP
ORD-20260604-00657;ORD-20260604-00657-3;2026-06-04 15:35:08;C018610;S0309;P007420;1;79,19;0,00;EUR;BE;CARD;PENDING;131 place de l'Église, 1000 Bruxelles;SUMMER10;MOBILE_APP
ORD-20260604-00658;ORD-20260604-00658-1;2026-06-04 15:07:09;C000953;S0293;P005730;2;60,81;0,00;EUR;FR;GIFTCARD;DELIVERED;174 impasse du Moulin, 69003 Lyon;FLASH5;WEB
ORD-20260604-00658;ORD-20260604-00658-2;2026-06-04 15:07:09;C000953;S0404;P006984;1;150,17;0,00;EUR;FR;GIFTCARD;delivered;174 impasse du Moulin, 69003 Lyon;FLASH5;WEB
ORD-20260604-00658;ORD-20260604-00658-3;2026-06-04 15:07:09;C000953;S0582;P007921;1;123,95;0,00;EUR;FR;GIFTCARD;DELIVERED;174 impasse du Moulin, 69003 Lyon;FLASH5;WEB
ORD-20260604-00659;ORD-20260604-00659-1;2026-06-04 19:58:25;C002466;S0406;P003795;2;76,94;15,39;EUR;FR;CARD;cancelled;160 boulevard Saint-Michel, 75011 Paris;;MOBILE_APP
ORD-20260604-00659;ORD-20260604-00659-2;2026-06-04 19:58:25;C002466;S0331;P007009;2;78,35;7,83;EUR;FR;CARD;CANCELLED;160 boulevard Saint-Michel, 75011 Paris;;MOBILE_APP
ORD-20260604-00659;ORD-20260604-00659-3;2026-06-04 19:58:25;C002466;S0547;P006330;2;51,41;0,00;EUR;FR;CARD;CANCELLED;160 boulevard Saint-Michel, 75011 Paris;;MOBILE_APP
ORD-20260604-00659;ORD-20260604-00659-4;2026-06-04 19:58:25;C002466;S0062;P003929;1;54,70;8,21;EUR;FR;CARD;CANCELLED;160 boulevard Saint-Michel, 75011 Paris;;MOBILE_APP
ORD-20260604-00659;ORD-20260604-00659-5;2026-06-04 19:58:25;C002466;S0554;P003851;1;60,84;3,04;EUR;FR;CARD;CANCELLED;160 boulevard Saint-Michel, 75011 Paris;;MOBILE_APP
ORD-20260604-00660;ORD-20260604-00660-1;2026-06-04 14:02:47;C009765;S0046;P005244;3;30,37;0,00;EUR;ES;CARD;DELIVERED;98 boulevard Saint-Michel, 46001 Valence;;MOBILE_APP
ORD-20260604-00661;ORD-20260604-00661-1;2026-06-04 20:48:01;C018667;S0212;P006114;2;69,06;13,81;EUR;BE;CARD;Delivered;159 cours Gambetta, 4000 Liège;FLASH5;MOBILE_APP
ORD-20260604-00662;ORD-20260604-00662-1;2026-06-04 19:53:14;C009247;S0183;P001055;2;65,74;6,57;EUR;FR;CARD;Delivered;80 place de l'Église, 35000 Rennes;FLASH5;MARKETPLACE_API
ORD-20260604-00663;ORD-20260604-00663-1;2026-06-04 16:08:39;C014861;S0570;P005149;2;18,14;3,63;EUR;FR;CARD;DELIVERED;31 chemin des Vignes, 75011 Paris;FLASH5;WEB
ORD-20260604-00663;ORD-20260604-00663-2;2026-06-04 16:08:39;C014861;S0159;P006443;1;36,79;0,00;EUR;FR;CARD;DELIVERED;31 chemin des Vignes, 75011 Paris;FLASH5;WEB
ORD-20260604-00663;ORD-20260604-00663-3;2026-06-04 16:08:39;C014861;S0155;P007082;1;111,20;16,68;EUR;FR;CARD;DELIVERED;31 chemin des Vignes, 75011 Paris;FLASH5;WEB
ORD-20260604-00663;ORD-20260604-00663-4;2026-06-04 16:08:39;C014861;S0265;P005997;2;48,46;9,69;EUR;FR;CARD;Delivered;31 chemin des Vignes, 75011 Paris;FLASH5;WEB
ORD-20260604-00664;ORD-20260604-00664-1;2026-06-04 12:42:26;C002063;S0217;P005954;1;25,94;0,00;EUR;FR;PAYPAL;DELIVERED;67 quai des Chartrons, 59000 Lille;;MOBILE_APP
ORD-20260604-00664;ORD-20260604-00664-2;2026-06-04 12:42:26;C002063;S0196;P002884;1;101,93;10,19;EUR;FR;PAYPAL;Delivered;67 quai des Chartrons, 59000 Lille;;MOBILE_APP
ORD-20260604-00664;ORD-20260604-00664-3;2026-06-04 12:42:26;C002063;S0264;P002810;1;29,37;1,47;EUR;FR;PAYPAL;DELIVERED;67 quai des Chartrons, 59000 Lille;;MOBILE_APP
ORD-20260604-00664;ORD-20260604-00664-3;2026-06-04 12:42:26;C002063;S0264;P002810;1;29,37;1,47;EUR;FR;PAYPAL;DELIVERED;67 quai des Chartrons, 59000 Lille;;MOBILE_APP
ORD-20260604-00664;ORD-20260604-00664-4;2026-06-04 12:42:26;C002063;S0301;P004823;1;61,56;6,16;EUR;FR;PAYPAL;DELIVERED;67 quai des Chartrons, 59000 Lille;;MOBILE_APP
ORD-20260604-00665;ORD-20260604-00665-1;2026-06-04 11:16:06;C013317;S0445;P003794;1;63,00;0,00;EUR;FR;CARD;DELIVERED;141 allée des Peupliers, 69003 Lyon;;WEB
ORD-20260604-00666;ORD-20260604-00666-1;2026-06-04 22:00:09;C005006;S0558;P007573;2;42,81;4,28;EUR;FR;PAYPAL; PENDING ;97 rue du Général Leclerc, 67000 Strasbourg;;WEB
ORD-20260604-00667;ORD-20260604-00667-1;2026-06-04 10:31:13;C007325;S0554;P003851;1;63,65;0,00;EUR;ES;PAYPAL;DELIVERED;114 route de Bordeaux, 28001 Madrid;;MOBILE_APP
ORD-20260604-00668;ORD-20260604-00668-1;2026-06-04 15:08:25;C011927;S0217;P005954;1;26,19;0,00;EUR;DE;PAYPAL;DELIVERED;9 avenue des Tilleuls, 10115 Berlin;WELCOME15;WEB
ORD-20260604-00669;ORD-20260604-00669-1;2026-06-04 15:37:26;C024304;S0355;P006402;1;81,13;8,11;EUR;BE;CARD;DELIVERED;50 rue du Général Leclerc, 4000 Liège;;WEB
ORD-20260604-00669;ORD-20260604-00669-2;2026-06-04 15:37:26;C024304;S0292;P002722;2;28,67;0,00;EUR;BE;CARD;DELIVERED;50 rue du Général Leclerc, 4000 Liège;;WEB
ORD-20260604-00670;ORD-20260604-00670-1;2026-06-04 19:20:10;C004268;S0383;P001453;1;29,75;4,46;EUR;FR;PAYPAL;DELIVERED;177 quai des Chartrons, 31000 Toulouse;FLASH5;MARKETPLACE_API
ORD-20260604-00670;ORD-20260604-00670-2;2026-06-04 19:20:10;C004268;S0513;P001557;1;81,19;12,18;EUR;FR;PAYPAL;DELIVERED;177 quai des Chartrons, 31000 Toulouse;FLASH5;MARKETPLACE_API
ORD-20260604-00671;ORD-20260604-00671-1;2026-06-04 06:54:51;C024172;S0450;P000330;1;92,53;9,25;EUR;IT;CARD;DELIVERED;41 route de Bordeaux, 00184 Rome;FREESHIP;MOBILE_APP
ORD-20260604-00672;ORD-20260604-00672-1;2026-06-04 19:23:03;C016855;S0408;P004820;1;86,55;0,00;EUR;FR;CARD;delivered;6 rue de la République, 33000 Bordeaux;;MOBILE_APP
ORD-20260604-00672;ORD-20260604-00672-2;2026-06-04 19:23:03;C016855;S0319;P002736;1;20608;0,00;EUR;FR;CARD;DELIVERED;6 rue de la République, 33000 Bordeaux;;MOBILE_APP
ORD-20260604-00673;ORD-20260604-00673-1;2026-06-04 06:45:44;C009076;S0513;P004706;2;179,05;53,72;EUR;FR;PAYPAL; DELIVERED ;60 impasse du Moulin, 13008 Marseille;SUMMER10;MOBILE_APP
ORD-20260604-00673;ORD-20260604-00673-2;2026-06-04 06:45:44;C009076;S0277;P001245;2;13,38;2,68;EUR;FR;PAYPAL;Delivered;60 impasse du Moulin, 13008 Marseille;SUMMER10;MOBILE_APP
ORD-20260604-00673;ORD-20260604-00673-3;2026-06-04 06:45:44;C009076;S0356;P004723;1;22,63;0,00;EUR;FR;PAYPAL; DELIVERED ;60 impasse du Moulin, 13008 Marseille;SUMMER10;MOBILE_APP
ORD-20260604-00673;ORD-20260604-00673-4;2026-06-04 06:45:44;C009076;S0260;P004310;1;25,82;0,00;EUR;FR;PAYPAL;delivered;60 impasse du Moulin, 13008 Marseille;SUMMER10;MOBILE_APP
ORD-20260604-00673;ORD-20260604-00673-5;2026-06-04 06:45:44;C009076;S0342;P000560;1;9,61;0,00;EUR;FR;PAYPAL;DELIVERED;60 impasse du Moulin, 13008 Marseille;SUMMER10;MOBILE_APP
ORD-20260604-00674;ORD-20260604-00674-1;2026-06-04 10:40:15;C012749;S0354;P000782;1;83,78;0,00;EUR;ES;GIFTCARD; DELIVERED ;62 impasse du Moulin, 28001 Madrid;;WEB
ORD-20260604-00675;ORD-20260604-00675-1;2026-06-04 18:20:43;C009896;S0021;P000931;1;17,21;0,00;EUR;NL;CARD;DELIVERED;88 avenue des Tilleuls, 1011 Amsterdam;WELCOME15;WEB
ORD-20260604-00675;ORD-20260604-00675-2;2026-06-04 18:20:43;C009896;S0363;P007829;1;103,18;5,16;EUR;NL;CARD;DELIVERED;88 avenue des Tilleuls, 1011 Amsterdam;WELCOME15;WEB
ORD-20260604-00675;ORD-20260604-00675-3;2026-06-04 18:20:43;C009896;S0417;P004721;2;40,88;8,18;EUR;NL;CARD;DELIVERED;88 avenue des Tilleuls, 1011 Amsterdam;WELCOME15;WEB
ORD-20260604-00676;ORD-20260604-00676-1;2026-06-04 12:22:30;C003844;S0010;P003013;3;62,58;28,16;EUR;FR;PAYPAL;CANCELLED;17 route de Bordeaux, 69003 Lyon;;MOBILE_APP
ORD-20260604-00676;ORD-20260604-00676-2;2026-06-04 12:22:30;C003844;S0047;P000091;1;81,06;12,16;EUR;FR;PAYPAL;CANCELLED;17 route de Bordeaux, 69003 Lyon;;MOBILE_APP
ORD-20260604-00677;ORD-20260604-00677-1;2026-06-04 12:52:24;C003226;S0260;P004099;1;35,68;0,00;EUR;BE;PAYPAL;CANCELLED;153 cours Gambetta, 2000 Anvers;;WEB
ORD-20260604-00677;ORD-20260604-00677-2;2026-06-04 12:52:24;C003226;S0112;P002753;1;228,65;11,43;EUR;BE;PAYPAL;cancelled;153 cours Gambetta, 2000 Anvers;;WEB
ORD-20260604-00678;ORD-20260604-00678-1;2026-06-04 14:02:08;C006124;S0023;P005476;1;134,83;0,00;EUR;BE;APPLEPAY;DELIVERED;143 boulevard Saint-Michel, 4000 Liège;SUMMER10;MOBILE_APP
ORD-20260604-00678;ORD-20260604-00678-2;2026-06-04 14:02:08;C006124;S0383;P006706;1;102,63;5,13;EUR;BE;APPLEPAY;DELIVERED;143 boulevard Saint-Michel; Batiment B; 4000 Liège;SUMMER10;MOBILE_APP
ORD-20260604-00678;ORD-20260604-00678-3;2026-06-04 14:02:08;C006124;S0106;P007656;2;123,74;0,00;EUR;BE;APPLEPAY;delivered;143 boulevard Saint-Michel, 4000 Liège;SUMMER10;MOBILE_APP
ORD-20260604-00679;ORD-20260604-00679-1;2026-06-04 12:37:05;C022533;S0265;P005997;2;51,25;15,38;EUR;NL;APPLEPAY;Delivered;158 rue du Général Leclerc, 1011 Amsterdam;;WEB
ORD-20260604-00680;ORD-20260604-00680-1;2026-06-04 14:53:38;C016681;S0273;P001666;1;25,56;0,00;EUR;FR;CARD;DELIVERED;59 chemin des Vignes, 35000 Rennes;;WEB
ORD-20260604-00680;ORD-20260604-00680-2;2026-06-04 14:53:38;C016681;S0225;P002598;1;110,47;11,05;EUR;FR;CARD;DELIVERED;59 chemin des Vignes, 35000 Rennes;;WEB
ORD-20260604-00680;ORD-20260604-00680-3;2026-06-04 14:53:38;C016681;S0010;P001606;1;158,87;0,00;EUR;FR;CARD;DELIVERED;59 chemin des Vignes, 35000 Rennes;;WEB
ORD-20260604-00681;ORD-20260604-00681-1;2026-06-04 16:18:15;C022066;S0122;P007083;2;30,56;3,06;EUR;BE;CARD;Delivered;27 rue du Général Leclerc, 1000 Bruxelles;;WEB
ORD-20260604-00682;ORD-20260604-00682-1;2026-06-04 12:15:53;C019320;S0261;P002848;1;76,86;3,84;EUR;FR;PAYPAL;shipped;28 allée des Peupliers, 44000 Nantes;;WEB
ORD-20260604-00682;ORD-20260604-00682-2;2026-06-04 12:15:53;C019320;S0403;P006086;1;65,07;0,00;EUR;FR;PAYPAL; SHIPPED ;28 allée des Peupliers, 44000 Nantes;;WEB
ORD-20260604-00683;ORD-20260604-00683-1;2026-06-04 11:09:23;C008283;S0150;P007099;1;10,77;0,00;EUR;FR;PAYPAL; PENDING ;55 cours Gambetta, 33000 Bordeaux;;MOBILE_APP
ORD-20260604-00683;ORD-20260604-00683-2;2026-06-04 11:09:23;C008283;S0352;P001540;2;33,47;3,35;EUR;FR;PAYPAL;PENDING;55 cours Gambetta, 33000 Bordeaux;;MOBILE_APP
ORD-20260604-00684;ORD-20260604-00684-1;2026-06-04 14:42:40;C019391;S0328;P007318;2;166,62;33,32;EUR;BE;CARD;DELIVERED;156 avenue des Tilleuls, 2000 Anvers;;WEB
ORD-20260604-00685;ORD-20260604-00685-1;2026-06-04 07:27:27;C015868;S0231;P004484;1;63,69;0,00;EUR;BE;CARD;CANCELLED;100 rue Victor Hugo, 2000 Anvers;FLASH5;MOBILE_APP
ORD-20260604-00685;ORD-20260604-00685-2;2026-06-04 07:27:27;C015868;S0178;P005092;1;43,42;0,00;EUR;BE;CARD;CANCELLED;100 rue Victor Hugo, 2000 Anvers;FLASH5;MOBILE_APP
ORD-20260604-00685;ORD-20260604-00685-3;2026-06-04 07:27:27;C015868;S0406;P004747;2;118,60;11,86;EUR;BE;CARD;CANCELLED;100 rue Victor Hugo, 2000 Anvers;FLASH5;MOBILE_APP
ORD-20260604-00685;ORD-20260604-00685-4;2026-06-04 07:27:27;C015868;S0304;P004793;1;154,90;0,00;EUR;BE;CARD; CANCELLED ;100 rue Victor Hugo, 2000 Anvers;FLASH5;MOBILE_APP
ORD-20260604-00685;ORD-20260604-00685-5;2026-06-04 07:27:27;C015868;S0386;P004261;1;25,76;0,00;EUR;BE;CARD;CANCELLED;100 rue Victor Hugo, 2000 Anvers;FLASH5;MOBILE_APP
ORD-20260604-00686;ORD-20260604-00686-1;2026-06-04 13:18:44;C019082;S0589;P004088;1;118,62;0,00;EUR;FR;CARD;SHIPPED;32 rue du Général Leclerc, 44000 Nantes;SUMMER10;MOBILE_APP
ORD-20260604-00686;ORD-20260604-00686-2;2026-06-04 13:18:44;C019082;S0510;P002503;1;42,31;0,00;EUR;FR;CARD;Shipped;32 rue du Général Leclerc, 44000 Nantes;SUMMER10;MOBILE_APP
ORD-20260604-00686;ORD-20260604-00686-3;2026-06-04 13:18:44;C019082;S0391;P000712;1;5208;5,21;EUR;FR;CARD;SHIPPED;32 rue du Général Leclerc, 44000 Nantes;SUMMER10;MOBILE_APP
ORD-20260604-00687;ORD-20260604-00687-1;2026-06-04 16:06:21;C024530;S0361;P001018;1;57,15;0,00;EUR;FR;APPLEPAY; DELIVERED ;85 rue Victor Hugo, 69003 Lyon;WELCOME15;WEB
ORD-20260604-00687;ORD-20260604-00687-2;2026-06-04 16:06:21;C024530;S0189;P004124;1;36,98;3,70;EUR;FR;APPLEPAY; DELIVERED ;85 rue Victor Hugo, 69003 Lyon;WELCOME15;WEB
ORD-20260604-00688;ORD-20260604-00688-1;2026-06-04 20:31:37;C023489;S0500;P007428;1;66,02;3,30;EUR;FR;CARD;DELIVERED;84 route de Bordeaux, 59000 Lille;SUMMER10;MOBILE_APP
ORD-20260604-00689;ORD-20260604-00689-1;2026-06-04 13:21:20;C006199;S0543;P004188;1;52,94;0,00;EUR;BE;CARD;DELIVERED;108 avenue des Tilleuls, 4000 Liège;;WEB
ORD-20260604-00690;ORD-20260604-00690-1;2026-06-04 12:22:30;C014686;S0158;P001216;3;129,15;0,00;EUR;IT;GIFTCARD;DELIVERED;118 impasse du Moulin, 20121 Milan;WELCOME15;MOBILE_APP
ORD-20260604-00690;ORD-20260604-00690-2;2026-06-04 12:22:30;C014686;S0119;P002128;1;106,67;0,00;EUR;IT;GIFTCARD;delivered;118 impasse du Moulin, 20121 Milan;WELCOME15;MOBILE_APP
ORD-20260604-00690;ORD-20260604-00690-3;2026-06-04 12:22:30;C014686;S0536;P005805;1;21,73;3,26;EUR;IT;GIFTCARD;DELIVERED;118 impasse du Moulin, 20121 Milan;WELCOME15;MOBILE_APP
ORD-20260604-00690;ORD-20260604-00690-4;2026-06-04 12:22:30;C014686;S0095;P000375;1;83,69;0,00;EUR;IT;GIFTCARD;DELIVERED;118 impasse du Moulin, 20121 Milan;WELCOME15;MOBILE_APP
ORD-20260604-00691;ORD-20260604-00691-1;2026-06-04 15:19:54;C000060;S0077;P006644;2;36,06;0,00;EUR;IT;CARD;PENDING;96 boulevard Saint-Michel, 20121 Milan;;MOBILE_APP
ORD-20260604-00691;ORD-20260604-00691-2;2026-06-04 15:19:54;C000060;S0200;P000220;2;89,24;8,92;EUR;IT;CARD;PENDING;96 boulevard Saint-Michel, 20121 Milan;;MOBILE_APP
ORD-20260604-00692;ORD-20260604-00692-1;2026-06-04 15:37:11;C011135;S0199;P002297;1;2248;0,00;EUR;ES;CARD;DELIVERED;4 cours Gambetta, 28001 Madrid;VIP20;WEB
ORD-20260604-00692;ORD-20260604-00692-2;2026-06-04 15:37:11;C011135;S0522;P002995;1;210,69;10,53;EUR;ES;CARD;DELIVERED;4 cours Gambetta, 28001 Madrid;VIP20;WEB
ORD-20260604-00693;ORD-20260604-00693-1;2026-06-04 02:51:32;C018304;S0597;P006747;1;76,41;0,00;EUR;FR;PAYPAL;DELIVERED;73 cours Gambetta, 67000 Strasbourg;;MOBILE_APP
ORD-20260604-00694;ORD-20260604-00694-1;2026-06-04 18:09:22;C016110;S0598;P006421;2;29,92;5,98;EUR;DE;CARD;DELIVERED;94 allée des Peupliers, 20095 Hambourg;SUMMER10;WEB
ORD-20260604-00694;ORD-20260604-00694-2;2026-06-04 18:09:22;C016110;S0586;P002954;2;75,21;0,00;EUR;DE;CARD;DELIVERED;94 allée des Peupliers, 20095 Hambourg;SUMMER10;WEB
ORD-20260604-00694;ORD-20260604-00694-3;2026-06-04 18:09:22;C016110;S0460;P000769;3;17,76;0,00;EUR;DE;CARD;DELIVERED;94 allée des Peupliers, 20095 Hambourg;SUMMER10;WEB
ORD-20260604-00694;ORD-20260604-00694-4;2026-06-04 18:09:22;C016110;S0133;P000985;2;95,28;19,06;EUR;DE;CARD;DELIVERED;94 allée des Peupliers, 20095 Hambourg;SUMMER10;WEB
ORD-20260604-00694;ORD-20260604-00694-5;2026-06-04 18:09:22;C016110;S0597;P001399;1;14,86;0,74;EUR;DE;CARD;DELIVERED;94 allée des Peupliers, 20095 Hambourg;SUMMER10;WEB
ORD-20260604-00695;ORD-20260604-00695-1;2026-06-04 12:50:36;C006326;S0006;P000269;1;7,44;0,37;EUR;ES;PAYPAL;Delivered;136 boulevard Saint-Michel, 08001 Barcelone;;WEB
ORD-20260604-00696;ORD-20260604-00696-1;2026-06-04 15:31:13;C001048;S0533;P005981;1;170,14;0,00;EUR;FR;PAYPAL;DELIVERED;79 quai des Chartrons, 69003 Lyon;;MOBILE_APP
ORD-20260604-00696;ORD-20260604-00696-2;2026-06-04 15:31:13;C001048;S0300;P002759;3;221,02;0,00;EUR;FR;PAYPAL;DELIVERED;79 quai des Chartrons, 69003 Lyon;;MOBILE_APP
ORD-20260604-00696;ORD-20260604-00696-3;2026-06-04 15:31:13;C001048;S0017;P000110;1;67,04;10,06;EUR;FR;PAYPAL;DELIVERED;79 quai des Chartrons, 69003 Lyon;;MOBILE_APP
ORD-20260604-00696;ORD-20260604-00696-4;2026-06-04 15:31:13;C001048;S0460;P006085;1;74,13;0,00;EUR;FR;PAYPAL;DELIVERED;79 quai des Chartrons, 69003 Lyon;;MOBILE_APP
ORD-20260604-00696;ORD-20260604-00696-5;2026-06-04 15:31:13;C001048;S0517;P007132;1;48,40;4,84;EUR;FR;PAYPAL; DELIVERED ;79 quai des Chartrons, 69003 Lyon;;MOBILE_APP
ORD-20260604-00697;ORD-20260604-00697-1;2026-06-04 18:15:00;C009034;S0328;P007985;1;48,84;0,00;EUR;FR;CARD; PENDING ;124 rue Victor Hugo, 44000 Nantes;SUMMER10;WEB
ORD-20260604-00698;ORD-20260604-00698-1;2026-06-04 16:12:56;C011485;S0225;P002598;2; 115,28;0,00;EUR;BE;PAYPAL; DELIVERED ;112 chemin des Vignes, 4000 Liège;VIP20;MOBILE_APP
ORD-20260604-00699;ORD-20260604-00699-1;2026-06-04 20:49:19;C018403;S0236;P000949;1;101,26;10,13;EUR;FR;CARD;CANCELLED;96 boulevard Saint-Michel, 13008 Marseille;VIP20;MOBILE_APP
ORD-20260604-00699;ORD-20260604-00699-2;2026-06-04 20:49:19;C018403;S0319;P007353;1;1738;0,00;EUR;FR;CARD; CANCELLED ;96 boulevard Saint-Michel, 13008 Marseille;VIP20;MOBILE_APP
ORD-20260604-00699;ORD-20260604-00699-3;2026-06-04 20:49:19;C018403;S0500;P006969;2;64,05;0,00;EUR;FR;CARD;CANCELLED;96 boulevard Saint-Michel; Batiment D; 13008 Marseille;VIP20;MOBILE_APP
ORD-20260604-00700;ORD-20260604-00700-1;2026-06-04 13:22:39;C022596;S0457;P006373;1;238,35;0,00;EUR;DE;CARD;delivered;174 chemin des Vignes, 20095 Hambourg;;WEB
ORD-20260604-00700;ORD-20260604-00700-2;2026-06-04 13:22:39;C022