order_id;order_line_id;order_ts;customer_id;seller_id;product_id;quantity;unit_price;discount_amount;currency;shipping_country;payment_method;order_status;shipping_address
ORD-20260602-00000;ORD-20260602-00000-1;2026-06-02 17:50:34;C020528;S0435;P007704;1;146,81;0,00;EUR;FR;CARD;Delivered;114 quai des Chartrons, 69003 Lyon
ORD-20260602-00000;ORD-20260602-00000-2;2026-06-02 17:50:34;C020528;S0483;P002789;2;113,10;33,93;EUR;FR;CARD;delivered;114 quai des Chartrons, 69003 Lyon
ORD-20260602-00001;ORD-20260602-00001-1;2026-06-02 21:47:37;C017932;S0015;P005595;2;87,28;17,46;EUR;BE;PAYPAL;DELIVERED;107 quai des Chartrons; Batiment A; 2000 Anvers
ORD-20260602-00002;ORD-20260602-00002-1;2026-06-02 13:35:55;C020202;S0196;P003049;1;88,73;0,00;EUR;BE;CARD;Returned;70 rue Victor Hugo, 4000 Liège
ORD-20260602-00002;ORD-20260602-00002-2;2026-06-02 13:35:55;C020202;S0089;P001208;1;186,08;27,91;EUR;BE;CARD;RETURNED;70 rue Victor Hugo, 4000 Liège
ORD-20260602-00002;ORD-20260602-00002-3;2026-06-02 13:35:55;C020202;S0136;P004535;1;60,67;9,10;EUR;BE;CARD;RETURNED;70 rue Victor Hugo, 4000 Liège
ORD-20260602-00003;ORD-20260602-00003-1;2026-06-02 13:33:29;C019527;S0578;P002010;1;59,55;5,96;EUR;FR;CARD;DELIVERED;123 boulevard Saint-Michel; Batiment D; 35000 Rennes
ORD-20260602-00004;ORD-20260602-00004-1;2026-06-02 15:00:27;C009190;S0066;P006295;1;10,60;1,59;EUR;FR;CARD;returned;137 place de l'Église, 44000 Nantes
ORD-20260602-00004;ORD-20260602-00004-2;2026-06-02 15:00:27;C009190;S0179;P005077;1;40,32;0,00;EUR;FR;CARD;RETURNED;137 place de l'Église, 44000 Nantes
ORD-20260602-00004;ORD-20260602-00004-3;2026-06-02 15:00:27;C009190;S0577;P005091;2;144,19;14,42;EUR;FR;CARD;Returned;137 place de l'Église, 44000 Nantes
ORD-20260602-00005;ORD-20260602-00005-1;2026-06-02 16:36:51;C007491;S0025;P004673;1;77,07;7,71;EUR;FR;CARD;Delivered;175 rue Victor Hugo, 35000 Rennes
ORD-20260602-00005;ORD-20260602-00005-2;2026-06-02 16:36:51;C007491;S0092;P003256;1;36,39;1,82;EUR;FR;CARD;DELIVERED;175 rue Victor Hugo, 35000 Rennes
ORD-20260602-00006;ORD-20260602-00006-1;2026-06-02 12:33:03;C005644;S0560;P005259;3;21,10;6,33;EUR;FR;CARD;Delivered;49 route de Bordeaux, 44000 Nantes
ORD-20260602-00007;ORD-20260602-00007-1;2026-06-02 11:25:53;C002791;S0157;P004978;2;50,22;10,04;EUR;FR;CARD;DELIVERED;126 route de Bordeaux, 31000 Toulouse
ORD-20260602-00008;ORD-20260602-00008-1;2026-06-02 15:28:07;C007324;S0107;P002708;1;205,83;10,29;EUR;FR;CARD;Delivered;10 boulevard Saint-Michel, 69003 Lyon
ORD-20260602-00008;ORD-20260602-00008-2;2026-06-02 15:28:07;C007324;S0172;P000784;2;27,65;0,00;EUR;FR;CARD; DELIVERED ;10 boulevard Saint-Michel, 69003 Lyon
ORD-20260602-00009;ORD-20260602-00009-1;2026-06-02 22:15:22;C007869;S0124;P002165;1;29,43;4,41;EUR;IT;PAYPAL;DELIVERED;15 rue du Général Leclerc, 20121 Milan
ORD-20260602-00010;ORD-20260602-00010-1;2026-06-02 08:28:05;C020752;S0575;P006467;1;234,86;0,00;EUR;BE;CARD;DELIVERED;157 cours Gambetta, 4000 Liège
ORD-20260602-00011;ORD-20260602-00011-1;2026-06-02 04:07:27;C014315;S0220;P000448;1;40,62;4,06;EUR;BE;PAYPAL;shipped;157 cours Gambetta, 1000 Bruxelles
ORD-20260602-00011;ORD-20260602-00011-2;2026-06-02 04:07:27;C014315;S0532;P006865;1;80,17;12,03;EUR;BE;PAYPAL;Shipped;157 cours Gambetta, 1000 Bruxelles
ORD-20260602-00011;ORD-20260602-00011-3;2026-06-02 04:07:27;C014315;S0592;P001192;1;18,56;0,93;EUR;BE;PAYPAL; SHIPPED ;157 cours Gambetta, 1000 Bruxelles
ORD-20260602-00011;ORD-20260602-00011-4;2026-06-02 04:07:27;C014315;S0314;P001034;1;154,00;7,70;EUR;BE;PAYPAL;shipped;157 cours Gambetta, 1000 Bruxelles
ORD-20260602-00012;ORD-20260602-00012-1;2026-06-02 12:52:54;C016507;S0346;P004052;2;65,73;13,15;EUR;FR;GIFTCARD;DELIVERED;93 rue de la République, 44000 Nantes
ORD-20260602-00012;ORD-20260602-00012-2;2026-06-02 12:52:54;C016507;S0496;P002105;1;76,95;3,85;EUR;FR;GIFTCARD;DELIVERED;93 rue de la République, 44000 Nantes
ORD-20260602-00013;ORD-20260602-00013-1;2026-06-02 11:49:36;C022954;S0359;P005549;4;5,84;0,00;EUR;ES;CARD;DELIVERED;104 cours Gambetta, 08001 Barcelone
ORD-20260602-00013;ORD-20260602-00013-2;2026-06-02 11:49:36;C022954;S0489;P004619;1;79,73;11,96;EUR;ES;CARD; DELIVERED ;104 cours Gambetta, 08001 Barcelone
ORD-20260602-00014;ORD-20260602-00014-1;2026-06-02 11:46:35;C016741;S0132;P000717;1;126,40;0,00;EUR;BE;CARD;DELIVERED;10 rue du Général Leclerc, 1000 Bruxelles
ORD-20260602-00014;ORD-20260602-00014-2;2026-06-02 11:46:35;C016741;S0477;P006489;4;65,11;26,04;EUR;BE;CARD;DELIVERED;10 rue du Général Leclerc, 1000 Bruxelles
ORD-20260602-00015;ORD-20260602-00015-1;2026-06-02 15:14:27;C009368;S0406;P004192;2;36,71;0,00;EUR;FR;TRANSFER;DELIVERED;97 boulevard Saint-Michel, 13008 Marseille
ORD-20260602-00015;ORD-20260602-00015-1;2026-06-02 15:14:27;C009368;S0406;P004192;2;36,71;0,00;EUR;FR;TRANSFER;DELIVERED;97 boulevard Saint-Michel, 13008 Marseille
ORD-20260602-00015;ORD-20260602-00015-2;2026-06-02 15:14:27;C009368;S0003;P006132;1;21,66;0,00;EUR;FR;TRANSFER;DELIVERED;97 boulevard Saint-Michel, 13008 Marseille
ORD-20260602-00015;ORD-20260602-00015-3;2026-06-02 15:14:27;C009368;S0381;P005202;1;44,15;0,00;EUR;FR;TRANSFER;DELIVERED;97 boulevard Saint-Michel, 13008 Marseille
ORD-20260602-00016;ORD-20260602-00016-1;2026-06-02 16:41:09;C002860;S0153;P005903;1;23,11;3,47;EUR;BE;CARD;RETURNED;63 quai des Chartrons, 1000 Bruxelles
ORD-20260602-00016;ORD-20260602-00016-2;2026-06-02 16:41:09;C002860;S0014;P000394;2;41,07;8,21;EUR;BE;CARD;RETURNED;63 quai des Chartrons, 1000 Bruxelles
ORD-20260602-00016;ORD-20260602-00016-3;;C002860;S0138;P002617;2;38,99;0,00;EUR;BE;CARD;RETURNED;63 quai des Chartrons, 1000 Bruxelles
ORD-20260602-00016;ORD-20260602-00016-4;2026-06-02 16:41:09;C002860;S0550;P000193;1;44,98;0,00;EUR;BE;CARD;RETURNED;63 quai des Chartrons, 1000 Bruxelles
ORD-20260602-00016;ORD-20260602-00016-5;2026-06-02 16:41:09;C002860;S0031;P001062;1;34,91;0,00;EUR;BE;CARD;RETURNED;63 quai des Chartrons, 1000 Bruxelles
ORD-20260602-00017;ORD-20260602-00017-1;2026-06-02 18:26:18;C005746;S0527;P002600;1;42,65;0,00;EUR;FR;CARD;CANCELLED;53 route de Bordeaux, 67000 Strasbourg
ORD-20260602-00017;ORD-20260602-00017-2;2026-06-02 18:26:18;C005746;S0154;P002251;1;33,76;3,38;EUR;FR;CARD;CANCELLED;53 route de Bordeaux, 67000 Strasbourg
ORD-20260602-00017;ORD-20260602-00017-3;2026-06-02 18:26:18;C005746;S0572;P001029;1;199,05;29,86;EUR;FR;CARD;CANCELLED;53 route de Bordeaux, 67000 Strasbourg
ORD-20260602-00017;ORD-20260602-00017-4;2026-06-02 18:26:18;C005746;S0406;P003489;1;59.21;2,96;EUR;FR;CARD; CANCELLED ;53 route de Bordeaux, 67000 Strasbourg
ORD-20260602-00018;ORD-20260602-00018-1;2026-06-02 07:27:55;C009253;S0122;P004480;1;38,37;1,92;EUR;FR;PAYPAL;RETURNED;125 chemin des Vignes, 31000 Toulouse
ORD-20260602-00019;ORD-20260602-00019-1;2026-06-02 06:29:46;C018770;S0364;P004241;3;82,70;12,41;EUR;FR;CARD;Delivered;158 avenue des Tilleuls, 59000 Lille
ORD-20260602-00020;ORD-20260602-00020-1;2026-06-02 10:05:18;C001717;S0577;P002997;2;11,73;0,00;EUR;BE;CARD; RETURNED ;30 place de l'Église, 1000 Bruxelles
ORD-20260602-00020;ORD-20260602-00020-2;2026-06-02 10:05:18;C001717;S0190;P002526;1;69,01;0,00;EUR;BE;CARD;RETURNED;30 place de l'Église, 1000 Bruxelles
ORD-20260602-00020;ORD-20260602-00020-3;2026-06-02 10:05:18;C001717;S0304;P001983;1;63,19;0,00;EUR;BE;CARD;RETURNED;30 place de l'Église, 1000 Bruxelles
ORD-20260602-00020;ORD-20260602-00020-4;2026-06-02 10:05:18;C001717;S0003;P006609;2;15,59;0,00;EUR;BE;CARD;RETURNED;30 place de l'Église, 1000 Bruxelles
ORD-20260602-00020;ORD-20260602-00020-5;2026-06-02 10:05:18;C001717;S0028;P004467;1;103,15;10,32;EUR;BE;CARD;Returned;30 place de l'Église, 1000 Bruxelles
ORD-20260602-00021;ORD-20260602-00021-1;2026-06-02 19:37:57;C008036;S0289;P003709;1;48,82;0,00;EUR;FR;CARD;DELIVERED;50 place de l'Église, 33000 Bordeaux
ORD-20260602-00022;ORD-20260602-00022-1;2026-06-02 13:57:43;C008755;S0092;P005881;1;56,10;2,81;EUR;NL;CARD;RETURNED;177 boulevard Saint-Michel, 1011 Amsterdam
ORD-20260602-00023;ORD-20260602-00023-1;2026-13-45 99:99:99;C009662;S0581;P004118;1;61,89;3,09;EUR;ES;CARD;RETURNED;61 route de Bordeaux, 46001 Valence
ORD-20260602-00023;ORD-20260602-00023-2;2026-06-02 09:54:28;C009662;S0349;P002304;1;50,55;0,00;EUR;ES;CARD;returned;61 route de Bordeaux, 46001 Valence
ORD-20260602-00024;ORD-20260602-00024-1;2026-06-02 17:39:02;C000622;S0397;P007065;1;71,96;0,00;EUR;FR;CARD; DELIVERED ;23 boulevard Saint-Michel, 67000 Strasbourg
ORD-20260602-00024;ORD-20260602-00024-2;2026-06-02 17:39:02;C000622;S0372;P000836;2;40,97;4,10;EUR;FR;CARD;DELIVERED;23 boulevard Saint-Michel, 67000 Strasbourg
ORD-20260602-00024;ORD-20260602-00024-3;2026-06-02 17:39:02;C000622;S0430;P000515;1;68,65;0,00;EUR;FR;CARD;Delivered;23 boulevard Saint-Michel, 67000 Strasbourg
ORD-20260602-00025;ORD-20260602-00025-1;2026-06-02 18:44:59;C005440;S0027;P004979;1;22,31;3,35;EUR;FR;CARD;DELIVERED;37 rue Victor Hugo, 33000 Bordeaux
ORD-20260602-00025;ORD-20260602-00025-2;2026-06-02 18:44:59;C005440;S0383;P000605;1;55,15;8,27;EUR;FR;CARD;DELIVERED;37 rue Victor Hugo, 33000 Bordeaux
ORD-20260602-00025;ORD-20260602-00025-3;2026-06-02 18:44:59;C005440;S0111;P002316;3;54,90;8,23;EUR;FR;CARD;DELIVERED;37 rue Victor Hugo, 33000 Bordeaux
ORD-20260602-00025;ORD-20260602-00025-4;2026-06-02 18:44:59;C005440;S0400;P006035;4;81,99;16,40;EUR;FR;CARD;DELIVERED;37 rue Victor Hugo, 33000 Bordeaux
ORD-20260602-00026;ORD-20260602-00026-1;2026-06-02 10:39:25;C019878;S0113;P000706;1;153,36;0,00;EUR;FR;CARD;DELIVERED;158 cours Gambetta, 59000 Lille
ORD-20260602-00027;ORD-20260602-00027-1;2026-06-02 15:46:39;C006697;S0003;P003804;1;246,71;0,00;EUR;NL;CARD;delivered;150 place de l'Église, 1011 Amsterdam
ORD-20260602-00027;ORD-20260602-00027-2;2026-06-02 15:46:39;C006697;S0416;P006838;1;109,71;5,49;EUR;NL;CARD; DELIVERED ;150 place de l'Église, 1011 Amsterdam
ORD-20260602-00028;ORD-20260602-00028-1;2026-06-02 17:10:58;C002764;S0252;P005684;2;22,75;0,00;EUR;FR;PAYPAL;DELIVERED;86 impasse du Moulin, 67000 Strasbourg
ORD-20260602-00028;ORD-20260602-00028-2;2026-06-02 17:10:58;C002764;S0096;P007041;4;23,73;0,00;EUR;FR;PAYPAL;DELIVERED;86 impasse du Moulin, 67000 Strasbourg
ORD-20260602-00028;ORD-20260602-00028-3;2026-06-02 17:10:58;C002764;S0395;P007269;3;54,66;24,60;EUR;FR;PAYPAL;DELIVERED;86 impasse du Moulin, 67000 Strasbourg
ORD-20260602-00028;ORD-20260602-00028-4;2026-06-02 17:10:58;C002764;S0555;P002785;1;46,01;4,60;EUR;FR;PAYPAL;DELIVERED;86 impasse du Moulin, 67000 Strasbourg
ORD-20260602-00029;ORD-20260602-00029-1;2026-06-02 06:24:31;C001720;S0370;P000029;1;69,65;6,97;EUR;FR;CARD;DELIVERED;62 impasse du Moulin, 13008 Marseille
ORD-20260602-00029;ORD-20260602-00029-2;2026-06-02 06:24:31;C001720;S0459;P005524;1;44,30;0,00;EUR;FR;CARD;DELIVERED;62 impasse du Moulin, 13008 Marseille
ORD-20260602-00029;ORD-20260602-00029-3;2026-06-02 06:24:31;C001720;S0209;P006002;1;82,40;0,00;EUR;FR;CARD;DELIVERED;62 impasse du Moulin, 13008 Marseille
ORD-20260602-00030;ORD-20260602-00030-1;2026-06-02 21:46:51;C019339;S0079;P000585;1;269,38;0,00;EUR;BE;CARD;returned;24 rue de la République, 2000 Anvers
ORD-20260602-00030;ORD-20260602-00030-2;2026-06-02 21:46:51;C019339;S0048;P004006;1;113,56;0,00;EUR;BE;CARD; RETURNED ;24 rue de la République, 2000 Anvers
ORD-20260602-00031;ORD-20260602-00031-1;2026-06-02 14:13:45;C001147;S0381;P002664;1;45,09;4,51;EUR;IT;CARD;DELIVERED;52 allée des Peupliers, 00184 Rome
ORD-20260602-00032;ORD-20260602-00032-1;2026-06-02 14:15:24;C008610;S0254;P005135;1;113,79;0,00;EUR;ES;PAYPAL;pending;9 impasse du Moulin, 28001 Madrid
ORD-20260602-00033;ORD-20260602-00033-1;2026-06-02 14:04:37;C006232;S0394;P001621;1;80,51;12,08;EUR;IT;CARD;DELIVERED;118 boulevard Saint-Michel, 20121 Milan
ORD-20260602-00034;ORD-20260602-00034-1;2026-06-02 18:12:46;C013895;S0318;P001300;2;78,15;15,63;EUR;FR;CARD;DELIVERED;30 impasse du Moulin, 44000 Nantes
ORD-20260602-00034;ORD-20260602-00034-1;2026-06-02 18:12:46;C013895;S0318;P001300;2;78,15;15,63;EUR;FR;CARD;DELIVERED;30 impasse du Moulin, 44000 Nantes
ORD-20260602-00034;ORD-20260602-00034-2;2026-06-02 18:12:46;C013895;S0176;P006734;4;219,23;87,69;EUR;FR;CARD;DELIVERED;30 impasse du Moulin, 44000 Nantes
ORD-20260602-00034;ORD-20260602-00034-3;2026-06-02 18:12:46;C013895;S0017;P003962;1;14,00;0,00;EUR;FR;CARD;DELIVERED;30 impasse du Moulin, 44000 Nantes
ORD-20260602-00035;ORD-20260602-00035-1;2026-06-02 06:55:16;C011237;S0307;P006537;1;46,79;0,00;EUR;BE;PAYPAL;delivered;111 rue de la République, 1000 Bruxelles
ORD-20260602-00035;ORD-20260602-00035-2;2026-06-02 06:55:16;C011237;S0594;P005148;2;199,21;39,84;EUR;BE;PAYPAL;delivered;111 rue de la République, 1000 Bruxelles
ORD-20260602-00035;ORD-20260602-00035-3;2026-06-02 06:55:16;C011237;S0198;P006319;1;81,84;8,18;EUR;BE;PAYPAL;DELIVERED;111 rue de la République, 1000 Bruxelles
ORD-20260602-00036;ORD-20260602-00036-1;2026-06-02 22:37:33;C008378;S0251;P000317;1;26,13;0,00;EUR;FR;CARD;DELIVERED;47 rue Victor Hugo, 67000 Strasbourg
ORD-20260602-00036;ORD-20260602-00036-2;2026-06-02 22:37:33;C008378;S0165;P003657;1;74,81;0,00;EUR;FR;CARD; DELIVERED ;47 rue Victor Hugo, 67000 Strasbourg
ORD-20260602-00037;ORD-20260602-00037-1;2026-06-02 16:41:11;C011426;S0385;P001230;1;68,31;0,00;EUR;FR;CARD;CANCELLED;33 rue Victor Hugo, 44000 Nantes
ORD-20260602-00037;ORD-20260602-00037-2;2026-06-02 16:41:11;C011426;S0472;P007060;2;222,63;0,00;EUR;FR;CARD;CANCELLED;33 rue Victor Hugo, 44000 Nantes
ORD-20260602-00037;ORD-20260602-00037-3;2026-06-02 16:41:11;C011426;S0525;P000306;1;79,23;0,00;EUR;FR;CARD;CANCELLED;33 rue Victor Hugo, 44000 Nantes
ORD-20260602-00038;ORD-20260602-00038-1;2026-06-02 08:59:46;C010971;S0291;P000849;1;73,77;0,00;EUR;FR;CARD;DELIVERED;139 quai des Chartrons, 75011 Paris
ORD-20260602-00039;ORD-20260602-00039-1;2026-06-02 08:50:34;C007926;S0573;P000289;2;49,83;0,00;EUR;FR;CARD;DELIVERED;24 chemin des Vignes, 13008 Marseille
ORD-20260602-00039;ORD-20260602-00039-2;2026-06-02 08:50:34;C007926;S0110;P003539;1;40,30;0,00;EUR;FR;CARD; DELIVERED ;24 chemin des Vignes, 13008 Marseille
ORD-20260602-00040;ORD-20260602-00040-1;2026-06-02 17:49:46;C017434;S0163;P003208;4;65,57;0,00;EUR;FR;CARD;DELIVERED;124 impasse du Moulin, 67000 Strasbourg
ORD-20260602-00041;ORD-20260602-00041-1;2026-06-02 13:39:59;C005312;S0085;P005689;1;208,76;0,00;EUR;DE;CARD;DELIVERED;63 boulevard Saint-Michel, 20095 Hambourg
ORD-20260602-00041;ORD-20260602-00041-2;2026-06-02 13:39:59;C005312;S0082;P000657;2;178,07;17,81;EUR;DE;CARD;delivered;63 boulevard Saint-Michel, 20095 Hambourg
ORD-20260602-00041;ORD-20260602-00041-3;2026-06-02 13:39:59;C005312;S0142;P007552;1;29,35;0,00;EUR;DE;CARD;DELIVERED;63 boulevard Saint-Michel, 20095 Hambourg
ORD-20260602-00042;ORD-20260602-00042-1;2026-06-02 12:32:43;C012044;S0441;P002481;1;132,83;19,92;EUR;DE;CARD;DELIVERED;84 route de Bordeaux, 80331 Munich
ORD-20260602-00043;ORD-20260602-00043-1;2026-06-02 23:05:09;C010856;S0316;P004410;1;67,59;3,38;EUR;FR;CARD;CANCELLED;90 rue du Général Leclerc, 69003 Lyon
ORD-20260602-00043;ORD-20260602-00043-2;2026-06-02 23:05:09;C010856;S0569;P005502;1;47,53;0,00;EUR;FR;CARD;cancelled;90 rue du Général Leclerc, 69003 Lyon
ORD-20260602-00044;ORD-20260602-00044-1;2026-06-02 20:50:22;C009733;S0288;P006671;4;12,77;5,11;EUR;FR;PAYPAL;DELIVERED;157 avenue des Tilleuls, 59000 Lille
ORD-20260602-00044;ORD-20260602-00044-2;2026-06-02 20:50:22;C009733;S0023;P006204;2;12,85;2,57;EUR;FR;PAYPAL;DELIVERED;157 avenue des Tilleuls, 59000 Lille
ORD-20260602-00044;ORD-20260602-00044-3;2026-06-02 20:50:22;C009733;S0285;P006560;2;50,39;15,12;EUR;FR;PAYPAL;DELIVERED;157 avenue des Tilleuls, 59000 Lille
ORD-20260602-00044;ORD-20260602-00044-4;2026-06-02 20:50:22;C009733;S0073;P007250;1;59,78;5,98;EUR;FR;PAYPAL;DELIVERED;157 avenue des Tilleuls, 59000 Lille
ORD-20260602-00045;ORD-20260602-00045-1;2026-06-02 19:21:52;C004693;S0485;P007592;1;45,63;2,28;EUR;FR;PAYPAL;delivered;149 rue de la République, 33000 Bordeaux
ORD-20260602-00046;ORD-20260602-00046-1;2026-06-02 18:54:56;C017490;S0214;P006411;1;36,12;0,00;EUR;BE;PAYPAL;PENDING;9 avenue des Tilleuls, 2000 Anvers
ORD-20260602-00046;ORD-20260602-00046-2;2026-06-02 18:54:56;C017490;S0177;P003095;1;215,90;32,38;EUR;BE;PAYPAL;PENDING;9 avenue des Tilleuls, 2000 Anvers
ORD-20260602-00046;ORD-20260602-00046-3;2026-06-02 18:54:56;C017490;S0411;P001090;1;77,60;0,00;EUR;BE;PAYPAL;PENDING;9 avenue des Tilleuls, 2000 Anvers
ORD-20260602-00046;ORD-20260602-00046-4;2026-06-02 18:54:56;C017490;S0218;P002746;2;62,51;12,50;EUR;BE;PAYPAL;PENDING;9 avenue des Tilleuls, 2000 Anvers
ORD-20260602-00047;ORD-20260602-00047-1;2026-06-02 04:47:53;C000799;S0177;P003359;4;61,65;0,00;EUR;DE;CARD;cancelled;127 place de l'Église, 20095 Hambourg
ORD-20260602-00047;ORD-20260602-00047-2;2026-06-02 04:47:53;C000799;S0012;P004718;1;70,77;0,00;EUR;DE;CARD; CANCELLED ;127 place de l'Église, 20095 Hambourg
ORD-20260602-00047;ORD-20260602-00047-3;2026-06-02 04:47:53;C000799;S0363;P007829;2;121,63;36,49;EUR;DE;CARD;Cancelled;127 place de l'Église, 20095 Hambourg
ORD-20260602-00048;ORD-20260602-00048-1;2026-06-02 10:03:40;C008430;S0554;P002353;1;66,05;9,91;EUR;BE;PAYPAL;DELIVERED;57 place de l'Église, 4000 Liège
ORD-20260602-00048;ORD-20260602-00048-2;2026-06-02 10:03:40;C008430;S0288;P000640;1;32,67;0,00;EUR;BE;PAYPAL; DELIVERED ;57 place de l'Église, 4000 Liège
ORD-20260602-00049;ORD-20260602-00049-1;2026-06-02 04:46:33;C017360;S0107;P002711;1;28,27;0,00;EUR;FR;CARD;DELIVERED;33 rue de la République, 67000 Strasbourg
ORD-20260602-00050;ORD-20260602-00050-1;2026-06-02 16:39:06;C022354;S0374;P000580;1;63,11;9,47;EUR;FR;PAYPAL;DELIVERED;147 place de l'Église, 44000 Nantes
ORD-20260602-00050;ORD-20260602-00050-2;2026-06-02 16:39:06;C022354;S0483;P002978;1;28,73;2,87;EUR;FR;PAYPAL;DELIVERED;147 place de l'Église, 44000 Nantes
ORD-20260602-00051;ORD-20260602-00051-1;2026-06-02 08:39:34;C006257;S0436;P005844;2;132,69;0,00;EUR;FR;CARD;delivered;131 rue Victor Hugo, 31000 Toulouse
ORD-20260602-00051;ORD-20260602-00051-2;2026-06-02 08:39:34;C006257;S0417;P001511;1;72,78;0,00;EUR;FR;CARD; DELIVERED ;131 rue Victor Hugo, 31000 Toulouse
ORD-20260602-00052;ORD-20260602-00052-1;2026-06-02 09:33:40;C015479;S0470;P001411;1;88,28;13,24;EUR;DE;APPLEPAY;DELIVERED;55 rue du Général Leclerc, 10115 Berlin
ORD-20260602-00052;ORD-20260602-00052-2;2026-06-02 09:33:40;C015479;S0511;P004626;3;72,42;0,00;EUR;DE;APPLEPAY;DELIVERED;55 rue du Général Leclerc, 10115 Berlin
ORD-20260602-00052;ORD-20260602-00052-3;2026-06-02 09:33:40;C015479;S0343;P005199;1;21,27;1,06;EUR;DE;APPLEPAY;Delivered;55 rue du Général Leclerc, 10115 Berlin
ORD-20260602-00053;ORD-20260602-00053-1;2026-06-02 18:51:35;C012864;S0243;P002550;2;182,77;36,55;EUR;IT;CARD;DELIVERED;113 rue du Général Leclerc, 00184 Rome
ORD-20260602-00054;ORD-20260602-00054-1;2026-06-02 08:02:25;C016483;S0504;P003054;1;17,61;0,00;EUR;FR;APPLEPAY;RETURNED;179 place de l'Église, 59000 Lille
ORD-20260602-00054;ORD-20260602-00054-2;2026-06-02 08:02:25;C016483;S0260;P006918;2;76,81;0,00;EUR;FR;APPLEPAY; RETURNED ;179 place de l'Église, 59000 Lille
ORD-20260602-00054;ORD-20260602-00054-3;2026-06-02 08:02:25;C016483;S0102;P007805;1;16,23;0,00;EUR;FR;APPLEPAY;returned;179 place de l'Église, 59000 Lille
ORD-20260602-00054;ORD-20260602-00054-4;2026-06-02 08:02:25;C016483;S0356;P006123;1;EUR 94,55;0,00;EUR;FR;APPLEPAY;RETURNED;179 place de l'Église, 59000 Lille
ORD-20260602-00055;ORD-20260602-00055-1;2026-06-02 20:24:52;C015429;S0006;P006414;1;40,02;4,00;EUR;DE;CARD;delivered;42 rue de la République, 10115 Berlin
ORD-20260602-00055;ORD-20260602-00055-2;2026-06-02 20:24:52;C015429;S0251;P003679;4;108,68;21,74;EUR;DE;CARD;DELIVERED;42 rue de la République, 10115 Berlin
ORD-20260602-00056;ORD-20260602-00056-1;2026-06-02 15:51:37;C003102;S0074;P001479;1;33,54;0,00;EUR;BE;PAYPAL;Returned;53 allée des Peupliers, 1000 Bruxelles
ORD-20260602-00057;ORD-20260602-00057-1;2026-06-02 16:10:47;C991341;S0105;P002959;1;52,48;0,00;EUR;ES;PAYPAL;RETURNED;174 place de l'Église, 08001 Barcelone
ORD-20260602-00057;ORD-20260602-00057-2;2026-06-02 16:10:47;C004982;S0119;P002845;1;40,97;0,00;EUR;ES;PAYPAL;RETURNED;174 place de l'Église, 08001 Barcelone
ORD-20260602-00058;ORD-20260602-00058-1;2026-06-02 17:12:51;C018201;S0317;P000810;1;115,65;17,35;EUR;DE;CARD; CANCELLED ;97 rue du Général Leclerc, 20095 Hambourg
ORD-20260602-00059;ORD-20260602-00059-1;2026-06-02 16:27:51;C004358;S0430;P000236;1;55,39;8,31;EUR;BE;CARD;delivered;4 cours Gambetta, 4000 Liège
ORD-20260602-00060;ORD-20260602-00060-1;2026-06-02 12:30:50;C006924;S0242;P001823;1;93,11;9,31;EUR;BE;PAYPAL;shipped;43 cours Gambetta, 4000 Liège
ORD-20260602-00061;ORD-20260602-00061-1;2026-06-02 13:50:35;C017915;S0299;P005942;1;62,55;0,00;EUR;FR;APPLEPAY;DELIVERED;12 avenue des Tilleuls, 33000 Bordeaux
ORD-20260602-00062;ORD-20260602-00062-1;2026-06-02 13:14:55;C020477;S0369;P000209;1;63,29;9,49;EUR;FR;CARD;delivered;146 rue Victor Hugo, 13008 Marseille
ORD-20260602-00063;ORD-20260602-00063-1;2026-06-02 16:31:02;C015951;S0454;P007696;1;171,26;0,00;EUR;FR;CARD;DELIVERED;105 avenue des Tilleuls, 13008 Marseille
ORD-20260602-00063;ORD-20260602-00063-2;2026-06-02 16:31:02;C015951;S0519;P007584;1;20,97;3,15;EUR;FR;CARD; DELIVERED ;105 avenue des Tilleuls, 13008 Marseille
ORD-20260602-00064;ORD-20260602-00064-1;2026-06-02 22:00:52;C007493;S0427;P004036;1;22,03;0,00;EUR;FR;CARD;SHIPPED;120 quai des Chartrons, 35000 Rennes
ORD-20260602-00065;ORD-20260602-00065-1;2026-06-02 15:23:21;C009077;S0370;P005558;1;52,16;0,00;EUR;ES;APPLEPAY;cancelled;34 impasse du Moulin, 46001 Valence
ORD-20260602-00065;ORD-20260602-00065-2;2026-06-02 15:23:21;C009077;S0530;P006186;1;39,47;1,97;EUR;ES;APPLEPAY;cancelled;34 impasse du Moulin, 46001 Valence
ORD-20260602-00065;ORD-20260602-00065-3;2026-06-02 15:23:21;C009077;S0044;P007412;1;37,94;3,79;EUR;ES;APPLEPAY;CANCELLED;34 impasse du Moulin, 46001 Valence
ORD-20260602-00066;ORD-20260602-00066-1;2026-06-02 23:04:13;C022283;S0011;P001712;1;66,26;0,00;EUR;ES;TRANSFER;Delivered;105 avenue des Tilleuls, 08001 Barcelone
ORD-20260602-00066;ORD-20260602-00066-2;2026-06-02 23:04:13;C022283;S0496;P002517;1;46,51;0,00;EUR;ES;TRANSFER;DELIVERED;105 avenue des Tilleuls, 08001 Barcelone
ORD-20260602-00066;ORD-20260602-00066-3;2026-06-02 23:04:13;C022283;S0451;P000986;2;114,88;11,49;EUR;ES;TRANSFER;DELIVERED;105 avenue des Tilleuls, 08001 Barcelone
ORD-20260602-00067;ORD-20260602-00067-1;2026-06-02 15:05:36;C000915;S0100;P001690;3;255,01;38,25;EUR;NL;PAYPAL;DELIVERED;80 allée des Peupliers, 1011 Amsterdam
ORD-20260602-00068;ORD-20260602-00068-1;2026-06-02 18:41:18;C010045;S0004;P007554;1;225,37;0,00;EUR;FR;CARD;CANCELLED;129 rue de la République, 75011 Paris
ORD-20260602-00068;ORD-20260602-00068-2;2026-06-02 18:41:18;C010045;S0422;P000521;1;41,69;0,00;EUR;FR;CARD;CANCELLED;129 rue de la République, 75011 Paris
ORD-20260602-00069;ORD-20260602-00069-1;2026-06-02 16:30:05;C007489;S0138;P000195;1;240,77;0,00;EUR;FR;CARD;DELIVERED;76 quai des Chartrons, 33000 Bordeaux
ORD-20260602-00069;ORD-20260602-00069-2;2026-06-02 16:30:05;C007489;S0031;P000690;2;54,82;10,96;EUR;FR;CARD;DELIVERED;76 quai des Chartrons, 33000 Bordeaux
ORD-20260602-00069;ORD-20260602-00069-3;2026-06-02 16:30:05;C007489;S0496;P004561;1;12,50;1,25;EUR;FR;CARD;DELIVERED;76 quai des Chartrons, 33000 Bordeaux
ORD-20260602-00069;ORD-20260602-00069-4;2026-06-02 16:30:05;C007489;S0061;P001398;1;114,64;0,00;EUR;FR;CARD;delivered;76 quai des Chartrons, 33000 Bordeaux
ORD-20260602-00070;ORD-20260602-00070-1;2026-06-02 19:01:23;C013324;S0241;P002426;1;25,16;0,00;EUR;DE;CARD;DELIVERED;175 cours Gambetta, 80331 Munich
ORD-20260602-00071;ORD-20260602-00071-1;2026-06-02 21:34:45;C014599;S0486;P995954;2;137,63;0,00;EUR;FR;CARD;CANCELLED;146 allée des Peupliers, 33000 Bordeaux
ORD-20260602-00071;ORD-20260602-00071-2;2026-06-02 21:34:45;C014599;S0244;P005043;1;47,15;2,36;EUR;FR;CARD;CANCELLED;146 allée des Peupliers, 33000 Bordeaux
ORD-20260602-00072;ORD-20260602-00072-1;2026-06-02 14:59:11;C009146;S0386;P003106;1;74,01;0,00;EUR;FR;TRANSFER;DELIVERED;27 chemin des Vignes, 31000 Toulouse
ORD-20260602-00072;ORD-20260602-00072-2;2026-06-02 14:59:11;C009146;S0485;P002182;1;80,79;4,04;EUR;FR;TRANSFER;delivered;27 chemin des Vignes, 31000 Toulouse
ORD-20260602-00072;ORD-20260602-00072-3;2026-06-02 14:59:11;C009146;S0362;P000975;1;5,97;0,00;EUR;FR;TRANSFER;DELIVERED;27 chemin des Vignes, 31000 Toulouse
ORD-20260602-00072;ORD-20260602-00072-3;2026-06-02 14:59:11;C009146;S0362;P000975;1;5,97;0,00;EUR;FR;TRANSFER;DELIVERED;27 chemin des Vignes, 31000 Toulouse
ORD-20260602-00073;ORD-20260602-00073-1;2026-06-02 09:30:30;C006622;S0436;P007877;2;56,05;16,81;EUR;ES;CARD; DELIVERED ;41 rue de la République, 28001 Madrid
ORD-20260602-00073;ORD-20260602-00073-2;2026-06-02 09:30:30;C006622;S0573;P004233;2;65,38;6,54;EUR;ES;CARD;DELIVERED;41 rue de la République, 28001 Madrid
ORD-20260602-00074;ORD-20260602-00074-1;2026-06-02 13:11:33;C000473;S0253;P004572;1;62,48;6,25;EUR;DE;CARD;RETURNED;18 impasse du Moulin, 20095 Hambourg
ORD-20260602-00074;ORD-20260602-00074-2;2026-06-02 13:11:33;C000473;S0364;P003860;1;72,74;0,00;EUR;DE;CARD;RETURNED;18 impasse du Moulin, 20095 Hambourg
ORD-20260602-00074;ORD-20260602-00074-3;2026-06-02 13:11:33;C000473;S0137;P004517;3;81,65;0,00;EUR;DE;CARD;Returned;18 impasse du Moulin, 20095 Hambourg
ORD-20260602-00075;ORD-20260602-00075-1;2026-06-02 07:41:25;C007118;S0109;P006685;1;9,75;0,00;EUR;NL;CARD;DELIVERED;180 rue Victor Hugo, 1011 Amsterdam
ORD-20260602-00075;ORD-20260602-00075-2;2026-06-02 07:41:25;C007118;S0262;P006595;1;40,88;4,09;EUR;NL;CARD; DELIVERED ;180 rue Victor Hugo, 1011 Amsterdam
ORD-20260602-00075;ORD-20260602-00075-3;2026-06-02 07:41:25;C007118;S0076;P004941;1;140,87;0,00;EUR;NL;CARD;DELIVERED;180 rue Victor Hugo, 1011 Amsterdam
ORD-20260602-00076;ORD-20260602-00076-1;2026-06-02 14:47:49;C005845;S0209;P000707;1;22,59;3,39;EUR;IT;CARD;Delivered;52 rue du Général Leclerc, 20121 Milan
ORD-20260602-00076;ORD-20260602-00076-2;2026-06-02 14:47:49;C005845;S0546;P000558;1;121,94;12,19;EUR;IT;CARD;DELIVERED;52 rue du Général Leclerc, 20121 Milan
ORD-20260602-00077;ORD-20260602-00077-1;2026-06-02 13:52:15;C016968;S0269;P006789;1;62,33;0,00;EUR;ES;CARD;DELIVERED;55 rue de la République, 46001 Valence
ORD-20260602-00077;ORD-20260602-00077-2;2026-06-02 13:52:15;C016968;S0545;P002064;1;10,98;1,65;EUR;ES;CARD;Delivered;55 rue de la République, 46001 Valence
ORD-20260602-00077;ORD-20260602-00077-3;2026-06-02 13:52:15;C016968;S0136;P004535;2;60,92;0,00;EUR;ES;CARD;Delivered;55 rue de la République, 46001 Valence
ORD-20260602-00077;ORD-20260602-00077-4;2026-06-02 13:52:15;C016968;S0053;P004922;1;42,49;0,00;EUR;ES;CARD; DELIVERED ;55 rue de la République, 46001 Valence
ORD-20260602-00077;ORD-20260602-00077-5;2026-06-02 13:52:15;C016968;S0374;P004320;1;14,99;0,00;EUR;ES;CARD; DELIVERED ;55 rue de la République, 46001 Valence
ORD-20260602-00078;ORD-20260602-00078-1;2026-06-02 17:14:21;C003912;S0223;P001061;2;15,29;0,00;EUR;BE;CARD;CANCELLED;20 place de l'Église, 1000 Bruxelles
ORD-20260602-00078;ORD-20260602-00078-2;2026-06-02 17:14:21;C003912;S0587;P005858;3;115,27;34,58;EUR;BE;CARD;CANCELLED;20 place de l'Église, 1000 Bruxelles
ORD-20260602-00078;ORD-20260602-00078-3;2026-06-02 17:14:21;C003912;S0102;P007218;1;108,97;10,90;EUR;BE;CARD;CANCELLED;20 place de l'Église, 1000 Bruxelles
ORD-20260602-00078;ORD-20260602-00078-4;2026-06-02 17:14:21;C003912;S0250;P001140;1;25,57;0,00;EUR;BE;CARD;CANCELLED;20 place de l'Église, 1000 Bruxelles
ORD-20260602-00078;ORD-20260602-00078-5;2026-06-02 17:14:21;C003912;S0537;P005398;1;59,14;5,91;EUR;BE;CARD;cancelled;20 place de l'Église, 1000 Bruxelles
ORD-20260602-00079;ORD-20260602-00079-1;2026-06-02 17:15:16;C016647;S0551;P004899;1;223,55;11,18;EUR;ES;CARD; DELIVERED ;97 quai des Chartrons, 46001 Valence
ORD-20260602-00080;ORD-20260602-00080-1;2026-06-02 14:43:16;C007860;S0156;P001564;1;69,82;6,98;EUR;FR;PAYPAL;DELIVERED;178 rue de la République, 69003 Lyon
ORD-20260602-00080;ORD-20260602-00080-2;2026-06-02 14:43:16;C007860;S0344;P004178;2;77,74;0,00;EUR;FR;PAYPAL;DELIVERED;178 rue de la République, 69003 Lyon
ORD-20260602-00080;ORD-20260602-00080-3;2026-06-02 14:43:16;C007860;S0029;P007763;1;33,01;1,65;EUR;FR;PAYPAL;DELIVERED;178 rue de la République, 69003 Lyon
ORD-20260602-00081;ORD-20260602-00081-1;2026-06-02 17:08:38;C013917;S0051;P000916;3;264,70;79,41;EUR;ES;PAYPAL;Cancelled;130 route de Bordeaux, 28001 Madrid
ORD-20260602-00082;ORD-20260602-00082-1;2026-06-02 10:21:03;C021755;S0153;P006243;1;65,54;0,00;EUR;ES;CARD;DELIVERED;164 chemin des Vignes, 46001 Valence
ORD-20260602-00082;ORD-20260602-00082-2;2026-06-02 10:21:03;C021755;S0342;P003366;2;49,82;14,95;EUR;ES;CARD;Delivered;164 chemin des Vignes, 46001 Valence
ORD-20260602-00082;ORD-20260602-00082-3;2026-06-02 10:21:03;C021755;S0583;P003019;1;26,63;0,00;EUR;ES;CARD;delivered;164 chemin des Vignes, 46001 Valence
ORD-20260602-00083;ORD-20260602-00083-1;2026-06-02 16:32:06;C021337;S0573;P004153;1;85,18;8,52;EUR;ES;PAYPAL;DELIVERED;16 route de Bordeaux, 08001 Barcelone
ORD-20260602-00083;ORD-20260602-00083-2;2026-06-02 16:32:06;C021337;S0086;P002546;1;29,59;0,00;EUR;ES;PAYPAL;DELIVERED;16 route de Bordeaux, 08001 Barcelone
ORD-20260602-00084;ORD-20260602-00084-1;2026-06-02 20:26:38;C022460;S0394;P005975;3;74,18;0,00;EUR;ES;PAYPAL;DELIVERED;172 quai des Chartrons, 46001 Valence
ORD-20260602-00084;ORD-20260602-00084-2;2026-06-02 20:26:38;C022460;S0591;P001138;1;13,49;2,02;EUR;ES;PAYPAL;DELIVERED;172 quai des Chartrons, 46001 Valence
ORD-20260602-00084;ORD-20260602-00084-3;2026-06-02 20:26:38;C022460;S0003;P003804;1;202,09;0,00;EUR;ES;PAYPAL;DELIVERED;172 quai des Chartrons, 46001 Valence
ORD-20260602-00085;ORD-20260602-00085-1;2026-06-02 18:39:00;C013594;S0383;P002985;1;7,01;0,00;EUR;NL;CARD;cancelled;165 allée des Peupliers, 1011 Amsterdam
ORD-20260602-00085;ORD-20260602-00085-2;2026-06-02 18:39:00;C013594;S0577;P007681;1;28,05;0,00;EUR;NL;CARD;cancelled;165 allée des Peupliers, 1011 Amsterdam
ORD-20260602-00085;ORD-20260602-00085-3;2026-06-02 18:39:00;C013594;S0470;P003769;1;130,52;0,00;EUR;NL;CARD;cancelled;165 allée des Peupliers, 1011 Amsterdam
ORD-20260602-00086;ORD-20260602-00086-1;2026-06-02 20:34:08;C009653;S0506;P006259;1;47,95;4,80;EUR;DE;CARD;DELIVERED;161 route de Bordeaux, 80331 Munich
ORD-20260602-00087;ORD-20260602-00087-1;2026-06-02 14:53:28;C022126;S0324;P007541;2;16,56;0,00;EUR;FR;CARD;DELIVERED;160 rue de la République; Batiment D; 13008 Marseille
ORD-20260602-00088;ORD-20260602-00088-1;2026-06-02 18:42:50;C006895;S0572;P003332;1;24,12;0,00;EUR;FR;CARD;DELIVERED;29 cours Gambetta, 69003 Lyon
ORD-20260602-00089;ORD-20260602-00089-1;2026-06-02 16:50:05;C020403;S0088;P002492;2;111,87;33,56;EUR;FR;TRANSFER;DELIVERED;57 rue du Général Leclerc, 31000 Toulouse
ORD-20260602-00090;ORD-20260602-00090-1;2026-06-02 16:40:38;C001324;S0287;P001603;1;77,95;11,69;EUR;ES;PAYPAL;RETURNED;21 quai des Chartrons, 08001 Barcelone
ORD-20260602-00090;ORD-20260602-00090-2;2026-06-02 16:40:38;C001324;S0520;P002096;1;284,94;14,25;EUR;ES;PAYPAL;RETURNED;21 quai des Chartrons, 08001 Barcelone
ORD-20260602-00091;ORD-20260602-00091-1;2026-06-02 16:45:04;C004227;S0340;P004121;2;84,18;8,42;EUR;NL;CARD;DELIVERED;8 rue du Général Leclerc, 1011 Amsterdam
ORD-20260602-00091;ORD-20260602-00091-1;2026-06-02 16:45:04;C004227;S0340;P004121;2;84,18;8,42;EUR;NL;CARD;DELIVERED;8 rue du Général Leclerc, 1011 Amsterdam
ORD-20260602-00091;ORD-20260602-00091-2;2026-06-02 16:45:04;C004227;S0135;P005534;1;48,19;7,23;EUR;NL;CARD;Delivered;8 rue du Général Leclerc, 1011 Amsterdam
ORD-20260602-00092;ORD-20260602-00092-1;2026-06-02 20:09:44;C016757;S0486;P001579;1;53,20;2,66;EUR;NL;APPLEPAY;DELIVERED;48 avenue des Tilleuls, 1011 Amsterdam
ORD-20260602-00092;ORD-20260602-00092-2;2026-06-02 20:09:44;C016757;S0464;P007930;1;168,72;16,87;EUR;NL;APPLEPAY;Delivered;48 avenue des Tilleuls, 1011 Amsterdam
ORD-20260602-00093;ORD-20260602-00093-1;2026-06-02 18:15:46;C003372;S0036;P004393;1;177,28;0,00;EUR;FR;CARD;CANCELLED;135 rue Victor Hugo, 44000 Nantes
ORD-20260602-00094;ORD-20260602-00094-1;2026-06-02 12:15:49;C001087;S0035;P001860;1;33,29;0,00;EUR;FR;CARD; DELIVERED ;83 rue Victor Hugo, 59000 Lille
ORD-20260602-00094;ORD-20260602-00094-2;2026-06-02 12:15:49;C001087;S0571;P003944;2;49,00;0,00;EUR;FR;CARD;DELIVERED;83 rue Victor Hugo, 59000 Lille
ORD-20260602-00094;ORD-20260602-00094-3;2026-06-02 12:15:49;C001087;S0525;P007791;2;53,67;10,73;EUR;FR;CARD;delivered;83 rue Victor Hugo, 59000 Lille
ORD-20260602-00095;ORD-20260602-00095-1;2026-06-02 11:47:53;C007619;S0016;P005623;2;13,63;4,09;EUR;FR;CARD;DELIVERED;106 impasse du Moulin, 75011 Paris
ORD-20260602-00096;ORD-20260602-00096-1;2026-06-02 13:57:47;C020937;S0178;P003939;3;42,39;0,00;EUR;BE;CARD;CANCELLED;1 place de l'Église, 2000 Anvers
ORD-20260602-00096;ORD-20260602-00096-2;2026-06-02 13:57:47;C020937;S0096;P007041;3;23,81;7,14;EUR;BE;CARD;CANCELLED;1 place de l'Église, 2000 Anvers
ORD-20260602-00097;ORD-20260602-00097-1;2026-06-02 15:47:32;C002655;S0458;P005155;2;168,78;0,00;EUR;BE;CARD;Delivered;33 avenue des Tilleuls, 1000 Bruxelles
ORD-20260602-00097;ORD-20260602-00097-2;2026-06-02 15:47:32;C002655;S0146;P006915;1;91,79;9,18;EUR;BE;CARD;DELIVERED;33 avenue des Tilleuls, 1000 Bruxelles
ORD-20260602-00098;ORD-20260602-00098-1;2026-06-02 23:18:09;C023356;S0544;P005590;4;9,64;5,78;EUR;DE;CARD;DELIVERED;51 allée des Peupliers, 80331 Munich
ORD-20260602-00098;ORD-20260602-00098-2;2026-06-02 23:18:09;C023356;S0462;P002019;1;60,99;6,10;EUR;DE;CARD;DELIVERED;51 allée des Peupliers, 80331 Munich
ORD-20260602-00099;ORD-20260602-00099-1;2026-06-02 11:34:48;C019957;S0022;P001616;1;168,39;0,00;EUR;ES;GIFTCARD;DELIVERED;160 avenue des Tilleuls, 28001 Madrid
ORD-20260602-00100;ORD-20260602-00100-1;2026-06-02 17:51:38;C013671;S0003;P000621;2;133,95;0,00;EUR;FR;CARD;DELIVERED;129 chemin des Vignes; Batiment D; 33000 Bordeaux
ORD-20260602-00100;ORD-20260602-00100-2;2026-06-02 17:51:38;C013671;S0197;P000476;2;87,42;26,23;EUR;FR;CARD;DELIVERED;129 chemin des Vignes, 33000 Bordeaux
ORD-20260602-00100;ORD-20260602-00100-3;2026-06-02 17:51:38;C013671;S0163;P006449;1;174,86;17,49;EUR;FR;CARD;DELIVERED;129 chemin des Vignes, 33000 Bordeaux
ORD-20260602-00101;ORD-20260602-00101-1;2026-06-02 23:42:43;C004942;S0397;P004005;2;43,20;8,64;EUR;DE;CARD;DELIVERED;45 place de l'Église, 80331 Munich
ORD-20260602-00101;ORD-20260602-00101-2;2026-06-02 23:42:43;C004942;S0556;P007119;3;159,03;0,00;EUR;DE;CARD;DELIVERED;45 place de l'Église, 80331 Munich
ORD-20260602-00101;ORD-20260602-00101-3;2026-06-02 23:42:43;C004942;S0191;P005896;2;83,79;16,76;EUR;DE;CARD;DELIVERED;45 place de l'Église, 80331 Munich
ORD-20260602-00102;ORD-20260602-00102-1;2026-06-02 13:24:19;C022607;S0393;P000012;1;139,23;0,00;EUR;NL;CARD;DELIVERED;154 place de l'Église, 1011 Amsterdam
ORD-20260602-00103;ORD-20260602-00103-1;2026-06-02 19:18:04;C990716;S0559;P004765;1;33,09;0,00;EUR;BE;CARD;delivered;48 rue Victor Hugo, 4000 Liège
ORD-20260602-00103;ORD-20260602-00103-2;2026-06-02 19:18:04;C011582;S0552;P002338;2;180,17;54,05;EUR;BE;CARD;DELIVERED;48 rue Victor Hugo, 4000 Liège
ORD-20260602-00104;ORD-20260602-00104-1;2026-06-02 12:38:44;C021391;S0560;P004437;1;70,07;0,00;EUR;IT;TRANSFER;DELIVERED;65 quai des Chartrons, 00184 Rome
ORD-20260602-00105;ORD-20260602-00105-1;2026-06-02 10:17:21;C002844;S0051;P001003;1;10,31;1,55;EUR;FR;PAYPAL;DELIVERED;148 cours Gambetta, 59000 Lille
ORD-20260602-00105;ORD-20260602-00105-2;2026-06-02 10:17:21;C002844;S0528;P001086;1;248,50;37,27;EUR;FR;PAYPAL;DELIVERED;148 cours Gambetta, 59000 Lille
ORD-20260602-00105;ORD-20260602-00105-3;2026-06-02 10:17:21;C002844;S0576;P005613;1;12,68;0,00;EUR;FR;PAYPAL;DELIVERED;148 cours Gambetta, 59000 Lille
ORD-20260602-00105;ORD-20260602-00105-4;2026-06-02 10:17:21;C002844;S0509;P000698;1;241,32;0,00;EUR;FR;PAYPAL;DELIVERED;148 cours Gambetta, 59000 Lille
ORD-20260602-00105;ORD-20260602-00105-5;2026-06-02 10:17:21;C002844;S0249;P005484;1;8,22;0,00;EUR;FR;PAYPAL;DELIVERED;148 cours Gambetta, 59000 Lille
ORD-20260602-00106;ORD-20260602-00106-1;2026-06-02 16:31:40;C020309;S0420;P006455;2;91,66;27,50;EUR;FR;CARD;DELIVERED;55 impasse du Moulin, 33000 Bordeaux
ORD-20260602-00107;ORD-20260602-00107-1;2026-06-02 14:53:26;C020591;S0482;P000204;2;198,85;19,89;EUR;BE;PAYPAL;SHIPPED;123 quai des Chartrons, 2000 Anvers
ORD-20260602-00108;ORD-20260602-00108-1;2026-06-02 16:23:52;C013119;S0004;P001650;1;136,43;20,46;EUR;BE;CARD;Delivered;142 rue du Général Leclerc, 4000 Liège
ORD-20260602-00108;ORD-20260602-00108-2;2026-06-02 16:23:52;C013119;S0582;P001074;1;15,60;0,00;EUR;BE;CARD;DELIVERED;142 rue du Général Leclerc, 4000 Liège
ORD-20260602-00108;ORD-20260602-00108-3;2026-06-02 16:23:52;C013119;S0279;P006499;2;47,11;14,13;EUR;BE;CARD; DELIVERED ;142 rue du Général Leclerc, 4000 Liège
ORD-20260602-00108;ORD-20260602-00108-4;2026-06-02 16:23:52;C013119;S0237;P006893;1;44,59;6,69;EUR;BE;CARD;DELIVERED;142 rue du Général Leclerc, 4000 Liège
ORD-20260602-00109;ORD-20260602-00109-1;2026-06-02 20:46:09;C014739;S0277;P001775;1;64,49;9,67;EUR;DE;CARD;DELIVERED;45 chemin des Vignes, 20095 Hambourg
ORD-20260602-00110;ORD-20260602-00110-1;2026-06-02 12:57:56;C015577;S0363;P007291;2;52,43;5,24;EUR;DE;PAYPAL;CANCELLED;170 rue du Général Leclerc, 80331 Munich
ORD-20260602-00110;ORD-20260602-00110-2;2026-06-02 12:57:56;C015577;S0001;P001950;2;28,03;0,00;EUR;DE;PAYPAL;Cancelled;170 rue du Général Leclerc, 80331 Munich
ORD-20260602-00111;ORD-20260602-00111-1;2026-06-02 15:58:01;C005081;S0531;P004664;1;23,25;3,49;EUR;FR;PAYPAL; DELIVERED ;169 rue de la République, 59000 Lille
ORD-20260602-00112;ORD-20260602-00112-1;2026-06-02 07:26:30;C015557;S0259;P004268;1;49,00;4,90;EUR;ES;PAYPAL;PENDING;39 allée des Peupliers, 46001 Valence
ORD-20260602-00112;ORD-20260602-00112-2;2026-06-02 07:26:30;C015557;S0243;P002550;1;145,83;0,00;EUR;ES;PAYPAL;PENDING;39 allée des Peupliers, 46001 Valence
ORD-20260602-00112;ORD-20260602-00112-3;2026-06-02 07:26:30;C015557;S0475;P001222;3;94,56;42,55;EUR;ES;PAYPAL;PENDING;39 allée des Peupliers, 46001 Valence
ORD-20260602-00113;ORD-20260602-00113-1;2026-06-02 23:44:33;C004772;S0255;P000839;2;165,56;49,67;EUR;ES;CARD;SHIPPED;163 chemin des Vignes, 28001 Madrid
ORD-20260602-00114;ORD-20260602-00114-1;2026-06-02 10:10:21;C012058;S0098;P005665;1;137,02;20,55;EUR;FR;CARD;DELIVERED;93 avenue des Tilleuls, 35000 Rennes
ORD-20260602-00114;ORD-20260602-00114-2;2026-06-02 10:10:21;C012058;S0522;P006773;2;13,71;1,37;EUR;FR;CARD;DELIVERED;93 avenue des Tilleuls, 35000 Rennes
ORD-20260602-00115;ORD-20260602-00115-1;2026-06-02 10:55:36;C006293;S0507;P003871;2;63,25;0,00;EUR;IT;GIFTCARD;DELIVERED;127 impasse du Moulin, 00184 Rome
ORD-20260602-00115;ORD-20260602-00115-2;2026-06-02 10:55:36;C006293;S0186;P003575;1;4,32;0,00;EUR;IT;GIFTCARD;DELIVERED;127 impasse du Moulin, 00184 Rome
ORD-20260602-00116;ORD-20260602-00116-1;2026-06-02 13:54:38;C007385;S0483;P000159;1;47,64;7,15;EUR;FR;CARD;DELIVERED;62 cours Gambetta, 69003 Lyon
ORD-20260602-00116;ORD-20260602-00116-2;2026-06-02 13:54:38;C007385;S0486;P007887;1;71,26;0,00;EUR;FR;CARD;delivered;62 cours Gambetta, 69003 Lyon
ORD-20260602-00116;ORD-20260602-00116-3;2026-06-02 13:54:38;C007385;S0170;P000253;1;38,85;0,00;EUR;FR;CARD;delivered;62 cours Gambetta, 69003 Lyon
ORD-20260602-00117;ORD-20260602-00117-1;2026-06-02 08:57:45;C005399;S0486;P002756;1;61,49;0,00;EUR;IT;CARD;DELIVERED;27 rue de la République, 00184 Rome
ORD-20260602-00118;ORD-20260602-00118-1;2026-06-02 13:41:23;C005526;S0267;P003705;2;120,91;12,09;EUR;DE;CARD;DELIVERED;18 rue Victor Hugo, 80331 Munich
ORD-20260602-00118;ORD-20260602-00118-2;2026-06-02 13:41:23;C005526;S0328;P001783;1;59,88;8,98;EUR;DE;CARD; DELIVERED ;18 rue Victor Hugo, 80331 Munich
ORD-20260602-00119;ORD-20260602-00119-1;2026-06-02 11:31:21;C015403;S0222;P006508;3;82,49;12,37;EUR;FR;CARD;DELIVERED;124 route de Bordeaux, 31000 Toulouse
ORD-20260602-00120;ORD-20260602-00120-1;2026-06-02 13:39:54;C003232;S0482;P005854;1;123,06;18,46;EUR;ES;GIFTCARD;Delivered;128 allée des Peupliers, 46001 Valence
ORD-20260602-00121;ORD-20260602-00121-1;2026-06-02 15:43:01;C022048;S0220;P007836;1;15,00;0,75;EUR;FR;CARD; PENDING ;43 rue Victor Hugo, 69003 Lyon
ORD-20260602-00121;ORD-20260602-00121-2;2026-06-02 15:43:01;C022048;S0543;P003723;1;26,08;2,61;EUR;FR;CARD;PENDING;43 rue Victor Hugo, 69003 Lyon
ORD-20260602-00122;ORD-20260602-00122-1;2026-06-02 11:18:43;C022690;S0444;P004599;1;45,23;0,00;EUR;FR;CARD;SHIPPED;170 boulevard Saint-Michel, 67000 Strasbourg
ORD-20260602-00123;ORD-20260602-00123-1;2026-06-02 22:34:02;C022686;S0434;P007185;1;134,16;6,71;EUR;FR;CARD;SHIPPED;66 rue du Général Leclerc, 35000 Rennes
ORD-20260602-00124;ORD-20260602-00124-1;2026-06-02 12:05:20;C013594;S0120;P002091;2;17,00;5,10;EUR;NL;CARD;SHIPPED;148 cours Gambetta, 1011 Amsterdam
ORD-20260602-00124;ORD-20260602-00124-2;2026-06-02 12:05:20;C013594;S0285;P002158;1;26,67;0,00;EUR;NL;CARD;SHIPPED;148 cours Gambetta, 1011 Amsterdam
ORD-20260602-00125;ORD-20260602-00125-1;2026-06-02 07:01:33;C017824;S0165;P006855;1;19,72;2,96;EUR;DE;CARD;delivered;130 rue de la République, 10115 Berlin
ORD-20260602-00125;ORD-20260602-00125-2;2026-06-02 07:01:33;C017824;S0035;P003833;1;23,69;2,37;EUR;DE;CARD;DELIVERED;130 rue de la République, 10115 Berlin
ORD-20260602-00126;ORD-20260602-00126-1;2026-06-02 11:10:08;C019486;S0091;P001645;1;137,41;20,61;EUR;ES;CARD;Delivered;94 chemin des Vignes, 46001 Valence
ORD-20260602-00126;ORD-20260602-00126-2;2026-06-02 11:10:08;C019486;S0300;P002586;2;103,11;10,31;EUR;ES;CARD;DELIVERED;94 chemin des Vignes, 46001 Valence
ORD-20260602-00126;ORD-20260602-00126-3;2026-06-02 11:10:08;C019486;S0039;P007571;1;88,73;13,31;EUR;ES;CARD;DELIVERED;94 chemin des Vignes, 46001 Valence
ORD-20260602-00126;ORD-20260602-00126-4;2026-06-02 11:10:08;C019486;S0315;P003700;1;42,75;0,00;EUR;ES;CARD;Delivered;94 chemin des Vignes, 46001 Valence
ORD-20260602-00127;ORD-20260602-00127-1;2026-06-02 09:27:48;C996787;S0483;P003097;2;35,61;10,68;EUR;DE;CARD;RETURNED;145 impasse du Moulin, 10115 Berlin
ORD-20260602-00127;ORD-20260602-00127-2;2026-06-02 09:27:48;C006659;S0491;P003055;1;108,58;0,00;EUR;DE;CARD;RETURNED;145 impasse du Moulin, 10115 Berlin
ORD-20260602-00127;ORD-20260602-00127-3;2026-06-02 09:27:48;C006659;S0579;P004249;1;64,64;3,23;EUR;DE;CARD;RETURNED;145 impasse du Moulin, 10115 Berlin
ORD-20260602-00128;ORD-20260602-00128-1;2026-06-02 15:59:29;C023642;S0583;P004754;1;14,18;0,00;EUR;FR;CARD;DELIVERED;136 rue Victor Hugo, 33000 Bordeaux
ORD-20260602-00128;ORD-20260602-00128-2;2026-06-02 15:59:29;C023642;S0102;P001279;1;5,56;0,28;EUR;FR;CARD;Delivered;136 rue Victor Hugo, 33000 Bordeaux
ORD-20260602-00129;ORD-20260602-00129-1;2026-06-02 15:09:59;C002611;S0260;P005697;1;66,63;9,99;EUR;FR;CARD;DELIVERED;91 impasse du Moulin, 69003 Lyon
ORD-20260602-00130;ORD-20260602-00130-1;2026-06-02 12:16:41;C003407;S0465;P005866;1;75,09;0,00;EUR;DE;CARD;DELIVERED;80 allée des Peupliers, 10115 Berlin
ORD-20260602-00131;ORD-20260602-00131-1;2026-06-02 23:37:19;C006076;S0169;P006925;1;74,94;3,75;EUR;FR;PAYPAL;DELIVERED;22 cours Gambetta, 75011 Paris
ORD-20260602-00132;ORD-20260602-00132-1;2026-06-02 09:46:25;C000897;S0553;P001181;1;86,92;0,00;EUR;FR;PAYPAL;CANCELLED;109 rue de la République, 31000 Toulouse
ORD-20260602-00133;ORD-20260602-00133-1;2026-06-02 19:26:47;C016316;S0396;P005229;3;64,40;19,32;EUR;DE;PAYPAL;DELIVERED;173 place de l'Église, 10115 Berlin
ORD-20260602-00133;ORD-20260602-00133-2;2026-06-02 19:26:47;C016316;S0264;P004146;1;21,02;0,00;EUR;DE;PAYPAL;DELIVERED;173 place de l'Église, 10115 Berlin
ORD-20260602-00133;ORD-20260602-00133-3;2026-06-02 19:26:47;C016316;S0356;P004214;1;62,31;0,00;EUR;DE;PAYPAL;DELIVERED;173 place de l'Église, 10115 Berlin
ORD-20260602-00134;ORD-20260602-00134-1;2026-06-02 08:53:57;C024751;S0415;P003945;1;27,33;1,37;EUR;FR;TRANSFER;DELIVERED;25 quai des Chartrons, 69003 Lyon
ORD-20260602-00134;ORD-20260602-00134-2;2026-06-02 08:53:57;C024751;S0427;P004587;1;178,83;0,00;EUR;FR;TRANSFER;DELIVERED;25 quai des Chartrons, 69003 Lyon
ORD-20260602-00135;ORD-20260602-00135-1;2026-06-02 14:00:04;C022066;S0281;P006074;1;24,59;3,69;EUR;BE;CARD;delivered;2 boulevard Saint-Michel, 1000 Bruxelles
ORD-20260602-00135;ORD-20260602-00135-2;2026-06-02 14:00:04;C022066;S0175;P004485;1;135,07;20,26;EUR;BE;CARD;DELIVERED;2 boulevard Saint-Michel, 1000 Bruxelles
ORD-20260602-00135;ORD-20260602-00135-3;2026-06-02 14:00:04;C022066;S0283;P001428;1;64,20;0,00;EUR;BE;CARD;DELIVERED;2 boulevard Saint-Michel, 1000 Bruxelles
ORD-20260602-00136;ORD-20260602-00136-1;2026-06-02 10:45:01;C010816;S0562;P005879;1;121,13;6,06;EUR;BE;CARD; SHIPPED ;18 place de l'Église, 4000 Liège
ORD-20260602-00136;ORD-20260602-00136-2;2026-06-02 10:45:01;C010816;S0069;P007427;1;88,93;0,00;EUR;BE;CARD;Shipped;18 place de l'Église, 4000 Liège
ORD-20260602-00137;ORD-20260602-00137-1;2026-06-02 10:14:28;C008916;S0022;P003660;1;178,09;0,00;EUR;NL;CARD;RETURNED;9 chemin des Vignes, 1011 Amsterdam
ORD-20260602-00138;ORD-20260602-00138-1;2026-06-02 09:18:46;C020156;S0547;P000136;2;42,06;8,41;EUR;FR;CARD;delivered;34 place de l'Église, 33000 Bordeaux
ORD-20260602-00138;ORD-20260602-00138-2;2026-06-02 09:18:46;C020156;S0199;P005511;1;50,80;0,00;EUR;FR;CARD;DELIVERED;34 place de l'Église, 33000 Bordeaux
ORD-20260602-00139;ORD-20260602-00139-1;2026-06-02 06:51:49;C008923;S0534;P006383;3;55,53;0,00;EUR;DE;PAYPAL;Returned;97 chemin des Vignes, 10115 Berlin
ORD-20260602-00139;ORD-20260602-00139-2;2026-06-02 06:51:49;C008923;S0418;P005006;1;11,50;1,72;EUR;DE;PAYPAL; RETURNED ;97 chemin des Vignes, 10115 Berlin
ORD-20260602-00139;ORD-20260602-00139-3;2026-06-02 06:51:49;C008923;S0383;P002985;1;6,92;0,69;EUR;DE;PAYPAL;RETURNED;97 chemin des Vignes, 10115 Berlin
ORD-20260602-00139;ORD-20260602-00139-4;2026-06-02 06:51:49;C008923;S0594;P004910;2;46,65;4,67;EUR;DE;PAYPAL;RETURNED;97 chemin des Vignes, 10115 Berlin
ORD-20260602-00140;ORD-20260602-00140-1;2026-06-02 23:35:06;C021138;S0492;P007747;1;53,51;5,35;EUR;BE;APPLEPAY;DELIVERED;77 cours Gambetta, 4000 Liège
ORD-20260602-00140;ORD-20260602-00140-2;2026-06-02 23:35:06;C995384;S0042;P001273;1;57,86;2,89;EUR;BE;APPLEPAY;Delivered;77 cours Gambetta, 4000 Liège
ORD-20260602-00141;ORD-20260602-00141-1;2026-06-02 11:57:23;C023829;S0526;P007333;3;97,76;43,99;EUR;FR;APPLEPAY;DELIVERED;34 rue de la République, 69003 Lyon
ORD-20260602-00141;ORD-20260602-00141-2;2026-06-02 11:57:23;C023829;S0206;P006395;1;43,30;0,00;EUR;FR;APPLEPAY;DELIVERED;34 rue de la République, 69003 Lyon
ORD-20260602-00141;ORD-20260602-00141-3;2026-06-02 11:57:23;C023829;S0114;P002196;4;54,60;10,92;EUR;FR;APPLEPAY;DELIVERED;34 rue de la République, 69003 Lyon
ORD-20260602-00142;ORD-20260602-00142-1;2026-06-02 15:21:44;C013342;S0160;P002541;2;63,38;0,00;EUR;BE;GIFTCARD;SHIPPED;46 cours Gambetta, 2000 Anvers
ORD-20260602-00143;ORD-20260602-00143-1;2026-06-02 10:12:53;C024248;S0305;P003701;1;171,32;0,00;EUR;IT;CARD;DELIVERED;23 impasse du Moulin, 20121 Milan
ORD-20260602-00144;ORD-20260602-00144-1;2026-06-02 12:14:19;C013826;S0507;P003509;1;9,95;0,50;EUR;FR;CARD;DELIVERED;163 rue de la République, 44000 Nantes
ORD-20260602-00145;ORD-20260602-00145-1;2026-06-02 15:00:42;C023715;S0524;P003224;1;84,40;0,00;EUR;IT;CARD;DELIVERED;149 impasse du Moulin, 20121 Milan
ORD-20260602-00145;ORD-20260602-00145-2;2026-06-02 15:00:42;C023715;S0511;P004338;2;16,31;0,00;EUR;IT;CARD;DELIVERED;149 impasse du Moulin, 20121 Milan
ORD-20260602-00146;ORD-20260602-00146-1;2026-06-02 14:39:59;C005206;S0315;P003467;1;122,00;12,20;EUR;FR;CARD;DELIVERED;46 allée des Peupliers, 33000 Bordeaux
ORD-20260602-00147;ORD-20260602-00147-1;2026-06-02 19:23:26;C013229;S0501;P004297;1;87,42;0,00;EUR;BE;CARD;DELIVERED;9 route de Bordeaux, 1000 Bruxelles
ORD-20260602-00147;ORD-20260602-00147-2;2026-06-02 19:23:26;C013229;S0180;P000270;1;95,39;14,31;EUR;BE;CARD;DELIVERED;9 route de Bordeaux, 1000 Bruxelles
ORD-20260602-00148;ORD-20260602-00148-1;2026-06-02 07:48:21;C008868;S0431;P004880;1;55,09;0,00;EUR;FR;PAYPAL;DELIVERED;13 place de l'Église, 75011 Paris
ORD-20260602-00149;ORD-20260602-00149-1;2026-06-02 13:12:09;C011534;S0303;P005644;2;52,67;0,00;EUR;DE;APPLEPAY;DELIVERED;73 impasse du Moulin, 10115 Berlin
ORD-20260602-00149;ORD-20260602-00149-2;2026-06-02 13:12:09;C011534;S0109;P004674;2;80,10;16,02;EUR;DE;APPLEPAY;delivered;73 impasse du Moulin, 10115 Berlin
ORD-20260602-00150;ORD-20260602-00150-1;2026-06-02 19:20:36;C019510;S0139;P004799;1;31,54;1,58;EUR;ES;PAYPAL;PENDING;167 route de Bordeaux, 08001 Barcelone
ORD-20260602-00150;ORD-20260602-00150-2;2026-06-02 19:20:36;C019510;S0168;P005592;1;12,79;0,00;EUR;ES;PAYPAL;pending;167 route de Bordeaux, 08001 Barcelone
ORD-20260602-00151;ORD-20260602-00151-1;2026-06-02 15:26:08;C017497;S0010;P007760;1;82,22;12,33;EUR;BE;PAYPAL;DELIVERED;104 rue de la République, 4000 Liège
ORD-20260602-00152;ORD-20260602-00152-1;2026-06-02 20:52:43;C024135;S0011;P002717;1;88,19;13,23;EUR;IT;CARD;DELIVERED;112 impasse du Moulin, 00184 Rome
ORD-20260602-00152;ORD-20260602-00152-2;2026-06-02 20:52:43;C024135;S0396;P007676;1;11,82;0,59;EUR;IT;CARD;delivered;112 impasse du Moulin, 00184 Rome
ORD-20260602-00152;ORD-20260602-00152-3;0000-00-00 00:00:00;C024135;S0050;P007558;1;8,85;0,89;EUR;IT;CARD;Delivered;112 impasse du Moulin, 00184 Rome
ORD-20260602-00152;ORD-20260602-00152-4;2026-06-02 20:52:43;C024135;S0443;P004337;1;35,60;0,00;EUR;IT;CARD;DELIVERED;112 impasse du Moulin, 00184 Rome
ORD-20260602-00153;ORD-20260602-00153-1;2026-06-02 14:12:01;C018997;S0542;P001757;1;76,28;0,00;EUR;ES;TRANSFER; DELIVERED ;31 rue Victor Hugo, 46001 Valence
ORD-20260602-00154;ORD-20260602-00154-1;2026-06-02 16:34:53;C023146;S0113;P003305;1;14,47;0,00;EUR;FR;PAYPAL;DELIVERED;152 impasse du Moulin, 31000 Toulouse
ORD-20260602-00154;ORD-20260602-00154-2;2026-06-02 16:34:53;C023146;S0364;P001410;4;56,70;0,00;EUR;FR;PAYPAL;DELIVERED;152 impasse du Moulin, 31000 Toulouse
ORD-20260602-00154;ORD-20260602-00154-3;2026-06-02 16:34:53;C023146;S0250;P001695;2;19,27;0,00;EUR;FR;PAYPAL;DELIVERED;152 impasse du Moulin, 31000 Toulouse
ORD-20260602-00155;ORD-20260602-00155-1;2026-06-02 19:22:27;C012534;S0522;P002281;2;70,33;14,07;EUR;FR;CARD;Delivered;27 cours Gambetta, 44000 Nantes
ORD-20260602-00155;ORD-20260602-00155-2;2026-06-02 19:22:27;C012534;S0542;P001322;1;70,78;7,08;EUR;FR;CARD;Delivered;27 cours Gambetta, 44000 Nantes
ORD-20260602-00155;ORD-20260602-00155-3;2026-06-02 19:22:27;C012534;S0393;P001575;1;168,35;0,00;EUR;FR;CARD;DELIVERED;27 cours Gambetta, 44000 Nantes
ORD-20260602-00155;ORD-20260602-00155-4;2026-06-02 19:22:27;C012534;S0233;P000267;3;57,39;0,00;EUR;FR;CARD;DELIVERED;27 cours Gambetta, 44000 Nantes
ORD-20260602-00156;ORD-20260602-00156-1;2026-06-02 14:39:03;C008932;S0537;P007315;1;14,19;0,00;EUR;IT;CARD; DELIVERED ;56 impasse du Moulin, 20121 Milan
ORD-20260602-00156;ORD-20260602-00156-2;2026-06-02 14:39:03;C008932;S0061;P005738;2;98,21;19,64;EUR;IT;CARD;DELIVERED;56 impasse du Moulin, 20121 Milan
ORD-20260602-00156;ORD-20260602-00156-3;2026-06-02 14:39:03;C008932;S0215;P000644;1;82,67;8,27;EUR;IT;CARD;DELIVERED;56 impasse du Moulin, 20121 Milan
ORD-20260602-00156;ORD-20260602-00156-4;2026-06-02 14:39:03;C008932;S0482;P007793;1;30,03;3,00;EUR;IT;CARD;Delivered;56 impasse du Moulin, 20121 Milan
ORD-20260602-00157;ORD-20260602-00157-1;2026-06-02 16:03:59;C006473;S0411;P006158;1;36,27;0,00;EUR;FR;CARD;DELIVERED;93 place de l'Église, 69003 Lyon
ORD-20260602-00158;ORD-20260602-00158-1;2026-06-02 15:44:58;C015748;S0458;P007064;1;71,39;0,00;EUR;BE;CARD;SHIPPED;148 rue Victor Hugo, 2000 Anvers
ORD-20260602-00159;ORD-20260602-00159-1;2026-06-02 23:58:03;C020108;S0018;P003898;1;190,39;19,04;EUR;BE;GIFTCARD;RETURNED;102 rue Victor Hugo, 1000 Bruxelles
ORD-20260602-00159;ORD-20260602-00159-2;2026-06-02 23:58:03;C020108;S0483;P005037;3;245,57;0,00;EUR;BE;GIFTCARD;returned;102 rue Victor Hugo, 1000 Bruxelles
ORD-20260602-00159;ORD-20260602-00159-3;2026-06-02 23:58:03;C020108;S0512;P000872;1;125,45;12,55;EUR;BE;GIFTCARD;RETURNED;102 rue Victor Hugo, 1000 Bruxelles
ORD-20260602-00160;ORD-20260602-00160-1;2026-06-02 18:47:30;C015756;S0460;P000084;3;101,04;45,47;EUR;BE;CARD;DELIVERED;174 place de l'Église, 1000 Bruxelles
ORD-20260602-00161;ORD-20260602-00161-1;2026-06-02 16:36:23;C015665;S0436;P002792;2;36,83;0,00;EUR;FR;CARD;DELIVERED;65 rue de la République, 67000 Strasbourg
ORD-20260602-00162;ORD-20260602-00162-1;2026-06-02 15:52:58;C024971;S0479;P003261;1;60,68;9,10;EUR;BE;CARD; DELIVERED ;145 chemin des Vignes, 1000 Bruxelles
ORD-20260602-00162;ORD-20260602-00162-2;2026-06-02 15:52:58;C024971;S0553;P004098;1;142,60;0,00;EUR;BE;CARD;DELIVERED;145 chemin des Vignes, 1000 Bruxelles
ORD-20260602-00163;ORD-20260602-00163-1;2026-06-02 17:47:38;C023534;S0090;P000207;1;113,85;0,00;EUR;FR;PAYPAL;DELIVERED;93 rue de la République, 59000 Lille
ORD-20260602-00164;ORD-20260602-00164-1;2026-06-02 13:58:25;C014934;S0340;P002386;1;102,85;15,43;EUR;FR;PAYPAL;DELIVERED;152 boulevard Saint-Michel, 67000 Strasbourg
ORD-20260602-00164;ORD-20260602-00164-2;2026-06-02 13:58:25;C014934;S0216;P005974;1;158,78;0,00;EUR;FR;PAYPAL;DELIVERED;152 boulevard Saint-Michel, 67000 Strasbourg
ORD-20260602-00165;ORD-20260602-00165-1;2026-06-02 16:35:51;C014173;S0587;P000034;4;31,89;0,00;EUR;FR;CARD;delivered;15 rue du Général Leclerc, 33000 Bordeaux
ORD-20260602-00166;ORD-20260602-00166-1;2026-06-02 10:15:55;C005332;S0107;P000527;4;31,87;19,12;EUR;ES;TRANSFER;delivered;89 place de l'Église, 46001 Valence
ORD-20260602-00167;ORD-20260602-00167-1;2026-06-02 13:54:28;C018627;S0158;P000152;1;62,68;0,00;EUR;ES;CARD;DELIVERED;152 route de Bordeaux, 08001 Barcelone
ORD-20260602-00167;ORD-20260602-00167-2;2026-06-02 13:54:28;C018627;S0309;P004917;1;32,81;3,28;EUR;ES;CARD;DELIVERED;152 route de Bordeaux, 08001 Barcelone
ORD-20260602-00167;ORD-20260602-00167-3;2026-06-02 13:54:28;C018627;S0228;P003805;1;44,92;6,74;EUR;ES;CARD;DELIVERED;152 route de Bordeaux, 08001 Barcelone
ORD-20260602-00167;ORD-20260602-00167-4;2026-06-02 13:54:28;C018627;S0544;P007647;1;5,52;0,00;EUR;ES;CARD; DELIVERED ;152 route de Bordeaux, 08001 Barcelone
ORD-20260602-00168;ORD-20260602-00168-1;2026-06-02 19:10:54;C010191;S0555;P007540;1;72,30;0,00;EUR;BE;GIFTCARD;cancelled;67 quai des Chartrons, 1000 Bruxelles
ORD-20260602-00168;ORD-20260602-00168-2;2026-06-02 19:10:54;C010191;S0247;P007629;2;24,51;4,90;EUR;BE;GIFTCARD;CANCELLED;67 quai des Chartrons, 1000 Bruxelles
ORD-20260602-00168;ORD-20260602-00168-2;2026-06-02 19:10:54;C010191;S0247;P007629;2;24,51;4,90;EUR;BE;GIFTCARD;CANCELLED;67 quai des Chartrons, 1000 Bruxelles
ORD-20260602-00168;ORD-20260602-00168-3;2026-06-02 19:10:54;C010191;S0254;P003792;1;76,61;11,49;EUR;BE;GIFTCARD;CANCELLED;67 quai des Chartrons, 1000 Bruxelles
ORD-20260602-00169;ORD-20260602-00169-1;2026-06-02 21:43:16;C017317;S0031;P005311;1;15,48;0,00;EUR;FR;PAYPAL; DELIVERED ;159 rue Victor Hugo, 75011 Paris
ORD-20260602-00169;ORD-20260602-00169-2;2026-06-02 21:43:16;C017317;S0400;P001571;1;39,50;1,98;EUR;FR;PAYPAL;delivered;159 rue Victor Hugo, 75011 Paris
ORD-20260602-00170;ORD-20260602-00170-1;2026-06-02 18:11:13;C023836;S0008;P005465;1;86,16;4,31;EUR;DE;GIFTCARD;DELIVERED;55 quai des Chartrons, 80331 Munich
ORD-20260602-00171;ORD-20260602-00171-1;2026-06-02 12:38:55;C015389;S0022;P001107;1;161,49;0,00;EUR;IT;CARD;DELIVERED;175 avenue des Tilleuls, 00184 Rome
ORD-20260602-00172;ORD-20260602-00172-1;2026-06-02 08:06:18;C005332;S0017;P001646;2;34,38;0,00;EUR;ES;PAYPAL;PENDING;84 quai des Chartrons, 46001 Valence
ORD-20260602-00172;ORD-20260602-00172-2;2026-06-02 08:06:18;C005332;S0459;P001191;1;160,49;0,00;EUR;ES;PAYPAL;PENDING;84 quai des Chartrons, 46001 Valence
ORD-20260602-00173;ORD-20260602-00173-1;2026-06-02 18:41:34;C015842;S0559;P006553;1;36,67;0,00;EUR;DE;CARD;delivered;23 avenue des Tilleuls, 80331 Munich
ORD-20260602-00174;ORD-20260602-00174-1;2026-06-02 12:33:03;C020024;S0452;P006209;1;15,67;2,35;EUR;FR;CARD;returned;125 cours Gambetta, 31000 Toulouse
ORD-20260602-00175;ORD-20260602-00175-1;2026-06-02 15:50:32;C013406;S0351;P004758;3;139,41;62,73;EUR;FR;APPLEPAY;DELIVERED;64 impasse du Moulin, 44000 Nantes
ORD-20260602-00175;ORD-20260602-00175-2;2026-06-02 15:50:32;C013406;S0293;P006198;1;232,98;23,30;EUR;FR;APPLEPAY;DELIVERED;64 impasse du Moulin, 44000 Nantes
ORD-20260602-00175;ORD-20260602-00175-3;2026-06-02 15:50:32;C013406;S0141;P006463;1;167,01;16,70;EUR;FR;APPLEPAY;delivered;64 impasse du Moulin, 44000 Nantes
ORD-20260602-00175;ORD-20260602-00175-4;2026-06-02 15:50:32;C013406;S0044;P002377;1;6,15;0,00;EUR;FR;APPLEPAY;DELIVERED;64 impasse du Moulin, 44000 Nantes
ORD-20260602-00176;ORD-20260602-00176-1;2026-06-02 07:33:52;C020194;S0058;P004342;2;59,31;0,00;EUR;ES;CARD;Delivered;48 place de l'Église, 28001 Madrid
ORD-20260602-00176;ORD-20260602-00176-2;2026-06-02 07:33:52;C020194;S0363;P004898;2;64,64;6,46;EUR;ES;CARD; DELIVERED ;48 place de l'Église, 28001 Madrid
ORD-20260602-00176;ORD-20260602-00176-3;2026-06-02 07:33:52;C020194;S0283;P007115;2;33,85;6,77;EUR;ES;CARD;DELIVERED;48 place de l'Église, 28001 Madrid
ORD-20260602-00177;ORD-20260602-00177-1;2026-06-02 18:24:32;C024909;S0481;P007105;1;36,69;0,00;EUR;FR;GIFTCARD;DELIVERED;6 rue du Général Leclerc, 31000 Toulouse
ORD-20260602-00177;ORD-20260602-00177-2;2026-06-02 18:24:32;C024909;S0003;P002133;1;76,62;3,83;EUR;FR;GIFTCARD;delivered;6 rue du Général Leclerc, 31000 Toulouse
ORD-20260602-00177;ORD-20260602-00177-3;2026-06-02 18:24:32;C024909;S0594;P000904;3;38,00;17,10;EUR;FR;GIFTCARD;delivered;6 rue du Général Leclerc, 31000 Toulouse
ORD-20260602-00177;ORD-20260602-00177-4;2026-06-02 18:24:32;C024909;S0481;P002693;1;135,81;0,00;EUR;FR;GIFTCARD;DELIVERED;6 rue du Général Leclerc, 31000 Toulouse
ORD-20260602-00178;ORD-20260602-00178-1;2026-06-02 17:46:58;C012490;S0037;P006418;2;21,33;4,27;EUR;FR;CARD;delivered;148 route de Bordeaux, 44000 Nantes
ORD-20260602-00178;ORD-20260602-00178-2;2026-06-02 17:46:58;C012490;S0497;P000743;1;10,42;0,52;EUR;FR;CARD;DELIVERED;148 route de Bordeaux, 44000 Nantes
ORD-20260602-00179;ORD-20260602-00179-1;2026-06-02 07:50:37;C010004;S0520;P002096;2;285,62;0,00;EUR;NL;CARD;DELIVERED;122 impasse du Moulin, 1011 Amsterdam
ORD-20260602-00180;ORD-20260602-00180-1;2026-06-02 13:58:45;C020798;S0184;P007761;1;66,44;0,00;EUR;IT;PAYPAL;DELIVERED;162 cours Gambetta, 20121 Milan
ORD-20260602-00181;ORD-20260602-00181-1;2026-06-02 19:29:08;C001909;S0013;P005947;3;65,41;9,81;EUR;FR;GIFTCARD;DELIVERED;62 rue du Général Leclerc, 59000 Lille
ORD-20260602-00181;ORD-20260602-00181-2;2026-06-02 19:29:08;C001909;S0332;P006916;1;65,62;3,28;EUR;FR;GIFTCARD;DELIVERED;62 rue du Général Leclerc, 59000 Lille
ORD-20260602-00181;ORD-20260602-00181-3;2026-06-02 19:29:08;C001909;S0599;P004334;1;31,10;3,11;EUR;FR;GIFTCARD;delivered;62 rue du Général Leclerc, 59000 Lille
ORD-20260602-00181;ORD-20260602-00181-4;2026-06-02 19:29:08;C001909;S0529;P005263;1;111,02;16,65;EUR;FR;GIFTCARD;DELIVERED;62 rue du Général Leclerc, 59000 Lille
ORD-20260602-00181;ORD-20260602-00181-5;2026-06-02 19:29:08;C001909;S0178;P001139;1;32,53;4,88;EUR;FR;GIFTCARD;DELIVERED;62 rue du Général Leclerc, 59000 Lille
ORD-20260602-00182;ORD-20260602-00182-1;2026-06-02 18:14:50;C010870;S0348;P003998;1;21,99;3,30;EUR;BE;APPLEPAY;DELIVERED;122 place de l'Église, 2000 Anvers
ORD-20260602-00183;ORD-20260602-00183-1;2026-06-02 20:03:45;C022896;S0300;P001463;1;146,48;21,97;EUR;DE;PAYPAL; DELIVERED ;79 boulevard Saint-Michel, 20095 Hambourg
ORD-20260602-00184;ORD-20260602-00184-1;2026-06-02 16:08:09;C012741;S0466;P000526;1;21,64;1,08;EUR;FR;CARD;DELIVERED;24 route de Bordeaux, 67000 Strasbourg
ORD-20260602-00184;ORD-20260602-00184-2;2026-06-02 16:08:09;C012741;S0351;P001735;1;64,46;3,22;EUR;FR;CARD; DELIVERED ;24 route de Bordeaux, 67000 Strasbourg
ORD-20260602-00185;ORD-20260602-00185-1;2026-06-02 15:09:01;C008025;S0455;P004395;1;64,91;9,74;EUR;ES;PAYPAL;DELIVERED;84 allée des Peupliers, 28001 Madrid
ORD-20260602-00185;ORD-20260602-00185-2;2026-06-02 15:09:01;C008025;S0113;P005916;2;209,32;41,86;EUR;ES;PAYPAL;DELIVERED;84 allée des Peupliers, 28001 Madrid
ORD-20260602-00185;ORD-20260602-00185-3;2026-06-02 15:09:01;C008025;S0494;P000682;1;170,12;8,51;EUR;ES;PAYPAL;delivered;84 allée des Peupliers, 28001 Madrid
ORD-20260602-00186;ORD-20260602-00186-1;2026-06-02 15:08:19;C024407;S0579;P001562;1;62,58;3,13;EUR;IT;CARD;CANCELLED;166 cours Gambetta, 20121 Milan
ORD-20260602-00187;ORD-20260602-00187-1;2026-06-02 18:14:15;C002481;S0151;P007602;1;62,16;0,00;EUR;BE;CARD; DELIVERED ;158 place de l'Église, 1000 Bruxelles
ORD-20260602-00187;ORD-20260602-00187-2;2026-06-02 18:14:15;C002481;S0367;P006933;1;185,19;18,52;EUR;BE;CARD;DELIVERED;158 place de l'Église, 1000 Bruxelles
ORD-20260602-00187;ORD-20260602-00187-2;2026-06-02 18:14:15;C002481;S0367;P006933;1;185,19;18,52;EUR;BE;CARD;DELIVERED;158 place de l'Église, 1000 Bruxelles
ORD-20260602-00188;ORD-20260602-00188-1;2026-06-02 13:51:53;C012172;S0427;P002490;2;82,19;0,00;EUR;FR;GIFTCARD;DELIVERED;53 rue de la République, 31000 Toulouse
ORD-20260602-00188;ORD-20260602-00188-2;2026-06-02 13:51:53;C012172;S0294;P004790;1;157,55;23,63;EUR;FR;GIFTCARD; DELIVERED ;53 rue de la République, 31000 Toulouse
ORD-20260602-00189;ORD-20260602-00189-1;2026-06-02 14:30:49;C022759;S0560;P005430;1;24,16;2,42;EUR;IT;TRANSFER;Delivered;53 route de Bordeaux, 00184 Rome
ORD-20260602-00189;ORD-20260602-00189-2;2026-06-02 14:30:49;C022759;S0039;P004059;1;91,69;0,00;EUR;IT;TRANSFER;Delivered;53 route de Bordeaux, 00184 Rome
ORD-20260602-00190;ORD-20260602-00190-1;2026-06-02 11:36:57;C018455;S0441;P004641;1;25,49;3,82;EUR;IT;CARD;DELIVERED;99 cours Gambetta, 20121 Milan
ORD-20260602-00191;ORD-20260602-00191-1;2026-06-02 07:13:56;C012048;S0244;P000762;1;87,27;0,00;EUR;FR;CARD;DELIVERED;161 rue du Général Leclerc, 35000 Rennes
ORD-20260602-00192;ORD-20260602-00192-1;2026-06-02 23:37:18;C008156;S0569;P003640;1;14,36;2,15;EUR;FR;CARD;Delivered;32 allée des Peupliers, 69003 Lyon
ORD-20260602-00192;ORD-20260602-00192-2;2026-06-02 23:37:18;C008156;S0530;P005025;1;197,19;9,86;EUR;FR;CARD;DELIVERED;32 allée des Peupliers, 69003 Lyon
ORD-20260602-00193;ORD-20260602-00193-1;2026-06-02 05:58:20;C020424;S0288;P004536;2;19,39;0,00;EUR;DE;PAYPAL;DELIVERED;89 rue du Général Leclerc, 80331 Munich
ORD-20260602-00193;ORD-20260602-00193-2;2026-06-02 05:58:20;C020424;S0381;P006686;1;56,99;0,00;EUR;DE;PAYPAL;DELIVERED;89 rue du Général Leclerc, 80331 Munich
ORD-20260602-00193;ORD-20260602-00193-3;2026-06-02 05:58:20;C020424;S0520;P006226;2;53,22;0,00;EUR;DE;PAYPAL;delivered;89 rue du Général Leclerc, 80331 Munich
ORD-20260602-00193;ORD-20260602-00193-4;2026-06-02 05:58:20;C020424;S0595;P001476;1;34,48;0,00;EUR;DE;PAYPAL;Delivered;89 rue du Général Leclerc, 80331 Munich
ORD-20260602-00194;ORD-20260602-00194-1;2026-06-02 07:57:07;C023581;S0532;P003896;1;42,01;0,00;EUR;DE;PAYPAL;DELIVERED;21 route de Bordeaux, 20095 Hambourg
ORD-20260602-00194;ORD-20260602-00194-2;2026-06-02 07:57:07;C023581;S0519;P007437;3;60,23;0,00;EUR;DE;PAYPAL;DELIVERED;21 route de Bordeaux, 20095 Hambourg
ORD-20260602-00195;ORD-20260602-00195-1;2026-06-02 14:17:58;C001173;S0196;P005459;2;7,91;2,37;EUR;IT;CARD;CANCELLED;178 place de l'Église, 20121 Milan
ORD-20260602-00195;ORD-20260602-00195-2;2026-06-02 14:17:58;C001173;S0079;P003038;1;69,52;0,00;EUR;IT;CARD;CANCELLED;178 place de l'Église, 20121 Milan
ORD-20260602-00195;ORD-20260602-00195-3;2026-06-02 14:17:58;C001173;S0321;P007896;2;134,03;26,81;EUR;IT;CARD;cancelled;178 place de l'Église, 20121 Milan
ORD-20260602-00196;ORD-20260602-00196-1;2026-06-02 10:53:03;C015886;S0416;P006020;4;121,08;72,65;EUR;IT;CARD;DELIVERED;162 cours Gambetta, 20121 Milan
ORD-20260602-00197;ORD-20260602-00197-1;2026-06-02 09:14:32;C022404;S0030;P003835;1;91,64;0,00;EUR;BE;CARD;Delivered;99 rue du Général Leclerc, 2000 Anvers
ORD-20260602-00198;ORD-20260602-00198-1;2026-06-02 16:36:40;C021692;S0558;P007573;1;45,29;4,53;EUR;FR;CARD;DELIVERED;97 rue du Général Leclerc, 67000 Strasbourg
ORD-20260602-00199;ORD-20260602-00199-1;2026-06-02 11:33:13;C018621;S0342;P003366;1;41,29;4,13;EUR;DE;CARD;delivered;172 place de l'Église, 10115 Berlin
ORD-20260602-00199;ORD-20260602-00199-2;2026-06-02 11:33:13;C018621;S0315;P005574;1;75,84;0,00;EUR;DE;CARD;DELIVERED;172 place de l'Église, 10115 Berlin
ORD-20260602-00199;ORD-20260602-00199-3;2026-06-02 11:33:13;C018621;S0583;P001311;1;255,96;38,39;EUR;DE;CARD;DELIVERED;172 place de l'Église, 10115 Berlin
ORD-20260602-00199;ORD-20260602-00199-4;2026-06-02 11:33:13;C018621;S0175;P006598;3;12,80;5,76;EUR;DE;CARD;DELIVERED;172 place de l'Église, 10115 Berlin
ORD-20260602-00199;ORD-20260602-00199-5;2026-06-02 11:33:13;C018621;S0489;P004619;1;67,20;0,00;EUR;DE;CARD;DELIVERED;172 place de l'Église, 10115 Berlin
ORD-20260602-00200;ORD-20260602-00200-1;2026-06-02 10:09:35;C008658;S0151;P007602;2;64,73;0,00;EUR;IT;CARD;delivered;169 boulevard Saint-Michel, 20121 Milan
ORD-20260602-00200;ORD-20260602-00200-2;06/02/2026;C008658;S0439;P002872;2;58,89;17,67;EUR;IT;CARD;DELIVERED;169 boulevard Saint-Michel, 20121 Milan
ORD-20260602-00200;ORD-20260602-00200-3;2026-06-02 10:09:35;C008658;S0544;P000450;2;18,85;0,00;EUR;IT;CARD;DELIVERED;169 boulevard Saint-Michel, 20121 Milan
ORD-20260602-00201;ORD-20260602-00201-1;2026-06-02 09:24:00;C013584;S0102;P006050;2;98,69;0,00;EUR;DE;TRANSFER;DELIVERED;73 rue Victor Hugo, 80331 Munich
ORD-20260602-00201;ORD-20260602-00201-2;2026-06-02 09:24:00;C013584;S0198;P005281;1;53,63;2,68;EUR;DE;TRANSFER;DELIVERED;73 rue Victor Hugo, 80331 Munich
ORD-20260602-00202;ORD-20260602-00202-1;2026-06-02 10:30:16;C022083;S0552;P004606;2;40,11;8,02;EUR;IT;CARD;DELIVERED;172 boulevard Saint-Michel, 00184 Rome
ORD-20260602-00203;ORD-20260602-00203-1;2026-06-02 15:04:35;C022672;S0166;P003648;2;102,96;0,00;EUR;ES;CARD;CANCELLED;113 chemin des Vignes, 08001 Barcelone
ORD-20260602-00203;ORD-20260602-00203-2;2026-06-02 15:04:35;C022672;S0244;P006378;1;68,44;3,42;EUR;ES;CARD;CANCELLED;113 chemin des Vignes, 08001 Barcelone
ORD-20260602-00204;ORD-20260602-00204-1;2026-06-02 12:48:52;C010424;S0366;P007219;1;82,44;4,12;EUR;IT;PAYPAL;DELIVERED;115 rue du Général Leclerc, 00184 Rome
ORD-20260602-00204;ORD-20260602-00204-2;2026-06-02 12:48:52;C010424;S0588;P000500;1;57,79;0,00;EUR;IT;PAYPAL;Delivered;115 rue du Général Leclerc, 00184 Rome
ORD-20260602-00204;ORD-20260602-00204-3;2026-06-02 12:48:52;C010424;S0116;P003897;1;220,70;11,04;EUR;IT;PAYPAL;Delivered;115 rue du Général Leclerc, 00184 Rome
ORD-20260602-00204;ORD-20260602-00204-4;2026-06-02 12:48:52;C010424;S0525;P002202;3;34,88;0,00;EUR;IT;PAYPAL;DELIVERED;115 rue du Général Leclerc, 00184 Rome
ORD-20260602-00205;ORD-20260602-00205-1;2026-06-02 08:47:03;C011384;S0495;P000917;1;17,25;0,00;EUR;FR;PAYPAL;SHIPPED;49 quai des Chartrons, 75011 Paris
ORD-20260602-00206;ORD-20260602-00206-1;2026-06-02 15:19:38;C013716;S0015;P004692;3;64,74;0,00;EUR;DE;PAYPAL;DELIVERED;144 allée des Peupliers, 10115 Berlin
ORD-20260602-00206;ORD-20260602-00206-2;2026-06-02 15:19:38;C013716;S0517;P005386;1;79,06;3,95;EUR;DE;PAYPAL;DELIVERED;144 allée des Peupliers, 10115 Berlin
ORD-20260602-00207;ORD-20260602-00207-1;2026-06-02 16:26:40;C020470;S0451;P004595;1;12,24;1,84;EUR;DE;APPLEPAY;DELIVERED;5 quai des Chartrons, 20095 Hambourg
ORD-20260602-00208;ORD-20260602-00208-1;2026-06-02 17:34:15;C021498;S0418;P006390;1;176,40;0,00;EUR;NL;CARD; SHIPPED ;72 rue du Général Leclerc, 1011 Amsterdam
ORD-20260602-00209;ORD-20260602-00209-1;2026-06-02 09:19:54;C014229;S0041;P007695;1;64,98;0,00;EUR;BE;CARD;Delivered;50 allée des Peupliers, 1000 Bruxelles
ORD-20260602-00210;ORD-20260602-00210-1;06/02/2026;C009243;S0340;P002507;1;34,88;1,74;EUR;ES;APPLEPAY;Pending;117 avenue des Tilleuls, 28001 Madrid
ORD-20260602-00210;ORD-20260602-00210-2;2026-06-02 15:25:59;C009243;S0079;P002504;2;152,48;15,25;EUR;ES;APPLEPAY;PENDING;117 avenue des Tilleuls, 28001 Madrid
ORD-20260602-00211;ORD-20260602-00211-1;2026-06-02 18:03:53;C006287;S0261;P002148;1;77,00;11,55;EUR;DE;CARD;DELIVERED;88 allée des Peupliers, 10115 Berlin
ORD-20260602-00211;ORD-20260602-00211-2;2026-06-02 18:03:53;C006287;S0411;P001090;2;85,15;0,00;EUR;DE;CARD;Delivered;88 allée des Peupliers, 10115 Berlin
ORD-20260602-00211;ORD-20260602-00211-3;2026-06-02 18:03:53;C006287;S0482;P000812;1;11,30;0,00;EUR;DE;CARD;delivered;88 allée des Peupliers, 10115 Berlin
ORD-20260602-00212;ORD-20260602-00212-1;2026-06-02 23:43:38;C001325;S0062;P003647;1;215,09;21,51;EUR;IT;CARD;PENDING;11 rue de la République, 00184 Rome
ORD-20260602-00213;ORD-20260602-00213-1;2026-06-02 05:37:56;C003477;S0259;P002369;1;15,03;0,00;EUR;BE;PAYPAL;DELIVERED;47 allée des Peupliers, 4000 Liège
ORD-20260602-00214;ORD-20260602-00214-1;2026-06-02 15:55:51;C014085;S0101;P006810;1;25,22;1,26;EUR;DE;CARD;RETURNED;17 allée des Peupliers, 20095 Hambourg
ORD-20260602-00214;ORD-20260602-00214-2;2026-06-02 15:55:51;C014085;S0517;P006416;1;86,46;12,97;EUR;DE;CARD;RETURNED;17 allée des Peupliers, 20095 Hambourg
ORD-20260602-00215;ORD-20260602-00215-1;2026-06-02 15:55:58;C002107;S0385;P007630;1;66,32;9,95;EUR;BE;CARD;cancelled;117 cours Gambetta, 2000 Anvers
ORD-20260602-00216;ORD-20260602-00216-1;2026-06-02 11:33:46;C020775;S0219;P006599;1;6,35;0,00;EUR;NL;CARD;DELIVERED;172 route de Bordeaux, 1011 Amsterdam
ORD-20260602-00216;ORD-20260602-00216-2;2026-06-02 11:33:46;C020775;S0342;P004248;2;22,45;0,00;EUR;NL;CARD;DELIVERED;172 route de Bordeaux, 1011 Amsterdam
ORD-20260602-00217;ORD-20260602-00217-1;2026-06-02 23:45:45;C002791;S0589;P001687;2;48,45;0,00;EUR;FR;PAYPAL;Delivered;155 avenue des Tilleuls, 31000 Toulouse
ORD-20260602-00217;ORD-20260602-00217-2;2026-06-02 23:45:45;C002791;S0029;P007878;1;126,04;18,91;EUR;FR;PAYPAL;DELIVERED;155 avenue des Tilleuls, 31000 Toulouse
ORD-20260602-00217;ORD-20260602-00217-3;2026-06-02 23:45:45;C002791;S0302;P003802;1;76,65;7,67;EUR;FR;PAYPAL;DELIVERED;155 avenue des Tilleuls, 31000 Toulouse
ORD-20260602-00218;ORD-20260602-00218-1;2026-06-02 14:17:29;C024944;S0453;P000561;1;28,85;0,00;EUR;IT;CARD;DELIVERED;17 allée des Peupliers, 20121 Milan
ORD-20260602-00218;ORD-20260602-00218-2;2026-06-02 14:17:29;C024944;S0292;P002036;1;65,05;9,76;EUR;IT;CARD;DELIVERED;17 allée des Peupliers, 20121 Milan
ORD-20260602-00218;ORD-20260602-00218-2;2026-06-02 14:17:29;C024944;S0292;P002036;1;65,05;9,76;EUR;IT;CARD;DELIVERED;17 allée des Peupliers, 20121 Milan
ORD-20260602-00218;ORD-20260602-00218-3;2026-06-02 14:17:29;C024944;S0024;P001532;1;74,48 €;0,00;EUR;IT;CARD;DELIVERED;17 allée des Peupliers, 20121 Milan
ORD-20260602-00218;ORD-20260602-00218-4;2026-06-02 14:17:29;C024944;S0030;P000757;3;67,96;10,19;EUR;IT;CARD;Delivered;17 allée des Peupliers, 20121 Milan
ORD-20260602-00219;ORD-20260602-00219-1;2026-06-02 15:39:48;C023165;S0472;P007060;1;237,66;11,88;EUR;DE;CARD;DELIVERED;73 place de l'Église, 80331 Munich
ORD-20260602-00220;ORD-20260602-00220-1;2026-06-02 08:01:38;C003225;S0559;P003299;1;35,51;5,33;EUR;FR;APPLEPAY;RETURNED;5 rue de la République, 44000 Nantes
ORD-20260602-00220;ORD-20260602-00220-2;2026-06-02 08:01:38;C003225;S0269;P004625;1;135,00;0,00;EUR;FR;APPLEPAY;Returned;5 rue de la République, 44000 Nantes
ORD-20260602-00220;ORD-20260602-00220-3;2026-06-02 08:01:38;C003225;S0364;P004048;2;74,21;22,26;EUR;FR;APPLEPAY;RETURNED;5 rue de la République, 44000 Nantes
ORD-20260602-00221;ORD-20260602-00221-1;2026-06-02 22:57:44;C015905;S0234;P000982;1;253,54;0,00;EUR;FR;CARD;DELIVERED;118 route de Bordeaux, 13008 Marseille
ORD-20260602-00222;ORD-20260602-00222-1;2026-06-02 06:05:20;C015249;S0383;P005766;2;42,72;4,27;EUR;DE;CARD;DELIVERED;46 cours Gambetta, 80331 Munich
ORD-20260602-00222;ORD-20260602-00222-2;2026-06-02 06:05:20;C015249;S0281;P006074;1;27,70;0,00;EUR;DE;CARD;DELIVERED;46 cours Gambetta, 80331 Munich
ORD-20260602-00223;ORD-20260602-00223-1;2026-06-02 21:17:03;C012336;S0512;P005322;2;58,36;17,51;EUR;FR;CARD;DELIVERED;43 impasse du Moulin, 69003 Lyon
ORD-20260602-00224;ORD-20260602-00224-1;2026-06-02 09:46:51;C015692;S0513;P002952;2;23,99;2,40;EUR;FR;GIFTCARD;PENDING;123 boulevard Saint-Michel, 44000 Nantes
ORD-20260602-00224;ORD-20260602-00224-2;2026-06-02 09:46:51;C015692;S0489;P006040;1;16,98;2,55;EUR;FR;GIFTCARD;PENDING;123 boulevard Saint-Michel, 44000 Nantes
ORD-20260602-00224;ORD-20260602-00224-3;2026-06-02 09:46:51;C015692;S0388;P005726;1;55,46;8,32;EUR;FR;GIFTCARD;PENDING;123 boulevard Saint-Michel, 44000 Nantes
ORD-20260602-00224;ORD-20260602-00224-4;2026-06-02 09:46:51;C015692;S0573;P002837;3;90,71;13,61;EUR;FR;GIFTCARD;PENDING;123 boulevard Saint-Michel, 44000 Nantes
ORD-20260602-00225;ORD-20260602-00225-1;2026-06-02 19:03:06;C020696;S0066;P000453;1;192,41;0,00;EUR;FR;PAYPAL;DELIVERED;73 quai des Chartrons, 67000 Strasbourg
ORD-20260602-00226;ORD-20260602-00226-1;2026-06-02 12:54:36;C005084;S0256;P003280;1;42,08;0,00;EUR;FR;PAYPAL;Delivered;103 impasse du Moulin, 44000 Nantes
ORD-20260602-00226;ORD-20260602-00226-2;2026-06-02 12:54:36;C005084;S0224;P002184;1;171,44;0,00;EUR;FR;PAYPAL;DELIVERED;103 impasse du Moulin, 44000 Nantes
ORD-20260602-00226;ORD-20260602-00226-3;2026-06-02 12:54:36;C005084;S0200;P002084;1;8,73;0,00;EUR;FR;PAYPAL;DELIVERED;103 impasse du Moulin, 44000 Nantes
ORD-20260602-00227;ORD-20260602-00227-1;2026-06-02 18:35:36;C007640;S0507;P002604;1;23,56;1,18;EUR;DE;PAYPAL;DELIVERED;143 avenue des Tilleuls, 80331 Munich
ORD-20260602-00227;ORD-20260602-00227-2;2026-06-02 18:35:36;C007640;S0570;P007308;1;73,02;0,00;EUR;DE;PAYPAL;DELIVERED;143 avenue des Tilleuls, 80331 Munich
ORD-20260602-00228;ORD-20260602-00228-1;2026-06-02 19:38:02;C022384;S0070;P005807;1;6,30;0,63;EUR;FR;CARD;DELIVERED;21 rue du Général Leclerc, 35000 Rennes
ORD-20260602-00229;ORD-20260602-00229-1;2026-06-02 13:50:43;C012408;S0096;P004050;1;77,84;0,00;EUR;ES;CARD;DELIVERED;134 quai des Chartrons, 46001 Valence
ORD-20260602-00230;ORD-20260602-00230-1;2026-06-02 15:57:50;C006197;S0383;P005766;3;52,83;0,00;EUR;IT;CARD;DELIVERED;66 rue de la République, 20121 Milan
ORD-20260602-00230;ORD-20260602-00230-2;2026-06-02 15:57:50;C006197;S0061;P002900;1;263,90;26,39;EUR;IT;CARD;DELIVERED;66 rue de la République, 20121 Milan
ORD-20260602-00230;ORD-20260602-00230-3;2026-06-02 15:57:50;C006197;S0224;P005739;1;8,47;1,27;EUR;IT;CARD;DELIVERED;66 rue de la République, 20121 Milan
ORD-20260602-00231;ORD-20260602-00231-1;2026-06-02 18:02:19;C017987;S0409;P001608;2;106,64;0,00;EUR;BE;CARD; CANCELLED ;131 avenue des Tilleuls, 2000 Anvers
ORD-20260602-00231;ORD-20260602-00231-2;2026-06-02 18:02:19;C017987;S0017;P002104;2;18,69;0,00;EUR;BE;CARD;CANCELLED;131 avenue des Tilleuls, 2000 Anvers
ORD-20260602-00232;ORD-20260602-00232-1;2026-06-02 10:17:20;C021187;S0281;P005989;3;152,82;0,00;EUR;FR;PAYPAL;DELIVERED;52 rue du Général Leclerc, 31000 Toulouse
ORD-20260602-00232;ORD-20260602-00232-2;2026-06-02 10:17:20;C021187;S0355;P004056;1;54,88;8,23;EUR;FR;PAYPAL;delivered;52 rue du Général Leclerc, 31000 Toulouse
ORD-20260602-00233;ORD-20260602-00233-1;2026-06-02 18:33:10;C024362;S0127;P001421;3;67,96;0,00;EUR;FR;CARD;RETURNED;45 place de l'Église, 75011 Paris
ORD-20260602-00233;ORD-20260602-00233-2;2026-06-02 18:33:10;C024362;S0428;P004927;1;34,67;3,47;EUR;FR;CARD;RETURNED;45 place de l'Église, 75011 Paris
ORD-20260602-00234;ORD-20260602-00234-1;2026-06-02 14:05:09;C023614;S0024;P006252;1;59,49;0,00;EUR;ES;GIFTCARD;Shipped;125 rue du Général Leclerc, 08001 Barcelone
ORD-20260602-00235;ORD-20260602-00235-1;2026-06-02 07:59:03;C008122;S0109;P001041;2;10,71;3,21;EUR;BE;CARD;DELIVERED;136 rue de la République, 2000 Anvers
ORD-20260602-00235;ORD-20260602-00235-2;2026-06-02 07:59:03;C008122;S0553;P005140;1;73,63;3,68;EUR;BE;CARD;DELIVERED;136 rue de la République, 2000 Anvers
ORD-20260602-00236;ORD-20260602-00236-1;2026-06-02 16:44:40;C003973;S0566;P000264;2;22,12;6,64;EUR;FR;CARD;DELIVERED;62 chemin des Vignes, 69003 Lyon
ORD-20260602-00236;ORD-20260602-00236-2;2026-06-02 16:44:40;C003973;S0327;P000260;3;123,00;0,00;EUR;FR;CARD;DELIVERED;62 chemin des Vignes, 69003 Lyon
ORD-20260602-00237;ORD-20260602-00237-1;2026-06-02 15:01:27;C005350;S0434;P003678;1;35,80;1,79;EUR;ES;CARD;SHIPPED;111 place de l'Église, 46001 Valence
ORD-20260602-00237;ORD-20260602-00237-2;2026-06-02 15:01:27;C005350;S0167;P002737;1;32,59;3,26;EUR;ES;CARD; SHIPPED ;111 place de l'Église, 46001 Valence
ORD-20260602-00237;ORD-20260602-00237-3;2026-06-02 15:01:27;C005350;S0058;P005658;4;31,74;0,00;EUR;ES;CARD;SHIPPED;111 place de l'Église, 46001 Valence
ORD-20260602-00237;ORD-20260602-00237-4;2026-06-02 15:01:27;C005350;S0051;P005293;1;35,28;1,76;EUR;ES;CARD;SHIPPED;111 place de l'Église, 46001 Valence
ORD-20260602-00238;ORD-20260602-00238-1;2026-06-02 14:02:52;C001454;S0444;P006740;1;39,33;1,97;EUR;DE;CARD;CANCELLED;130 boulevard Saint-Michel, 80331 Munich
ORD-20260602-00238;ORD-20260602-00238-2;2026-06-02 14:02:52;C001454;S0167;P005173;1;161,80;8,09;EUR;DE;CARD;CANCELLED;130 boulevard Saint-Michel, 80331 Munich
ORD-20260602-00238;ORD-20260602-00238-3;2026-06-02 14:02:52;C001454;S0222;P001043;0;174,50;0,00;EUR;DE;CARD;CANCELLED;130 boulevard Saint-Michel, 80331 Munich
ORD-20260602-00238;ORD-20260602-00238-4;2026-06-02 14:02:52;C001454;S0320;P001000;2;75,06;0,00;EUR;DE;CARD;CANCELLED;130 boulevard Saint-Michel, 80331 Munich
ORD-20260602-00239;ORD-20260602-00239-1;2026-06-02 15:02:45;C003580;S0392;P006638;1;111,23;16,68;EUR;FR;CARD;DELIVERED;167 route de Bordeaux, 59000 Lille
ORD-20260602-00240;ORD-20260602-00240-1;2026-06-02 12:29:24;C014729;S0542;P002065;1;239,99;0,00;EUR;FR;CARD;DELIVERED;124 rue de la République, 69003 Lyon
ORD-20260602-00240;ORD-20260602-00240-2;2026-06-02 12:29:24;C014729;S0340;P001377;1;20,50;1,03;EUR;FR;CARD;Delivered;124 rue de la République, 69003 Lyon
ORD-20260602-00241;ORD-20260602-00241-1;2026-06-02 15:12:04;C020234;S0300;P003948;1;77,12;7,71;EUR;DE;PAYPAL; DELIVERED ;12 rue de la République, 80331 Munich
ORD-20260602-00241;ORD-20260602-00241-2;2026-06-02 15:12:04;C020234;S0171;P002116;1;12,61;0,00;EUR;DE;PAYPAL;DELIVERED;12 rue de la République, 80331 Munich
ORD-20260602-00241;ORD-20260602-00241-3;2026-06-02 15:12:04;C020234;S0572;P005121;1;34,65;5,20;EUR;DE;PAYPAL;DELIVERED;12 rue de la République, 80331 Munich
ORD-20260602-00242;ORD-20260602-00242-1;2026-06-02 15:31:57;C009137;S0261;P007048;1;216,34;0,00;EUR;BE;TRANSFER;DELIVERED;161 rue Victor Hugo, 2000 Anvers
ORD-20260602-00242;ORD-20260602-00242-2;2026-06-02 15:31:57;C009137;S0527;P002600;1;48,64;7,30;EUR;BE;TRANSFER;DELIVERED;161 rue Victor Hugo, 2000 Anvers
ORD-20260602-00242;ORD-20260602-00242-3;2026-06-02 15:31:57;C009137;S0299;P000497;1;75,33;0,00;EUR;BE;TRANSFER;DELIVERED;161 rue Victor Hugo, 2000 Anvers
ORD-20260602-00243;ORD-20260602-00243-1;2026-06-02 17:17:30;C008038;S0347;P007253;1;39,29;1,96;EUR;IT;CARD;pending;158 allée des Peupliers, 20121 Milan
ORD-20260602-00243;ORD-20260602-00243-2;2026-06-02 17:17:30;C008038;S0384;P006532;2;10,37;1,04;EUR;IT;CARD;PENDING;158 allée des Peupliers, 20121 Milan
ORD-20260602-00244;ORD-20260602-00244-1;2026-06-02 14:20:37;C000071;S0013;P004566;1;153,80;15,38;EUR;FR;CARD;DELIVERED;174 cours Gambetta, 13008 Marseille
ORD-20260602-00245;ORD-20260602-00245-1;2026-06-02 16:00:01;C011088;S0330;P003048;1;42,17;0,00;EUR;FR;PAYPAL;DELIVERED;110 route de Bordeaux, 69003 Lyon
ORD-20260602-00245;ORD-20260602-00245-2;2026-06-02 16:00:01;C011088;S0365;P005819;1;85,79;0,00;EUR;FR;PAYPAL;Delivered;110 route de Bordeaux, 69003 Lyon
ORD-20260602-00245;ORD-20260602-00245-3;2026-06-02 16:00:01;C011088;S0146;P007290;1;19,95;1,00;EUR;FR;PAYPAL;delivered;110 route de Bordeaux, 69003 Lyon
ORD-20260602-00245;ORD-20260602-00245-4;2026-06-02 16:00:01;C011088;S0551;P006721;2;83,90;0,00;EUR;FR;PAYPAL;DELIVERED;110 route de Bordeaux, 69003 Lyon
ORD-20260602-00246;ORD-20260602-00246-1;2026-06-02 10:12:15;C021342;S0295;P000598;4;53,31;21,32;EUR;DE;CARD;SHIPPED;50 chemin des Vignes, 80331 Munich
ORD-20260602-00247;ORD-20260602-00247-1;2026-06-02 10:22:41;C023744;S0155;P004953;1;71,99;0,00;EUR;BE;CARD;Delivered;141 impasse du Moulin, 2000 Anvers
ORD-20260602-00247;ORD-20260602-00247-2;2026-06-02 10:22:41;C023744;S0483;P002978;1;29,10;1,46;EUR;BE;CARD;DELIVERED;141 impasse du Moulin, 2000 Anvers
ORD-20260602-00247;ORD-20260602-00247-3;2026-06-02 10:22:41;C023744;S0427;P005963;1;32,28;0,00;EUR;BE;CARD;DELIVERED;141 impasse du Moulin, 2000 Anvers
ORD-20260602-00248;ORD-20260602-00248-1;2026-06-02 18:27:15;C011547;S0428;P004371;1;59,83;0,00;EUR;FR;CARD;DELIVERED;161 rue Victor Hugo, 69003 Lyon
ORD-20260602-00248;ORD-20260602-00248-2;2026-06-02 18:27:15;C011547;S0322;P001689;1;88,11;8,81;EUR;FR;CARD;DELIVERED;161 rue Victor Hugo, 69003 Lyon
ORD-20260602-00248;ORD-20260602-00248-3;2026-06-02 18:27:15;C011547;S0185;P007902;2;27,33;0,00;EUR;FR;CARD;DELIVERED;161 rue Victor Hugo, 69003 Lyon
ORD-20260602-00248;ORD-20260602-00248-4;2026-06-02 18:27:15;C011547;S0048;P003902;1;73,51;3,68;EUR;FR;CARD; DELIVERED ;161 rue Victor Hugo, 69003 Lyon
ORD-20260602-00248;ORD-20260602-00248-5;2026-06-02 18:27:15;C011547;S0263;P006509;1;170,18;25,53;EUR;FR;CARD; DELIVERED ;161 rue Victor Hugo, 69003 Lyon
ORD-20260602-00249;ORD-20260602-00249-1;2026-06-02 05:00:48;C017208;S0236;P000382;1;55,36;0,00;EUR;FR;TRANSFER;cancelled;143 boulevard Saint-Michel, 75011 Paris
ORD-20260602-00250;ORD-20260602-00250-1;2026-06-02 16:57:21;C010413;S0513;P007123;1;154,36;0,00;EUR;BE;PAYPAL;DELIVERED;105 cours Gambetta, 2000 Anvers
ORD-20260602-00250;ORD-20260602-00250-2;2026-06-02 16:57:21;C010413;S0495;P004130;3;17,02;0,00;EUR;BE;PAYPAL;DELIVERED;105 cours Gambetta, 2000 Anvers
ORD-20260602-00251;ORD-20260602-00251-1;2026-06-02 14:01:14;C010499;S0157;P002500;1;240,93;12,05;EUR;BE;APPLEPAY;DELIVERED;135 impasse du Moulin, 2000 Anvers
ORD-20260602-00252;ORD-20260602-00252-1;2026-06-02 15:24:09;C019357;S0585;P004470;1;26,42;0,00;EUR;FR;CARD;CANCELLED;141 impasse du Moulin, 44000 Nantes
ORD-20260602-00253;ORD-20260602-00253-1;2026-06-02 18:25:51;C015478;S0253;P002944;1;43,87;2,19;EUR;FR;PAYPAL;DELIVERED;57 rue Victor Hugo, 35000 Rennes
ORD-20260602-00253;ORD-20260602-00253-2;2026-06-02 18:25:51;C015478;S0566;P004213;3;81,42;24,43;EUR;FR;PAYPAL;DELIVERED;57 rue Victor Hugo, 35000 Rennes
ORD-20260602-00254;ORD-20260602-00254-1;2026-06-02 16:19:09;C022449;S0215;P005646;1;83,06;0,00;EUR;FR;PAYPAL;Delivered;8 impasse du Moulin, 75011 Paris
ORD-20260602-00254;ORD-20260602-00254-2;2026-06-02 16:19:09;C022449;S0412;P003520;2;81,42;0,00;EUR;FR;PAYPAL;Delivered;8 impasse du Moulin, 75011 Paris
ORD-20260602-00255;ORD-20260602-00255-1;2026-06-02 11:28:19;C024090;S0525;P000306;1;82,16;8,22;EUR;BE;APPLEPAY;RETURNED;68 place de l'Église, 4000 Liège
ORD-20260602-00256;ORD-20260602-00256-1;2026-06-02 19:07:44;C012994;S0184;P001828;1;61,08;0,00;EUR;DE;CARD;DELIVERED;138 chemin des Vignes, 10115 Berlin
ORD-20260602-00256;ORD-20260602-00256-2;2026-06-02 19:07:44;C012994;S0026;P001111;2;65,26;6,53;EUR;DE;CARD;DELIVERED;138 chemin des Vignes, 10115 Berlin
ORD-20260602-00257;ORD-20260602-00257-1;2026-06-02 11:11:48;C015973;S0510;P004474;1;57,97;8,70;EUR;ES;PAYPAL;DELIVERED;81 place de l'Église, 28001 Madrid
ORD-20260602-00257;ORD-20260602-00257-2;2026-06-02 11:11:48;C015973;S0197;P007711;1;29,27;1,46;EUR;ES;PAYPAL;DELIVERED;81 place de l'Église, 28001 Madrid
ORD-20260602-00258;ORD-20260602-00258-1;2026-06-02 19:28:50;C003990;S0254;P003627;1;159,96;0,00;EUR;BE;CARD;DELIVERED;151 rue du Général Leclerc, 2000 Anvers
ORD-20260602-00258;ORD-20260602-00258-2;2026-06-02 19:28:50;C003990;S0504;P003171;2;78,64;0,00;EUR;BE;CARD;DELIVERED;151 rue du Général Leclerc, 2000 Anvers
ORD-20260602-00259;ORD-20260602-00259-1;2026-06-02 12:35:41;C021810;S0339;P006571;1;53,87;0,00;EUR;FR;CARD;DELIVERED;47 chemin des Vignes, 13008 Marseille
ORD-20260602-00260;ORD-20260602-00260-1;2026-06-02 21:43:21;C014574;S0580;P001913;1;75,17;11,28;EUR;ES;CARD;DELIVERED;142 rue de la République, 08001 Barcelone
ORD-20260602-00260;ORD-20260602-00260-2;2026-06-02 21:43:21;C014574;S0165;P001647;1;37,08;0,00;EUR;ES;CARD;DELIVERED;142 rue de la République, 08001 Barcelone
ORD-20260602-00261;ORD-20260602-00261-1;2026-06-02 11:49:25;C014957;S0366;P004873;3;75,89;0,00;EUR;BE;APPLEPAY; DELIVERED ;48 cours Gambetta, 4000 Liège
ORD-20260602-00262;ORD-20260602-00262-1;2026-06-02 15:20:19;C014195;S0515;P002495;1;163,48;0,00;EUR;ES;APPLEPAY;delivered;2 cours Gambetta, 46001 Valence
ORD-20260602-00262;ORD-20260602-00262-2;2026-06-02 15:20:19;C014195;S0210;P001444;2;81,33;16,27;EUR;ES;APPLEPAY;DELIVERED;2 cours Gambetta, 46001 Valence
ORD-20260602-00262;ORD-20260602-00262-2;2026-06-02 15:20:19;C014195;S0210;P001444;2;81,33;16,27;EUR;ES;APPLEPAY;DELIVERED;2 cours Gambetta, 46001 Valence
ORD-20260602-00263;ORD-20260602-00263-1;2026-06-02 23:48:07;C013906;S0182;P002178;1;203,93;10,20;EUR;DE;GIFTCARD;DELIVERED;69 allée des Peupliers, 80331 Munich
ORD-20260602-00263;ORD-20260602-00263-2;2026-06-02 23:48:07;C013906;S0116;P004311;2;101,72;10,17;EUR;DE;GIFTCARD;DELIVERED;69 allée des Peupliers, 80331 Munich
ORD-20260602-00264;ORD-20260602-00264-1;2026-06-02 15:23:09;C010113;S0566;P007935;3;47,50;21,38;EUR;FR;PAYPAL;DELIVERED;79 rue Victor Hugo, 59000 Lille
ORD-20260602-00264;ORD-20260602-00264-2;2026-06-02 15:23:09;C010113;S0247;P007629;1;20,78;0,00;EUR;FR;PAYPAL;DELIVERED;79 rue Victor Hugo, 59000 Lille
ORD-20260602-00264;ORD-20260602-00264-3;2026-06-02 15:23:09;C010113;S0172;P004847;1;22,81;2,28;EUR;FR;PAYPAL;Delivered;79 rue Victor Hugo, 59000 Lille
ORD-20260602-00264;ORD-20260602-00264-4;2026-06-02 15:23:09;C010113;S0243;P005125;4;67,84;0,00;EUR;FR;PAYPAL;DELIVERED;79 rue Victor Hugo, 59000 Lille
ORD-20260602-00265;ORD-20260602-00265-1;2026-06-02 19:30:34;C006992;S0332;P002310;1;29,14;0,00;EUR;FR;PAYPAL;Delivered;147 avenue des Tilleuls, 75011 Paris
ORD-20260602-00266;ORD-20260602-00266-1;2026-06-02 20:00:44;C023658;S0120;P002091;2;17,98;0,00;EUR;FR;CARD;CANCELLED;141 chemin des Vignes, 31000 Toulouse
ORD-20260602-00267;ORD-20260602-00267-1;2026-06-02 23:16:13;C020711;S0516;P001837;1;52,33;0,00;EUR;FR;CARD;PENDING;45 avenue des Tilleuls, 35000 Rennes
ORD-20260602-00267;ORD-20260602-00267-2;2026-06-02 23:16:13;C020711;S0051;P001003;1;11,00;1,10;EUR;FR;CARD;PENDING;45 avenue des Tilleuls, 35000 Rennes
ORD-20260602-00268;ORD-20260602-00268-1;2026-06-02 08:09:57;C012858;S0050;P006554;1;12,23;1,22;EUR;DE;CARD;Delivered;159 quai des Chartrons, 80331 Munich
ORD-20260602-00268;ORD-20260602-00268-2;2026-06-02 08:09:57;C012858;S0120;P007546;1;81,88;0,00;EUR;DE;CARD;DELIVERED;159 quai des Chartrons, 80331 Munich
ORD-20260602-00268;ORD-20260602-00268-3;2026-06-02 08:09:57;C012858;S0135;P007206;1;68,37;0,00;EUR;DE;CARD;DELIVERED;159 quai des Chartrons, 80331 Munich
ORD-20260602-00269;ORD-20260602-00269-1;2026-06-02 23:41:15;C004315;S0561;P002615;1;92,63;0,00;EUR;NL;APPLEPAY;DELIVERED;70 rue de la République, 1011 Amsterdam
ORD-20260602-00269;ORD-20260602-00269-2;2026-06-02 23:41:15;C004315;S0163;P004489;1;61,54;6,15;EUR;NL;APPLEPAY;DELIVERED;70 rue de la République, 1011 Amsterdam
ORD-20260602-00269;ORD-20260602-00269-3;2026-06-02 23:41:15;C004315;S0447;P002180;1;58,75;0,00;EUR;NL;APPLEPAY;DELIVERED;70 rue de la République, 1011 Amsterdam
ORD-20260602-00269;ORD-20260602-00269-4;2026-06-02 23:41:15;C004315;S0274;P001796;2;44,66;0,00;EUR;NL;APPLEPAY;Delivered;70 rue de la République, 1011 Amsterdam
ORD-20260602-00269;ORD-20260602-00269-5;2026-06-02 23:41:15;C004315;S0160;P006349;2;58,22;0,00;EUR;NL;APPLEPAY; DELIVERED ;70 rue de la République, 1011 Amsterdam
ORD-20260602-00270;ORD-20260602-00270-1;2026-06-02 19:13:18;C017035;S0340;P002386;1;108,72;10,87;EUR;ES;CARD;DELIVERED;162 rue du Général Leclerc, 08001 Barcelone
ORD-20260602-00270;ORD-20260602-00270-2;2026-06-02 19:13:18;C017035;S0156;P007199;1;49,19;0,00;EUR;ES;CARD; DELIVERED ;162 rue du Général Leclerc, 08001 Barcelone
ORD-20260602-00271;ORD-20260602-00271-1;2026-06-02 17:02:48;C023598;S0370;P004815;3;136,08;20,41;EUR;DE;CARD;returned;166 boulevard Saint-Michel, 80331 Munich
ORD-20260602-00271;ORD-20260602-00271-2;2026-06-02 17:02:48;C023598;S0387;P004106;1;32,22;0,00;EUR;DE;CARD;RETURNED;166 boulevard Saint-Michel, 80331 Munich
ORD-20260602-00271;ORD-20260602-00271-3;2026-06-02 17:02:48;C023598;S0030;P002437;1;64,81;9,72;EUR;DE;CARD;RETURNED;166 boulevard Saint-Michel, 80331 Munich
ORD-20260602-00272;ORD-20260602-00272-1;2026-06-02 21:58:13;C012817;S0600;P007831;3;24,51;11,03;EUR;FR;PAYPAL;SHIPPED;129 rue Victor Hugo, 67000 Strasbourg
ORD-20260602-00272;ORD-20260602-00272-2;2026-06-02 21:58:13;C012817;S0063;P001438;3;137,06;41,12;EUR;FR;PAYPAL;Shipped;129 rue Victor Hugo, 67000 Strasbourg
ORD-20260602-00272;ORD-20260602-00272-3;2026-06-02 21:58:13;C012817;S0518;P000479;1;9,09;0,00;EUR;FR;PAYPAL;SHIPPED;129 rue Victor Hugo, 67000 Strasbourg
ORD-20260602-00272;ORD-20260602-00272-4;2026-06-02 21:58:13;C012817;S0463;P005223;2;49,65;4,96;EUR;FR;PAYPAL; SHIPPED ;129 rue Victor Hugo, 67000 Strasbourg
ORD-20260602-00272;ORD-20260602-00272-5;2026-06-02 21:58:13;C012817;S0303;P006920;4;32,61;6,52;EUR;FR;PAYPAL;SHIPPED;129 rue Victor Hugo, 67000 Strasbourg
ORD-20260602-00273;ORD-20260602-00273-1;2026-06-02 11:59:30;C018185;S0362;P000353;1;45,73;4,57;EUR;NL;CARD;Delivered;4 boulevard Saint-Michel, 1011 Amsterdam
ORD-20260602-00273;ORD-20260602-00273-2;2026-06-02 11:59:30;C018185;S0427;P001569;2;184,41;18,44;EUR;NL;CARD;Delivered;4 boulevard Saint-Michel, 1011 Amsterdam
ORD-20260602-00274;ORD-20260602-00274-1;2026-06-02 12:00:27;C009281;S0326;P005240;1;37,61;1,88;EUR;BE;CARD; CANCELLED ;142 chemin des Vignes, 1000 Bruxelles
ORD-20260602-00274;ORD-20260602-00274-2;2026-06-02 12:00:27;C009281;S0386;P005910;2;113,51;0,00;EUR;BE;CARD;CANCELLED;142 chemin des Vignes, 1000 Bruxelles
ORD-20260602-00275;ORD-20260602-00275-1;2026-06-02 13:09:49;C006124;S0345;P000304;1;47,07;0,00;EUR;BE;CARD;DELIVERED;100 allée des Peupliers, 4000 Liège
ORD-20260602-00275;ORD-20260602-00275-2;2026-06-02 13:09:49;C006124;S0282;P001822;1;53,98;0,00;EUR;BE;CARD;DELIVERED;100 allée des Peupliers, 4000 Liège
ORD-20260602-00276;ORD-20260602-00276-1;2026-06-02 10:42:44;C000263;S0440;P006564;2;97,26;29,18;EUR;FR;CARD;SHIPPED;112 allée des Peupliers, 31000 Toulouse
ORD-20260602-00277;ORD-20260602-00277-1;2026-06-02 12:31:22;C017572;S0479;P006888;3;78,32;0,00;EUR;FR;PAYPAL;DELIVERED;28 chemin des Vignes, 13008 Marseille
ORD-20260602-00278;ORD-20260602-00278-1;2026-06-02 12:04:17;C005426;S0393;P007956;1;139,24;0,00;EUR;IT;TRANSFER;DELIVERED;107 boulevard Saint-Michel, 00184 Rome
ORD-20260602-00278;ORD-20260602-00278-2;2026-06-02 12:04:17;C005426;S0111;P001731;4;170,84;34,17;EUR;IT;TRANSFER;Delivered;107 boulevard Saint-Michel, 00184 Rome
ORD-20260602-00278;ORD-20260602-00278-3;2026-06-02 12:04:17;C005426;S0040;P004871;4;76,84;0,00;EUR;IT;TRANSFER; DELIVERED ;107 boulevard Saint-Michel, 00184 Rome
ORD-20260602-00279;ORD-20260602-00279-1;2026-06-02 14:35:57;C015207;S0509;P001799;1;87,96;0,00;EUR;FR;PAYPAL;DELIVERED;131 allée des Peupliers, 35000 Rennes
ORD-20260602-00279;ORD-20260602-00279-2;2026-06-02 14:35:57;C015207;S0168;P996384;1;141,32;14,13;EUR;FR;PAYPAL; DELIVERED ;131 allée des Peupliers, 35000 Rennes
ORD-20260602-00279;ORD-20260602-00279-3;2026-06-02 14:35:57;C015207;S0331;P001448;2;85,47;0,00;EUR;FR;PAYPAL;DELIVERED;131 allée des Peupliers, 35000 Rennes
ORD-20260602-00279;ORD-20260602-00279-4;2026-06-02 14:35:57;C015207;S0552;P002819;4;51,69;10,34;EUR;FR;PAYPAL;delivered;131 allée des Peupliers, 35000 Rennes
ORD-20260602-00279;ORD-20260602-00279-5;2026-06-02 14:35:57;C015207;S0036;P003246;1;35,91;0,00;EUR;FR;PAYPAL;DELIVERED;131 allée des Peupliers, 35000 Rennes
ORD-20260602-00280;ORD-20260602-00280-1;2026-06-02 11:13:36;C011889;S0378;P002070;1;36,30;0,00;EUR;FR;PAYPAL;Delivered;92 quai des Chartrons, 31000 Toulouse
ORD-20260602-00281;ORD-20260602-00281-1;2026-06-02 13:56:25;C009276;S0467;P006183;1;63,42;0,00;EUR;BE;CARD;DELIVERED;169 allée des Peupliers, 2000 Anvers
ORD-20260602-00282;ORD-20260602-00282-1;2026-06-02 06:33:08;C013112;S0062;P003647;1;252,44;0,00;EUR;FR;CARD;DELIVERED;16 cours Gambetta, 69003 Lyon
ORD-20260602-00283;ORD-20260602-00283-1;2026-06-02 18:57:17;C017262;S0277;P002821;1;9,28;0,46;EUR;FR;CARD;Delivered;114 chemin des Vignes, 67000 Strasbourg
ORD-20260602-00283;ORD-20260602-00283-2;2026-06-02 18:57:17;C017262;S0209;P006002;2;72,64;7,26;EUR;FR;CARD; DELIVERED ;114 chemin des Vignes, 67000 Strasbourg
ORD-20260602-00283;ORD-20260602-00283-3;2026-06-02 18:57:17;C017262;S0515;P002206;1;58,60;0,00;EUR;FR;CARD; DELIVERED ;114 chemin des Vignes, 67000 Strasbourg
ORD-20260602-00284;ORD-20260602-00284-1;2026-06-02 14:43:35;C023890;S0507;P004907;1;8,05;0,00;EUR;FR;CARD;SHIPPED;149 rue Victor Hugo, 33000 Bordeaux
ORD-20260602-00285;ORD-20260602-00285-1;2026-06-02 13:12:42;C011932;S0536;P005805;1;17,71;0,00;EUR;IT;TRANSFER;cancelled;25 impasse du Moulin, 20121 Milan
ORD-20260602-00286;ORD-20260602-00286-1;2026-06-02 09:08:17;C001645;S0315;P005082;1;86,82;4,34;EUR;BE;CARD;DELIVERED;66 allée des Peupliers, 1000 Bruxelles
ORD-20260602-00287;ORD-20260602-00287-1;2026-06-02 23:01:59;C006540;S0443;P004569;3;23,66;0,00;EUR;BE;CARD;Shipped;16 rue du Général Leclerc, 2000 Anvers
ORD-20260602-00287;ORD-20260602-00287-2;2026-06-02 23:01:59;C006540;S0468;P000173;1;60,36;0,00;EUR;BE;CARD;SHIPPED;16 rue du Général Leclerc, 2000 Anvers
ORD-20260602-00288;ORD-20260602-00288-1;2026-06-02 13:50:37;C006784;S0568;P001900;1;94,13;0,00;EUR;BE;PAYPAL;Pending;171 rue du Général Leclerc, 2000 Anvers
ORD-20260602-00289;ORD-20260602-00289-1;2026-06-02 16:50:07;C007018;S0217;P006822;1;194,14;19,41;EUR;FR;CARD;Delivered;40 allée des Peupliers, 69003 Lyon
ORD-20260602-00289;ORD-20260602-00289-2;2026-06-02 16:50:07;C007018;S0209;P005234;2;37,82;11,35;EUR;FR;CARD;DELIVERED;40 allée des Peupliers, 69003 Lyon
ORD-20260602-00290;ORD-20260602-00290-1;2026-06-02 15:32:13;C015047;S0070;P005807;1;5,96;0,60;EUR;IT;CARD;DELIVERED;52 rue de la République, 20121 Milan
ORD-20260602-00291;ORD-20260602-00291-1;2026-06-02 21:13:26;C995374;S0019;P005252;1;26,68;0,00;EUR;BE;CARD;DELIVERED;48 quai des Chartrons, 1000 Bruxelles
ORD-20260602-00292;ORD-20260602-00292-1;2026-06-02 18:46:35;C013590;S0379;P003005;1;68,33;0,00;EUR;NL;CARD;DELIVERED;153 cours Gambetta, 1011 Amsterdam
ORD-20260602-00293;ORD-20260602-00293-1;2026-06-02 13:08:43;C010152;S0304;P007529;2;85,98;17,20;EUR;ES;CARD;returned;28 cours Gambetta, 08001 Barcelone
ORD-20260602-00293;ORD-20260602-00293-2;2026-06-02 13:08:43;C010152;S0461;P005492;1;80,16;0,00;EUR;ES;CARD; RETURNED ;28 cours Gambetta, 08001 Barcelone
ORD-20260602-00293;ORD-20260602-00293-3;2026-06-02 13:08:43;C010152;S0106;P007244;1;60,54;0,00;EUR;ES;CARD;RETURNED;28 cours Gambetta, 08001 Barcelone
ORD-20260602-00293;ORD-20260602-00293-4;2026-06-02 13:08:43;C010152;S0081;P000001;1;41,80;4,18;EUR;ES;CARD;RETURNED;28 cours Gambetta, 08001 Barcelone
ORD-20260602-00294;ORD-20260602-00294-1;2026-06-02 18:08:17;C003523;S0242;P005675;1;91,81;4,59;EUR;IT;PAYPAL;CANCELLED;67 chemin des Vignes, 00184 Rome
ORD-20260602-00295;ORD-20260602-00295-1;2026-06-02 23:40:05;C002475;S0047;P000047;3;184,76;0,00;EUR;FR;CARD;DELIVERED;132 boulevard Saint-Michel, 69003 Lyon
ORD-20260602-00295;ORD-20260602-00295-2;2026-06-02 23:40:05;C002475;S0215;P006660;1;74,66 €;3,73;EUR;FR;CARD;Delivered;132 boulevard Saint-Michel, 69003 Lyon
ORD-20260602-00296;ORD-20260602-00296-1;2026-06-02 09:41:59;C007052;S0065;P001082;2;116,25;11,62;EUR;IT;CARD; DELIVERED ;68 avenue des Tilleuls, 20121 Milan
ORD-20260602-00296;ORD-20260602-00296-2;2026-06-02 09:41:59;C007052;S0372;P007259;2;63,45;0,00;EUR;IT;CARD;delivered;68 avenue des Tilleuls, 20121 Milan
ORD-20260602-00297;ORD-20260602-00297-1;2026-06-02 21:07:27;C015762;S0402;P006708;1;5,10;0,00;EUR;FR;CARD;DELIVERED;107 quai des Chartrons, 59000 Lille
ORD-20260602-00297;ORD-20260602-00297-2;2026-06-02 21:07:27;C015762;S0169;P000113;1;45,89;2,29;EUR;FR;CARD;DELIVERED;107 quai des Chartrons, 59000 Lille
ORD-20260602-00297;ORD-20260602-00297-3;2026-06-02 21:07:27;C015762;S0514;P001150;1;81,90;0,00;EUR;FR;CARD;DELIVERED;107 quai des Chartrons, 59000 Lille
ORD-20260602-00298;ORD-20260602-00298-1;2026-06-02 11:36:09;C007407;S0018;P007685;1;90,61;13,59;EUR;DE;CARD;PENDING;102 place de l'Église, 10115 Berlin
ORD-20260602-00299;ORD-20260602-00299-1;2026-06-02 16:16:45;C003538;S0397;P007673;1;157,40;0,00;EUR;BE;CARD;Pending;40 impasse du Moulin, 2000 Anvers
ORD-20260602-00300;ORD-20260602-00300-1;2026-06-02 15:51:49;C014755;S0245;P001012;2;147,71;14,77;EUR;FR;CARD;CANCELLED;39 rue de la République, 31000 Toulouse
ORD-20260602-00300;ORD-20260602-00300-2;2026-06-02 15:51:49;C014755;S0058;P001866;1;259,49;38,92;EUR;FR;CARD; CANCELLED ;39 rue de la République, 31000 Toulouse
ORD-20260602-00301;ORD-20260602-00301-1;2026-06-02 09:41:21;C001639;S0007;P003754;1;99,32;0,00;EUR;DE;CARD;DELIVERED;158 rue du Général Leclerc, 80331 Munich
ORD-20260602-00301;ORD-20260602-00301-2;2026-06-02 09:41:21;C001639;S0423;P003941;2;98,28;0,00;EUR;DE;CARD;DELIVERED;158 rue du Général Leclerc, 80331 Munich
ORD-20260602-00302;ORD-20260602-00302-1;2026-06-02 19:37:31;C010148;S0322;P003438;1;8,22;0,82;EUR;BE;PAYPAL; DELIVERED ;123 cours Gambetta, 1000 Bruxelles
ORD-20260602-00303;ORD-20260602-00303-1;2026-06-02 08:40:09;C014409;S0160;P003390;1;27,43;0,00;EUR;BE;PAYPAL;DELIVERED;110 place de l'Église, 2000 Anvers
ORD-20260602-00303;ORD-20260602-00303-2;2026-06-02 08:40:09;C014409;S0292;P004291;4;73,24;43,94;EUR;BE;PAYPAL;DELIVERED;110 place de l'Église, 2000 Anvers
ORD-20260602-00304;ORD-20260602-00304-1;2026-06-02 17:36:18;C024331;S0422;P000874;3;51,18;7,68;EUR;FR;CARD;Delivered;96 cours Gambetta, 35000 Rennes
ORD-20260602-00305;ORD-20260602-00305-1;2026-06-02 18:44:15;C017240;S0592;P007234;1;225,52;33,83;EUR;FR;CARD;DELIVERED;144 rue de la République, 75011 Paris
ORD-20260602-00305;ORD-20260602-00305-2;2026-06-02 18:44:15;C017240;S0245;P007720;2;71,41;0,00;EUR;FR;CARD;DELIVERED;144 rue de la République, 75011 Paris
ORD-20260602-00305;ORD-20260602-00305-3;2026-06-02 18:44:15;C017240;S0535;P000224;1;22,54;1,13;EUR;FR;CARD;DELIVERED;144 rue de la République, 75011 Paris
ORD-20260602-00305;ORD-20260602-00305-4;2026-06-02 18:44:15;C017240;S0201;P001494;1;107,02;0,00;EUR;FR;CARD;DELIVERED;144 rue de la République, 75011 Paris
ORD-20260602-00305;ORD-20260602-00305-5;2026-06-02 18:44:15;C017240;S0387;P004106;1;34,06;0,00;EUR;FR;CARD;DELIVERED;144 rue de la République, 75011 Paris
ORD-20260602-00306;ORD-20260602-00306-1;2026-06-02 10:47:10;C023900;S0090;P002805;2;8,26;0,00;EUR;FR;CARD;DELIVERED;157 rue Victor Hugo, 13008 Marseille
ORD-20260602-00307;ORD-20260602-00307-1;2026-06-02 13:09:29;C007802;S0360;P004140;3;35,12;5,27;EUR;IT;CARD;delivered;106 avenue des Tilleuls, 00184 Rome
ORD-20260602-00307;ORD-20260602-00307-2;2026-06-02 13:09:29;C007802;S0027;P007790;1;6,04;0,00;EUR;IT;CARD; DELIVERED ;106 avenue des Tilleuls, 00184 Rome
ORD-20260602-00308;ORD-20260602-00308-1;2026-06-02 09:50:13;C007352;S0192;P004364;3;124,29;55,93;EUR;BE;PAYPAL;DELIVERED;134 route de Bordeaux, 2000 Anvers
ORD-20260602-00308;ORD-20260602-00308-2;2026-06-02 09:50:13;C007352;S0476;P001478;1;33,16;0,00;EUR;BE;PAYPAL;Delivered;134 route de Bordeaux, 2000 Anvers
ORD-20260602-00308;ORD-20260602-00308-3;2026-06-02 09:50:13;C007352;S0450;P003326;2;54,19;10,84;EUR;BE;PAYPAL;DELIVERED;134 route de Bordeaux, 2000 Anvers
ORD-20260602-00308;ORD-20260602-00308-4;2026-06-02 09:50:13;C007352;S0392;P000328;2;86,93;0,00;EUR;BE;PAYPAL;DELIVERED;134 route de Bordeaux, 2000 Anvers
ORD-20260602-00308;ORD-20260602-00308-5;2026-06-02 09:50:13;C007352;S0213;P007032;2;28,94;8,68;EUR;BE;PAYPAL;Delivered;134 route de Bordeaux, 2000 Anvers
ORD-20260602-00309;ORD-20260602-00309-1;2026-06-02 22:45:25;C000149;S0283;P007940;1;189,69;28,45;EUR;BE;PAYPAL;Delivered;136 rue du Général Leclerc, 2000 Anvers
ORD-20260602-00310;ORD-20260602-00310-1;2026-06-02 13:38:36;C023917;S0300;P005586;2;34,97;10,49;EUR;FR;CARD;delivered;13 rue du Général Leclerc, 33000 Bordeaux
ORD-20260602-00310;ORD-20260602-00310-2;2026-06-02 13:38:36;C023917;S0118;P007094;2;234,08;0,00;EUR;FR;CARD;DELIVERED;13 rue du Général Leclerc, 33000 Bordeaux
ORD-20260602-00310;ORD-20260602-00310-3;2026-06-02 13:38:36;C023917;S0259;P001094;1;80,67;8,07;EUR;FR;CARD;DELIVERED;13 rue du Général Leclerc, 33000 Bordeaux
ORD-20260602-00311;ORD-20260602-00311-1;2026-06-02 18:32:42;C012983;S0354;P005081;1;54,16;0,00;EUR;IT;APPLEPAY; DELIVERED ;129 quai des Chartrons, 00184 Rome
ORD-20260602-00311;ORD-20260602-00311-2;2026-06-02 18:32:42;C012983;S0302;P003179;1;64,10;3,21;EUR;IT;APPLEPAY;DELIVERED;129 quai des Chartrons, 00184 Rome
ORD-20260602-00311;ORD-20260602-00311-3;2026-06-02 18:32:42;C012983;S0460;P005968;1;52,05;0,00;EUR;IT;APPLEPAY;DELIVERED;129 quai des Chartrons, 00184 Rome
ORD-20260602-00312;ORD-20260602-00312-1;2026-06-02 14:36:47;C017967;S0415;P000501;1;60,72;0,00;EUR;DE;PAYPAL;delivered;173 route de Bordeaux, 80331 Munich
ORD-20260602-00312;ORD-20260602-00312-2;2026-06-02 14:36:47;C017967;S0027;P007227;2;5,74;0,00;EUR;DE;PAYPAL;DELIVERED;173 route de Bordeaux, 80331 Munich
ORD-20260602-00313;ORD-20260602-00313-1;2026-06-02 20:39:03;C008992;S0042;P007830;1;67,61;0,00;EUR;DE;PAYPAL;DELIVERED;10 avenue des Tilleuls, 80331 Munich
ORD-20260602-00314;ORD-20260602-00314-1;2026-06-02 06:47:55;C022529;S0245;P006030;1;31,78;3,18;EUR;FR;PAYPAL;PENDING;32 route de Bordeaux, 35000 Rennes
ORD-20260602-00315;ORD-20260602-00315-1;2026-06-02 18:18:24;C024838;S0558;P006874;2;172,73;34,55;EUR;DE;TRANSFER;Returned;111 place de l'Église; Batiment A; 20095 Hambourg
ORD-20260602-00315;ORD-20260602-00315-2;2026-06-02 18:18:24;C024838;S0010;P006364;1;55,94;2,80;EUR;DE;TRANSFER;RETURNED;111 place de l'Église, 20095 Hambourg
ORD-20260602-00315;ORD-20260602-00315-3;2026-06-02 18:18:24;C024838;S0013;P006804;1;99,21;14,88;EUR;DE;TRANSFER;RETURNED;111 place de l'Église, 20095 Hambourg
ORD-20260602-00315;ORD-20260602-00315-4;2026-06-02 18:18:24;C024838;S0164;P006940;3;99,36;0,00;EUR;DE;TRANSFER;RETURNED;111 place de l'Église, 20095 Hambourg
ORD-20260602-00316;ORD-20260602-00316-1;2026-06-02 10:24:57;C006820;S0570;P005794;1;247,88;12,39;EUR;FR;PAYPAL;DELIVERED;61 impasse du Moulin, 13008 Marseille
ORD-20260602-00317;ORD-20260602-00317-1;2026-06-02 17:13:17;C019264;S0288;P003273;1;61,01;9,15;EUR;FR;CARD;Delivered;142 quai des Chartrons, 75011 Paris
ORD-20260602-00317;ORD-20260602-00317-2;2026-06-02 17:13:17;C019264;S0111;P000116;2;84,48;8,45;EUR;FR;CARD;delivered;142 quai des Chartrons, 75011 Paris
ORD-20260602-00317;ORD-20260602-00317-3;2026-06-02 17:13:17;C019264;S0517;P007392;2;31,86;6,37;EUR;FR;CARD;DELIVERED;142 quai des Chartrons, 75011 Paris
ORD-20260602-00318;ORD-20260602-00318-1;2026-06-02 14:56:46;C011708;S0414;P004792;1;90,44;0,00;EUR;ES;PAYPAL; DELIVERED ;72 impasse du Moulin, 28001 Madrid
ORD-20260602-00319;ORD-20260602-00319-1;2026-06-02 15:47:47;C010170;S0229;P001684;1;196,68;0,00;EUR;BE;CARD;returned;74 rue du Général Leclerc, 2000 Anvers
ORD-20260602-00319;ORD-20260602-00319-2;2026-06-02 15:47:47;C010170;S0434;P003155;1;81,16;12,17;EUR;BE;CARD;RETURNED;74 rue du Général Leclerc, 2000 Anvers
ORD-20260602-00320;ORD-20260602-00320-1;2026-06-02 13:53:26;C003811;S0542;P005782;1;66,90 €;0,00;EUR;FR;CARD; DELIVERED ;60 allée des Peupliers, 75011 Paris
ORD-20260602-00320;ORD-20260602-00320-1;2026-06-02 13:53:26;C003811;S0542;P005782;1;66,90 €;0,00;EUR;FR;CARD; DELIVERED ;60 allée des Peupliers, 75011 Paris
ORD-20260602-00321;ORD-20260602-00321-1;2026-06-02 12:56:37;C007933;S0064;P004547;1;42,72;0,00;EUR;FR;PAYPAL;DELIVERED;116 quai des Chartrons, 31000 Toulouse
ORD-20260602-00322;ORD-20260602-00322-1;2026-06-02 17:26:15;C016533;S0231;P001846;3;78,03;35,11;EUR;FR;PAYPAL;PENDING;42 impasse du Moulin, 13008 Marseille
ORD-20260602-00322;ORD-20260602-00322-2;2026-06-02 17:26:15;C016533;S0563;P001420;1;41,25;4,12;EUR;FR;PAYPAL;PENDING;42 impasse du Moulin, 13008 Marseille
ORD-20260602-00323;ORD-20260602-00323-1;2026-06-02 12:09:03;C017232;S0566;P002000;1;71,59;7,16;EUR;FR;CARD;RETURNED;61 boulevard Saint-Michel, 75011 Paris
ORD-20260602-00323;ORD-20260602-00323-2;2026-06-02 12:09:03;C017232;S0042;P007594;4;81,33;48,80;EUR;FR;CARD;RETURNED;61 boulevard Saint-Michel, 75011 Paris
ORD-20260602-00323;ORD-20260602-00323-3;2026-06-02 12:09:03;C017232;S0277;P006367;1;71,34;10,70;EUR;FR;CARD;RETURNED;61 boulevard Saint-Michel, 75011 Paris
ORD-20260602-00323;ORD-20260602-00323-4;2026-06-02 12:09:03;C017232;S0465;P000581;1;9,88;0,99;EUR;FR;CARD;RETURNED;61 boulevard Saint-Michel, 75011 Paris
ORD-20260602-00324;ORD-20260602-00324-1;2026-06-02 11:40:37;C022982;S0354;P007664;1;5,72;0,00;EUR;FR;CARD;DELIVERED;87 rue du Général Leclerc, 31000 Toulouse
ORD-20260602-00325;ORD-20260602-00325-1;2026-06-02 13:33:02;C011799;S0371;P004660;1;255,90;38,38;EUR;FR;APPLEPAY;DELIVERED;2 route de Bordeaux, 59000 Lille
ORD-20260602-00325;ORD-20260602-00325-2;2026-06-02 13:33:02;C011799;S0227;P002121;1;61,79;3,09;EUR;FR;APPLEPAY;Delivered;2 route de Bordeaux, 59000 Lille
ORD-20260602-00325;ORD-20260602-00325-3;2026-06-02 13:33:02;C011799;S0072;P004632;2;68,36;20,51;EUR;FR;APPLEPAY;Delivered;2 route de Bordeaux, 59000 Lille
ORD-20260602-00325;ORD-20260602-00325-4;2026-06-02 13:33:02;C011799;S0071;P004413;2;143,38;0,00;EUR;FR;APPLEPAY; DELIVERED ;2 route de Bordeaux, 59000 Lille
ORD-20260602-00326;ORD-20260602-00326-1;2026-06-02 01:51:50;C013028;S0286;P003582;1;16,35;0,00;EUR;FR;CARD;DELIVERED;139 chemin des Vignes, 13008 Marseille
ORD-20260602-00326;ORD-20260602-00326-2;2026-06-02 01:51:50;C013028;S0178;P002012;2;47,68;0,00;EUR;FR;CARD;Delivered;139 chemin des Vignes; Batiment C; 13008 Marseille
ORD-20260602-00327;ORD-20260602-00327-1;2026-06-02 14:41:14;C019964;S0457;P007820;1;14,73;1,47;EUR;FR;CARD;RETURNED;35 rue du Général Leclerc, 59000 Lille
ORD-20260602-00328;ORD-20260602-00328-1;2026-06-02 11:31:15;C016186;S0394;P001621;1;81,91;8,19;EUR;NL;PAYPAL;PENDING;128 impasse du Moulin, 1011 Amsterdam
ORD-20260602-00329;ORD-20260602-00329-1;2026-06-02T12:07;C008677;S0191;P006777;1;94,17;4,71;EUR;DE;CARD;DELIVERED;163 chemin des Vignes, 20095 Hambourg
ORD-20260602-00329;ORD-20260602-00329-2;2026-06-02 12:21:52;C008677;S0015;P004985;2;214,42;0,00;EUR;DE;CARD;DELIVERED;163 chemin des Vignes, 20095 Hambourg
ORD-20260602-00330;ORD-20260602-00330-1;2026-06-02 23:00:51;C002274;S0045;P006447;1;59,23;0,00;EUR;DE;CARD;Delivered;57 impasse du Moulin, 20095 Hambourg
ORD-20260602-00331;ORD-20260602-00331-1;2026-06-02 14:21:18;C023728;S0103;P002745;2;145,29;0,00;EUR;FR;CARD;Delivered;60 rue Victor Hugo, 13008 Marseille
ORD-20260602-00331;ORD-20260602-00331-2;2026-06-02 14:21:18;C023728;S0453;P007772;2;24,29;0,00;EUR;FR;CARD;DELIVERED;60 rue Victor Hugo, 13008 Marseille
ORD-20260602-00331;ORD-20260602-00331-3;2026-06-02 14:21:18;C023728;S0200;P000220;2;76,04;0,00;EUR;FR;CARD; DELIVERED ;60 rue Victor Hugo, 13008 Marseille
ORD-20260602-00332;ORD-20260602-00332-1;2026-06-02 19:27:13;C009653;S0570;P004749;2;69,57;13,91;EUR;DE;CARD;DELIVERED;111 cours Gambetta, 80331 Munich
ORD-20260602-00333;ORD-20260602-00333-1;2026-06-02 11:38:26;C006820;S0289;P006995;2;100,50;0,00;EUR;FR;CARD;DELIVERED;51 impasse du Moulin, 13008 Marseille
ORD-20260602-00333;ORD-20260602-00333-2;2026-06-02 11:38:26;C006820;S0404;P007770;1;275,41;0,00;EUR;FR;CARD;DELIVERED;51 impasse du Moulin, 13008 Marseille
ORD-20260602-00334;ORD-20260602-00334-1;2026-06-02 18:12:52;C004598;S0447;P002849;1;65,96;9,89;EUR;ES;CARD;delivered;135 impasse du Moulin, 46001 Valence
ORD-20260602-00334;ORD-20260602-00334-2;2026-06-02 18:12:52;C004598;S0426;P006437;1;10,44;0,00;EUR;ES;CARD;delivered;135 impasse du Moulin, 46001 Valence
ORD-20260602-00335;ORD-20260602-00335-1;2026-06-02 14:23:16;C007431;S0390;P004676;1;59,91;0,00;EUR;IT;CARD;DELIVERED;5 chemin des Vignes, 00184 Rome
ORD-20260602-00335;ORD-20260602-00335-2;2026-06-02 14:23:16;C007431;S0339;P003563;2;105,32;0,00;EUR;IT;CARD;DELIVERED;5 chemin des Vignes, 00184 Rome
ORD-20260602-00336;ORD-20260602-00336-1;2026-06-02 14:10:20;C004132;S0090;P003153;1;227,66;34,15;EUR;BE;CARD;DELIVERED;38 rue du Général Leclerc, 2000 Anvers
ORD-20260602-00336;ORD-20260602-00336-2;2026-06-02 14:10:20;C004132;S0350;P001483;1;56,62;0,00;EUR;BE;CARD;DELIVERED;38 rue du Général Leclerc, 2000 Anvers
ORD-20260602-00336;ORD-20260602-00336-2;2026-06-02 14:10:20;C004132;S0350;P001483;1;56,62;0,00;EUR;BE;CARD;DELIVERED;38 rue du Général Leclerc, 2000 Anvers
ORD-20260602-00337;ORD-20260602-00337-1;2026-06-02 18:03:15;C010971;S0228;P001201;3;8,25;0,00;EUR;FR;TRANSFER;Delivered;144 chemin des Vignes, 75011 Paris
ORD-20260602-00338;ORD-20260602-00338-1;2026-06-02 12:57:59;C011401;S0366;P007219;2;76,06;0,00;EUR;ES;PAYPAL;DELIVERED;123 cours Gambetta, 08001 Barcelone
ORD-20260602-00339;ORD-20260602-00339-1;2026-06-02 18:58:58;C011104;S0436;P006096;1;25,51;0,00;EUR;FR;CARD; DELIVERED ;84 rue Victor Hugo, 13008 Marseille
ORD-20260602-00339;ORD-20260602-00339-2;2026-06-02 18:58:58;C011104;S0026;P000569;1;16,85;2,53;EUR;FR;CARD;Delivered;84 rue Victor Hugo, 13008 Marseille
ORD-20260602-00340;ORD-20260602-00340-1;2026-06-02 16:14:56;C020031;S0409;P001608;1;131,02;6,55;EUR;FR;CARD; DELIVERED ;121 place de l'Église, 67000 Strasbourg
ORD-20260602-00340;ORD-20260602-00340-2;2026-06-02 16:14:56;C020031;S0053;P002833;2;71,55;0,00;EUR;FR;CARD;delivered;121 place de l'Église, 67000 Strasbourg
ORD-20260602-00341;ORD-20260602-00341-1;2026-06-02 10:09:14;C020926;S0149;P000933;1;15,05;2,26;EUR;ES;CARD;returned;13 impasse du Moulin, 08001 Barcelone
ORD-20260602-00341;ORD-20260602-00341-2;2026-06-02 10:09:14;C020926;S0392;P001214;2;51,80;5,18;EUR;ES;CARD;Returned;13 impasse du Moulin, 08001 Barcelone
ORD-20260602-00341;ORD-20260602-00341-3;2026-06-02 10:09:14;C020926;S0017;P007650;1;43,02;0,00;EUR;ES;CARD;RETURNED;13 impasse du Moulin, 08001 Barcelone
ORD-20260602-00341;ORD-20260602-00341-4;2026-06-02 10:09:14;C020926;S0013;P000994;1;52,94;0,00;EUR;ES;CARD;RETURNED;13 impasse du Moulin, 08001 Barcelone
ORD-20260602-00342;ORD-20260602-00342-1;2026-06-02 12:02:30;C017511;S0056;P005379;2;69,50;20,85;EUR;BE;CARD;DELIVERED;141 cours Gambetta, 1000 Bruxelles
ORD-20260602-00342;ORD-20260602-00342-2;2026-06-02 12:02:30;C017511;S0136;P004208;2;85,76;17,15;EUR;BE;CARD;DELIVERED;141 cours Gambetta, 1000 Bruxelles
ORD-20260602-00343;ORD-20260602-00343-1;2026-06-02 14:22:38;C010666;S0170;P002283;2;33,41;0,00;EUR;BE;CARD;delivered;48 rue du Général Leclerc, 4000 Liège
ORD-20260602-00344;ORD-20260602-00344-1;2026-06-02 17:25:20;C001675;S0363;P007829;1;111,53;16,73;EUR;IT;CARD;SHIPPED;12 impasse du Moulin, 20121 Milan
ORD-20260602-00345;ORD-20260602-00345-1;2026-06-02 08:13:02;C024663;S0434;P003222;1;65,64;0,00;EUR;FR;CARD;DELIVERED;67 quai des Chartrons, 35000 Rennes
ORD-20260602-00345;ORD-20260602-00345-2;2026-06-02 08:13:02;C024663;S0491;P005154;2;223,25;0,00;EUR;FR;CARD;DELIVERED;67 quai des Chartrons, 35000 Rennes
ORD-20260602-00345;ORD-20260602-00345-3;2026-06-02 08:13:02;C024663;S0030;P002044;2;70,42;0,00;EUR;FR;CARD;delivered;67 quai des Chartrons, 35000 Rennes
ORD-20260602-00346;ORD-20260602-00346-1;2026-06-02 18:19:57;C005119;S0160;P005115;1;170,93;25,64;EUR;FR;CARD;delivered;98 boulevard Saint-Michel, 59000 Lille
ORD-20260602-00347;ORD-20260602-00347-1;2026-06-02 14:27:26;C011834;S0430;P007292;1;152,53;0,00;EUR;BE;TRANSFER;DELIVERED;143 avenue des Tilleuls, 1000 Bruxelles
ORD-20260602-00348;ORD-20260602-00348-1;2026-06-02 16:31:05;C009227;S0178;P005092;1;37,43;3,74;EUR;ES;PAYPAL;DELIVERED;120 route de Bordeaux, 46001 Valence
ORD-20260602-00348;ORD-20260602-00348-2;2026-06-02 16:31:05;C009227;S0243;P002550;1;140,70;21,10;EUR;ES;PAYPAL;DELIVERED;120 route de Bordeaux, 46001 Valence
ORD-20260602-00348;ORD-20260602-00348-3;2026-06-02 16:31:05;C009227;S0568;P002142;3;17,27;0,00;EUR;ES;PAYPAL;DELIVERED;120 route de Bordeaux, 46001 Valence
ORD-20260602-00348;ORD-20260602-00348-4;2026-06-02 16:31:05;C009227;S0501;P007161;1;74,19;7,42;EUR;ES;PAYPAL;DELIVERED;120 route de Bordeaux, 46001 Valence
ORD-20260602-00348;ORD-20260602-00348-5;2026-06-02 16:31:05;C009227;S0562;P006562;2;7,02;0,70;EUR;ES;PAYPAL;DELIVERED;120 route de Bordeaux, 46001 Valence
ORD-20260602-00349;ORD-20260602-00349-1;2026-06-02 18:12:17;C017926;S0597;P000983;3;115,45;0,00;EUR;FR;TRANSFER;DELIVERED;135 rue de la République, 75011 Paris
ORD-20260602-00349;ORD-20260602-00349-2;2026-06-02 18:12:17;C017926;S0253;P004294;1;39,07;5,86;EUR;FR;TRANSFER;DELIVERED;135 rue de la République, 75011 Paris
ORD-20260602-00349;ORD-20260602-00349-3;2026-06-02 18:12:17;C017926;S0249;P001920;2;10,16;0,00;EUR;FR;TRANSFER;delivered;135 rue de la République, 75011 Paris
ORD-20260602-00350;ORD-20260602-00350-1;2026-06-02 10:06:02;C003777;S0299;P000673;2;90,78;0,00;EUR;DE;PAYPAL;Delivered;79 place de l'Église, 10115 Berlin
ORD-20260602-00351;ORD-20260602-00351-1;2026-06-02 17:02:51;C008957;S0186;P007421;1;187,83;18,78;EUR;ES;CARD;SHIPPED;172 route de Bordeaux, 46001 Valence
ORD-20260602-00352;ORD-20260602-00352-1;2026-06-02 16:50:34;C011603;S0380;P001558;1;12,93;0,00;EUR;DE;PAYPAL;DELIVERED;138 allée des Peupliers, 80331 Munich
ORD-20260602-00352;ORD-20260602-00352-2;2026-06-02 16:50:34;C011603;S0223;P001035;1;43,86;0,00;EUR;DE;PAYPAL;DELIVERED;138 allée des Peupliers, 80331 Munich
ORD-20260602-00352;ORD-20260602-00352-3;2026-06-02 16:50:34;C011603;S0329;P000867;1;54,93;0,00;EUR;DE;PAYPAL;DELIVERED;138 allée des Peupliers, 80331 Munich
ORD-20260602-00353;ORD-20260602-00353-1;2026-06-02 08:50:03;C009280;S0468;P007152;3;48,30;7,24;EUR;FR;PAYPAL;CANCELLED;85 cours Gambetta, 13008 Marseille
ORD-20260602-00353;ORD-20260602-00353-2;2026-06-02 08:50:03;C009280;S0024;P006618;1;7,99;0,00;EUR;FR;PAYPAL;CANCELLED;85 cours Gambetta, 13008 Marseille
ORD-20260602-00353;ORD-20260602-00353-3;2026-06-02 08:50:03;C009280;S0150;P007099;1;12,84;0,00;EUR;FR;PAYPAL;CANCELLED;85 cours Gambetta, 13008 Marseille
ORD-20260602-00354;ORD-20260602-00354-1;2026-06-02 13:21:50;C014368;S0599;P003156;1;75,68;0,00;EUR;BE;GIFTCARD;RETURNED;154 rue du Général Leclerc, 4000 Liège
ORD-20260602-00354;ORD-20260602-00354-2;2026-06-02 13:21:50;C014368;S0539;P003027;1;79,61;7,96;EUR;BE;GIFTCARD;RETURNED;154 rue du Général Leclerc, 4000 Liège
ORD-20260602-00355;ORD-20260602-00355-1;2026-06-02 21:12:09;C006450;S0253;P004572;1;58,52;8,78;EUR;FR;CARD;PENDING;100 rue de la République, 44000 Nantes
ORD-20260602-00356;ORD-20260602-00356-1;2026-06-02 14:56:49;C017909;S0350;P001637;1;237,97;11,90;EUR;FR;CARD;DELIVERED;132 rue Victor Hugo, 75011 Paris
ORD-20260602-00357;ORD-20260602-00357-1;2026-06-02 11:42:49;C008068;S0197;P004314;1;46,34;6,95;EUR;BE;PAYPAL; DELIVERED ;55 chemin des Vignes, 2000 Anvers
ORD-20260602-00358;ORD-20260602-00358-1;2026-06-02 16:26:47;C023965;S0294;P001484;2;198,27;19,83;EUR;BE;PAYPAL;delivered;170 impasse du Moulin, 4000 Liège
ORD-20260602-00359;ORD-20260602-00359-1;2026-06-02 20:51:33;C008508;S0165;P001647;1;43,23;0,00;EUR;NL;CARD;Delivered;113 avenue des Tilleuls, 1011 Amsterdam
ORD-20260602-00360;ORD-20260602-00360-1;2026-06-02 22:10:52;C024038;S0221;P002331;1;55,80;0,00;EUR;ES;PAYPAL;DELIVERED;7 impasse du Moulin, 46001 Valence
ORD-20260602-00361;ORD-20260602-00361-1;2026-06-02 23:21:52;C020388;S0176;P002418;1;103,11;0,00;EUR;ES;CARD;DELIVERED;178 place de l'Église, 28001 Madrid
ORD-20260602-00361;ORD-20260602-00361-2;2026-06-02 23:21:52;C020388;S0082;P007784;1;105,92;0,00;EUR;ES;CARD;DELIVERED;178 place de l'Église, 28001 Madrid
ORD-20260602-00361;ORD-20260602-00361-3;2026-06-02 23:21:52;C020388;S0074;P001740;2;73,83;7,38;EUR;ES;CARD;DELIVERED;178 place de l'Église, 28001 Madrid
ORD-20260602-00361;ORD-20260602-00361-4;2026-06-02 23:21:52;C020388;S0219;P006599;1;6,57;0,99;EUR;ES;CARD;Delivered;178 place de l'Église, 28001 Madrid
ORD-20260602-00362;ORD-20260602-00362-1;2026-06-02 04:38:59;C011745;S0494;P005513;1;195,96;29,39;EUR;IT;CARD;DELIVERED;51 impasse du Moulin, 00184 Rome
ORD-20260602-00362;ORD-20260602-00362-2;2026-06-02 04:38:59;C011745;S0544;P000450;1;21,89;0,00;EUR;IT;CARD;DELIVERED;51 impasse du Moulin, 00184 Rome
ORD-20260602-00362;ORD-20260602-00362-3;2026-06-02 04:38:59;C011745;S0117;P001778;1;61,00;0,00;EUR;IT;CARD;Delivered;51 impasse du Moulin, 00184 Rome
ORD-20260602-00363;ORD-20260602-00363-1;2026-06-02 12:24:27;C024425;S0082;P005216;3;63,20;0,00;EUR;IT;GIFTCARD;DELIVERED;70 cours Gambetta, 00184 Rome
ORD-20260602-00364;ORD-20260602-00364-1;2026-06-02 15:10:40;C024160;S0206;P001268;1;18,89;0,00;EUR;FR;GIFTCARD;DELIVERED;123 avenue des Tilleuls, 35000 Rennes
ORD-20260602-00364;ORD-20260602-00364-2;2026-06-02 15:10:40;C024160;S0001;P004794;2;62,10;0,00;EUR;FR;GIFTCARD;delivered;123 avenue des Tilleuls, 35000 Rennes
ORD-20260602-00364;ORD-20260602-00364-3;2026-06-02 15:10:40;C024160;S0315;P005645;2;150,91;45,27;EUR;FR;GIFTCARD; DELIVERED ;123 avenue des Tilleuls, 35000 Rennes
ORD-20260602-00365;ORD-20260602-00365-1;2026-06-02 10:17:46;C002326;S0032;P003349;4;117,64;0,00;EUR;FR;CARD;SHIPPED;36 rue du Général Leclerc, 69003 Lyon
ORD-20260602-00366;ORD-20260602-00366-1;2026-06-02 15:06:27;C016662;S0135;P005147;2;62,63;0,00;EUR;FR;CARD; DELIVERED ;90 impasse du Moulin, 31000 Toulouse
ORD-20260602-00366;ORD-20260602-00366-2;2026-06-02 15:06:27;C016662;S0105;P001599;1;42,51;2,13;EUR;FR;CARD;DELIVERED;90 impasse du Moulin, 31000 Toulouse
ORD-20260602-00366;ORD-20260602-00366-3;2026-06-02 15:06:27;C016662;S0362;P002469;3;41,20;0,00;EUR;FR;CARD;DELIVERED;90 impasse du Moulin, 31000 Toulouse
ORD-20260602-00366;ORD-20260602-00366-4;2026-06-02 15:06:27;C016662;S0547;P007706;1;11,15;1,67;EUR;FR;CARD;DELIVERED;90 impasse du Moulin, 31000 Toulouse
ORD-20260602-00367;ORD-20260602-00367-1;2026-06-02 05:28:27;C010593;S0547;P007706;1;10,79;1,62;EUR;FR;CARD;DELIVERED;129 cours Gambetta, 44000 Nantes
ORD-20260602-00368;ORD-20260602-00368-1;2026-06-02 16:50:17;C000704;S0391;P003175;1;43,29;0,00;EUR;ES;CARD;Delivered;145 route de Bordeaux, 46001 Valence
ORD-20260602-00368;ORD-20260602-00368-2;2026-06-02 16:50:17;C000704;S0234;P000004;1;52,60;2,63;EUR;ES;CARD;DELIVERED;145 route de Bordeaux, 46001 Valence
ORD-20260602-00368;ORD-20260602-00368-3;2026-06-02 16:50:17;C000704;S0242;P001803;1;38,54;3,85;EUR;ES;CARD;DELIVERED;145 route de Bordeaux, 46001 Valence
ORD-20260602-00368;ORD-20260602-00368-3;2026-06-02 16:50:17;C000704;S0242;P001803;1;38,54;3,85;EUR;ES;CARD;DELIVERED;145 route de Bordeaux, 46001 Valence
ORD-20260602-00369;ORD-20260602-00369-1;2026-06-02 13:25:36;C006408;S0112;P004750;2;19,68;0,00;EUR;IT;PAYPAL;DELIVERED;151 rue du Général Leclerc, 00184 Rome
ORD-20260602-00369;ORD-20260602-00369-2;2026-06-02 13:25:36;C006408;S0158;P001216;2;157,74;0,00;EUR;IT;PAYPAL; DELIVERED ;151 rue du Général Leclerc, 00184 Rome
ORD-20260602-00370;ORD-20260602-00370-1;2026-06-02 17:59:18;C007602;S0503;P005366;1;30,24;3,02;EUR;BE;CARD;DELIVERED;126 impasse du Moulin, 1000 Bruxelles
ORD-20260602-00371;ORD-20260602-00371-1;2026-06-02 18:44:49;C011801;S0211;P005608;2;128,75;0,00;EUR;FR;CARD;cancelled;5 chemin des Vignes, 67000 Strasbourg
ORD-20260602-00371;ORD-20260602-00371-2;2026-06-02 18:44:49;C011801;S0431;P003320;2;63,90;0,00;EUR;FR;CARD;CANCELLED;5 chemin des Vignes, 67000 Strasbourg
ORD-20260602-00371;ORD-20260602-00371-3;2026-06-02 18:44:49;C011801;S0217;P007977;1;47,52;0,00;EUR;FR;CARD;CANCELLED;5 chemin des Vignes, 67000 Strasbourg
ORD-20260602-00372;ORD-20260602-00372-1;2026-06-02 08:33:42;C017590;S0174;P005123;1;5,85;0,29;EUR;DE;CARD;DELIVERED;91 rue de la République, 10115 Berlin
ORD-20260602-00372;ORD-20260602-00372-2;2026-06-02 08:33:42;C017590;S0433;P001919;1;91,84;0,00;EUR;DE;CARD;DELIVERED;91 rue de la République, 10115 Berlin
ORD-20260602-00373;ORD-20260602-00373-1;2026-06-02 14:20:36;C004824;S0332;P006916;4;58,14;23,26;EUR;FR;CARD; PENDING ;125 impasse du Moulin, 13008 Marseille
ORD-20260602-00373;ORD-20260602-00373-2;2026-06-02 14:20:36;C004824;S0572;P005157;2;32,94;9,88;EUR;FR;CARD;PENDING;125 impasse du Moulin, 13008 Marseille
ORD-20260602-00373;ORD-20260602-00373-3;2026-06-02 14:20:36;C004824;S0209;P006002;3;73,13;10,97;EUR;FR;CARD;PENDING;125 impasse du Moulin, 13008 Marseille
ORD-20260602-00373;ORD-20260602-00373-4;2026-06-02 14:20:36;C004824;S0588;P007295;2;53,13;0,00;EUR;FR;CARD;PENDING;125 impasse du Moulin, 13008 Marseille
ORD-20260602-00373;ORD-20260602-00373-5;2026-06-02 14:20:36;C004824;S0367;P001845;1;23,65;1,18;EUR;FR;CARD;PENDING;125 impasse du Moulin, 13008 Marseille
ORD-20260602-00374;ORD-20260602-00374-1;2026-06-02 15:52:40;C004049;S0131;P003767;1;42,71;0,00;EUR;BE;GIFTCARD;DELIVERED;131 cours Gambetta, 2000 Anvers
ORD-20260602-00374;ORD-20260602-00374-2;2026-06-02 15:52:40;C004049;S0118;P007094;1;247,40;0,00;EUR;BE;GIFTCARD;Delivered;131 cours Gambetta, 2000 Anvers
ORD-20260602-00374;ORD-20260602-00374-3;2026-06-02 15:52:40;C004049;S0546;P000838;4;156,88;0,00;EUR;BE;GIFTCARD;delivered;131 cours Gambetta, 2000 Anvers
ORD-20260602-00374;ORD-20260602-00374-4;2026-06-02 15:52:40;C004049;S0194;P004636;1;7,43;0,00;EUR;BE;GIFTCARD;DELIVERED;131 cours Gambetta, 2000 Anvers
ORD-20260602-00375;ORD-20260602-00375-1;2026-06-02 18:51:51;C004192;S0512;P002703;1;71,45;10,72;EUR;FR;CARD;DELIVERED;84 rue de la République, 59000 Lille
ORD-20260602-00376;ORD-20260602-00376-1;2026-06-02 09:30:10;C016058;S0210;P001444;3;75,91;0,00;EUR;FR;CARD;RETURNED;111 rue de la République, 67000 Strasbourg
ORD-20260602-00376;ORD-20260602-00376-2;2026-06-02 09:30:10;C016058;S0288;P001964;1;145,01;0,00;EUR;FR;CARD; RETURNED ;111 rue de la République, 67000 Strasbourg
ORD-20260602-00376;ORD-20260602-00376-3;2026-06-02 09:30:10;C016058;S0478;P007156;4;34,63;6,93;EUR;FR;CARD;RETURNED;111 rue de la République, 67000 Strasbourg
ORD-20260602-00377;ORD-20260602-00377-1;2026-06-02 10:38:35;C006395;S0371;P004660;1;226,75;11,34;EUR;ES;CARD;DELIVERED;81 rue du Général Leclerc, 08001 Barcelone
ORD-20260602-00377;ORD-20260602-00377-2;2026-06-02 10:38:35;C006395;S0454;P000939;2;39,27;7,85;EUR;ES;CARD; DELIVERED ;81 rue du Général Leclerc, 08001 Barcelone
ORD-20260602-00377;ORD-20260602-00377-3;2026-06-02 10:38:35;C006395;S0302;P003802;1;68,02;0,00;EUR;ES;CARD;DELIVERED;81 rue du Général Leclerc, 08001 Barcelone
ORD-20260602-00377;ORD-20260602-00377-4;2026-06-02 10:38:35;C006395;S0468;P000173;1;71,67;7,17;EUR;ES;CARD;DELIVERED;81 rue du Général Leclerc, 08001 Barcelone
ORD-20260602-00378;ORD-20260602-00378-1;2026-06-02 19:27:24;C012269;S0400;P003672;1;11,11;0,00;EUR;FR;CARD;Shipped;164 rue Victor Hugo, 33000 Bordeaux
ORD-20260602-00378;ORD-20260602-00378-2;2026-06-02 19:27:24;C012269;S0017;P000110;1;69,93;0,00;EUR;FR;CARD;SHIPPED;164 rue Victor Hugo, 33000 Bordeaux
ORD-20260602-00378;ORD-20260602-00378-3;2026-06-02 19:27:24;C012269;S0543;P007601;2;13,75;0,00;EUR;FR;CARD;SHIPPED;164 rue Victor Hugo, 33000 Bordeaux
ORD-20260602-00378;ORD-20260602-00378-4;2026-06-02 19:27:24;C012269;S0509;P005044;4;81,14;0,00;EUR;FR;CARD;SHIPPED;164 rue Victor Hugo, 33000 Bordeaux
ORD-20260602-00379;ORD-20260602-00379-1;2026-06-02 13:22:38;C014970;S0151;P001451;1;50,24;2,51;EUR;IT;PAYPAL;DELIVERED;154 quai des Chartrons, 00184 Rome
ORD-20260602-00379;ORD-20260602-00379-2;2026-06-02 13:22:38;C014970;S0099;P002741;1;144,81;0,00;EUR;IT;PAYPAL;DELIVERED;154 quai des Chartrons, 00184 Rome
ORD-20260602-00379;ORD-20260602-00379-3;2026-06-02 13:22:38;C014970;S0096;P003255;1;80,61;0,00;EUR;IT;PAYPAL;DELIVERED;154 quai des Chartrons, 00184 Rome
ORD-20260602-00379;ORD-20260602-00379-4;2026-06-02 13:22:38;C014970;S0183;P000930;1;34,78;0,00;EUR;IT;PAYPAL; DELIVERED ;154 quai des Chartrons, 00184 Rome
ORD-20260602-00380;ORD-20260602-00380-1;2026-06-02 19:34:17;C021107;S0031;P002525;1;67,08;3,35;EUR;FR;CARD;DELIVERED;5 route de Bordeaux, 35000 Rennes
ORD-20260602-00380;ORD-20260602-00380-2;2026-06-02 19:34:17;C021107;S0033;P003351;1;75,30;11,29;EUR;FR;CARD;DELIVERED;5 route de Bordeaux, 35000 Rennes
ORD-20260602-00380;ORD-20260602-00380-3;2026-06-02 19:34:17;C021107;S0572;P001029;1;215,33;32,30;EUR;FR;CARD;DELIVERED;5 route de Bordeaux, 35000 Rennes
ORD-20260602-00380;ORD-20260602-00380-4;2026-06-02 19:34:17;C021107;S0473;P003135;1;67,62;3,38;EUR;FR;CARD;DELIVERED;5 route de Bordeaux, 35000 Rennes
ORD-20260602-00380;ORD-20260602-00380-5;2026-06-02 19:34:17;C021107;S0536;P004508;1;9,56;0,00;EUR;FR;CARD;DELIVERED;5 route de Bordeaux, 35000 Rennes
ORD-20260602-00381;ORD-20260602-00381-1;2026-06-02 13:45:20;C004882;S0059;P000713;1;144,73;0,00;EUR;IT;CARD;SHIPPED;144 rue Victor Hugo, 00184 Rome
ORD-20260602-00381;ORD-20260602-00381-2;2026-06-02 13:45:20;C004882;S0243;P007210;2;22,71;0,00;EUR;IT;CARD;SHIPPED;144 rue Victor Hugo, 00184 Rome
ORD-20260602-00381;ORD-20260602-00381-3;2026-06-02 13:45:20;C004882;S0506;P004874;1;80,90;0,00;EUR;IT;CARD;shipped;144 rue Victor Hugo, 00184 Rome
ORD-20260602-00382;ORD-20260602-00382-1;2026-06-02 13:39:30;C016538;S0214;P005531;1;15,25;1,53;EUR;FR;CARD;Delivered;164 place de l'Église, 35000 Rennes
ORD-20260602-00382;ORD-20260602-00382-2;2026-06-02 13:39:30;C016538;S0106;P004695;2;26,96;2,70;EUR;FR;CARD;DELIVERED;164 place de l'Église, 35000 Rennes
ORD-20260602-00382;ORD-20260602-00382-3;2026-06-02 13:39:30;C016538;S0464;P001091;1;17,23;2,58;EUR;FR;CARD;DELIVERED;164 place de l'Église, 35000 Rennes
ORD-20260602-00382;ORD-20260602-00382-4;2026-06-02 13:39:30;C016538;S0597;P004526;4;24,96;0,00;EUR;FR;CARD;DELIVERED;164 place de l'Église, 35000 Rennes
ORD-20260602-00383;ORD-20260602-00383-1;2026-06-02 12:32:40;C020144;S0387;P000234;2;95,97;0,00;EUR;FR;CARD;Delivered;147 quai des Chartrons, 69003 Lyon
ORD-20260602-00384;ORD-20260602-00384-1;2026-06-02 12:02:44;C022772;S0576;P007661;1;93,88;0,00;EUR;FR;TRANSFER;CANCELLED;145 quai des Chartrons, 13008 Marseille
ORD-20260602-00384;ORD-20260602-00384-2;2026-06-02 12:02:44;C022772;S0268;P007020;1;104,74;10,47;EUR;FR;TRANSFER;CANCELLED;145 quai des Chartrons, 13008 Marseille
ORD-20260602-00385;ORD-20260602-00385-1;2026-06-02 04:57:45;C005568;S0266;P003942;1;65,18;9,78;EUR;IT;CARD;DELIVERED;14 rue de la République, 00184 Rome
ORD-20260602-00385;ORD-20260602-00385-2;2026-06-02 04:57:45;C005568;S0311;P003047;4;29,75;5,95;EUR;IT;CARD;DELIVERED;14 rue de la République, 00184 Rome
ORD-20260602-00385;ORD-20260602-00385-3;2026-06-02 04:57:45;C005568;S0079;P000585;1;276,76;41,51;EUR;IT;CARD;delivered;14 rue de la République, 00184 Rome
ORD-20260602-00386;ORD-20260602-00386-1;2026-06-02 09:46:54;C004114;S0397;P000205;2;70,10;0,00;EUR;FR;CARD;Delivered;73 route de Bordeaux, 35000 Rennes
ORD-20260602-00386;ORD-20260602-00386-2;2026-06-02 09:46:54;C004114;S0269;P004729;2;52,49;10,50;EUR;FR;CARD;DELIVERED;73 route de Bordeaux, 35000 Rennes
ORD-20260602-00387;ORD-20260602-00387-1;2026-06-02 03:01:14;C019959;S0408;P001610;2;36,11;3,61;EUR;ES;CARD;SHIPPED;41 rue Victor Hugo, 08001 Barcelone
ORD-20260602-00387;ORD-20260602-00387-2;2026-06-02 03:01:14;C019959;S0373;P005009;2;173,82;34,76;EUR;ES;CARD;SHIPPED;41 rue Victor Hugo, 08001 Barcelone
ORD-20260602-00388;ORD-20260602-00388-1;2026-06-02 12:33:06;C018046;S0205;P005668;4;24,53;0,00;EUR;FR;PAYPAL;SHIPPED;164 rue Victor Hugo, 31000 Toulouse
ORD-20260602-00388;ORD-20260602-00388-2;2026-06-02 12:33:06;C018046;S0420;P007310;1;23,73;0,00;EUR;FR;PAYPAL;SHIPPED;164 rue Victor Hugo, 31000 Toulouse
ORD-20260602-00388;ORD-20260602-00388-3;2026-06-02 12:33:06;C018046;S0192;P007705;1;72,54;10,88;EUR;FR;PAYPAL;SHIPPED;164 rue Victor Hugo, 31000 Toulouse
ORD-20260602-00389;ORD-20260602-00389-1;2026-06-02 15:46:54;C005175;S0171;P002116;1;16,14;0,00;EUR;FR;PAYPAL;DELIVERED;48 rue du Général Leclerc, 44000 Nantes
ORD-20260602-00389;ORD-20260602-00389-2;2026-06-02 15:46:54;C005175;S0531;P002551;1;58,86;0,00;EUR;FR;PAYPAL;DELIVERED;48 rue du Général Leclerc, 44000 Nantes
ORD-20260602-00390;ORD-20260602-00390-1;2026-06-02 14:25:08;C009687;S0135;P006645;2;21,14;4,23;EUR;NL;CARD; DELIVERED ;9 chemin des Vignes, 1011 Amsterdam
ORD-20260602-00390;ORD-20260602-00390-2;2026-06-02 14:25:08;C009687;S0596;P001462;2;102,23;20,45;EUR;NL;CARD;DELIVERED;9 chemin des Vignes, 1011 Amsterdam
ORD-20260602-00390;ORD-20260602-00390-3;2026-06-02 14:25:08;C009687;S0186;P000803;1;70,93;0,00;EUR;NL;CARD;DELIVERED;9 chemin des Vignes, 1011 Amsterdam
ORD-20260602-00391;ORD-20260602-00391-1;2026-06-02 15:58:50;C002330;S0424;P000932;1;28,01;0,00;EUR;FR;CARD; SHIPPED ;45 quai des Chartrons, 67000 Strasbourg
ORD-20260602-00392;ORD-20260602-00392-1;2026-06-02 16:20:50;C009332;S0102;P006077;1;21,86;0,00;EUR;FR;PAYPAL; DELIVERED ;131 quai des Chartrons, 69003 Lyon
ORD-20260602-00393;ORD-20260602-00393-1;2026-06-02 17:56:44;C014473;S0542;P000413;1;36,75;3,68;EUR;FR;CARD;CANCELLED;44 quai des Chartrons, 33000 Bordeaux
ORD-20260602-00394;ORD-20260602-00394-1;2026-06-02 18:26:49;C020423;S0338;P000074;2;40,79;0,00;EUR;DE;CARD;CANCELLED;62 avenue des Tilleuls, 10115 Berlin
ORD-20260602-00395;ORD-20260602-00395-1;2026-06-02 16:55:01;C017938;S0060;P007586;1;61,54;3,08;EUR;ES;CARD;DELIVERED;81 rue Victor Hugo, 28001 Madrid
ORD-20260602-00395;ORD-20260602-00395-2;2026-06-02 16:55:01;C017938;S0095;P007663;2;85,66;0,00;EUR;ES;CARD;DELIVERED;81 rue Victor Hugo, 28001 Madrid
ORD-20260602-00396;ORD-20260602-00396-1;2026-06-02 12:15:57;C016147;S0395;P007652;2;17,46;0,00;EUR;FR;CARD;SHIPPED;58 rue Victor Hugo, 67000 Strasbourg
ORD-20260602-00397;ORD-20260602-00397-1;2026-06-02 10:57:11;C024377;S0102;P006077;1;21,44;0,00;EUR;FR;GIFTCARD;DELIVERED;142 impasse du Moulin, 75011 Paris
ORD-20260602-00397;ORD-20260602-00397-2;2026-06-02 10:57:11;C024377;S0088;P003949;1;64,05;0,00;EUR;FR;GIFTCARD;DELIVERED;142 impasse du Moulin, 75011 Paris
ORD-20260602-00397;ORD-20260602-00397-3;2026-06-02 10:57:11;C024377;S0199;P000299;1;22,82;0,00;EUR;FR;GIFTCARD;Delivered;142 impasse du Moulin, 75011 Paris
ORD-20260602-00398;ORD-20260602-00398-1;2026-06-02 19:50:40;C002188;S0161;P005627;3;8,63;2,59;EUR;DE;CARD;DELIVERED;14 rue du Général Leclerc, 80331 Munich
ORD-20260602-00398;ORD-20260602-00398-2;2026-06-02 19:50:40;C002188;S0473;P006250;4;238,92;143,35;EUR;DE;CARD;DELIVERED;14 rue du Général Leclerc, 80331 Munich
ORD-20260602-00398;ORD-20260602-00398-3;2026-06-02 19:50:40;C002188;S0276;P006711;3;270,60;121,77;EUR;DE;CARD;DELIVERED;14 rue du Général Leclerc, 80331 Munich
ORD-20260602-00398;ORD-20260602-00398-4;2026-06-02 19:50:40;C002188;S0538;P001016;1;22,59;0,00;EUR;DE;CARD;Delivered;14 rue du Général Leclerc, 80331 Munich
ORD-20260602-00399;ORD-20260602-00399-1;2026-06-02 19:19:16;C018021;S0128;P003325;1;91,69;0,00;EUR;ES;CARD;DELIVERED;90 chemin des Vignes, 46001 Valence
ORD-20260602-00399;ORD-20260602-00399-2;2026-06-02 19:19:16;C018021;S0566;P999517;1;55,02;8,25;EUR;ES;CARD;DELIVERED;90 chemin des Vignes, 46001 Valence
ORD-20260602-00399;ORD-20260602-00399-3;2026-06-02 19:19:16;C018021;S0008;P001289;1;33,86;0,00;EUR;ES;CARD;DELIVERED;90 chemin des Vignes, 46001 Valence
ORD-20260602-00400;ORD-20260602-00400-1;2026-06-02 18:57:59;C004240;S0243;P000240;1;37,65;0,00;EUR;ES;PAYPAL;PENDING;60 chemin des Vignes, 08001 Barcelone
ORD-20260602-00400;ORD-20260602-00400-2;2026-06-02 18:57:59;C004240;S0544;P006648;1;31,42;4,71;EUR;ES;PAYPAL;PENDING;60 chemin des Vignes, 08001 Barcelone
ORD-20260602-00400;ORD-20260602-00400-3;2026-06-02 18:57:59;C004240;S0169;P000390;1;49,82;2,49;EUR;ES;PAYPAL;PENDING;60 chemin des Vignes, 08001 Barcelone
ORD-20260602-00400;ORD-20260602-00400-4;2026-06-02 18:57:59;C004240;S0368;P004376;1;23,94;0,00;EUR;ES;PAYPAL;PENDING;60 chemin des Vignes, 08001 Barcelone
ORD-20260602-00400;ORD-20260602-00400-5;2026-06-02 18:57:59;C004240;S0036;P002811;1;70,10;0,00;EUR;ES;PAYPAL;PENDING;60 chemin des Vignes, 08001 Barcelone
ORD-20260602-00401;ORD-20260602-00401-1;2026-06-02 13:46:51;C004277;S0272;P005433;2;80,46;16,09;EUR;BE;APPLEPAY;returned;162 cours Gambetta, 2000 Anvers
ORD-20260602-00401;ORD-20260602-00401-2;2026-06-02 13:46:51;C004277;S0493;P006298;1;7,94;0,00;EUR;BE;APPLEPAY;Returned;162 cours Gambetta, 2000 Anvers
ORD-20260602-00401;ORD-20260602-00401-3;2026-06-02 13:46:51;C004277;S0278;P002031;3;126,76;57,04;EUR;BE;APPLEPAY;RETURNED;162 cours Gambetta, 2000 Anvers
ORD-20260602-00401;ORD-20260602-00401-4;2026-06-02 13:46:51;C004277;S0140;P003007;1;17,29;2,59;EUR;BE;APPLEPAY;RETURNED;162 cours Gambetta, 2000 Anvers
ORD-20260602-00401;ORD-20260602-00401-5;2026-06-02 13:46:51;C004277;S0013;P003061;2;238,55;0,00;EUR;BE;APPLEPAY;RETURNED;162 cours Gambetta, 2000 Anvers
ORD-20260602-00402;ORD-20260602-00402-1;2026-06-02 23:34:48;C015346;S0512;P001696;1;38,60;1,93;EUR;FR;CARD;PENDING;22 place de l'Église, 13008 Marseille
ORD-20260602-00402;ORD-20260602-00402-2;2026-06-02 23:34:48;C015346;S0096;P005606;2; 20,10;0,00;EUR;FR;CARD;PENDING;22 place de l'Église, 13008 Marseille
ORD-20260602-00403;ORD-20260602-00403-1;2026-06-02 14:46:35;C021216;S0388;P000776;1;44,79;0,00;EUR;FR;CARD;DELIVERED;115 rue de la République, 75011 Paris
ORD-20260602-00403;ORD-20260602-00403-2;2026-06-02 14:46:35;C021216;S0019;P002897;1;66,28;0,00;EUR;FR;CARD;DELIVERED;115 rue de la République, 75011 Paris
ORD-20260602-00404;ORD-20260602-00404-1;2026-06-02 20:24:27;C001334;S0310;P007733;1;60,66;6,07;EUR;DE;CARD; DELIVERED ;24 avenue des Tilleuls, 10115 Berlin
ORD-20260602-00404;ORD-20260602-00404-2;2026-06-02 20:24:27;C001334;S0256;P006857;3;20,01;9,00;EUR;DE;CARD;Delivered;24 avenue des Tilleuls, 10115 Berlin
ORD-20260602-00405;ORD-20260602-00405-1;2026-06-02 16:42:42;C015823;S0084;P001436;3;24,15;3,62;EUR;NL;CARD;DELIVERED;76 impasse du Moulin, 1011 Amsterdam
ORD-20260602-00405;ORD-20260602-00405-2;2026-06-02 16:42:42;C015823;S0297;P000419;1;95,81;0,00;EUR;NL;CARD; DELIVERED ;76 impasse du Moulin, 1011 Amsterdam
ORD-20260602-00406;ORD-20260602-00406-1;2026-06-02 17:00:44;C000320;S0536;P006358;1;18,63;2,79;EUR;IT;PAYPAL;DELIVERED;118 impasse du Moulin, 20121 Milan
ORD-20260602-00407;ORD-20260602-00407-1;2026-06-02 12:32:04;C006500;S0199;P002297;1;17,90;2,68;EUR;FR;CARD;DELIVERED;37 cours Gambetta, 13008 Marseille
ORD-20260602-00408;ORD-20260602-00408-1;2026-06-02 18:07:12;C008408;S0278;P004903;3;221,06;0,00;EUR;BE;CARD;DELIVERED;49 allée des Peupliers, 2000 Anvers
ORD-20260602-00408;ORD-20260602-00408-2;2026-06-02 18:07:12;C008408;S0269;P003980;2;82,80;0,00;EUR;BE;CARD;DELIVERED;49 allée des Peupliers, 2000 Anvers
ORD-20260602-00408;ORD-20260602-00408-3;2026-06-02 18:07:12;C008408;S0537;P005398;2;53,88;16,16;EUR;BE;CARD;DELIVERED;49 allée des Peupliers, 2000 Anvers
ORD-20260602-00408;ORD-20260602-00408-4;2026-06-02 18:07:12;C008408;S0504;P001780;2;132,08;0,00;EUR;BE;CARD;delivered;49 allée des Peupliers, 2000 Anvers
ORD-20260602-00408;ORD-20260602-00408-5;2026-06-02 18:07:12;C008408;S0128;P003323;1;37,56;1,88;EUR;BE;CARD;DELIVERED;49 allée des Peupliers, 2000 Anvers
ORD-20260602-00409;ORD-20260602-00409-1;2026-06-02 17:55:55;C002643;S0072;P004632;1;69,48;0,00;EUR;FR;PAYPAL;delivered;61 boulevard Saint-Michel, 69003 Lyon
ORD-20260602-00409;ORD-20260602-00409-2;2026-06-02 17:55:55;C002643;S0574;P001993;1;150,54;0,00;EUR;FR;PAYPAL;Delivered;61 boulevard Saint-Michel, 69003 Lyon
ORD-20260602-00409;ORD-20260602-00409-3;2026-06-02 17:55:55;C002643;S0174;P001940;3;57,90;0,00;EUR;FR;PAYPAL;DELIVERED;61 boulevard Saint-Michel, 69003 Lyon
ORD-20260602-00409;ORD-20260602-00409-4;2026-06-02 17:55:55;C999417;S0562;P000832;2;56,09;0,00;EUR;FR;PAYPAL;DELIVERED;61 boulevard Saint-Michel, 69003 Lyon
ORD-20260602-00410;ORD-20260602-00410-1;2026-06-02 22:52:28;C015418;S0567;P003244;1;64,64;0,00;EUR;FR;CARD;returned;63 chemin des Vignes, 35000 Rennes
ORD-20260602-00411;ORD-20260602-00411-1;2026-06-02 13:52:18;C006703;S0572;P002444;1;219,77;32,97;EUR;IT;GIFTCARD;DELIVERED;117 rue de la République, 00184 Rome
ORD-20260602-00412;ORD-20260602-00412-1;2026-06-02 17:38:36;C000034;S0569;P007703;4;178,50;71,40;EUR;FR;APPLEPAY;DELIVERED;100 place de l'Église, 33000 Bordeaux
ORD-20260602-00412;ORD-20260602-00412-2;2026-06-02 17:38:36;C000034;S0406;P007826;1;10,40;0,00;EUR;FR;APPLEPAY;DELIVERED;100 place de l'Église, 33000 Bordeaux
ORD-20260602-00412;ORD-20260602-00412-3;2026-06-02 17:38:36;C000034;S0582;P007890;1;71,16;0,00;EUR;FR;APPLEPAY;DELIVERED;100 place de l'Église, 33000 Bordeaux
ORD-20260602-00413;ORD-20260602-00413-1;2026-06-02 09:47:16;C009402;S0174;P000108;3;101,51;45,68;EUR;DE;CARD;CANCELLED;14 cours Gambetta, 80331 Munich
ORD-20260602-00414;ORD-20260602-00414-1;2026-06-02 15:16:36;C008239;S0052;P004375;1;129,48;19,42;EUR;DE;APPLEPAY;Delivered;120 rue de la République, 20095 Hambourg
ORD-20260602-00414;ORD-20260602-00414-2;2026-06-02 15:16:36;C008239;S0335;P007565;1;85,51;8,55;EUR;DE;APPLEPAY;delivered;120 rue de la République, 20095 Hambourg
ORD-20260602-00414;ORD-20260602-00414-3;2026-06-02 15:16:36;C008239;S0336;P000820;1;27,39;0,00;EUR;DE;APPLEPAY;DELIVERED;120 rue de la République, 20095 Hambourg
ORD-20260602-00415;ORD-20260602-00415-1;2026-06-02 17:32:21;C015341;S0381;P005286;4;38,25;0,00;EUR;FR;PAYPAL;PENDING;64 rue du Général Leclerc, 69003 Lyon
ORD-20260602-00415;ORD-20260602-00415-2;2026-06-02 17:32:21;C015341;S0426;P002062;1;18,22;0,91;EUR;FR;PAYPAL;PENDING;64 rue du Général Leclerc, 69003 Lyon
ORD-20260602-00415;ORD-20260602-00415-3;2026-06-02 17:32:21;C015341;S0454;P006831;2;58,73;17,62;EUR;FR;PAYPAL;PENDING;64 rue du Général Leclerc, 69003 Lyon
ORD-20260602-00415;ORD-20260602-00415-4;2026-06-02 17:32:21;C015341;S0530;P005025;1;177,53;0,00;EUR;FR;PAYPAL;Pending;64 rue du Général Leclerc, 69003 Lyon
ORD-20260602-00416;ORD-20260602-00416-1;2026-06-02 14:22:27;C010572;S0278;P004774;3;16,51;0,00;EUR;BE;CARD;CANCELLED;24 chemin des Vignes, 2000 Anvers
ORD-20260602-00417;ORD-20260602-00417-1;2026-06-02 18:28:40;C991030;S0273;P002472;2;118,78;0,00;EUR;FR;CARD;RETURNED;154 impasse du Moulin, 67000 Strasbourg
ORD-20260602-00417;ORD-20260602-00417-2;2026-06-02 18:28:40;C013664;S0181;P000008;1;38,84;0,00;EUR;FR;CARD;RETURNED;154 impasse du Moulin, 67000 Strasbourg
ORD-20260602-00417;ORD-20260602-00417-3;2026-06-02 18:28:40;C997147;S0060;P003456;2;53,04;15,91;EUR;FR;CARD;Returned;154 impasse du Moulin, 67000 Strasbourg
ORD-20260602-00417;ORD-20260602-00417-4;2026-06-02 18:28:40;C013664;S0132;P006769;1;24,99;3,75;EUR;FR;CARD;RETURNED;154 impasse du Moulin, 67000 Strasbourg
ORD-20260602-00417;ORD-20260602-00417-5;2026-06-02 18:28:40;C013664;S0170;P002283;1;32,64;0,00;EUR;FR;CARD;RETURNED;154 impasse du Moulin, 67000 Strasbourg
ORD-20260602-00418;ORD-20260602-00418-1;2026-06-02 08:46:54;C018080;S0535;P003281;1;33,63;3,36;EUR;FR;PAYPAL;DELIVERED;174 chemin des Vignes, 31000 Toulouse
ORD-20260602-00418;ORD-20260602-00418-2;2026-06-02 08:46:54;C018080;S0549;P004231;2;52,61;15,78;EUR;FR;PAYPAL;DELIVERED;174 chemin des Vignes, 31000 Toulouse
ORD-20260602-00418;ORD-20260602-00418-3;2026-06-02 08:46:54;C994516;S0218;P006131;1;40,84;4,08;EUR;FR;PAYPAL;DELIVERED;174 chemin des Vignes, 31000 Toulouse
ORD-20260602-00419;ORD-20260602-00419-1;2026-06-02 13:28:54;C008979;S0430;P005695;1;36,49;3,65;EUR;BE;CARD;CANCELLED;114 rue du Général Leclerc, 4000 Liège
ORD-20260602-00419;ORD-20260602-00419-2;2026-06-02 13:28:54;C008979;S0233;P004845;1;53,90;5,39;EUR;BE;CARD;CANCELLED;114 rue du Général Leclerc, 4000 Liège
ORD-20260602-00420;ORD-20260602-00420-1;2026-06-02 18:48:02;C022350;S0347;P007253;1;42,70;0,00;EUR;NL;PAYPAL;DELIVERED;152 rue Victor Hugo, 1011 Amsterdam
ORD-20260602-00420;ORD-20260602-00420-2;2026-06-02 18:48:02;C022350;S0214;P006542;1;231,38;34,71;EUR;NL;PAYPAL; DELIVERED ;152 rue Victor Hugo, 1011 Amsterdam
ORD-20260602-00420;ORD-20260602-00420-3;2026-06-02 18:48:02;C022350;S0367;P006933;1;228,58;0,00;EUR;NL;PAYPAL;DELIVERED;152 rue Victor Hugo, 1011 Amsterdam
ORD-20260602-00421;ORD-20260602-00421-1;2026-06-02 17:39:46;C009853;S0315;P005490;2;197,16;19,72;EUR;FR;CARD;Cancelled;73 route de Bordeaux, 33000 Bordeaux
ORD-20260602-00421;ORD-20260602-00421-2;;C009853;S0565;P005564;1;75,48;0,00;EUR;FR;CARD; CANCELLED ;73 route de Bordeaux, 33000 Bordeaux
ORD-20260602-00422;ORD-20260602-00422-1;2026-06-02 23:05:59;C008341;S0071;P006229;1;39,25;1,96;EUR;FR;PAYPAL;DELIVERED;166 place de l'Église, 59000 Lille
ORD-20260602-00422;ORD-20260602-00422-2;2026-06-02 23:05:59;C008341;S0580;P007261;1;82,53;0,00;EUR;FR;PAYPAL;DELIVERED;166 place de l'Église, 59000 Lille
ORD-20260602-00423;ORD-20260602-00423-1;2026-06-02 15:01:48;C004119;S0021;P001979;1;84,61;0,00;EUR;IT;PAYPAL;delivered;16 route de Bordeaux, 20121 Milan
ORD-20260602-00424;ORD-20260602-00424-1;2026-06-02 15:07:49;C023835;S0182;P003909;2;115,55;23,11;EUR;ES;CARD;delivered;72 avenue des Tilleuls, 08001 Barcelone
ORD-20260602-00424;ORD-20260602-00424-2;2026-06-02 15:07:49;C023835;S0173;P003006;2;19,58;1,96;EUR;ES;CARD;Delivered;72 avenue des Tilleuls, 08001 Barcelone
ORD-20260602-00425;ORD-20260602-00425-1;2026-06-02 21:16:55;C015485;S0513;P005231;2;24,46;0,00;EUR;BE;GIFTCARD;PENDING;177 boulevard Saint-Michel, 1000 Bruxelles
ORD-20260602-00426;ORD-20260602-00426-1;2026-06-02 15:33:26;C003807;S0024;P003409;1;39,52;0,00;EUR;FR;CARD;delivered;180 quai des Chartrons, 35000 Rennes
ORD-20260602-00426;ORD-20260602-00426-2;2026-06-02 15:33:26;C003807;S0570;P005650;1;36,36;0,00;EUR;FR;CARD;DELIVERED;180 quai des Chartrons, 35000 Rennes
ORD-20260602-00426;ORD-20260602-00426-3;2026-06-02 15:33:26;C003807;S0576;P000447;1;76,64;0,00;EUR;FR;CARD;DELIVERED;180 quai des Chartrons, 35000 Rennes
ORD-20260602-00426;ORD-20260602-00426-4;2026-06-02 15:33:26;C003807;S0337;P004999;1;36,78;3,68;EUR;FR;CARD; DELIVERED ;180 quai des Chartrons, 35000 Rennes
ORD-20260602-00427;ORD-20260602-00427-1;2026-06-02 16:40:26;C024199;S0283;P000171;1; 43,87;0,00;EUR;ES;CARD;CANCELLED;94 chemin des Vignes, 46001 Valence
ORD-20260602-00428;ORD-20260602-00428-1;2026-06-02 13:30:50;C007718;S0507;P004500;2;122,40;0,00;EUR;ES;CARD;DELIVERED;73 boulevard Saint-Michel, 28001 Madrid
ORD-20260602-00429;ORD-20260602-00429-1;2026-06-02 18:40:11;C016235;S0058;P001898;1;29,90;0,00;EUR;ES;CARD; DELIVERED ;67 quai des Chartrons, 08001 Barcelone
ORD-20260602-00429;ORD-20260602-00429-2;2026-06-02 18:40:11;C016235;S0458;P000905;1;170,26;0,00;EUR;ES;CARD;DELIVERED;67 quai des Chartrons, 08001 Barcelone
ORD-20260602-00429;ORD-20260602-00429-3;2026-06-02 18:40:11;C016235;S0224;P001209;3;60,05;27,02;EUR;ES;CARD;delivered;67 quai des Chartrons, 08001 Barcelone
ORD-20260602-00430;ORD-20260602-00430-1;2026-06-02 19:18:37;C004332;S0326;P003082;1;76,00;11,40;EUR;FR;CARD;CANCELLED;148 chemin des Vignes, 35000 Rennes
ORD-20260602-00430;ORD-20260602-00430-2;2026-06-02 19:18:37;C004332;S0217;P004945;2;24,35;0,00;EUR;FR;CARD;CANCELLED;148 chemin des Vignes, 35000 Rennes
ORD-20260602-00431;ORD-20260602-00431-1;2026-06-02 18:59:02;C018105;S0272;P004646;1;19,86;0,00;EUR;FR;PAYPAL;DELIVERED;117 place de l'Église, 33000 Bordeaux
ORD-20260602-00431;ORD-20260602-00431-2;2026-06-02 18:59:02;C018105;S0233;P004065;3;77,33;34,80;EUR;FR;PAYPAL;DELIVERED;117 place de l'Église, 33000 Bordeaux
ORD-20260602-00432;ORD-20260602-00432-1;2026-06-02 12:03:02;C017104;S0566;P007871;1;15,09;1,51;EUR;FR;CARD;delivered;55 avenue des Tilleuls, 75011 Paris
ORD-20260602-00432;ORD-20260602-00432-2;2026-06-02 12:03:02;C017104;S0187;P006580;1;45,59;0,00;EUR;FR;CARD; DELIVERED ;55 avenue des Tilleuls, 75011 Paris
ORD-20260602-00432;ORD-20260602-00432-3;2026-06-02 12:03:02;C017104;S0218;P003286;1;90,89;0,00;EUR;FR;CARD;DELIVERED;55 avenue des Tilleuls, 75011 Paris
ORD-20260602-00433;ORD-20260602-00433-1;2026-06-02 19:15:43;C001699;S0563;P004888;1;49,91;4,99;EUR;IT;PAYPAL;RETURNED;19 route de Bordeaux, 00184 Rome
ORD-20260602-00433;ORD-20260602-00433-2;2026-06-02 19:15:43;C001699;S0008;P005681;1;86,51;8,65;EUR;IT;PAYPAL; RETURNED ;19 route de Bordeaux, 00184 Rome
ORD-20260602-00433;ORD-20260602-00433-3;2026-06-02 19:15:43;C001699;S0579;P005919;4;42,95;25,77;EUR;IT;PAYPAL;RETURNED;19 route de Bordeaux, 00184 Rome
ORD-20260602-00434;ORD-20260602-00434-1;2026-06-02 14:40:23;C002143;S0584;P007349;1;77,64;3,88;EUR;BE;PAYPAL;DELIVERED;144 rue du Général Leclerc, 2000 Anvers
ORD-20260602-00434;ORD-20260602-00434-2;2026-06-02 14:40:23;C002143;S0470;P004430;1;52,14;7,82;EUR;BE;PAYPAL; DELIVERED ;144 rue du Général Leclerc, 2000 Anvers
ORD-20260602-00435;ORD-20260602-00435-1;2026-06-02 13:00:33;C018530;S0268;P002217;1;114,17;0,00;EUR;BE;CARD; PENDING ;99 route de Bordeaux, 4000 Liège
ORD-20260602-00435;ORD-20260602-00435-2;2026-06-02 13:00:33;C018530;S0189;P004610;2;51,24;10,25;EUR;BE;CARD;PENDING;99 route de Bordeaux, 4000 Liège
ORD-20260602-00435;ORD-20260602-00435-3;2026-06-02 13:00:33;C018530;S0231;P002853;1;12,70;1,90;EUR;BE;CARD;PENDING;99 route de Bordeaux, 4000 Liège
ORD-20260602-00436;ORD-20260602-00436-1;2026-06-02 08:00:24;C002927;S0480;P005080;2;61,14;0,00;EUR;DE;CARD;DELIVERED;19 rue Victor Hugo, 80331 Munich
ORD-20260602-00437;ORD-20260602-00437-1;2026-06-02 10:21:08;C016706;S0490;P000252;1;45,16;0,00;EUR;ES;PAYPAL;DELIVERED;173 chemin des Vignes, 08001 Barcelone
ORD-20260602-00437;ORD-20260602-00437-2;2026-06-02 10:21:08;C016706;S0352;P004066;1;25,57;2,56;EUR;ES;PAYPAL; DELIVERED ;173 chemin des Vignes, 08001 Barcelone
ORD-20260602-00437;ORD-20260602-00437-3;2026-06-02 10:21:08;C016706;S0425;P003779;2;87,71;17,54;EUR;ES;PAYPAL;delivered;173 chemin des Vignes, 08001 Barcelone
ORD-20260602-00438;ORD-20260602-00438-1;2026-06-02 12:40:04;C007016;S0287;P005473;1;61,66;0,00;EUR;ES;CARD;Shipped;25 allée des Peupliers, 46001 Valence
ORD-20260602-00438;ORD-20260602-00438-2;2026-06-02 12:40:04;C007016;S0053;P006912;1;99,82;9,98;EUR;ES;CARD;Shipped;25 allée des Peupliers, 46001 Valence
ORD-20260602-00439;ORD-20260602-00439-1;2026-06-02 15:55:37;C011246;S0173;P002882;2;50,37;0,00;EUR;ES;PAYPAL;DELIVERED;148 rue Victor Hugo, 28001 Madrid
ORD-20260602-00439;ORD-20260602-00439-2;2026-06-02 15:55:37;C011246;S0318;P001681;1;45,42;4,54;EUR;ES;PAYPAL;DELIVERED;148 rue Victor Hugo, 28001 Madrid
ORD-20260602-00440;ORD-20260602-00440-1;2026-06-02 14:42:22;C000856;S0224;P003435;2;25,28;5,06;EUR;DE;PAYPAL;delivered;121 place de l'Église, 10115 Berlin
ORD-20260602-00440;ORD-20260602-00440-2;2026-06-02 14:42:22;C000856;S0422;P007126;1;234,20;0,00;EUR;DE;PAYPAL;DELIVERED;121 place de l'Église, 10115 Berlin
ORD-20260602-00441;ORD-20260602-00441-1;2026-06-02 14:23:03;C010798;S0563;P002856;1;10,11;1,01;EUR;ES;APPLEPAY; DELIVERED ;91 allée des Peupliers, 28001 Madrid
ORD-20260602-00441;ORD-20260602-00441-2;2026-06-02 14:23:03;C010798;S0118;P003989;1;124,86;0,00;EUR;ES;APPLEPAY;delivered;91 allée des Peupliers, 28001 Madrid
ORD-20260602-00442;ORD-20260602-00442-1;2026-06-02 08:46:56;C004664;S0147;P004634;1;65,85;9,88;EUR;ES;CARD;pending;2 cours Gambetta, 08001 Barcelone
ORD-20260602-00442;ORD-20260602-00442-2;2026-06-02 08:46:56;C004664;S0404;P004157;1;9,36;0,00;EUR;ES;CARD;Pending;2 cours Gambetta, 08001 Barcelone
ORD-20260602-00442;ORD-20260602-00442-3;2026-06-02 08:46:56;C004664;S0390;P000263;1;75,35;11,30;EUR;ES;CARD;PENDING;2 cours Gambetta, 08001 Barcelone
ORD-20260602-00442;ORD-20260602-00442-4;2026-06-02 08:46:56;C004664;S0535;P006555;1;208,88;31,33;EUR;ES;CARD;PENDING;2 cours Gambetta, 08001 Barcelone
ORD-20260602-00443;ORD-20260602-00443-1;2026-06-02 15:21:10;C019354;S0322;P000635;1;7,00;0,35;EUR;FR;CARD;DELIVERED;85 route de Bordeaux, 59000 Lille
ORD-20260602-00443;ORD-20260602-00443-2;2026-06-02 15:21:10;C019354;S0464;P005785;2;140,18;14,02;EUR;FR;CARD;DELIVERED;85 route de Bordeaux, 59000 Lille
ORD-20260602-00443;ORD-20260602-00443-3;2026-06-02 15:21:10;C019354;S0542;P000243;1;85,32;0,00;EUR;FR;CARD;DELIVERED;85 route de Bordeaux, 59000 Lille
ORD-20260602-00443;ORD-20260602-00443-4;2026-06-02 15:21:10;C019354;S0440;P006564;2;100,35;30,10;EUR;FR;CARD;delivered;85 route de Bordeaux, 59000 Lille
ORD-20260602-00444;ORD-20260602-00444-1;2026-06-02 16:45:36;C015895;S0158;P000926;1;51,65;7,75;EUR;FR;CARD;SHIPPED;147 rue de la République, 13008 Marseille
ORD-20260602-00445;ORD-20260602-00445-1;2026-06-02 12:57:19;C014144;S0306;P007605;2;10,01;1,00;EUR;FR;CARD;returned;48 chemin des Vignes, 69003 Lyon
ORD-20260602-00446;ORD-20260602-00446-1;2026-06-02 21:03:31;C018050;S0165;P001697;1;7,01;0,00;EUR;DE;CARD;DELIVERED;33 chemin des Vignes, 20095 Hambourg
ORD-20260602-00446;ORD-20260602-00446-2;2026-06-02 21:03:31;C018050;S0110;P003539;1;41,30;0,00;EUR;DE;CARD;DELIVERED;33 chemin des Vignes, 20095 Hambourg
ORD-20260602-00446;ORD-20260602-00446-3;2026-06-02 21:03:31;C018050;S0168;P005331;1;175,07;0,00;EUR;DE;CARD;delivered;33 chemin des Vignes, 20095 Hambourg
ORD-20260602-00447;ORD-20260602-00447-1;2026-06-02 05:42:41;C001620;S0475;P006145;3;61,82;0,00;EUR;ES;CARD;CANCELLED;43 chemin des Vignes, 46001 Valence
ORD-20260602-00448;ORD-20260602-00448-1;2026-06-02 21:48:15;C020051;S0534;P007247;1;154,38;0,00;EUR;FR;CARD;DELIVERED;125 rue Victor Hugo, 13008 Marseille
ORD-20260602-00448;ORD-20260602-00448-2;2026-06-02 21:48:15;C020051;S0209;P001534;1;250,96;0,00;EUR;FR;CARD;DELIVERED;125 rue Victor Hugo, 13008 Marseille
ORD-20260602-00448;ORD-20260602-00448-3;2026-06-02 21:48:15;C020051;S0562;P004307;1;23,51;0,00;EUR;FR;CARD;Delivered;125 rue Victor Hugo, 13008 Marseille
ORD-20260602-00448;ORD-20260602-00448-4;2026-06-02 21:48:15;C020051;S0095;P000375;1;87,98;0,00;EUR;FR;CARD; DELIVERED ;125 rue Victor Hugo, 13008 Marseille
ORD-20260602-00448;ORD-20260602-00448-5;2026-06-02 21:48:15;C020051;S0166;P004752;1;49,08;2,45;EUR;FR;CARD;DELIVERED;125 rue Victor Hugo, 13008 Marseille
ORD-20260602-00449;ORD-20260602-00449-1;2026-06-02 13:22:49;C018969;S0119;P006369;1;73,69;3,68;EUR;FR;CARD; DELIVERED ;14 boulevard Saint-Michel, 33000 Bordeaux
ORD-20260602-00449;ORD-20260602-00449-2;2026-06-02 13:22:49;C018969;S0316;P003231;1;63,59;0,00;EUR;FR;CARD;DELIVERED;14 boulevard Saint-Michel, 33000 Bordeaux
ORD-20260602-00450;ORD-20260602-00450-1;2026-06-02 10:37:13;C022641;S0190;P002942;1;74,31;11,15;EUR;DE;CARD;PENDING;165 quai des Chartrons, 10115 Berlin
ORD-20260602-00451;ORD-20260602-00451-1;2026-06-02 15:45:20;C016414;S0029;P007878;1;133,61;0,00;EUR;BE;PAYPAL;DELIVERED;135 cours Gambetta, 1000 Bruxelles
ORD-20260602-00452;ORD-20260602-00452-1;2026-06-02 12:55:54;C015644;S0416;P006020;4;148,80;29,76;EUR;BE;CARD;DELIVERED;131 chemin des Vignes, 2000 Anvers
ORD-20260602-00453;ORD-20260602-00453-1;2026-06-02 19:49:22;C002625;S0031;P005243;1;54,70;0,00;EUR;DE;CARD;DELIVERED;46 allée des Peupliers, 80331 Munich
ORD-20260602-00454;ORD-20260602-00454-1;2026-06-02 20:38:01;C019048;S0278;P007596;1;19,11;0,00;EUR;ES;CARD;CANCELLED;89 cours Gambetta, 08001 Barcelone
ORD-20260602-00455;ORD-20260602-00455-1;2026-06-02 16:16:46;C010531;S0398;P006055;1;33,94;1,70;EUR;BE;CARD;DELIVERED;90 rue de la République, 4000 Liège
ORD-20260602-00455;ORD-20260602-00455-2;2026-06-02 16:16:46;C010531;S0413;P000377;1;65,43;3,27;EUR;BE;CARD;DELIVERED;90 rue de la République, 4000 Liège
ORD-20260602-00456;ORD-20260602-00456-1;2026-06-02 18:23:56;C024812;S0069;P006034;2;6,00;1,80;EUR;FR;APPLEPAY;DELIVERED;169 place de l'Église, 13008 Marseille
ORD-20260602-00457;ORD-20260602-00457-1;2026-06-02 08:10:06;C016421;S0596;P004451;1;61,45;6,15;EUR;FR;GIFTCARD;DELIVERED;61 avenue des Tilleuls, 31000 Toulouse
ORD-20260602-00458;ORD-20260602-00458-1;2026-06-02 14:57:46;C012928;S0010;P007409;4;221,20;132,72;EUR;IT;PAYPAL;SHIPPED;123 impasse du Moulin, 20121 Milan
ORD-20260602-00458;ORD-20260602-00458-2;2026-06-02 14:57:46;C012928;S0026;P007508;2;14,76;2,95;EUR;IT;PAYPAL;SHIPPED;123 impasse du Moulin, 20121 Milan
ORD-20260602-00458;ORD-20260602-00458-3;2026-06-02 14:57:46;C012928;S0307;P004887;1;11,38;0,00;EUR;IT;PAYPAL;SHIPPED;123 impasse du Moulin, 20121 Milan
ORD-20260602-00459;ORD-20260602-00459-1;2026-06-02 17:16:37;C008120;S0110;P001516;1;50,01;5,00;EUR;FR;GIFTCARD;delivered;102 place de l'Église, 35000 Rennes
ORD-20260602-00460;ORD-20260602-00460-1;2026-06-02 20:14:13;C020652;S0079;P004740;1;102,55;10,26;EUR;IT;CARD;DELIVERED;85 avenue des Tilleuls, 20121 Milan
ORD-20260602-00461;ORD-20260602-00461-1;2026-06-02 11:27:07;C012502;S0521;P003385;1;41,57;4,16;EUR;FR;CARD;CANCELLED;46 quai des Chartrons, 33000 Bordeaux
ORD-20260602-00461;ORD-20260602-00461-2;2026-06-02 11:27:07;C012502;S0058;P006315;2;168,56;33,71;EUR;FR;CARD;CANCELLED;46 quai des Chartrons, 33000 Bordeaux
ORD-20260602-00461;ORD-20260602-00461-3;2026-06-02 11:27:07;C012502;S0547;P003842;2;138,49;0,00;EUR;FR;CARD;CANCELLED;46 quai des Chartrons, 33000 Bordeaux
ORD-20260602-00462;ORD-20260602-00462-1;2026-06-02 16:50:28;C000727;S0544;P007257;1;22,58;0,00;EUR;FR;PAYPAL;DELIVERED;110 chemin des Vignes, 67000 Strasbourg
ORD-20260602-00462;ORD-20260602-00462-2;2026-06-02 16:50:28;C000727;S0459;P005302;1;68,39;0,00;EUR;FR;PAYPAL;DELIVERED;110 chemin des Vignes, 67000 Strasbourg
ORD-20260602-00462;ORD-20260602-00462-3;2026-06-02 16:50:28;C000727;S0455;P006718;1;218,13;0,00;EUR;FR;PAYPAL;DELIVERED;110 chemin des Vignes, 67000 Strasbourg
ORD-20260602-00462;ORD-20260602-00462-4;2026-06-02 16:50:28;C000727;S0325;P001294;1;115,53;0,00;EUR;FR;PAYPAL;DELIVERED;110 chemin des Vignes, 67000 Strasbourg
ORD-20260602-00463;ORD-20260602-00463-1;2026-06-02 16:18:23;C010089;S0507;P004028;2;34,02;6,80;EUR;FR;PAYPAL;SHIPPED;62 route de Bordeaux, 75011 Paris
ORD-20260602-00463;ORD-20260602-00463-2;2026-06-02 16:18:23;C010089;S0363;P002467;1;9,81;0,00;EUR;FR;PAYPAL;SHIPPED;62 route de Bordeaux, 75011 Paris
ORD-20260602-00464;ORD-20260602-00464-1;2026-06-02 10:36:08;C011301;S0097;P000862;1;131,80;0,00;EUR;FR;PAYPAL;delivered;174 route de Bordeaux, 59000 Lille
ORD-20260602-00464;ORD-20260602-00464-2;2026-06-02 10:36:08;C011301;S0239;P007214;1;46,96;0,00;EUR;FR;PAYPAL; DELIVERED ;174 route de Bordeaux, 59000 Lille
ORD-20260602-00465;ORD-20260602-00465-1;2026-06-02 18:43:18;C009523;S0534;P002721;2;13,90;0,00;EUR;IT;PAYPAL; SHIPPED ;173 cours Gambetta, 20121 Milan
ORD-20260602-00466;ORD-20260602-00466-1;2026-06-02 07:33:07;C021701;S0028;P007821;2;23,19;0,00;EUR;FR;CARD;DELIVERED;121 impasse du Moulin, 69003 Lyon
ORD-20260602-00466;ORD-20260602-00466-2;2026-06-02 07:33:07;C021701;S0557;P005264;2;67,63;13,53;EUR;FR;CARD;DELIVERED;121 impasse du Moulin, 69003 Lyon
ORD-20260602-00467;ORD-20260602-00467-1;2026-06-02 16:41:38;C014513;S0037;P003984;4;34,28;13,71;EUR;IT;TRANSFER;DELIVERED;139 rue du Général Leclerc, 20121 Milan
ORD-20260602-00468;ORD-20260602-00468-1;2026-06-02 16:17:14;C024459;S0456;P005690;1;72,78;0,00;EUR;FR;CARD;Delivered;116 rue Victor Hugo, 59000 Lille
ORD-20260602-00468;ORD-20260602-00468-2;2026-06-02 16:17:14;C024459;S0487;P007699;1;5,98;0,30;EUR;FR;CARD;Delivered;116 rue Victor Hugo, 59000 Lille
ORD-20260602-00468;ORD-20260602-00468-3;2026-06-02 16:17:14;C024459;S0187;P006580;1;46,41;4,64;EUR;FR;CARD;DELIVERED;116 rue Victor Hugo, 59000 Lille
ORD-20260602-00469;ORD-20260602-00469-1;2026-06-02 12:42:26;C001302;S0071;P001073;2;193,54;38,71;EUR;FR;CARD;DELIVERED;96 place de l'Église, 67000 Strasbourg
ORD-20260602-00469;ORD-20260602-00469-2;2026-06-02 12:42:26;C001302;S0143;P003291;3;90,57;40,76;EUR;FR;CARD;DELIVERED;96 place de l'Église, 67000 Strasbourg
ORD-20260602-00469;ORD-20260602-00469-3;2026-06-02 12:42:26;C001302;S0302;P001949;1;84,45;0,00;EUR;FR;CARD;DELIVERED;96 place de l'Église, 67000 Strasbourg
ORD-20260602-00469;ORD-20260602-00469-4;2026-06-02 12:42:26;C001302;S0067;P002788;1;176,52;26,48;EUR;FR;CARD;DELIVERED;96 place de l'Église, 67000 Strasbourg
ORD-20260602-00469;ORD-20260602-00469-5;2026-06-02 12:42:26;C001302;S0052;P007643;1;27,73;1,39;EUR;FR;CARD;DELIVERED;96 place de l'Église, 67000 Strasbourg
ORD-20260602-00470;ORD-20260602-00470-1;2026-06-02 16:13:09;C014866;S0527;P000902;1;148,84;0,00;EUR;BE;PAYPAL;DELIVERED;90 chemin des Vignes, 2000 Anvers
ORD-20260602-00470;ORD-20260602-00470-2;2026-06-02 16:13:09;C014866;S0320;P005273;1;56,47;0,00;EUR;BE;PAYPAL;delivered;90 chemin des Vignes, 2000 Anvers
ORD-20260602-00470;ORD-20260602-00470-3;2026-06-02 16:13:09;C014866;S0434;P003678;3;44,96;0,00;EUR;BE;PAYPAL;delivered;90 chemin des Vignes, 2000 Anvers
ORD-20260602-00471;ORD-20260602-00471-1;2026-06-02 14:43:02;C013325;S0418;P006954;1;61,85;9,28;EUR;NL;CARD; RETURNED ;142 allée des Peupliers, 1011 Amsterdam
ORD-20260602-00471;ORD-20260602-00471-2;2026-06-02 14:43:02;C013325;S0271;P005705;1;184,16;0,00;EUR;NL;CARD;RETURNED;142 allée des Peupliers, 1011 Amsterdam
ORD-20260602-00472;ORD-20260602-00472-1;2026-06-02 23:20:13;C014385;S0045;P002585;1;75,17;11,28;EUR;BE;CARD;DELIVERED;149 place de l'Église, 1000 Bruxelles
ORD-20260602-00472;ORD-20260602-00472-2;2026-06-02 23:20:13;C014385;S0110;P002513;1;68,23;0,00;EUR;BE;CARD; DELIVERED ;149 place de l'Église, 1000 Bruxelles
ORD-20260602-00473;ORD-20260602-00473-1;2026-06-02 17:52:34;C017201;S0053;P006912;1;120,65;12,07;EUR;FR;CARD;DELIVERED;118 quai des Chartrons, 31000 Toulouse
ORD-20260602-00473;ORD-20260602-00473-2;2026-06-02 17:52:34;C017201;S0477;P006816;1;56,67;8,50;EUR;FR;CARD;Delivered;118 quai des Chartrons, 31000 Toulouse
ORD-20260602-00474;ORD-20260602-00474-1;2026-06-02 17:21:13;C023598;S0025;P001160;1;62,28;0,00;EUR;DE;CARD; DELIVERED ;130 rue Victor Hugo, 80331 Munich
ORD-20260602-00475;ORD-20260602-00475-1;2026-06-02 09:52:15;C019647;S0008;P005544;1;7,26;0,00;EUR;IT;CARD;DELIVERED;59 boulevard Saint-Michel, 20121 Milan
ORD-20260602-00475;ORD-20260602-00475-2;2026-06-02 09:52:15;C019647;S0459;P004769;2;53,94;10,79;EUR;IT;CARD;delivered;59 boulevard Saint-Michel, 20121 Milan
ORD-20260602-00475;ORD-20260602-00475-3;2026-06-02 09:52:15;C019647;S0256;P006857;1;21,13;3,17;EUR;IT;CARD;DELIVERED;59 boulevard Saint-Michel, 20121 Milan
ORD-20260602-00476;ORD-20260602-00476-1;2026-06-02 18:05:05;C021549;S0434;P003155;1;78,12;3,91;EUR;IT;APPLEPAY;DELIVERED;27 quai des Chartrons, 20121 Milan
ORD-20260602-00476;ORD-20260602-00476-2;2026-06-02 18:05:05;C021549;S0021;P003572;2;67,44;13,49;EUR;IT;APPLEPAY;DELIVERED;27 quai des Chartrons, 20121 Milan
ORD-20260602-00476;ORD-20260602-00476-3;2026-06-02 18:05:05;C021549;S0278;P005598;1;89,06;4,45;EUR;IT;APPLEPAY;DELIVERED;27 quai des Chartrons, 20121 Milan
ORD-20260602-00476;ORD-20260602-00476-4;2026-06-02 18:05:05;C021549;S0150;P007265;1;33,86;0,00;EUR;IT;APPLEPAY;Delivered;27 quai des Chartrons, 20121 Milan
ORD-20260602-00477;ORD-20260602-00477-1;2026-06-02 18:15:35;C001009;S0129;P001630;2;109,32;0,00;EUR;FR;CARD;DELIVERED;38 impasse du Moulin, 35000 Rennes
ORD-20260602-00478;ORD-20260602-00478-1;2026-06-02 14:15:05;C020075;S0153;P003362;2;76,68;15,34;EUR;FR;CARD;CANCELLED;166 impasse du Moulin, 44000 Nantes
ORD-20260602-00478;ORD-20260602-00478-2;2026-06-02 14:15:05;C020075;S0301;P004993;4;158,43;0,00;EUR;FR;CARD;CANCELLED;166 impasse du Moulin, 44000 Nantes
ORD-20260602-00478;ORD-20260602-00478-3;2026-06-02 14:15:05;C020075;S0216;P001218;1;173,96;17,40;EUR;FR;CARD;CANCELLED;166 impasse du Moulin, 44000 Nantes
ORD-20260602-00479;ORD-20260602-00479-1;2026-06-02 15:19:08;C016734;S0189;P007849;1;13,83;0,00;EUR;FR;PAYPAL;Pending;42 avenue des Tilleuls, 44000 Nantes
ORD-20260602-00480;ORD-20260602-00480-1;2026-06-02 15:30:26;C005678;S0259;P003525;3;77,72;0,00;EUR;FR;TRANSFER;delivered;146 allée des Peupliers, 33000 Bordeaux
ORD-20260602-00480;ORD-20260602-00480-2;2026-06-02 15:30:26;C005678;S0536;P001914;1;64,80;0,00;EUR;FR;TRANSFER; DELIVERED ;146 allée des Peupliers, 33000 Bordeaux
ORD-20260602-00481;ORD-20260602-00481-1;2026-06-02 23:36:09;C006949;S0331;P003215;4;131,53;78,92;EUR;IT;CARD;DELIVERED;161 boulevard Saint-Michel, 00184 Rome
ORD-20260602-00481;ORD-20260602-00481-2;2026-06-02 23:36:09;C006949;S0195;P003620;1;81,15;0,00;EUR;IT;CARD;DELIVERED;161 boulevard Saint-Michel, 00184 Rome
ORD-20260602-00482;ORD-20260602-00482-1;2026-06-02 19:37:32;C012195;S0467;P002644;1;36,25;0,00;EUR;FR;CARD;DELIVERED;141 rue du Général Leclerc, 35000 Rennes
ORD-20260602-00482;ORD-20260602-00482-2;2026-06-02 19:37:32;C012195;S0278;P002797;1;27,70;0,00;EUR;FR;CARD;DELIVERED;141 rue du Général Leclerc, 35000 Rennes
ORD-20260602-00483;ORD-20260602-00483-1;2026-06-02 22:04:23;C003222;S0514;P000759;1;63,92;0,00;EUR;FR;CARD;SHIPPED;117 route de Bordeaux, 35000 Rennes
ORD-20260602-00484;ORD-20260602-00484-1;2026-06-02 20:08:45;C006955;S0234;P000004;1;55,94;0,00;EUR;FR;CARD;DELIVERED;60 quai des Chartrons, 44000 Nantes
ORD-20260602-00484;ORD-20260602-00484-2;2026-06-02 20:08:45;C006955;S0142;P004355;1;81,27;12,19;EUR;FR;CARD;DELIVERED;60 quai des Chartrons, 44000 Nantes
ORD-20260602-00485;ORD-20260602-00485-1;2026-06-02 12:22:04;C020167;S0446;P004904;1;37,60;5,64;EUR;IT;PAYPAL;DELIVERED;148 boulevard Saint-Michel, 00184 Rome
ORD-20260602-00486;ORD-20260602-00486-1;2026-06-02 15:30:08;C000058;S0096;P004384;1;89,37;0,00;EUR;NL;CARD;DELIVERED;123 avenue des Tilleuls, 1011 Amsterdam
ORD-20260602-00486;ORD-20260602-00486-2;2026-06-02 15:30:08;C000058;S0157;P002333;1;99,68;14,95;EUR;NL;CARD;Delivered;123 avenue des Tilleuls, 1011 Amsterdam
ORD-20260602-00487;ORD-20260602-00487-1;2026-06-02 23:06:13;C009862;S0412;P004127;1;23,15;0,00;EUR;IT;APPLEPAY;DELIVERED;109 avenue des Tilleuls, 20121 Milan
ORD-20260602-00488;ORD-20260602-00488-1;2026-06-02 14:21:15;C019682;S0202;P003086;1;133,95;0,00;EUR;IT;PAYPAL;CANCELLED;128 chemin des Vignes, 20121 Milan
ORD-20260602-00489;ORD-20260602-00489-1;2026-06-02 12:53:25;C009372;S0167;P003529;1;77,73;11,66;EUR;DE;TRANSFER;DELIVERED;18 rue Victor Hugo, 20095 Hambourg
ORD-20260602-00490;ORD-20260602-00490-1;2026-06-02 16:59:36;C021965;S0056;P002155;1;184,45;0,00;EUR;IT;APPLEPAY;PENDING;161 place de l'Église, 20121 Milan
ORD-20260602-00490;ORD-20260602-00490-2;2026-06-02 16:59:36;C021965;S0039;P006817;1;15,83;1,58;EUR;IT;APPLEPAY;PENDING;161 place de l'Église, 20121 Milan
ORD-20260602-00491;ORD-20260602-00491-1;2026-06-02 10:11:24;C004281;S0392;P001214;2;54,70;10,94;EUR;NL;CARD;delivered;125 rue Victor Hugo, 1011 Amsterdam
ORD-20260602-00491;ORD-20260602-00491-2;2026-06-02 10:11:24;C004281;S0414;P002955;2;96,63;0,00;EUR;NL;CARD;DELIVERED;125 rue Victor Hugo, 1011 Amsterdam
ORD-20260602-00492;ORD-20260602-00492-1;2026-06-02 19:39:21;C003666;S0315;P004463;2;54,37;5,44;EUR;FR;CARD;DELIVERED;148 chemin des Vignes, 44000 Nantes
ORD-20260602-00493;ORD-20260602-00493-1;2026-06-02 11:38:57;C000321;S0565;P005724;3;151,45;0,00;EUR;FR;APPLEPAY; DELIVERED ;144 rue Victor Hugo, 75011 Paris
ORD-20260602-00494;ORD-20260602-00494-1;2026-06-02 14:44:15;C015356;S0282;P004135;1;60,27;9,04;EUR;FR;CARD;Delivered;137 impasse du Moulin, 67000 Strasbourg
ORD-20260602-00494;ORD-20260602-00494-2;2026-06-02 14:44:15;C015356;S0592;P007234;4;272,69;0,00;EUR;FR;CARD; DELIVERED ;137 impasse du Moulin, 67000 Strasbourg
ORD-20260602-00494;ORD-20260602-00494-3;2026-06-02 14:44:15;C015356;S0573;P000879;1;75,69;0,00;EUR;FR;CARD;Delivered;137 impasse du Moulin, 67000 Strasbourg
ORD-20260602-00494;ORD-20260602-00494-4;2026-06-02 14:44:15;C015356;S0288;P003273;1;66,45;0,00;EUR;FR;CARD;delivered;137 impasse du Moulin, 67000 Strasbourg
ORD-20260602-00494;ORD-20260602-00494-4;2026-06-02 14:44:15;C015356;S0288;P003273;1;66,45;0,00;EUR;FR;CARD;delivered;137 impasse du Moulin, 67000 Strasbourg
ORD-20260602-00494;ORD-20260602-00494-5;2026-06-02 14:44:15;C015356;S0441;P000130;1;81,82;12,27;EUR;FR;CARD;DELIVERED;137 impasse du Moulin, 67000 Strasbourg
ORD-20260602-00495;ORD-20260602-00495-1;2026-06-02 16:44:21;C000176;S0258;P000578;1;86,08;12,91;EUR;FR;CARD;DELIVERED;129 rue de la République, 13008 Marseille
ORD-20260602-00495;ORD-20260602-00495-2;2026-06-02 16:44:21;C000176;S0311;P007326;1;100,68;5,03;EUR;FR;CARD;DELIVERED;129 rue de la République, 13008 Marseille
ORD-20260602-00496;ORD-20260602-00496-1;2026-06-02 12:35:43;C018132;S0214;P004332;1;38,50;0,00;EUR;DE;GIFTCARD;DELIVERED;144 boulevard Saint-Michel, 80331 Munich
ORD-20260602-00496;ORD-20260602-00496-2;2026-06-02 12:35:43;C018132;S0434;P007960;1;264,22;26,42;EUR;DE;GIFTCARD;DELIVERED;144 boulevard Saint-Michel; Batiment C; 80331 Munich
ORD-20260602-00496;ORD-20260602-00496-3;2026-06-02 12:35:43;C018132;S0185;P002030;1;52,66;0,00;EUR;DE;GIFTCARD;DELIVERED;144 boulevard Saint-Michel, 80331 Munich
ORD-20260602-00497;ORD-20260602-00497-1;2026-06-02 13:16:30;C004832;S0485;P007913;3;11,79;1,77;EUR;NL;CARD;DELIVERED;80 cours Gambetta, 1011 Amsterdam
ORD-20260602-00497;ORD-20260602-00497-2;2026-06-02 13:16:30;C004832;S0268;P006878;1;23,48;0,00;EUR;NL;CARD;DELIVERED;80 cours Gambetta, 1011 Amsterdam
ORD-20260602-00497;ORD-20260602-00497-3;2026-06-02 13:16:30;C004832;S0555;P004930;1;56,89;0,00;EUR;NL;CARD;DELIVERED;80 cours Gambetta, 1011 Amsterdam
ORD-20260602-00497;ORD-20260602-00497-4;2026-06-02 13:16:30;C004832;S0435;P004113;1;47,13;4,71;EUR;NL;CARD;DELIVERED;80 cours Gambetta, 1011 Amsterdam
ORD-20260602-00497;ORD-20260602-00497-5;2026-06-02 13:16:30;C004832;S0492;P005073;1;161,69;0,00;EUR;NL;CARD; DELIVERED ;80 cours Gambetta, 1011 Amsterdam
ORD-20260602-00498;ORD-20260602-00498-1;2026-06-02 10:27:06;C012597;S0009;P001235;2;66,64;13,33;EUR;BE;CARD;DELIVERED;1 cours Gambetta, 2000 Anvers
ORD-20260602-00499;ORD-20260602-00499-1;2026-06-02 20:30:30;C009110;S0183;P002227;1;56,61;0,00;EUR;ES;PAYPAL;DELIVERED;37 chemin des Vignes, 08001 Barcelone
ORD-20260602-00499;ORD-20260602-00499-2;2026-06-02 20:30:30;C009110;S0114;P004272;1;107,68;0,00;EUR;ES;PAYPAL;DELIVERED;37 chemin des Vignes, 08001 Barcelone
ORD-20260602-00500;ORD-20260602-00500-1;2026-06-02 16:10:24;C020268;S0023;P000772;2;26,87;0,00;EUR;DE;CARD;SHIPPED;164 quai des Chartrons, 20095 Hambourg
ORD-20260602-00501;ORD-20260602-00501-1;2026-06-02 13:45:26;C000096;S0417;P003447;1;9,15;0,00;EUR;FR;CARD;delivered;107 place de l'Église, 35000 Rennes
ORD-20260602-00501;ORD-20260602-00501-2;2026-06-02 13:45:26;C000096;S0224;P001590;1;47,58;2,38;EUR;FR;CARD; DELIVERED ;107 place de l'Église, 35000 Rennes
ORD-20260602-00502;ORD-20260602-00502-1;2026-06-02 17:05:45;C013694;S0549;P007883;1;101,29;0,00;EUR;FR;CARD;DELIVERED;126 impasse du Moulin, 69003 Lyon
ORD-20260602-00502;ORD-20260602-00502-2;2026-06-02 17:05:45;C013694;S0575;P001955;3;39,56;0,00;EUR;FR;CARD;DELIVERED;126 impasse du Moulin, 69003 Lyon
ORD-20260602-00502;ORD-20260602-00502-3;2026-06-02 17:05:45;C013694;S0595;P001357;1;30,21;0,00;EUR;FR;CARD;DELIVERED;126 impasse du Moulin, 69003 Lyon
ORD-20260602-00503;ORD-20260602-00503-1;2026-06-02 17:28:42;C013493;S0260;P004511;2;10,97;1,10;EUR;IT;CARD;DELIVERED;160 rue Victor Hugo, 00184 Rome
ORD-20260602-00504;ORD-20260602-00504-1;2026-06-02 13:36:38;C001952;S0120;P003751;3;69,78;10,47;EUR;FR;CARD;Delivered;97 boulevard Saint-Michel, 31000 Toulouse
ORD-20260602-00504;ORD-20260602-00504-2;2026-06-02 13:36:38;C001952;S0318;P001681;1;50,46;2,52;EUR;FR;CARD; DELIVERED ;97 boulevard Saint-Michel, 31000 Toulouse
ORD-20260602-00504;ORD-20260602-00504-3;2026-06-02 13:36:38;C001952;S0425;P005500;1;34,14;0,00;EUR;FR;CARD;DELIVERED;97 boulevard Saint-Michel, 31000 Toulouse
ORD-20260602-00505;ORD-20260602-00505-1;2026-06-02 13:24:17;C011220;S0281;P006074;1;28,10;2,81;EUR;FR;APPLEPAY;DELIVERED;97 cours Gambetta, 69003 Lyon
ORD-20260602-00505;ORD-20260602-00505-2;2026-06-02 13:24:17;C011220;S0008;P005544;1;7,63;0,00;EUR;FR;APPLEPAY; DELIVERED ;97 cours Gambetta, 69003 Lyon
ORD-20260602-00505;ORD-20260602-00505-3;2026-06-02 13:24:17;C011220;S0161;P004411;1;173,96;0,00;EUR;FR;APPLEPAY;DELIVERED;97 cours Gambetta, 69003 Lyon
ORD-20260602-00506;ORD-20260602-00506-1;2026-06-02 11:13:32;C024501;S0086;P006148;2;41,80;4,18;EUR;IT;APPLEPAY;delivered;85 boulevard Saint-Michel, 00184 Rome
ORD-20260602-00507;ORD-20260602-00507-1;2026-06-02 13:59:11;C000169;S0134;P003090;1;61,75;0,00;EUR;DE;CARD; PENDING ;115 rue de la République, 20095 Hambourg
ORD-20260602-00508;ORD-20260602-00508-1;2026-06-02 18:58:54;C016777;S0306;P003245;1;29,00;0,00;EUR;IT;PAYPAL; DELIVERED ;148 rue du Général Leclerc, 00184 Rome
ORD-20260602-00508;ORD-20260602-00508-2;2026-06-02 18:58:54;C016777;S0038;P002250;1;26,61;3,99;EUR;IT;PAYPAL;DELIVERED;148 rue du Général Leclerc, 00184 Rome
ORD-20260602-00509;ORD-20260602-00509-1;2026-06-02 16:12:47;C001624;S0119;P006369;1;69,67;3,48;EUR;IT;CARD;RETURNED;172 quai des Chartrons, 20121 Milan
ORD-20260602-00510;ORD-20260602-00510-1;2026-06-02 20:23:49;C004806;S0024;P006252;2;58,84;0,00;EUR;ES;GIFTCARD;DELIVERED;34 place de l'Église, 28001 Madrid
ORD-20260602-00511;ORD-20260602-00511-1;2026-06-02 17:45:03;C024977;S0020;P994407;3;8,50;0,00;EUR;BE;PAYPAL;Delivered;75 cours Gambetta, 1000 Bruxelles
ORD-20260602-00511;ORD-20260602-00511-2;2026-06-02 17:45:03;C024977;S0394;P004350;1;55,11;8,27;EUR;BE;PAYPAL;DELIVERED;75 cours Gambetta, 1000 Bruxelles
ORD-20260602-00512;ORD-20260602-00512-1;2026-06-02 20:00:53;C014631;S0530;P005025;1;176,43;0,00;EUR;ES;CARD;DELIVERED;38 boulevard Saint-Michel, 28001 Madrid
ORD-20260602-00513;ORD-20260602-00513-1;2026-06-02 23:40:52;C012751;S0167;P002638;2;7,79;0,00;EUR;FR;GIFTCARD;DELIVERED;48 route de Bordeaux, 35000 Rennes
ORD-20260602-00514;ORD-20260602-00514-1;2026-06-02 00:39:15;C022636;S0338;P006140;2;48,49;0,00;EUR;IT;CARD;DELIVERED;117 impasse du Moulin, 20121 Milan
ORD-20260602-00515;ORD-20260602-00515-1;2026-06-02 13:40:30;C001606;S0277;P007463;1;152,61;0,00;EUR;FR;CARD;DELIVERED;54 impasse du Moulin, 35000 Rennes
ORD-20260602-00515;ORD-20260602-00515-2;2026-06-02 13:40:30;C001606;S0020;P005538;1;23,92;3,59;EUR;FR;CARD;DELIVERED;54 impasse du Moulin, 35000 Rennes
ORD-20260602-00516;ORD-20260602-00516-1;2026-06-02 20:21:11;C005765;S0507;P002604;1;27,54;1,38;EUR;FR;CARD;delivered;71 rue Victor Hugo, 44000 Nantes
ORD-20260602-00516;ORD-20260602-00516-2;2026-06-02 20:21:11;C005765;S0418;P000533;1;117,19;11,72;EUR;FR;CARD;DELIVERED;71 rue Victor Hugo, 44000 Nantes
ORD-20260602-00517;ORD-20260602-00517-1;2026-06-02 16:37:58;C023791;S0437;P002415;2;49,92;0,00;EUR;FR;CARD;PENDING;98 place de l'Église, 69003 Lyon
ORD-20260602-00517;ORD-20260602-00517-2;2026-06-02 16:37:58;C023791;S0363;P004789;1;31,13;0,00;EUR;FR;CARD;PENDING;98 place de l'Église, 69003 Lyon
ORD-20260602-00518;ORD-20260602-00518-1;2026-06-02 08:26:29;C019190;S0523;P006318;1;76,64;0,00;EUR;IT;CARD;Delivered;126 route de Bordeaux, 00184 Rome
ORD-20260602-00519;ORD-20260602-00519-1;2026-06-02 10:42:51;C004978;S0464;P002394;1;119,12;0,00;EUR;FR;PAYPAL;DELIVERED;177 cours Gambetta, 75011 Paris
ORD-20260602-00520;ORD-20260602-00520-1;2026-06-02 15:35:00;C021929;S0230;P003956;1;42,83;0,00;EUR;FR;CARD;DELIVERED;66 boulevard Saint-Michel, 31000 Toulouse
ORD-20260602-00521;ORD-20260602-00521-1;2026-06-02 08:20:08;C000030;S0519;P000169;1;56,95;2,85;EUR;ES;CARD;CANCELLED;71 route de Bordeaux, 46001 Valence
ORD-20260602-00521;ORD-20260602-00521-2;2026-06-02 08:20:08;C000030;S0231;P004484;1;73,81;0,00;EUR;ES;CARD;CANCELLED;71 route de Bordeaux, 46001 Valence
ORD-20260602-00522;ORD-20260602-00522-1;2026-06-02 16:51:38;C024487;S0419;P006832;1;95,12;4,76;EUR;FR;CARD;CANCELLED;174 impasse du Moulin, 67000 Strasbourg
ORD-20260602-00523;ORD-20260602-00523-1;2026-06-02 11:12:43;C013312;S0342;P000432;3;66,90;0,00;EUR;FR;CARD;DELIVERED;56 boulevard Saint-Michel, 31000 Toulouse
ORD-20260602-00523;ORD-20260602-00523-2;2026-06-02 11:12:43;C013312;S0161;P007670;2;26,31;5,26;EUR;FR;CARD;DELIVERED;56 boulevard Saint-Michel, 31000 Toulouse
ORD-20260602-00524;ORD-20260602-00524-1;2026-06-02 18:49:10;C012921;S0395;P004552;3;104,54;0,00;EUR;ES;CARD;DELIVERED;144 chemin des Vignes, 28001 Madrid
ORD-20260602-00524;ORD-20260602-00524-2;2026-06-02 18:49:10;C012921;S0462;P004950;3;23,38;0,00;EUR;ES;CARD;DELIVERED;144 chemin des Vignes, 28001 Madrid
ORD-20260602-00525;ORD-20260602-00525-1;2026-06-02 15:25:07;C011802;S0273;P006815;2;14,01;0,00;EUR;FR;PAYPAL;DELIVERED;84 quai des Chartrons, 44000 Nantes
ORD-20260602-00525;ORD-20260602-00525-2;2026-06-02 15:25:07;C011802;S0540;P001275;1;57,12;0,00;EUR;FR;PAYPAL; DELIVERED ;84 quai des Chartrons, 44000 Nantes
ORD-20260602-00525;ORD-20260602-00525-3;2026-06-02 15:25:07;C011802;S0167;P002638;1;9,17;0,00;EUR;FR;PAYPAL;DELIVERED;84 quai des Chartrons, 44000 Nantes
ORD-20260602-00526;ORD-20260602-00526-1;2026-06-02 15:58:12;C021812;S0434;P006424;3;36,64;5,50;EUR;FR;CARD;DELIVERED;169 cours Gambetta, 35000 Rennes
ORD-20260602-00527;ORD-20260602-00527-1;2026-06-02 04:55:59;C021377;S0380;P001558;2;12,35;0,00;EUR;FR;CARD;DELIVERED;105 allée des Peupliers, 35000 Rennes
ORD-20260602-00527;ORD-20260602-00527-2;2026-06-02 04:55:59;C021377;S0132;P003029;2;16,71;0,00;EUR;FR;CARD;DELIVERED;105 allée des Peupliers, 35000 Rennes
ORD-20260602-00527;ORD-20260602-00527-3;2026-06-02 04:55:59;C021377;S0517;P005386;1;94,81;14,22;EUR;FR;CARD;DELIVERED;105 allée des Peupliers, 35000 Rennes
ORD-20260602-00528;ORD-20260602-00528-1;2026-06-02 11:01:22;C005774;S0062;P001953;1;129,13;19,37;EUR;BE;CARD;DELIVERED;123 chemin des Vignes, 1000 Bruxelles
ORD-20260602-00528;ORD-20260602-00528-2;2026-06-02 11:01:22;C005774;S0588;P004491;1;140,31;0,00;EUR;BE;CARD;DELIVERED;123 chemin des Vignes, 1000 Bruxelles
ORD-20260602-00529;ORD-20260602-00529-1;2026-06-02 09:37:00;C018644;S0473;P003689;1;11,01;0,00;EUR;ES;TRANSFER;DELIVERED;106 quai des Chartrons, 28001 Madrid
ORD-20260602-00530;ORD-20260602-00530-1;2026-06-02 17:16:25;C023188;S0525;P001546;1;63,78;9,57;EUR;IT;PAYPAL;CANCELLED;110 allée des Peupliers, 00184 Rome
ORD-20260602-00531;ORD-20260602-00531-1;2026-06-02 18:24:38;C015525;S0233;P006505;2;49,04;0,00;EUR;FR;CARD;DELIVERED;124 avenue des Tilleuls, 44000 Nantes
ORD-20260602-00532;ORD-20260602-00532-1;2026-06-02 13:23:29;C020763;S0315;P003690;2;34,35;6,87;EUR;DE;GIFTCARD;DELIVERED;18 impasse du Moulin, 10115 Berlin
ORD-20260602-00532;ORD-20260602-00532-2;2026-06-02 13:23:29;C020763;S0300;P004383;1;63,34;0,00;EUR;DE;GIFTCARD; DELIVERED ;18 impasse du Moulin, 10115 Berlin
ORD-20260602-00532;ORD-20260602-00532-3;2026-06-02 13:23:29;C020763;S0085;P003924;2;11,27;0,00;EUR;DE;GIFTCARD;DELIVERED;18 impasse du Moulin, 10115 Berlin
ORD-20260602-00533;ORD-20260602-00533-1;2026-06-02 16:27:26;C009434;S0098;P000340;1;197,91;19,79;EUR;ES;CARD;CANCELLED;12 chemin des Vignes, 28001 Madrid
ORD-20260602-00533;ORD-20260602-00533-2;2026-06-02 16:27:26;C009434;S0030;P001963;1;250,53;0,00;EUR;ES;CARD;cancelled;12 chemin des Vignes, 28001 Madrid
ORD-20260602-00534;ORD-20260602-00534-1;2026-06-02 15:05:42;C009781;S0446;P005337;1;36,15;1,81;EUR;ES;PAYPAL;DELIVERED;110 place de l'Église, 28001 Madrid
ORD-20260602-00534;ORD-20260602-00534-2;2026-06-02 15:05:42;C009781;S0299;P002017;3;48,38;21,77;EUR;ES;PAYPAL;DELIVERED;110 place de l'Église, 28001 Madrid
ORD-20260602-00534;ORD-20260602-00534-3;2026-06-02 15:05:42;C009781;S0024;P007053;1;277,13;41,57;EUR;ES;PAYPAL;DELIVERED;110 place de l'Église, 28001 Madrid
ORD-20260602-00534;ORD-20260602-00534-4;2026-06-02 15:05:42;C009781;S0581;P003965;2;16,86;0,00;EUR;ES;PAYPAL; DELIVERED ;110 place de l'Église, 28001 Madrid
ORD-20260602-00535;ORD-20260602-00535-1;2026-06-02 13:08:05;C018424;S0487;P007345;3;47,66;14,30;EUR;NL;GIFTCARD;DELIVERED;103 route de Bordeaux, 1011 Amsterdam
ORD-20260602-00535;ORD-20260602-00535-2;2026-06-02 13:08:05;C018424;S0320;P001395;1;43,25;0,00;EUR;NL;GIFTCARD;DELIVERED;103 route de Bordeaux, 1011 Amsterdam
ORD-20260602-00535;ORD-20260602-00535-3;2026-06-02 13:08:05;C018424;S0189;P003225;3;4,29;0,00;EUR;NL;GIFTCARD;DELIVERED;103 route de Bordeaux, 1011 Amsterdam
ORD-20260602-00535;ORD-20260602-00535-4;2026-06-02 13:08:05;C018424;S0586;P007128;1;59,28;8,89;EUR;NL;GIFTCARD;DELIVERED;103 route de Bordeaux, 1011 Amsterdam
ORD-20260602-00536;ORD-20260602-00536-1;2026-06-02 16:21:21;C022388;S0346;P007328;1;82,04;4,10;EUR;DE;APPLEPAY;DELIVERED;19 rue du Général Leclerc, 20095 Hambourg
ORD-20260602-00536;ORD-20260602-00536-2;2026-06-02 16:21:21;C022388;S0119;P001481;1;207,94;10,40;EUR;DE;APPLEPAY;DELIVERED;19 rue du Général Leclerc, 20095 Hambourg
ORD-20260602-00537;ORD-20260602-00537-1;2026-06-02 05:20:21;C012167;S0268;P001670;2;64,51;6,45;EUR;IT;CARD;DELIVERED;37 quai des Chartrons, 00184 Rome
ORD-20260602-00538;ORD-20260602-00538-1;2026-06-02 22:08:05;C007226;S0217;P003050;2;35,47;7,09;EUR;NL;CARD;DELIVERED;40 avenue des Tilleuls, 1011 Amsterdam
ORD-20260602-00539;ORD-20260602-00539-1;2026-06-02 10:31:52;C000493;S0280;P003806;1;63,61;0,00;EUR;ES;CARD;DELIVERED;45 rue Victor Hugo, 46001 Valence
ORD-20260602-00540;ORD-20260602-00540-1;2026-06-02 15:41:32;C019940;S0095;P000121;1;241,09;0,00;EUR;FR;TRANSFER;RETURNED;53 rue Victor Hugo, 31000 Toulouse
ORD-20260602-00540;ORD-20260602-00540-2;2026-06-02 15:41:32;C019940;S0200;P001548;1;147,00;0,00;EUR;FR;TRANSFER;RETURNED;53 rue Victor Hugo, 31000 Toulouse
ORD-20260602-00540;ORD-20260602-00540-3;2026-06-02 15:41:32;C993477;S0331;P007009;1;90,99;9,10;EUR;FR;TRANSFER;RETURNED;53 rue Victor Hugo, 31000 Toulouse
ORD-20260602-00541;ORD-20260602-00541-1;2026-06-02 07:16:30;C006589;S0025;P001160;1;67,18;10,08;EUR;IT;CARD;RETURNED;31 impasse du Moulin, 00184 Rome
ORD-20260602-00542;ORD-20260602-00542-1;2026-06-02 19:47:26;C010640;S0318;P004000;1;82,16;0,00;EUR;NL;CARD;DELIVERED;151 cours Gambetta, 1011 Amsterdam
ORD-20260602-00542;ORD-20260602-00542-2;2026-06-02 19:47:26;C010640;S0132;P000292;1;102,06;10,21;EUR;NL;CARD;DELIVERED;151 cours Gambetta, 1011 Amsterdam
ORD-20260602-00543;ORD-20260602-00543-1;2026-06-02 19:51:07;C012550;S0264;P004607;4;19,97;11,98;EUR;ES;CARD;DELIVERED;92 chemin des Vignes, 28001 Madrid
ORD-20260602-00543;ORD-20260602-00543-2;2026-06-02 19:51:07;C012550;S0149;P000988;1;53,30;0,00;EUR;ES;CARD;DELIVERED;92 chemin des Vignes, 28001 Madrid
ORD-20260602-00544;ORD-20260602-00544-1;2026-06-02 12:04:12;C003451;S0036;P007401;2;88,22;26,47;EUR;FR;CARD;DELIVERED;122 avenue des Tilleuls, 59000 Lille
ORD-20260602-00544;ORD-20260602-00544-2;2026-06-02 12:04:12;C003451;S0237;P001566;1;76,99;0,00;EUR;FR;CARD;DELIVERED;122 avenue des Tilleuls, 59000 Lille
ORD-20260602-00544;ORD-20260602-00544-3;2026-06-02 12:04:12;C003451;S0251;P004879;1;62,80;6,28;EUR;FR;CARD;DELIVERED;122 avenue des Tilleuls, 59000 Lille
ORD-20260602-00545;ORD-20260602-00545-1;2026-06-02 17:45:33;C007623;S0542;P000794;2;66,32;19,90;EUR;FR;CARD;DELIVERED;35 chemin des Vignes, 44000 Nantes
ORD-20260602-00545;ORD-20260602-00545-2;2026-06-02 17:45:33;C007623;S0025;P003405;1;26,72;0,00;EUR;FR;CARD;DELIVERED;35 chemin des Vignes, 44000 Nantes
ORD-20260602-00545;ORD-20260602-00545-3;2026-06-02 17:45:33;C007623;S0024;P007053;1;255,63;25,56;EUR;FR;CARD;DELIVERED;35 chemin des Vignes, 44000 Nantes
ORD-20260602-00545;ORD-20260602-00545-4;2026-06-02 17:45:33;C007623;S0116;P003897;1;201,16;0,00;EUR;FR;CARD;delivered;35 chemin des Vignes, 44000 Nantes
ORD-20260602-00546;ORD-20260602-00546-1;2026-06-02 12:52:54;C019172;S0207;P000842;2;14,80;0,00;EUR;IT;TRANSFER;delivered;50 rue Victor Hugo, 00184 Rome
ORD-20260602-00546;ORD-20260602-00546-2;2026-06-02 12:52:54;C019172;S0101;P005797;1;14,38;1,44;EUR;IT;TRANSFER;delivered;50 rue Victor Hugo, 00184 Rome
ORD-20260602-00546;ORD-20260602-00546-3;2026-06-02 12:52:54;C019172;S0388;P000307;2;172,27;17,23;EUR;IT;TRANSFER;DELIVERED;50 rue Victor Hugo, 00184 Rome
ORD-20260602-00547;ORD-20260602-00547-1;2026-06-02 14:01:03;C017882;S0450;P004403;1;219,51;0,00;EUR;FR;CARD; DELIVERED ;172 avenue des Tilleuls, 59000 Lille
ORD-20260602-00547;ORD-20260602-00547-2;2026-06-02 14:01:03;C017882;S0338;P004454;1;53,83;8,07;EUR;FR;CARD;DELIVERED;172 avenue des Tilleuls, 59000 Lille
ORD-20260602-00547;ORD-20260602-00547-3;2026-06-02 14:01:03;C017882;S0248;P002582;2;148,62;29,72;EUR;FR;CARD;DELIVERED;172 avenue des Tilleuls, 59000 Lille
ORD-20260602-00547;ORD-20260602-00547-4;2026-06-02 14:01:03;C991416;S0430;P005455;1;191,32;0,00;EUR;FR;CARD;Delivered;172 avenue des Tilleuls, 59000 Lille
ORD-20260602-00547;ORD-20260602-00547-5;2026-06-02 14:01:03;C017882;S0381;P002664;2;46,98;14,09;EUR;FR;CARD;Delivered;172 avenue des Tilleuls, 59000 Lille
ORD-20260602-00548;ORD-20260602-00548-1;2026-06-02 12:57:34;C012741;S0186;P006382;1;46,89;4,69;EUR;FR;CARD;SHIPPED;46 cours Gambetta, 67000 Strasbourg
ORD-20260602-00549;ORD-20260602-00549-1;2026-06-02 08:38:35;C010839;S0120;P004791;2;38,84;7,77;EUR;BE;CARD;delivered;164 cours Gambetta, 1000 Bruxelles
ORD-20260602-00549;ORD-20260602-00549-2;2026-06-02 08:38:35;C010839;S0112;P004750;2;22,01;4,40;EUR;BE;CARD;Delivered;164 cours Gambetta, 1000 Bruxelles
ORD-20260602-00549;ORD-20260602-00549-3;2026-06-02 08:38:35;C010839;S0027;P000144;2;88,40;17,68;EUR;BE;CARD;DELIVERED;164 cours Gambetta, 1000 Bruxelles
ORD-20260602-00550;ORD-20260602-00550-1;2026-06-02 17:47:06;C000214;S0569;P004597;2;76,03;0,00;EUR;DE;CARD;RETURNED;107 impasse du Moulin, 20095 Hambourg
ORD-20260602-00551;ORD-20260602-00551-1;2026-06-02 16:39:35;C003661;S0504;P003684;1;70,03;7,00;EUR;ES;CARD;DELIVERED;130 allée des Peupliers, 28001 Madrid
ORD-20260602-00551;ORD-20260602-00551-2;2026-06-02 16:39:35;C003661;S0471;P006872;1;41,62;4,16;EUR;ES;CARD;Delivered;130 allée des Peupliers, 28001 Madrid
ORD-20260602-00551;ORD-20260602-00551-3;2026-06-02 16:39:35;C003661;S0548;P000752;1;138,97;0,00;EUR;ES;CARD;DELIVERED;130 allée des Peupliers, 28001 Madrid
ORD-20260602-00551;ORD-20260602-00551-4;2026-06-02 16:39:35;C003661;S0274;P002043;2;104,60;0,00;EUR;ES;CARD;DELIVERED;130 allée des Peupliers, 28001 Madrid
ORD-20260602-00551;ORD-20260602-00551-5;2026-06-02 16:39:35;C003661;S0551;P003605;3;84,02;25,21;EUR;ES;CARD;DELIVERED;130 allée des Peupliers, 28001 Madrid
ORD-20260602-00552;ORD-20260602-00552-1;2026-06-02 08:04:09;C006340;S0178;P005092;1;42,82;4,28;EUR;ES;CARD;DELIVERED;18 rue de la République, 28001 Madrid
ORD-20260602-00553;ORD-20260602-00553-1;2026-06-02 14:16:34;C024160;S0249;P004571;1;76,23;11,43;EUR;FR;CARD;DELIVERED;64 boulevard Saint-Michel, 35000 Rennes
ORD-20260602-00553;ORD-20260602-00553-2;2026-06-02 14:16:34;C024160;S0298;P004123;1;267,00;26,70;EUR;FR;CARD;DELIVERED;64 boulevard Saint-Michel, 35000 Rennes
ORD-20260602-00554;ORD-20260602-00554-1;2026-06-02 15:09:00;C007550;S0482;P001676;1;46,80;4,68;EUR;FR;CARD;DELIVERED;56 cours Gambetta, 69003 Lyon
ORD-20260602-00555;ORD-20260602-00555-1;2026-06-02 11:40:01;C019101;S0360;P005624;1;125,80;0,00;EUR;BE;PAYPAL;CANCELLED;180 cours Gambetta, 1000 Bruxelles
ORD-20260602-00555;ORD-20260602-00555-2;2026-06-02 11:40:01;C019101;S0492;P000132;1;89,86;0,00;EUR;BE;PAYPAL;CANCELLED;180 cours Gambetta, 1000 Bruxelles
ORD-20260602-00556;ORD-20260602-00556-1;2026-06-02 16:39:48;C005035;S0330;P005978;1;142,85;0,00;EUR;IT;CARD;SHIPPED;30 route de Bordeaux, 00184 Rome
ORD-20260602-00556;ORD-20260602-00556-2;2026-06-02 16:39:48;C005035;S0077;P001655;2;20,66;0,00;EUR;IT;CARD;SHIPPED;30 route de Bordeaux, 00184 Rome
ORD-20260602-00556;ORD-20260602-00556-3;2026-06-02 16:39:48;C005035;S0492;P003866;2;65,55;0,00;EUR;IT;CARD;SHIPPED;30 route de Bordeaux, 00184 Rome
ORD-20260602-00556;ORD-20260602-00556-4;2026-06-02 16:39:48;C005035;S0222;P003110;2;54,36;0,00;EUR;IT;CARD;shipped;30 route de Bordeaux, 00184 Rome
ORD-20260602-00557;ORD-20260602-00557-1;2026-06-02 15:49:45;C017946;S0230;P001469;1;96,28;14,44;EUR;ES;APPLEPAY;DELIVERED;68 rue du Général Leclerc, 08001 Barcelone
ORD-20260602-00557;ORD-20260602-00557-2;2026-06-02 15:49:45;C017946;S0110;P002729;1;57,71;8,66;EUR;ES;APPLEPAY; DELIVERED ;68 rue du Général Leclerc, 08001 Barcelone
ORD-20260602-00557;ORD-20260602-00557-3;2026-06-02 15:49:45;C017946;S0497;P005831;1;94,02;0,00;EUR;ES;APPLEPAY;DELIVERED;68 rue du Général Leclerc, 08001 Barcelone
ORD-20260602-00558;ORD-20260602-00558-1;2026-06-02 09:15:49;C016262;S0349;P005576;1;144,60;14,46;EUR;FR;CARD;DELIVERED;156 route de Bordeaux, 67000 Strasbourg
ORD-20260602-00558;ORD-20260602-00558-2;2026-06-02 09:15:49;C016262;S0391;P003175;2;43,95;0,00;EUR;FR;CARD;DELIVERED;156 route de Bordeaux, 67000 Strasbourg
ORD-20260602-00559;ORD-20260602-00559-1;2026-06-02 17:56:26;C010987;S0034;P005180;1;44,33;2,22;EUR;BE;CARD;DELIVERED;63 rue de la République, 2000 Anvers
ORD-20260602-00560;ORD-20260602-00560-1;2026-06-02 19:35:03;C017877;S0352;P000957;1;60,59;0,00;EUR;DE;CARD;delivered;25 quai des Chartrons, 10115 Berlin
ORD-20260602-00560;ORD-20260602-00560-2;2026-06-02 19:35:03;C017877;S0187;P006601;2;160,41;0,00;EUR;DE;CARD;DELIVERED;25 quai des Chartrons, 10115 Berlin
ORD-20260602-00561;ORD-20260602-00561-1;2026-06-02 09:51:02;C018513;S0176;P002418;1;100,44;0,00;EUR;BE;CARD;DELIVERED;19 chemin des Vignes, 2000 Anvers
ORD-20260602-00561;ORD-20260602-00561-2;2026-06-02 09:51:02;C018513;S0433;P001521;2;69,46;6,95;EUR;BE;CARD;delivered;19 chemin des Vignes, 2000 Anvers
ORD-20260602-00561;ORD-20260602-00561-3;2026-06-02 09:51:02;C018513;S0258;P002257;1;20,54;2,05;EUR;BE;CARD; DELIVERED ;19 chemin des Vignes, 2000 Anvers
ORD-20260602-00561;ORD-20260602-00561-4;2026-06-02 09:51:02;C018513;S0109;P006046;3;146,93;0,00;EUR;BE;CARD;delivered;19 chemin des Vignes, 2000 Anvers
ORD-20260602-00562;ORD-20260602-00562-1;2026-06-02 09:59:59;C008972;S0220;P004194;2;6,92;0,00;EUR;BE;PAYPAL;DELIVERED;124 boulevard Saint-Michel, 1000 Bruxelles
ORD-20260602-00563;ORD-20260602-00563-1;2026-06-02 23:02:25;C021060;S0074;P000160;1;60,25;0,00;EUR;FR;GIFTCARD;RETURNED;58 impasse du Moulin, 67000 Strasbourg
ORD-20260602-00564;ORD-20260602-00564-1;2026-06-02 14:22:29;C001463;S0296;P001664;3;10,70;0,00;EUR;FR;CARD;RETURNED;36 cours Gambetta, 75011 Paris
ORD-20260602-00565;ORD-20260602-00565-1;2026-06-02 16:10:48;C019312;S0385;P001163;1;21,67;3,25;EUR;IT;CARD;DELIVERED;53 boulevard Saint-Michel, 20121 Milan
ORD-20260602-00565;ORD-20260602-00565-2;2026-06-02 16:10:48;C019312;S0371;P002831;1;142,37;0,00;EUR;IT;CARD;DELIVERED;53 boulevard Saint-Michel, 20121 Milan
ORD-20260602-00565;ORD-20260602-00565-3;2026-06-02 16:10:48;C019312;S0024;P001129;1;78,07;11,71;EUR;IT;CARD;DELIVERED;53 boulevard Saint-Michel, 20121 Milan
ORD-20260602-00566;ORD-20260602-00566-1;2026-06-02 14:19:56;C010473;S0315;P002768;2;52,95;5,30;EUR;FR;CARD; DELIVERED ;133 impasse du Moulin, 69003 Lyon
ORD-20260602-00567;ORD-20260602-00567-1;2026-06-02 14:53:31;C020344;S0481;P003450;1;103,26;0,00;EUR;BE;APPLEPAY;DELIVERED;120 route de Bordeaux, 2000 Anvers
ORD-20260602-00567;ORD-20260602-00567-2;2026-06-02 14:53:31;C020344;S0085;P006356;1;18,14;0,91;EUR;BE;APPLEPAY;DELIVERED;120 route de Bordeaux, 2000 Anvers
ORD-20260602-00568;ORD-20260602-00568-1;2026-06-02 09:05:54;C001443;S0093;P000577;1;61,42;6,14;EUR;FR;CARD;DELIVERED;73 cours Gambetta, 31000 Toulouse
ORD-20260602-00568;ORD-20260602-00568-2;2026-06-02 09:05:54;C001443;S0467;P007131;1;92,82;0,00;EUR;FR;CARD;DELIVERED;73 cours Gambetta, 31000 Toulouse
ORD-20260602-00568;ORD-20260602-00568-3;2026-06-02 09:05:54;C001443;S0225;P003416;1;74,16;0,00;EUR;FR;CARD;DELIVERED;73 cours Gambetta, 31000 Toulouse
ORD-20260602-00569;ORD-20260602-00569-1;2026-06-02 23:28:13;C007837;S0348;P003710;1;9,96;0,00;EUR;FR;CARD;Cancelled;97 rue de la République, 13008 Marseille
ORD-20260602-00570;ORD-20260602-00570-1;2026-06-02 11:49:07;C019898;S0437;P003946;1;16,45;0,82;EUR;DE;APPLEPAY;DELIVERED;88 avenue des Tilleuls, 20095 Hambourg
ORD-20260602-00570;ORD-20260602-00570-2;2026-06-02 11:49:07;C019898;S0030;P002437;1;69,15;0,00;EUR;DE;APPLEPAY;DELIVERED;88 avenue des Tilleuls, 20095 Hambourg
ORD-20260602-00570;ORD-20260602-00570-3;2026-06-02 11:49:07;C019898;S0364;P003708;1;49,57;0,00;EUR;DE;APPLEPAY;DELIVERED;88 avenue des Tilleuls, 20095 Hambourg
ORD-20260602-00570;ORD-20260602-00570-4;2026-06-02 11:49:07;C019898;S0497;P000743;1;9,64;1,45;EUR;DE;APPLEPAY;DELIVERED;88 avenue des Tilleuls, 20095 Hambourg
ORD-20260602-00571;ORD-20260602-00571-1;2026-06-02 13:26:33;C007625;S0346;P005357;1;40,59;0,00;EUR;ES;CARD;PENDING;79 boulevard Saint-Michel, 46001 Valence
ORD-20260602-00571;ORD-20260602-00571-2;2026-06-02 13:26:33;C007625;S0082;P000667;2;62,41;12,48;EUR;ES;CARD;PENDING;79 boulevard Saint-Michel, 46001 Valence
ORD-20260602-00571;ORD-20260602-00571-3;2026-06-02 13:26:33;C007625;S0490;P004762;3;39,30;0,00;EUR;ES;CARD;PENDING;79 boulevard Saint-Michel, 46001 Valence
ORD-20260602-00572;ORD-20260602-00572-1;2026-06-02 08:14:43;C009337;S0330;P003919;1;36,82;5,52;EUR;FR;TRANSFER;RETURNED;119 rue du Général Leclerc, 35000 Rennes
ORD-20260602-00572;ORD-20260602-00572-2;2026-06-02 08:14:43;C009337;S0381;P006686;1;67,13;0,00;EUR;FR;TRANSFER;RETURNED;119 rue du Général Leclerc, 35000 Rennes
ORD-20260602-00573;ORD-20260602-00573-1;2026-06-02 14:15:43;C013180;S0191;P005896;1;90,63;0,00;EUR;FR;GIFTCARD;DELIVERED;51 chemin des Vignes, 33000 Bordeaux
ORD-20260602-00573;ORD-20260602-00573-2;2026-06-02 14:15:43;C013180;S0398;P003192;1;111,26;16,69;EUR;FR;GIFTCARD;DELIVERED;51 chemin des Vignes, 33000 Bordeaux
ORD-20260602-00573;ORD-20260602-00573-3;2026-06-02 14:15:43;C013180;S0035;P006202;1;46,95;0,00;EUR;FR;GIFTCARD;DELIVERED;51 chemin des Vignes, 33000 Bordeaux
ORD-20260602-00573;ORD-20260602-00573-4;2026-06-02 14:15:43;C013180;S0357;P002760;1;47,63;0,00;EUR;FR;GIFTCARD;DELIVERED;51 chemin des Vignes, 33000 Bordeaux
ORD-20260602-00573;ORD-20260602-00573-5;2026-06-02 14:15:43;C013180;S0137;P005109;1;153,70;0,00;EUR;FR;GIFTCARD;DELIVERED;51 chemin des Vignes, 33000 Bordeaux
ORD-20260602-00574;ORD-20260602-00574-1;2026-06-02 12:45:53;C017638;S0054;P006013;2;14,84;0,00;EUR;ES;CARD;PENDING;159 quai des Chartrons, 08001 Barcelone
ORD-20260602-00575;ORD-20260602-00575-1;2026-06-02 16:59:29;C017380;S0578;P006587;2;97,08;29,12;EUR;FR;CARD;DELIVERED;16 avenue des Tilleuls, 31000 Toulouse
ORD-20260602-00576;ORD-20260602-00576-1;2026-06-02 09:56:34;C013508;S0350;P001060;1;35,54;0,00;EUR;BE;CARD;DELIVERED;165 allée des Peupliers, 1000 Bruxelles
ORD-20260602-00576;ORD-20260602-00576-2;2026-06-02 09:56:34;C013508;S0149;P000933;2;14,14;4,24;EUR;BE;CARD;DELIVERED;165 allée des Peupliers, 1000 Bruxelles
ORD-20260602-00577;ORD-20260602-00577-1;2026-06-02 13:25:33;C021504;S0164;P006972;1;60,04;3,00;EUR;BE;GIFTCARD;DELIVERED;11 boulevard Saint-Michel, 1000 Bruxelles
ORD-20260602-00577;ORD-20260602-00577-2;2026-06-02 13:25:33;C021504;S0283;P000171;2;46,23;0,00;EUR;BE;GIFTCARD;DELIVERED;11 boulevard Saint-Michel, 1000 Bruxelles
ORD-20260602-00578;ORD-20260602-00578-1;2026-06-02 17:22:43;C017785;S0232;P004555;1;155,20;23,28;EUR;ES;PAYPAL;DELIVERED;81 rue de la République, 28001 Madrid
ORD-20260602-00578;ORD-20260602-00578-2;2026-06-02 17:22:43;C017785;S0330;P004082;3;24,25;0,00;EUR;ES;PAYPAL;DELIVERED;81 rue de la République, 28001 Madrid
ORD-20260602-00579;ORD-20260602-00579-1;2026-06-02 11:58:17;C000099;S0132;P006588;2;51,33;0,00;EUR;IT;CARD;DELIVERED;79 avenue des Tilleuls, 00184 Rome
ORD-20260602-00580;ORD-20260602-00580-1;2026-06-02 13:48:38;C005441;S0509;P002700;1;92,22;0,00;EUR;FR;PAYPAL;DELIVERED;25 allée des Peupliers, 13008 Marseille
ORD-20260602-00580;ORD-20260602-00580-2;2026-06-02 13:48:38;C005441;S0479;P000123;1;155,53;0,00;EUR;FR;PAYPAL;DELIVERED;25 allée des Peupliers, 13008 Marseille
ORD-20260602-00580;ORD-20260602-00580-3;2026-06-02 13:48:38;C005441;S0376;P003064;1;29,01;4,35;EUR;FR;PAYPAL;DELIVERED;25 allée des Peupliers, 13008 Marseille
ORD-20260602-00580;ORD-20260602-00580-4;2026-06-02 13:48:38;C005441;S0338;P002430;1;20,08;0,00;EUR;FR;PAYPAL;DELIVERED;25 allée des Peupliers, 13008 Marseille
ORD-20260602-00580;ORD-20260602-00580-5;2026-06-02 13:48:38;C005441;S0545;P002064;1;11,85;0,00;EUR;FR;PAYPAL;DELIVERED;25 allée des Peupliers, 13008 Marseille
ORD-20260602-00581;ORD-20260602-00581-1;2026-06-02 16:25:08;C020939;S0487;P007569;2;19,54;1,95;EUR;BE;CARD;DELIVERED;125 quai des Chartrons, 4000 Liège
ORD-20260602-00582;ORD-20260602-00582-1;2026-06-02 18:20:12;C024303;S0184;P003986;1;7,82;0,00;EUR;FR;PAYPAL;DELIVERED;154 impasse du Moulin, 69003 Lyon
ORD-20260602-00583;ORD-20260602-00583-1;2026-06-02 10:51:53;C018453;S0453;P006913;1;47,27;0,00;EUR;IT;PAYPAL;PENDING;127 avenue des Tilleuls, 00184 Rome
ORD-20260602-00584;ORD-20260602-00584-1;2026-06-02 09:07:00;C012280;S0563;P002993;3;47,12;7,07;EUR;FR;APPLEPAY;PENDING;74 cours Gambetta, 33000 Bordeaux
ORD-20260602-00585;ORD-20260602-00585-1;2026-06-02 15:58:32;C010593;S0053;P001203;1;25,33;0,00;EUR;FR;CARD;DELIVERED;23 allée des Peupliers, 44000 Nantes
ORD-20260602-00586;ORD-20260602-00586-1;2026-06-02 20:01:41;C006868;S0235;P007861;3;149,48;22,42;EUR;FR;CARD;DELIVERED;170 rue Victor Hugo, 13008 Marseille
ORD-20260602-00586;ORD-20260602-00586-2;2026-06-02 20:01:41;C006868;S0285;P002158;1;27,50;1,38;EUR;FR;CARD;delivered;170 rue Victor Hugo, 13008 Marseille
ORD-20260602-00586;ORD-20260602-00586-3;2026-06-02 20:01:41;C006868;S0521;P006134;1;99,17;14,88;EUR;FR;CARD;DELIVERED;170 rue Victor Hugo, 13008 Marseille
ORD-20260602-00586;ORD-20260602-00586-4;2026-06-02 20:01:41;C006868;S0583;P003019;1;25,52;1,28;EUR;FR;CARD;Delivered;170 rue Victor Hugo, 13008 Marseille
ORD-20260602-00586;ORD-20260602-00586-5;2026-06-02 20:01:41;C006868;S0210;P002573;1;35,26;1,76;EUR;FR;CARD;DELIVERED;170 rue Victor Hugo, 13008 Marseille
ORD-20260602-00587;ORD-20260602-00587-1;2026-06-02 14:54:13;C022312;S0211;P003536;1;63,38;0,00;EUR;FR;PAYPAL;CANCELLED;34 rue du Général Leclerc, 31000 Toulouse
ORD-20260602-00588;ORD-20260602-00588-1;2026-06-02 13:51:53;C013820;S0415;P004720;1;24,78;3,72;EUR;FR;CARD;delivered;39 rue Victor Hugo, 69003 Lyon
ORD-20260602-00589;ORD-20260602-00589-1;2026-06-02 09:27:31;C012707;S0017;P007650;1;45,60;0,00;EUR;IT;GIFTCARD;Delivered;23 route de Bordeaux, 20121 Milan
ORD-20260602-00589;ORD-20260602-00589-2;2026-06-02 09:27:31;C012707;S0129;P005414;1;118,34;5,92;EUR;IT;GIFTCARD; DELIVERED ;23 route de Bordeaux, 20121 Milan
ORD-20260602-00589;ORD-20260602-00589-3;2026-06-02 09:27:31;C012707;S0379;P006164;1;138,69;0,00;EUR;IT;GIFTCARD;DELIVERED;23 route de Bordeaux, 20121 Milan
ORD-20260602-00589;ORD-20260602-00589-4;2026-06-02 09:27:31;C012707;S0450;P007042;1;69,86;6,99;EUR;IT;GIFTCARD;Delivered;23 route de Bordeaux, 20121 Milan
ORD-20260602-00590;ORD-20260602-00590-1;2026-06-02 21:46:53;C020406;S0285;P002158;1;30,02;0,00;EUR;FR;CARD; DELIVERED ;170 cours Gambetta, 13008 Marseille
ORD-20260602-00591;ORD-20260602-00591-1;2026-06-02 10:04:01;C015379;S0057;P000069;1;130,40;0,00;EUR;FR;CARD;delivered;58 rue de la République, 44000 Nantes
ORD-20260602-00592;ORD-20260602-00592-1;2026-06-02 16:33:41;C013217;S0293;P000559;1;80,17;4,01;EUR;FR;CARD;delivered;178 avenue des Tilleuls, 69003 Lyon
ORD-20260602-00593;ORD-20260602-00593-1;2026-06-02 16:47:16;C000001;S0015;P002461;2;196,29;0,00;EUR;ES;CARD;DELIVERED;132 impasse du Moulin, 46001 Valence
ORD-20260602-00593;ORD-20260602-00593-2;2026-06-02 16:47:16;C000001;S0037;P003434;1;170,96;0,00;EUR;ES;CARD; DELIVERED ;132 impasse du Moulin, 46001 Valence
ORD-20260602-00594;ORD-20260602-00594-1;2026-06-02 13:17:36;C023910;S0481;P002693;2;145,50;0,00;EUR;NL;PAYPAL;DELIVERED;3 allée des Peupliers, 1011 Amsterdam
ORD-20260602-00595;ORD-20260602-00595-1;2026-06-02 13:03:46;C022739;S0172;P006368;1;84,27;12,64;EUR;BE;CARD;DELIVERED;112 rue de la République, 4000 Liège
ORD-20260602-00596;ORD-20260602-00596-1;2026-06-02 18:49:00;C019904;S0459;P004769;1;45,46;0,00;EUR;FR;APPLEPAY;DELIVERED;132 chemin des Vignes, 44000 Nantes
ORD-20260602-00597;ORD-20260602-00597-1;2026-06-02 14:24:25;C011130;S0554;P004573;1;37,29;0,00;EUR;FR;CARD;DELIVERED;5 cours Gambetta, 44000 Nantes
ORD-20260602-00597;ORD-20260602-00597-2;2026-06-02 14:24:25;C011130;S0135;P000844;1;189,57;0,00;EUR;FR;CARD;DELIVERED;5 cours Gambetta, 44000 Nantes
ORD-20260602-00598;ORD-20260602-00598-1;2026-06-02 14:03:51;C014855;S0522;P002995;2;205,50;0,00;EUR;FR;CARD;CANCELLED;9 rue du Général Leclerc, 44000 Nantes
ORD-20260602-00598;ORD-20260602-00598-2;2026-06-02 14:03:51;C014855;S0514;P998590;1;140,65;7,03;EUR;FR;CARD;CANCELLED;9 rue du Général Leclerc, 44000 Nantes
ORD-20260602-00598;ORD-20260602-00598-3;2026-06-02 14:03:51;C014855;S0244;P005253;1;38,73;0,00;EUR;FR;CARD;Cancelled;9 rue du Général Leclerc, 44000 Nantes
ORD-20260602-00599;ORD-20260602-00599-1;2026-06-02 13:44:18;C022372;S0336;P002695;4;130,94;26,19;EUR;FR;PAYPAL;DELIVERED;6 avenue des Tilleuls, 35000 Rennes
ORD-20260602-00599;ORD-20260602-00599-2;2026-06-02 13:44:18;C022372;S0389;P000895;1;9,30;1,40;EUR;FR;PAYPAL;Delivered;6 avenue des Tilleuls, 35000 Rennes
ORD-20260602-00599;ORD-20260602-00599-3;2026-06-02 13:44:18;C022372;S0390;P005662;1;71,42;7,14;EUR;FR;PAYPAL;DELIVERED;6 avenue des Tilleuls, 35000 Rennes
ORD-20260602-00599;ORD-20260602-00599-4;2026-06-02 13:44:18;C022372;S0461;P003703;2;180,06;36,01;EUR;FR;PAYPAL;DELIVERED;6 avenue des Tilleuls, 35000 Rennes
ORD-20260602-00600;ORD-20260602-00600-1;2026-06-02 13:46:40;C018395;S0290;P007590;1;20,55;1,03;EUR;BE;PAYPAL;DELIVERED;51 place de l'Église, 1000 Bruxelles
ORD-20260602-00601;ORD-20260602-00601-1;2026-06-02 15:53:29;C000421;S0023;P005003;1;39,51;0,00;EUR;NL;CARD;DELIVERED;100 chemin des Vignes, 1011 Amsterdam
ORD-20260602-00602;ORD-20260602-00602-1;2026-06-02 13:09:37;C022875;S0322;P003915;1;8,11;1,22;EUR;BE;CARD;DELIVERED;44 route de Bordeaux, 4000 Liège
ORD-20260602-00603;ORD-20260602-00603-1;2026-06-02 17:14:05;C022861;S0299;P000825;1;109,24;0,00;EUR;FR;CARD;DELIVERED;148 place de l'Église, 33000 Bordeaux
ORD-20260602-00604;ORD-20260602-00604-1;2026-06-02 16:11:17;C018317;S0543;P005461;1;47,27;0,00;EUR;FR;CARD;DELIVERED;22 rue de la République, 35000 Rennes
ORD-20260602-00604;ORD-20260602-00604-2;2026-06-02 16:11:17;C018317;S0419;P003951;1;69,92;10,49;EUR;FR;CARD;DELIVERED;22 rue de la République, 35000 Rennes
ORD-20260602-00604;ORD-20260602-00604-3;2026-06-02 16:11:17;C018317;S0081;P003968;2;95,20;9,52;EUR;FR;CARD;DELIVERED;22 rue de la République, 35000 Rennes
ORD-20260602-00605;ORD-20260602-00605-1;2026-06-02 06:03:08;C013821;S0025;P006309;3;145,51;43,65;EUR;DE;CARD;DELIVERED;43 quai des Chartrons, 10115 Berlin
ORD-20260602-00605;ORD-20260602-00605-2;2026-06-02 06:03:08;C013821;S0165;P002307;1;22,70;0,00;EUR;DE;CARD;DELIVERED;43 quai des Chartrons, 10115 Berlin
ORD-20260602-00605;ORD-20260602-00605-3;2026-06-02 06:03:08;C013821;S0160;P003390;1;30,46;0,00;EUR;DE;CARD;DELIVERED;43 quai des Chartrons, 10115 Berlin
ORD-20260602-00605;ORD-20260602-00605-4;2026-06-02 06:03:08;C013821;S0555;P002982;1;8,35;0,42;EUR;DE;CARD;DELIVERED;43 quai des Chartrons, 10115 Berlin
ORD-20260602-00605;ORD-20260602-00605-5;2026-06-02 06:03:08;C013821;S0423;P003941;1;91,67;9,17;EUR;DE;CARD;DELIVERED;43 quai des Chartrons, 10115 Berlin
ORD-20260602-00606;ORD-20260602-00606-1;2026-06-02 14:18:45;C019806;S0441;P006180;1;182,62;9,13;EUR;FR;PAYPAL;DELIVERED;151 route de Bordeaux, 35000 Rennes
ORD-20260602-00606;ORD-20260602-00606-2;2026-06-02 14:18:45;C019806;S0412;P004127;3;20,13;0,00;EUR;FR;PAYPAL;DELIVERED;151 route de Bordeaux, 35000 Rennes
ORD-20260602-00606;ORD-20260602-00606-3;2026-06-02 14:18:45;C019806;S0222;P003110;1;62,85;0,00;EUR;FR;PAYPAL;delivered;151 route de Bordeaux, 35000 Rennes
ORD-20260602-00606;ORD-20260602-00606-4;2026-06-02 14:18:45;C019806;S0005;P000968;1;19,79;0,99;EUR;FR;PAYPAL;DELIVERED;151 route de Bordeaux, 35000 Rennes
ORD-20260602-00607;ORD-20260602-00607-1;2026-06-02 14:30:02;C024249;S0523;P004593;2;62,09;18,63;EUR;ES;CARD;CANCELLED;140 rue de la République; Batiment C; 46001 Valence
ORD-20260602-00607;ORD-20260602-00607-2;2026-06-02 14:30:02;C024249;S0267;P003477;1;25,27;0,00;EUR;ES;CARD;Cancelled;140 rue de la République, 46001 Valence
ORD-20260602-00608;ORD-20260602-00608-1;2026-06-02 16:42:23;C015507;S0244;P005990;1;163,50;0,00;EUR;IT;CARD;CANCELLED;50 rue Victor Hugo, 00184 Rome
ORD-20260602-00608;ORD-20260602-00608-2;2026-06-02 16:42:23;C015507;S0228;P005296;1;16,80;0,00;EUR;IT;CARD;CANCELLED;50 rue Victor Hugo, 00184 Rome
ORD-20260602-00608;ORD-20260602-00608-3;2026-06-02 16:42:23;C015507;S0496;P005338;1;180,60;0,00;EUR;IT;CARD;CANCELLED;50 rue Victor Hugo, 00184 Rome
ORD-20260602-00609;ORD-20260602-00609-1;2026-06-02 13:38:24;C014350;S0031;P005243;1;54,73;2,74;EUR;ES;CARD;DELIVERED;72 route de Bordeaux, 08001 Barcelone
ORD-20260602-00610;ORD-20260602-00610-1;2026-06-02 23:27:54;C024276;S0570;P003369;3;53,62;8,04;EUR;BE;CARD;Delivered;41 impasse du Moulin, 1000 Bruxelles
ORD-20260602-00610;ORD-20260602-00610-2;2026-06-02 23:27:54;C024276;S0453;P000561;2;23,49;2,35;EUR;BE;CARD;DELIVERED;41 impasse du Moulin, 1000 Bruxelles
ORD-20260602-00611;ORD-20260602-00611-1;2026-06-02 08:17:45;C009038;S0508;P005372;1;73,61;3,68;EUR;FR;PAYPAL;DELIVERED;77 cours Gambetta, 33000 Bordeaux
ORD-20260602-00611;ORD-20260602-00611-2;2026-06-02 08:17:45;C009038;S0136;P004798;2;16,74;0,00;EUR;FR;PAYPAL;DELIVERED;77 cours Gambetta, 33000 Bordeaux
ORD-20260602-00611;ORD-20260602-00611-3;2026-06-02 08:17:45;C009038;S0293;P003345;1;87,84;8,78;EUR;FR;PAYPAL;Delivered;77 cours Gambetta, 33000 Bordeaux
ORD-20260602-00612;ORD-20260602-00612-1;2026-06-02 21:48:05;C023408;S0006;P003655;1;49,76;4,98;EUR;BE;CARD;DELIVERED;66 rue de la République, 1000 Bruxelles
ORD-20260602-00613;ORD-20260602-00613-1;2026-06-02 16:30:00;C007796;S0291;P006790;1;8,70;0,43;EUR;BE;CARD;DELIVERED;82 boulevard Saint-Michel, 1000 Bruxelles
ORD-20260602-00613;ORD-20260602-00613-2;2026-06-02 16:30:00;C007796;S0427;P007621;1;139,07;20,86;EUR;BE;CARD;DELIVERED;82 boulevard Saint-Michel, 1000 Bruxelles
ORD-20260602-00613;ORD-20260602-00613-3;2026-06-02 16:30:00;C007796;S0505;P006088;1;63,98;0,00;EUR;BE;CARD;Delivered;82 boulevard Saint-Michel, 1000 Bruxelles
ORD-20260602-00614;ORD-20260602-00614-1;2026-06-02 21:36:24;C023404;S0108;P006370;1;74,16;0,00;EUR;BE;CARD; DELIVERED ;165 rue de la République, 1000 Bruxelles
ORD-20260602-00615;ORD-20260602-00615-1;2026-06-02 08:50:22;C007956;S0510;P002503;1;51,46;5,15;EUR;FR;CARD;DELIVERED;48 cours Gambetta, 35000 Rennes
ORD-20260602-00615;ORD-20260602-00615-2;2026-06-02 08:50:22;C007956;S0527;P003445;1;17,68;0,00;EUR;FR;CARD;delivered;48 cours Gambetta, 35000 Rennes
ORD-20260602-00615;ORD-20260602-00615-3;2026-06-02 08:50:22;C007956;S0173;P001958;2;16,98;5,09;EUR;FR;CARD;Delivered;48 cours Gambetta, 35000 Rennes
ORD-20260602-00615;ORD-20260602-00615-4;2026-06-02 08:50:22;C007956;S0404;P002642;2;243,20;0,00;EUR;FR;CARD; DELIVERED ;48 cours Gambetta, 35000 Rennes
ORD-20260602-00616;ORD-20260602-00616-1;2026-06-02 18:00:03;C017660;S0566;P002428;2;41,69;12,51;EUR;DE;PAYPAL;DELIVERED;106 rue du Général Leclerc, 10115 Berlin
ORD-20260602-00617;ORD-20260602-00617-1;2026-06-02 08:32:41;C006076;S0595;P001476;1;36,87;0,00;EUR;FR;CARD;DELIVERED;75 rue du Général Leclerc, 75011 Paris
ORD-20260602-00617;ORD-20260602-00617-2;2026-06-02 08:32:41;C006076;S0263;P002201;1;19,86;0,00;EUR;FR;CARD;DELIVERED;75 rue du Général Leclerc, 75011 Paris
ORD-20260602-00618;ORD-20260602-00618-1;2026-06-02 12:26:41;C020912;S0429;P003233;1;15,50;2,32;EUR;BE;CARD;CANCELLED;95 route de Bordeaux, 2000 Anvers
ORD-20260602-00619;ORD-20260602-00619-1;2026-06-02 19:40:18;C000483;S0488;P000477;1;77,57;0,00;EUR;ES;TRANSFER;DELIVERED;21 route de Bordeaux, 28001 Madrid
ORD-20260602-00619;ORD-20260602-00619-2;2026-06-02 19:40:18;C000483;S0250;P006012;1;4,60;0,00;EUR;ES;TRANSFER; DELIVERED ;21 route de Bordeaux, 28001 Madrid
ORD-20260602-00619;ORD-20260602-00619-3;2026-06-02 19:40:18;C000483;S0106;P004695;1;30,22;3,02;EUR;ES;TRANSFER;Delivered;21 route de Bordeaux, 28001 Madrid
ORD-20260602-00620;ORD-20260602-00620-1;2026-06-02 20:34:25;C001872;S0301;P007056;3;195,10;0,00;EUR;FR;PAYPAL;DELIVERED;164 route de Bordeaux, 59000 Lille
ORD-20260602-00620;ORD-20260602-00620-2;2026-06-02 20:34:25;C001872;S0336;P006091;1;4,34;0,00;EUR;FR;PAYPAL;DELIVERED;164 route de Bordeaux, 59000 Lille
ORD-20260602-00621;ORD-20260602-00621-1;2026-06-02 12:57:47;C004803;S0130;P005182;1;15,91;0,00;EUR;ES;CARD;DELIVERED;28 boulevard Saint-Michel, 46001 Valence
ORD-20260602-00621;ORD-20260602-00621-2;2026-06-02 12:57:47;C004803;S0095;P000414;1;49,73;0,00;EUR;ES;CARD;DELIVERED;28 boulevard Saint-Michel, 46001 Valence
ORD-20260602-00621;ORD-20260602-00621-3;2026-06-02 12:57:47;C004803;S0533;P001394;1;158,82;7,94;EUR;ES;CARD;DELIVERED;28 boulevard Saint-Michel, 46001 Valence
ORD-20260602-00622;ORD-20260602-00622-1;2026-06-02 23:55:20;C005797;S0422;P007969;2;38,30;0,00;EUR;IT;CARD;Delivered;86 boulevard Saint-Michel, 00184 Rome
ORD-20260602-00622;ORD-20260602-00622-2;2026-06-02 23:55:20;C005797;S0294;P002994;1;23,21;0,00;EUR;IT;CARD;delivered;86 boulevard Saint-Michel, 00184 Rome
ORD-20260602-00623;ORD-20260602-00623-1;2026-06-02 11:14:58;C006204;S0473;P003689;3;12,51;0,00;EUR;DE;TRANSFER;DELIVERED;133 impasse du Moulin, 80331 Munich
ORD-20260602-00623;ORD-20260602-00623-2;2026-06-02 11:14:58;C006204;S0132;P006769;1;28,92;0,00;EUR;DE;TRANSFER;DELIVERED;133 impasse du Moulin, 80331 Munich
ORD-20260602-00623;ORD-20260602-00623-3;2026-06-02 11:14:58;C006204;S0457;P005874;1;168,39;25,26;EUR;DE;TRANSFER;DELIVERED;133 impasse du Moulin, 80331 Munich
ORD-20260602-00623;ORD-20260602-00623-4;2026-06-02 11:14:58;C006204;S0001;P004251;2;78,26;0,00;EUR;DE;TRANSFER;DELIVERED;133 impasse du Moulin, 80331 Munich
ORD-20260602-00623;ORD-20260602-00623-5;2026-06-02 11:14:58;C006204;S0597;P000983;2;134,33;0,00;EUR;DE;TRANSFER;DELIVERED;133 impasse du Moulin, 80331 Munich
ORD-20260602-00624;ORD-20260602-00624-1;2026-06-02 15:34:39;C004123;S0487;P004906;4;20,99;0,00;EUR;FR;CARD;Delivered;51 chemin des Vignes, 75011 Paris
ORD-20260602-00624;ORD-20260602-00624-2;2026-06-02 15:34:39;C004123;S0176;P006981;2;66,76;13,35;EUR;FR;CARD;delivered;51 chemin des Vignes, 75011 Paris
ORD-20260602-00625;ORD-20260602-00625-1;2026-06-02 15:24:41;C004874;S0114;P007512;1;7,66;1,15;EUR;ES;CARD;DELIVERED;27 rue de la République, 08001 Barcelone
ORD-20260602-00625;ORD-20260602-00625-2;2026-06-02 15:24:41;C004874;S0292;P003070;2;11,21;0,00;EUR;ES;CARD; DELIVERED ;27 rue de la République, 08001 Barcelone
ORD-20260602-00626;ORD-20260602-00626-1;2026-06-02 12:22:12;C010419;S0519;P000169;1;49,96;0,00;EUR;ES;CARD;DELIVERED;6 chemin des Vignes, 08001 Barcelone
ORD-20260602-00627;ORD-20260602-00627-1;2026-06-02 13:40:12;C000741;S0319;P007628;2;59,47;17,84;EUR;FR;PAYPAL;PENDING;81 rue Victor Hugo, 31000 Toulouse
ORD-20260602-00628;ORD-20260602-00628-1;2026-06-02 14:26:48;C003677;S0463;P006059;1;55,04;2,75;EUR;IT;CARD;DELIVERED;131 rue du Général Leclerc, 00184 Rome
ORD-20260602-00628;ORD-20260602-00628-2;2026-06-02 14:26:48;C003677;S0477;P002714;1;17,78;0,00;EUR;IT;CARD;DELIVERED;131 rue du Général Leclerc, 00184 Rome
ORD-20260602-00629;ORD-20260602-00629-1;2026-06-02 13:19:30;C008130;S0310;P003485;1;103,26;0,00;EUR;ES;CARD;Delivered;77 cours Gambetta, 08001 Barcelone
ORD-20260602-00629;ORD-20260602-00629-2;2026-06-02 13:19:30;C008130;S0545;P005023;1;25,48;0,00;EUR;ES;CARD;DELIVERED;77 cours Gambetta, 08001 Barcelone
ORD-20260602-00630;ORD-20260602-00630-1;2026-06-02 11:40:38;C021426;S0500;P001071;1;24,26;0,00;EUR;NL;PAYPAL; DELIVERED ;101 rue de la République, 1011 Amsterdam
ORD-20260602-00630;ORD-20260602-00630-2;2026-06-02 11:40:38;C021426;S0299;P005942;1;64,56;0,00;EUR;NL;PAYPAL; DELIVERED ;101 rue de la République, 1011 Amsterdam
ORD-20260602-00630;ORD-20260602-00630-3;2026-06-02 11:40:38;C021426;S0236;P006037;1;7,99;0,00;EUR;NL;PAYPAL; DELIVERED ;101 rue de la République, 1011 Amsterdam
ORD-20260602-00631;ORD-20260602-00631-1;2026-06-02 15:01:54;C002742;S0205;P006986;1;262,78;0,00;EUR;FR;CARD; DELIVERED ;14 rue Victor Hugo, 33000 Bordeaux
ORD-20260602-00631;ORD-20260602-00631-2;2026-06-02 15:01:54;C002742;S0401;P007600;1;20,78;0,00;EUR;FR;CARD;DELIVERED;14 rue Victor Hugo, 33000 Bordeaux
ORD-20260602-00631;ORD-20260602-00631-3;2026-06-02 15:01:54;C002742;S0194;P007331;1;7,53;1,13;EUR;FR;CARD;DELIVERED;14 rue Victor Hugo, 33000 Bordeaux
ORD-20260602-00631;ORD-20260602-00631-4;2026-06-02 15:01:54;C002742;S0127;P007404;1;240,08;36,01;EUR;FR;CARD;DELIVERED;14 rue Victor Hugo, 33000 Bordeaux
ORD-20260602-00632;ORD-20260602-00632-1;2026-06-02 12:39:30;C001070;S0426;P003406;1;39,12;0,00;EUR;FR;CARD;DELIVERED;162 place de l'Église, 35000 Rennes
ORD-20260602-00632;ORD-20260602-00632-2;2026-06-02 12:39:30;C001070;S0264;P006637;1;45,59;0,00;EUR;FR;CARD;DELIVERED;162 place de l'Église, 35000 Rennes
ORD-20260602-00632;ORD-20260602-00632-3;2026-06-02 12:39:30;C001070;S0012;P006884;1;79,41;0,00;EUR;FR;CARD;delivered;162 place de l'Église, 35000 Rennes
ORD-20260602-00632;ORD-20260602-00632-4;2026-06-02 12:39:30;C001070;S0543;P006385;1;147,46;0,00;EUR;FR;CARD;delivered;162 place de l'Église, 35000 Rennes
ORD-20260602-00633;ORD-20260602-00633-1;2026-06-02 18:13:05;C002044;S0122;P001962;1;70,64;0,00;EUR;FR;CARD;DELIVERED;72 quai des Chartrons, 31000 Toulouse
ORD-20260602-00633;ORD-20260602-00633-2;2026-06-02 18:13:05;C002044;S0018;P004502;3;19,49;8,77;EUR;FR;CARD; DELIVERED ;72 quai des Chartrons, 31000 Toulouse
ORD-20260602-00633;ORD-20260602-00633-3;2026-06-02 18:13:05;C002044;S0358;P007472;1;49,88;0,00;EUR;FR;CARD;DELIVERED;72 quai des Chartrons, 31000 Toulouse
ORD-20260602-00633;ORD-20260602-00633-4;2026-06-02 18:13:05;C002044;S0571;P002569;1;27,46;0,00;EUR;FR;CARD;DELIVERED;72 quai des Chartrons, 31000 Toulouse
ORD-20260602-00634;ORD-20260602-00634-1;2026-06-02 21:06:43;C017383;S0259;P004268;2;54,78;10,96;EUR;FR;CARD;DELIVERED;44 avenue des Tilleuls, 33000 Bordeaux
ORD-20260602-00634;ORD-20260602-00634-2;2026-06-02 21:06:43;C017383;S0248;P002137;1;8,22;0,00;EUR;FR;CARD;DELIVERED;44 avenue des Tilleuls; Batiment A; 33000 Bordeaux
ORD-20260602-00634;ORD-20260602-00634-3;2026-06-02 21:06:43;C017383;S0327;P002762;4;33,82;20,29;EUR;FR;CARD;DELIVERED;44 avenue des Tilleuls, 33000 Bordeaux
ORD-20260602-00634;ORD-20260602-00634-4;2026-06-02 21:06:43;C017383;S0479;P000946;4;49,41;19,76;EUR;FR;CARD;DELIVERED;44 avenue des Tilleuls, 33000 Bordeaux
ORD-20260602-00634;ORD-20260602-00634-5;2026-06-02 21:06:43;C017383;S0230;P007015;1;60,81;9,12;EUR;FR;CARD;DELIVERED;44 avenue des Tilleuls, 33000 Bordeaux
ORD-20260602-00635;ORD-20260602-00635-1;2026-06-02 12:02:39;C001989;S0336;P000820;1;28,02;1,40;EUR;ES;TRANSFER;DELIVERED;16 chemin des Vignes, 08001 Barcelone
ORD-20260602-00636;ORD-20260602-00636-1;2026-06-02 10:50:31;C008349;S0088;P001267;3;57,77;26,00;EUR;IT;GIFTCARD;DELIVERED;7 allée des Peupliers, 20121 Milan
ORD-20260602-00637;ORD-20260602-00637-1;2026-06-02 17:34:57;C008453;S0007;P003558;1;74,73;3,74;EUR;NL;CARD;DELIVERED;7 rue du Général Leclerc, 1011 Amsterdam
ORD-20260602-00637;ORD-20260602-00637-2;2026-06-02 17:34:57;C008453;S0478;P000219;2;20,85;0,00;EUR;NL;CARD;DELIVERED;7 rue du Général Leclerc, 1011 Amsterdam
ORD-20260602-00637;ORD-20260602-00637-3;2026-06-02 17:34:57;C008453;S0488;P005539;1;81,13;12,17;EUR;NL;CARD;DELIVERED;7 rue du Général Leclerc, 1011 Amsterdam
ORD-20260602-00638;ORD-20260602-00638-1;2026-06-02 13:45:36;C014468;S0164;P004541;1;15,03;2,25;EUR;DE;CARD;RETURNED;116 impasse du Moulin, 20095 Hambourg
ORD-20260602-00638;ORD-20260602-00638-2;2026-06-02 13:45:36;C014468;S0349;P007173;1;93,00;9,30;EUR;DE;CARD;RETURNED;116 impasse du Moulin, 20095 Hambourg
ORD-20260602-00639;ORD-20260602-00639-1;2026-06-02 19:55:44;C017228;S0006;P007667;1;54,83;5,48;EUR;BE;PAYPAL;Delivered;41 chemin des Vignes, 1000 Bruxelles
ORD-20260602-00640;ORD-20260602-00640-1;2026-06-02 10:46:26;C012468;S0067;P006652;1;162,62;16,26;EUR;FR;CARD;DELIVERED;140 rue Victor Hugo, 35000 Rennes
ORD-20260602-00641;ORD-20260602-00641-1;2026-06-02 16:56:14;C017003;S0496;P002105;1;92,44;0,00;EUR;ES;PAYPAL;PENDING;129 place de l'Église, 28001 Madrid
ORD-20260602-00642;ORD-20260602-00642-1;2026-06-02 12:34:02;C013904;S0209;P004155;2;63,92;0,00;EUR;ES;CARD;DELIVERED;15 cours Gambetta, 28001 Madrid
ORD-20260602-00643;ORD-20260602-00643-1;2026-06-02 19:56:52;C013175;S0290;P007566;1;28,90;2,89;EUR;BE;PAYPAL; SHIPPED ;172 allée des Peupliers, 4000 Liège
ORD-20260602-00644;ORD-20260602-00644-1;2026-06-02 14:38:21;C005673;S0170;P002037;1;34,01;0,00;EUR;IT;CARD;DELIVERED;89 chemin des Vignes, 20121 Milan
ORD-20260602-00645;ORD-20260602-00645-1;2026-06-02 12:12:11;C002150;S0481;P003568;1;6,49;0,00;EUR;ES;CARD;DELIVERED;28 boulevard Saint-Michel, 46001 Valence
ORD-20260602-00645;ORD-20260602-00645-2;2026-06-02 12:12:11;C002150;S0142;P004841;1;51,84;2,59;EUR;ES;CARD;DELIVERED;28 boulevard Saint-Michel, 46001 Valence
ORD-20260602-00645;ORD-20260602-00645-3;2026-06-02 12:12:11;C002150;S0403;P002561;1;122,08;0,00;EUR;ES;CARD;DELIVERED;28 boulevard Saint-Michel, 46001 Valence
ORD-20260602-00646;ORD-20260602-00646-1;2026-06-02 14:58:32;C009280;S0408;P002063;1;37,60;1,88;EUR;FR;CARD;RETURNED;27 rue de la République, 13008 Marseille
ORD-20260602-00646;ORD-20260602-00646-2;2026-06-02 14:58:32;C009280;S0041;P002152;1;29,74;0,00;EUR;FR;CARD;RETURNED;27 rue de la République, 13008 Marseille
ORD-20260602-00647;ORD-20260602-00647-1;2026-06-02 20:48:36;C019116;S0283;P007940;1;181,36;27,20;EUR;FR;CARD;delivered;102 rue Victor Hugo, 69003 Lyon
ORD-20260602-00647;ORD-20260602-00647-2;2026-06-02 20:48:36;C019116;S0378;P003191;2;62,81;6,28;EUR;FR;CARD;delivered;102 rue Victor Hugo, 69003 Lyon
ORD-20260602-00647;ORD-20260602-00647-3;2026-06-02 20:48:36;C019116;S0358;P002189;1;62,09;0,00;EUR;FR;CARD;DELIVERED;102 rue Victor Hugo, 69003 Lyon
ORD-20260602-00648;ORD-20260602-00648-1;2026-06-02 14:07:53;C019241;S0114;P004694;2;42,72;0,00;EUR;FR;CARD;SHIPPED;149 place de l'Église, 31000 Toulouse
ORD-20260602-00648;ORD-20260602-00648-2;2026-06-02 14:07:53;C019241;S0513;P004399;1;13,52;0,00;EUR;FR;CARD;shipped;149 place de l'Église, 31000 Toulouse
ORD-20260602-00648;ORD-20260602-00648-3;2026-06-02 14:07:53;C019241;S0558;P005503;1;17,04;0,00;EUR;FR;CARD;SHIPPED;149 place de l'Église, 31000 Toulouse
ORD-20260602-00649;ORD-20260602-00649-1;2026-06-02 10:49:43;C019658;S0005;P001987;1;63,51;0,00;EUR;FR;CARD;DELIVERED;138 rue du Général Leclerc, 69003 Lyon
ORD-20260602-00650;ORD-20260602-00650-1;2026-06-02 17:02:57;C024171;S0059;P007666;1;77,25;0,00;EUR;FR;APPLEPAY;DELIVERED;101 cours Gambetta, 13008 Marseille
ORD-20260602-00651;ORD-20260602-00651-1;2026-06-02 11:58:55;C009422;S0240;P003108;1;25,59;0,00;EUR;FR;PAYPAL;DELIVERED;26 place de l'Église, 75011 Paris
ORD-20260602-00651;ORD-20260602-00651-2;2026-06-02 11:58:55;C009422;S0387;P005349;1;25,42;1,27;EUR;FR;PAYPAL;DELIVERED;26 place de l'Église, 75011 Paris
ORD-20260602-00651;ORD-20260602-00651-3;2026-06-02 11:58:55;C009422;S0142;P006287;2;13,11;1,31;EUR;FR;PAYPAL;DELIVERED;26 place de l'Église, 75011 Paris
ORD-20260602-00652;ORD-20260602-00652-1;2026-06-02 13:12:29;C017380;S0509;P003130;1;75,11;3,76;EUR;FR;CARD;DELIVERED;30 impasse du Moulin, 31000 Toulouse
ORD-20260602-00652;ORD-20260602-00652-2;2026-06-02 13:12:29;C017380;S0419;P005498;1;79,61;7,96;EUR;FR;CARD;DELIVERED;30 impasse du Moulin, 31000 Toulouse
ORD-20260602-00653;ORD-20260602-00653-1;2026-06-02 16:59:29;C017169;S0197;P002088;4;15,90;0,00;EUR;BE;CARD;DELIVERED;80 impasse du Moulin, 1000 Bruxelles
ORD-20260602-00653;ORD-20260602-00653-2;2026-06-02 16:59:29;C017169;S0409;P003056;1;78,23;11,73;EUR;BE;CARD; DELIVERED ;80 impasse du Moulin, 1000 Bruxelles
ORD-20260602-00653;ORD-20260602-00653-3;2026-06-02 16:59:29;C017169;S0473;P002981;2;237,65;0,00;EUR;BE;CARD;delivered;80 impasse du Moulin, 1000 Bruxelles
ORD-20260602-00653;ORD-20260602-00653-4;2026-06-02 16:59:29;C017169;S0023;P001840;1;43,91;0,00;EUR;BE;CARD;DELIVERED;80 impasse du Moulin, 1000 Bruxelles
ORD-20260602-00653;ORD-20260602-00653-5;2026-06-02 16:59:29;C017169;S0012;P002021;1;51,52;7,73;EUR;BE;CARD;DELIVERED;80 impasse du Moulin, 1000 Bruxelles
ORD-20260602-00654;ORD-20260602-00654-1;2026-06-02 19:26:37;C023653;S0358;P004189;2;30,69;6,14;EUR;DE;CARD;DELIVERED;168 quai des Chartrons, 10115 Berlin
ORD-20260602-00654;ORD-20260602-00654-2;2026-06-02 19:26:37;C023653;S0045;P002951;2;25,48;7,64;EUR;DE;CARD; DELIVERED ;168 quai des Chartrons, 10115 Berlin
ORD-20260602-00654;ORD-20260602-00654-3;2026-06-02 19:26:37;C023653;S0343;P005199;1;20,64;0,00;EUR;DE;CARD;delivered;168 quai des Chartrons, 10115 Berlin
ORD-20260602-00655;ORD-20260602-00655-1;2026-06-02 14:47:34;C017510;S0212;P003094;2;EUR 67,89;6,79;EUR;ES;PAYPAL;DELIVERED;7 chemin des Vignes, 28001 Madrid
ORD-20260602-00656;ORD-20260602-00656-1;2026-06-02 17:41:26;C015945;S0556;P005113;1;41,60;0,00;EUR;FR;CARD;DELIVERED;158 avenue des Tilleuls, 13008 Marseille
ORD-20260602-00656;ORD-20260602-00656-2;2026-06-02 17:41:26;C015945;S0375;P006371;2;93,29;27,99;EUR;FR;CARD;DELIVERED;158 avenue des Tilleuls, 13008 Marseille
ORD-20260602-00656;ORD-20260602-00656-3;2026-06-02 17:41:26;C015945;S0284;P003395;1;33,51;1,68;EUR;FR;CARD;DELIVERED;158 avenue des Tilleuls, 13008 Marseille
ORD-20260602-00657;ORD-20260602-00657-1;2026-06-02 13:50:00;C007748;S0349;P004858;1;38,28;0,00;EUR;IT;PAYPAL;DELIVERED;36 boulevard Saint-Michel, 20121 Milan
ORD-20260602-00657;ORD-20260602-00657-2;2026-06-02 13:50:00;C007748;S0138;P002294;1;4,24;0,00;EUR;IT;PAYPAL;delivered;36 boulevard Saint-Michel, 20121 Milan
ORD-20260602-00658;ORD-20260602-00658-1;2026-06-02 15:23:56;C017525;S0326;P005932;1;74,85;0,00;EUR;FR;PAYPAL;Delivered;44 place de l'Église, 75011 Paris
ORD-20260602-00658;ORD-20260602-00658-2;2026-06-02 15:23:56;C017525;S0146;P006915;1;91,09;0,00;EUR;FR;PAYPAL;Delivered;44 place de l'Église, 75011 Paris
ORD-20260602-00658;ORD-20260602-00658-3;2026-06-02 15:23:56;C017525;S0307;P002791;3;19,00;8,55;EUR;FR;PAYPAL;DELIVERED;44 place de l'Église, 75011 Paris
ORD-20260602-00658;ORD-20260602-00658-4;2026-06-02 15:23:56;C017525;S0068;P003085;1;59,15;2,96;EUR;FR;PAYPAL;Delivered;44 place de l'Église, 75011 Paris
ORD-20260602-00659;ORD-20260602-00659-1;2026-06-02 16:40:10;C014570;S0223;P003164;2;236,03;0,00;EUR;FR;CARD;DELIVERED;40 route de Bordeaux, 67000 Strasbourg
ORD-20260602-00659;ORD-20260602-00659-2;2026-06-02 16:40:10;C014570;S0522;P001439;2;95,22;0,00;EUR;FR;CARD;DELIVERED;40 route de Bordeaux, 67000 Strasbourg
ORD-20260602-00659;ORD-20260602-00659-3;2026-06-02 16:40:10;C014570;S0477;P003204;1;32,97;4,95;EUR;FR;CARD;DELIVERED;40 route de Bordeaux, 67000 Strasbourg
ORD-20260602-00659;ORD-20260602-00659-4;2026-06-02 16:40:10;C014570;S0566;P001931;1;38,36;0,00;EUR;FR;CARD;DELIVERED;40 route de Bordeaux, 67000 Strasbourg
ORD-20260602-00660;ORD-20260602-00660-1;2026-06-02 14:03:35;C010661;S0558;P006334;1;68,74;0,00;EUR;FR;PAYPAL;DELIVERED;72 allée des Peupliers, 13008 Marseille
ORD-20260602-00661;ORD-20260602-00661-1;2026-06-02 15:52:08;C003184;S0090;P002211;1;39,77;1,99;EUR;ES;CARD;DELIVERED;38 rue de la République, 08001 Barcelone
ORD-20260602-00662;ORD-20260602-00662-1;2026-06-02 18:09:47;C019694;S0076;P006948;1;18,40;0,00;EUR;FR;CARD; DELIVERED ;133 place de l'Église, 33000 Bordeaux
ORD-20260602-00663;ORD-20260602-00663-1;2026-06-02 23:45:28;C002920;S0600;P002354;1;110,53;5,53;EUR;FR;TRANSFER; DELIVERED ;6 avenue des Tilleuls, 35000 Rennes
ORD-20260602-00664;ORD-20260602-00664-1;2026-06-02 19:10:58;C020985;S0117;P003101;1;211,55;31,73;EUR;IT;CARD;PENDING;127 rue de la République, 20121 Milan
ORD-20260602-00664;ORD-20260602-00664-2;2026-06-02 19:10:58;C020985;S0265;P001882;1;17,66;0,00;EUR;IT;CARD;PENDING;127 rue de la République, 20121 Milan
ORD-20260602-00664;ORD-20260602-00664-3;2026-06-02 19:10:58;C020985;S0400;P006607;1;18,14;0,00;EUR;IT;CARD;PENDING;127 rue de la République, 20121 Milan
ORD-20260602-00665;ORD-20260602-00665-1;2026-06-02 11:22:11;C021878;S0251;P003569;2;26,02;2,60;EUR;ES;GIFTCARD;Delivered;39 avenue des Tilleuls, 28001 Madrid
ORD-20260602-00665;ORD-20260602-00665-2;2026-06-02 11:22:11;C021878;S0306;P002539;1;30,96;0,00;EUR;ES;GIFTCARD;DELIVERED;39 avenue des Tilleuls, 28001 Madrid
ORD-20260602-00666;ORD-20260602-00666-1;2026-06-02 10:11:28;C008609;S0510;P004474;2;52,57;0,00;EUR;FR;GIFTCARD;returned;35 rue de la République, 75011 Paris
ORD-20260602-00666;ORD-20260602-00666-2;2026-06-02 10:11:28;C008609;S0436;P000575;1;12,68;1,90;EUR;FR;GIFTCARD;RETURNED;35 rue de la République, 75011 Paris
ORD-20260602-00666;ORD-20260602-00666-3;2026-06-02 10:11:28;C008609;S0242;P001823;2;96,57;19,31;EUR;FR;GIFTCARD;RETURNED;35 rue de la République, 75011 Paris
ORD-20260602-00667;ORD-20260602-00667-1;2026-06-02 09:52:57;C002017;S0062;P001953;1;128,08;6,40;EUR;DE;CARD;returned;164 route de Bordeaux, 10115 Berlin
ORD-20260602-00667;ORD-20260602-00667-2;2026-06-02 09:52:57;C002017;S0248;P002484;1;69,52;3,48;EUR;DE;CARD;RETURNED;164 route de Bordeaux, 10115 Berlin
ORD-20260602-00668;ORD-20260602-00668-1;2026-06-02 07:06:53;C000771;S0513;P003151;1;96,27;0,00;EUR;DE;CARD;delivered;22 avenue des Tilleuls, 20095 Hambourg
ORD-20260602-00668;ORD-20260602-00668-2;2026-06-02 07:06:53;C000771;S0374;P007228;2;91,76;9,18;EUR;DE;CARD;Delivered;22 avenue des Tilleuls, 20095 Hambourg
ORD-20260602-00669;ORD-20260602-00669-1;2026-06-02 14:11:18;C002068;S0510;P001389;3;16,39;0,00;EUR;IT;PAYPAL;DELIVERED;25 rue Victor Hugo, 20121 Milan
ORD-20260602-00669;ORD-20260602-00669-2;2026-06-02 14:11:18;C002068;S0102;P007218;1;111,70;0,00;EUR;IT;PAYPAL;DELIVERED;25 rue Victor Hugo, 20121 Milan
ORD-20260602-00669;ORD-20260602-00669-2;2026-06-02 14:11:18;C002068;S0102;P007218;1;111,70;0,00;EUR;IT;PAYPAL;DELIVERED;25 rue Victor Hugo, 20121 Milan
ORD-20260602-00669;ORD-20260602-00669-3;2026-06-02 14:11:18;C002068;S0021;P005939;1;96,36;4,82;EUR;IT;PAYPAL;DELIVERED;25 rue Victor Hugo, 20121 Milan
ORD-20260602-00669;ORD-20260602-00669-4;2026-06-02 14:11:18;C002068;S0418;P000056;2;227,45;0,00;EUR;IT;PAYPAL;DELIVERED;25 rue Victor Hugo, 20121 Milan
ORD-20260602-00670;ORD-20260602-00670-1;2026-06-02 19:49:49;C018518;S0598;P000733;1;14,70;0,73;EUR;NL;CARD;DELIVERED;123 quai des Chartrons, 1011 Amsterdam
ORD-20260602-00670;ORD-20260602-00670-2;2026-06-02 19:49:49;C018518;S0283;P007940;1;187,99;9,40;EUR;NL;CARD;delivered;123 quai des Chartrons, 1011 Amsterdam
ORD-20260602-00670;ORD-20260602-00670-3;2026-06-02 19:49:49;C018518;S0595;P005801;2;16,18;0,00;EUR;NL;CARD; DELIVERED ;123 quai des Chartrons, 1011 Amsterdam
ORD-20260602-00671;ORD-20260602-00671-1;2026-06-02 18:40:02;C008635;S0501;P007161;1;63,28;6,33;EUR;FR;CARD;cancelled;111 rue du Général Leclerc, 13008 Marseille
ORD-20260602-00671;ORD-20260602-00671-2;2026-06-02 18:40:02;C008635;S0477;P000131;2;24,58;7,37;EUR;FR;CARD;Cancelled;111 rue du Général Leclerc, 13008 Marseille
ORD-20260602-00671;ORD-20260602-00671-3;2026-06-02 18:40:02;C008635;S0549;P004814;1;30,06;1,50;EUR;FR;CARD;CANCELLED;111 rue du Général Leclerc, 13008 Marseille
ORD-20260602-00672;ORD-20260602-00672-1;2026-06-02 19:27:33;C005279;S0551;P000107;2;11,79;3,54;EUR;FR;PAYPAL;PENDING;135 impasse du Moulin, 67000 Strasbourg
ORD-20260602-00673;ORD-20260602-00673-1;2026-06-02 08:31:04;C015320;S0485;P004683;1;118,68;0,00;EUR;DE;PAYPAL;DELIVERED;127 place de l'Église, 80331 Munich
ORD-20260602-00674;ORD-20260602-00674-1;2026-06-02 10:54:15;C018940;S0495;P000917;1;21,41;0,00;EUR;FR;PAYPAL;DELIVERED;169 boulevard Saint-Michel, 69003 Lyon
ORD-20260602-00674;ORD-20260602-00674-2;2026-06-02 10:54:15;C018940;S0198;P006951;2;61,32;0,00;EUR;FR;PAYPAL;Delivered;169 boulevard Saint-Michel, 69003 Lyon
ORD-20260602-00674;ORD-20260602-00674-3;2026-06-02 10:54:15;C018940;S0312;P006794;2;70,38;0,00;EUR;FR;PAYPAL;DELIVERED;169 boulevard Saint-Michel, 69003 Lyon
ORD-20260602-00674;ORD-20260602-00674-4;2026-06-02 10:54:15;C018940;S0093;P004462;4;15,84;6,34;EUR;FR;PAYPAL;DELIVERED;169 boulevard Saint-Michel, 69003 Lyon
ORD-20260602-00675;ORD-20260602-00675-1;2026-06-02 16:53:23;C010712;S0432;P006498;2;114,54;0,00;EUR;FR;CARD;DELIVERED;67 boulevard Saint-Michel, 35000 Rennes
ORD-20260602-00676;ORD-20260602-00676-1;2026-06-02 15:54:59;C003470;S0464;P001359;3;105,73;0,00;EUR;IT;CARD;Delivered;98 place de l'Église, 00184 Rome
ORD-20260602-00676;ORD-20260602-00676-2;2026-06-02 15:54:59;C003470;S0482;P007932;1;25,93;0,00;EUR;IT;CARD;DELIVERED;98 place de l'Église, 00184 Rome
ORD-20260602-00676;ORD-20260602-00676-3;2026-06-02 15:54:59;C003470;S0025;P004203;1;62,93;9,44;EUR;IT;CARD;DELIVERED;98 place de l'Église, 00184 Rome
ORD-20260602-00677;ORD-20260602-00677-1;2026-06-02 21:55:44;C019860;S0600;P006112;1;10,17;1,02;EUR;FR;GIFTCARD;SHIPPED;62 route de Bordeaux, 44000 Nantes
ORD-20260602-00678;ORD-20260602-00678-1;2026-06-02 14:03:41;C003207;S0543;P006385;1;167,60;8,38;EUR;ES;APPLEPAY; CANCELLED ;116 quai des Chartrons, 28001 Madrid
ORD-20260602-00678;ORD-20260602-00678-2;2026-06-02 14:03:41;C003207;S0145;P001080;1;14,39;2,16;EUR;ES;APPLEPAY;CANCELLED;116 quai des Chartrons, 28001 Madrid
ORD-20260602-00678;ORD-20260602-00678-3;2026-06-02 14:03:41;C003207;S0456;P001110;2;4,86;0,97;EUR;ES;APPLEPAY;CANCELLED;116 quai des Chartrons, 28001 Madrid
ORD-20260602-00679;ORD-20260602-00679-1;2026-06-02 17:41:21;C005950;S0596;P001885;1;46,25;6,94;EUR;FR;CARD;DELIVERED;51 quai des Chartrons, 33000 Bordeaux
ORD-20260602-00680;ORD-20260602-00680-1;2026-06-02 14:15:13;C015698;S0389;P006784;1;19,86;0,00;EUR;FR;CARD;delivered;90 chemin des Vignes, 44000 Nantes
ORD-20260602-00681;ORD-20260602-00681-1;2026-06-02 19:24:37;C016007;S0134;P002470;1;54,38;5,44;EUR;DE;PAYPAL;DELIVERED;115 rue du Général Leclerc, 20095 Hambourg
ORD-20260602-00681;ORD-20260602-00681-2;2026-06-02 19:24:37;C016007;S0015;P005952;1;144,63;14,46;EUR;DE;PAYPAL;DELIVERED;115 rue du Général Leclerc, 20095 Hambourg
ORD-20260602-00682;ORD-20260602-00682-1;2026-06-02 15:17:10;C011136;S0460;P001592;1;62,73;3,14;EUR;DE;PAYPAL;DELIVERED;81 impasse du Moulin, 80331 Munich
ORD-20260602-00682;ORD-20260602-00682-2;2026-06-02 15:17:10;C011136;S0527;P006099;1;45,38;0,00;EUR;DE;PAYPAL;DELIVERED;81 impasse du Moulin, 80331 Munich
ORD-20260602-00683;ORD-20260602-00683-1;2026-06-02 14:34:59;C019905;S0327;P006095;1;108,04;0,00;EUR;DE;CARD;DELIVERED;1 quai des Chartrons, 20095 Hambourg
ORD-20260602-00683;ORD-20260602-00683-2;2026-06-02 14:34:59;C019905;S0154;P007955;1;67,26;6,73;EUR;DE;CARD; DELIVERED ;1 quai des Chartrons, 20095 Hambourg
ORD-20260602-00683;ORD-20260602-00683-3;2026-06-02 14:34:59;C019905;S0315;P006647;1;186,38;0,00;EUR;DE;CARD;DELIVERED;1 quai des Chartrons, 20095 Hambourg
ORD-20260602-00684;ORD-20260602-00684-1;2026-06-02 17:31:11;C019979;S0093;P001116;2;34,79;0,00;EUR;FR;CARD;DELIVERED;112 allée des Peupliers, 31000 Toulouse
ORD-20260602-00685;ORD-20260602-00685-1;2026-06-02 19:43:35;C010295;S0016;P005623;4;12,57;0,00;EUR;IT;CARD;cancelled;58 rue du Général Leclerc, 20121 Milan
ORD-20260602-00686;ORD-20260602-00686-1;2026-06-02 12:58:54;C002654;S0301;P002172;1;46,62;0,00;EUR;IT;TRANSFER;DELIVERED;107 quai des Chartrons, 00184 Rome
ORD-20260602-00687;ORD-20260602-00687-1;2026-06-02 11:50:40;C013757;S0295;P002161;1;9,64;0,96;EUR;BE;PAYPAL;DELIVERED;65 avenue des Tilleuls, 2000 Anvers
ORD-20260602-00688;ORD-20260602-00688-1;2026-06-02 13:30:55;C017840;S0200;P006627;1;13,89;0,00;EUR;ES;CARD;DELIVERED;90 quai des Chartrons, 28001 Madrid
ORD-20260602-00688;ORD-20260602-00688-2;2026-06-02 13:30:55;C017840;S0126;P005826;1;80,67;0,00;EUR;ES;CARD;DELIVERED;90 quai des Chartrons, 28001 Madrid
ORD-20260602-00688;ORD-20260602-00688-3;2026-06-02 13:30:55;C017840;S0286;P000541;2;82,06;8,21;EUR;ES;CARD;DELIVERED;90 quai des Chartrons, 28001 Madrid
ORD-20260602-00689;ORD-20260602-00689-1;2026-06-02 13:24:18;C003068;S0248;P001598;1;120,27;6,01;EUR;NL;PAYPAL;DELIVERED;68 rue Victor Hugo, 1011 Amsterdam
ORD-20260602-00689;ORD-20260602-00689-2;2026-06-02 13:24:18;C003068;S0171;P004325;1;39,45;0,00;EUR;NL;PAYPAL;delivered;68 rue Victor Hugo, 1011 Amsterdam
ORD-20260602-00689;ORD-20260602-00689-3;2026-06-02 13:24:18;C003068;S0393;P007956;1;135,59;20,34;EUR;NL;PAYPAL;DELIVERED;68 rue Victor Hugo, 1011 Amsterdam
ORD-20260602-00690;ORD-20260602-00690-1;2026-06-02 14:57:08;C013615;S0448;P005421;2;36,60;0,00;EUR;FR;CARD; DELIVERED ;105 cours Gambetta, 33000 Bordeaux
ORD-20260602-00691;ORD-20260602-00691-1;2026-06-02 09:08:09;C005413;S0395;P003341;1;77,60;11,64;EUR;ES;CARD;DELIVERED;96 rue Victor Hugo, 08001 Barcelone
ORD-20260602-00692;ORD-20260602-00692-1;2026-06-02 13:43:37;C001020;S0497;P005831;1;97,73;0,00;EUR;FR;TRANSFER;delivered;137 cours Gambetta, 33000 Bordeaux
ORD-20260602-00692;ORD-20260602-00692-2;2026-06-02 13:43:37;C001020;S0215;P000944;1;65,61;6,56;EUR;FR;TRANSFER;DELIVERED;137 cours Gambetta, 33000 Bordeaux
ORD-20260602-00693;ORD-20260602-00693-1;2026-06-02 10:54:22;C006167;S0003;P006132;1;19,42;0,00;EUR;FR;APPLEPAY; DELIVERED ;49 avenue des Tilleuls, 44000 Nantes
ORD-20260602-00693;ORD-20260602-00693-2;2026-06-02 10:54:22;C006167;S0237;P004051;4;159,65;95,79;EUR;FR;APPLEPAY;DELIVERED;49 avenue des Tilleuls, 44000 Nantes
ORD-20260602-00693;ORD-20260602-00693-3;2026-06-02 10:54:22;C006167;S0071;P005619;1;61,62;9,24;EUR;FR;APPLEPAY;DELIVERED;49 avenue des Tilleuls, 44000 Nantes
ORD-20260602-00693;ORD-20260602-00693-4;2026-06-02 10:54:22;C006167;S0061;P003424;1;156,69;15,67;EUR;FR;APPLEPAY;DELIVERED;49 avenue des Tilleuls, 44000 Nantes
ORD-20260602-00693;ORD-20260602-00693-5;2026-06-02 10:54:22;C006167;S0120;P000122;1;9,39;0,47;EUR;FR;APPLEPAY;DELIVERED;49 avenue des Tilleuls, 44000 Nantes
ORD-20260602-00694;ORD-20260602-00694-1;2026-06-02 16:25:03;C001975;S0583;P002608;1;31,83;0,00;EUR;DE;PAYPAL;DELIVERED;97 rue de la République, 10115 Berlin
ORD-20260602-00694;ORD-20260602-00694-2;2026-06-02 16:25:03;C001975;S0349;P006557;1;52,82;2,64;EUR;DE;PAYPAL;DELIVERED;97 rue de la République, 10115 Berlin
ORD-20260602-00695;ORD-20260602-00695-1;2026-06-02 23:12:06;C017727;S0600;P001023;1;179,11;26,87;EUR;BE;CARD;Delivered;54 boulevard Saint-Michel, 1000 Bruxelles
ORD-20260602-00695;ORD-20260602-00695-2;2026-06-02 23:12:06;C017727;S0487;P004522;3;61,55;0,00;EUR;BE;CARD;DELIVERED;54 boulevard Saint-Michel, 1000 Bruxelles
ORD-20260602-00695;ORD-20260602-00695-3;2026-06-02 23:12:06;C017727;S0402;P006708;1;5,91;0,89;EUR;BE;CARD;Delivered;54 boulevard Saint-Michel, 1000 Bruxelles
ORD-20260602-00695;ORD-20260602-00695-4;2026-06-02 23:12:06;C017727;S0533;P002129;1;18,74;2,81;EUR;BE;CARD;DELIVERED;54 boulevard Saint-Michel, 1000 Bruxelles
ORD-20260602-00696;ORD-20260602-00696-1;2026-06-02 23:00:56;C000059;S0013;P003559;1;36,99;1,85;EUR;BE;CARD;DELIVERED;46 avenue des Tilleuls, 4000 Liège
ORD-20260602-00697;ORD-20260602-00697-1;2026-06-02 21:08:22;C005555;S0418;P005299;1;16,43;0,00;EUR;BE;CARD; DELIVERED ;106 chemin des Vignes, 4000 Liège
ORD-20260602-00697;ORD-20260602-00697-2;2026-06-02 21:08:22;C005555;S0593;P007071;1;17,98;0,00;EUR;BE;CARD;DELIVERED;106 chemin des Vignes, 4000 Liège
ORD-20260602-00697;ORD-20260602-00697-3;2026-06-02 21:08:22;C005555;S0250;P001051;1;27,79;4,17;EUR;BE;CARD;DELIVERED;106 chemin des Vignes, 4000 Liège
ORD-20260602-00697;ORD-20260602-00697-4;2026-06-02 21:08:22;C005555;S0157;P003209;1;42,88;4,29;EUR;BE;CARD;DELIVERED;106 chemin des Vignes, 4000 Liège
ORD-20260602-00698;ORD-20260602-00698-1;2026-06-02 08:24:32;C018113;S0224;P007221;1;154,84;15,48;EUR;FR;CARD;Delivered;89 place de l'Église, 69003 Lyon
ORD-20260602-00698;ORD-20260602-00698-2;2026-06-02 08:24:32;C018113;S0341;P003588;1;27,44;0,00;EUR;FR;CARD; DELIVERED ;89 place de l'Église, 69003 Lyon
ORD-20260602-00699;ORD-20260602-00699-1;2026-06-02 10:52:06;C018052;S0283;P007941;1;63,75;0,00;EUR;DE;APPLEPAY;DELIVERED;5 rue de la République, 20095 Hambourg
ORD-20260602-00700;ORD-20260602-00700-1;2026-06-02 08:16:41;C015849;S0533;P005981;1;174,15;0,00;EUR;BE;PAYPAL;PENDING;180 avenue des Tilleuls, 1000 Bruxelles
ORD-20260602-00700;ORD-20260602-00700-2;2026-06-02 08:16:41;C015849;S0487;P004522;2;58,06;17,42;EUR;BE;PAYPAL;Pending;180 avenue des Tilleuls, 1000 Bruxelles
ORD-20260602-00701;ORD-20260602-00701-1;2026-06-02 17:23:33;C002135;S0168;P005592;1;12,30;0,00;EUR;FR;GIFTCARD;DELIVERED;15 impasse du Moulin, 75011 Paris
ORD-20260602-00701;ORD-20260602-00701-2;2026-06-02 17:23:33;C002135;S0228;P004465;1;32,38;0,00;EUR;FR;GIFTCARD;DELIVERED;15 impasse du Moulin, 75011 Paris
ORD-20260602-00702;ORD-20260602-00702-1;2026-06-02 09:31:03;C022768;S0349;P005576;1;170,31;0,00;EUR;ES;GIFTCARD;Delivered;4 avenue des Tilleuls, 08001 Barcelone
ORD-20260602-00703;ORD-20260602-00703-1;2026-06-02 16:37:17;C020604;S0083;P002119;2;50,66;15,20;EUR;ES;CARD;DELIVERED;83 boulevard Saint-Michel, 08001 Barcelone
ORD-20260602-00703;ORD-20260602-00703-2;2026-06-02 16:37:17;C020604;S0521;P004385;1;32,96;0,00;EUR;ES;CARD;DELIVERED;83 boulevard Saint-Michel, 08001 Barcelone
ORD-20260602-00704;ORD-20260602-00704-1;2026-06-02 14:13:26;C008453;S0247;P003674;3;120,26;36,08;EUR;NL;CARD;DELIVERED;54 place de l'Église, 1011 Amsterdam
ORD-20260602-00705;ORD-20260602-00705-1;2026-06-02 08:02:05;C007209;S0492;P003866;2;59,52;0,00;EUR;ES;CARD;DELIVERED;167 chemin des Vignes, 46001 Valence
ORD-20260602-00705;ORD-20260602-00705-1;2026-06-02 08:02:05;C007209;S0492;P003866;2;59,52;0,00;EUR;ES;CARD;DELIVERED;167 chemin des Vignes, 46001 Valence
ORD-20260602-00706;ORD-20260602-00706-1;2026-06-02 10:09:45;C016325;S0272;P004582;2;39,24;0,00;EUR;IT;CARD;DELIVERED;88 quai des Chartrons, 00184 Rome
ORD-20260602-00706;ORD-20260602-00706-2;2026-06-02 10:09:45;C016325;S0240;P007691;2;87,51;0,00;EUR;IT;CARD; DELIVERED ;88 quai des Chartrons, 00184 Rome
ORD-20260602-00706;ORD-20260602-00706-3;2026-06-02 10:09:45;C016325;S0418;P000373;1;16,29;2,44;EUR;IT;CARD;DELIVERED;88 quai des Chartrons, 00184 Rome
ORD-20260602-00706;ORD-20260602-00706-4;2026-06-02 10:09:45;C016325;S0395;P007491;1;45,11;2,26;EUR;IT;CARD;DELIVERED;88 quai des Chartrons, 00184 Rome
ORD-20260602-00707;ORD-20260602-00707-1;2026-06-02 09:15:34;C014739;S0400;P007754;1;74,50;0,00;EUR;DE;PAYPAL;DELIVERED;95 impasse du Moulin, 20095 Hambourg
ORD-20260602-00708;ORD-20260602-00708-1;2026-06-02 22:08:04;C024720;S0277;P005134;1;68,14;0,00;EUR;BE;CARD;DELIVERED;113 impasse du Moulin, 2000 Anvers
ORD-20260602-00709;ORD-20260602-00709-1;2026-06-02 15:43:42;C001449;S0498;P004995;1;29,98;0,00;EUR;ES;CARD;DELIVERED;157 boulevard Saint-Michel, 28001 Madrid
ORD-20260602-00709;ORD-20260602-00709-2;2026-06-02 15:43:42;C001449;S0046;P001271;1;85,67;4,28;EUR;ES;CARD;delivered;157 boulevard Saint-Michel, 28001 Madrid
ORD-20260602-00709;ORD-20260602-00709-3;2026-06-02 15:43:42;C001449;S0269;P003980;1;80,16;8,02;EUR;ES;CARD;DELIVERED;157 boulevard Saint-Michel, 28001 Madrid
ORD-20260602-00709;ORD-20260602-00709-4;2026-06-02 15:43:42;C001449;S0130;P001058;2;52,91;0,00;EUR;ES;CARD;Delivered;157 boulevard Saint-Michel, 28001 Madrid
ORD-20260602-00710;ORD-20260602-00710-1;2026-06-02 15:15:25;C020837;S0292;P002036;2;58,69;11,74;EUR;IT;CARD;RETURNED;162 rue de la République, 20121 Milan
ORD-20260602-00711;ORD-20260602-00711-1;2026-06-02 10:54:21;C018789;S0234;P000004;1;57,28;0,00;EUR;IT;CARD;DELIVERED;24 impasse du Moulin, 20121 Milan
ORD-20260602-00711;ORD-20260602-00711-2;2026-06-02 10:54:21;C018789;S0156;P000779;1;79,89;0,00;EUR;IT;CARD;DELIVERED;24 impasse du Moulin, 20121 Milan
ORD-20260602-00711;ORD-20260602-00711-3;2026-06-02 10:54:21;C018789;S0273;P002103;1;67,71;10,16;EUR;IT;CARD;DELIVERED;24 impasse du Moulin, 20121 Milan
ORD-20260602-00712;ORD-20260602-00712-1;2026-06-02 06:00:47;C009076;S0177;P007687;1;103,93;5,20;EUR;FR;CARD;Delivered;152 rue Victor Hugo, 13008 Marseille
ORD-20260602-00713;ORD-20260602-00713-1;2026-06-02 15:40:36;C021902;S0454;P000906;2;46,59;0,00;EUR;BE;CARD;DELIVERED;29 boulevard Saint-Michel, 4000 Liège
ORD-20260602-00713;ORD-20260602-00713-2;2026-06-02 15:40:36;C021902;S0301;P007056;1;180,59;18,06;EUR;BE;CARD;DELIVERED;29 boulevard Saint-Michel, 4000 Liège
ORD-20260602-00713;ORD-20260602-00713-3;2026-06-02 15:40:36;C021902;S0236;P003537;1;20,99;0,00;EUR;BE;CARD;DELIVERED;29 boulevard Saint-Michel, 4000 Liège
ORD-20260602-00713;ORD-20260602-00713-4;2026-06-02 15:40:36;C021902;S0573;P006990;3;18,97;0,00;EUR;BE;CARD;Delivered;29 boulevard Saint-Michel, 4000 Liège
ORD-20260602-00714;ORD-20260602-00714-1;2026-06-02 10:38:47;C021148;S0243;P005125;3;61,42;0,00;EUR;FR;APPLEPAY;delivered;142 avenue des Tilleuls, 31000 Toulouse
ORD-20260602-00715;ORD-20260602-00715-1;2026-06-02 14:28:23;C006341;S0386;P004261;1;24,98;2,50;EUR;FR;PAYPAL;Returned;39 rue du Général Leclerc, 75011 Paris
ORD-20260602-00715;ORD-20260602-00715-2;2026-06-02 14:28:23;C006341;S0551;P002970;1;72,27;7,23;EUR;FR;PAYPAL;RETURNED;39 rue du Général Leclerc, 75011 Paris
ORD-20260602-00715;ORD-20260602-00715-3;2026-06-02 14:28:23;C006341;S0532;P006865;2;78,14;0,00;EUR;FR;PAYPAL;RETURNED;39 rue du Général Leclerc, 75011 Paris
ORD-20260602-00715;ORD-20260602-00715-4;2026-06-02 14:28:23;C006341;S0300;P004383;1;65,73;0,00;EUR;FR;PAYPAL;RETURNED;39 rue du Général Leclerc, 75011 Paris
ORD-20260602-00715;ORD-20260602-00715-5;2026-06-02 14:28:23;C006341;S0493;P007484;1;59,68;8,95;EUR;FR;PAYPAL;RETURNED;39 rue du Général Leclerc, 75011 Paris
ORD-20260602-00716;ORD-20260602-00716-1;2026-06-02 16:18:44;C007031;S0453;P001654;1;9,10;1,36;EUR;ES;CARD;DELIVERED;50 boulevard Saint-Michel, 46001 Valence
ORD-20260602-00716;ORD-20260602-00716-2;2026-06-02 16:18:44;C007031;S0499;P007242;2;29,30;0,00;EUR;ES;CARD;delivered;50 boulevard Saint-Michel, 46001 Valence
ORD-20260602-00717;ORD-20260602-00717-1;2026-06-02 17:28:16;C015394;S0301;P003125;1;46,05;0,00;EUR;BE;CARD; DELIVERED ;82 impasse du Moulin, 2000 Anvers
ORD-20260602-00717;ORD-20260602-00717-2;2026-06-02 17:28:16;C015394;S0569;P001894;1;20,86;3,13;EUR;BE;CARD;DELIVERED;82 impasse du Moulin, 2000 Anvers
ORD-20260602-00718;ORD-20260602-00718-1;2026-06-02 10:36:56;C023874;S0132;P006584;1;14,81;2,22;EUR;FR;CARD; SHIPPED ;17 route de Bordeaux, 31000 Toulouse
ORD-20260602-00718;ORD-20260602-00718-2;2026-06-02 10:36:56;C023874;S0004;P001367;1;10,98;0,00;EUR;FR;CARD; SHIPPED ;17 route de Bordeaux, 31000 Toulouse
ORD-20260602-00718;ORD-20260602-00718-3;2026-06-02 10:36:56;C023874;S0390;P004594;1;199,79;9,99;EUR;FR;CARD;SHIPPED;17 route de Bordeaux, 31000 Toulouse
ORD-20260602-00719;ORD-20260602-00719-1;2026-06-02 11:08:49;C017437;S0093;P005377;2;15,14;0,00;EUR;FR;CARD;DELIVERED;36 rue du Général Leclerc, 13008 Marseille
ORD-20260602-00719;ORD-20260602-00719-2;2026-06-02 11:08:49;C017437;S0233;P005737;1;48,89;0,00;EUR;FR;CARD; DELIVERED ;36 rue du Général Leclerc, 13008 Marseille
ORD-20260602-00719;ORD-20260602-00719-3;2026-06-02 11:08:49;C017437;S0519;P005346;1;37,14;0,00;EUR;FR;CARD;delivered;36 rue du Général Leclerc, 13008 Marseille
ORD-20260602-00720;ORD-20260602-00720-1;2026-06-02 14:37:16;C020021;S0142;P001708;1;60,04;3,00;EUR;FR;CARD;RETURNED;131 quai des Chartrons, 13008 Marseille
ORD-20260602-00721;ORD-20260602-00721-1;2026-06-02 07:19:04;C016880;S0390;P003702;1;49,84;7,48;EUR;FR;GIFTCARD;RETURNED;139 quai des Chartrons, 31000 Toulouse
ORD-20260602-00722;ORD-20260602-00722-1;2026-06-02 15:25:26;C004150;S0264;P003421;1;9,17;1,38;EUR;BE;TRANSFER;pending;59 cours Gambetta, 1000 Bruxelles
ORD-20260602-00722;ORD-20260602-00722-2;2026-06-02 15:25:26;C004150;S0123;P007432;2;148,37;29,67;EUR;BE;TRANSFER;PENDING;59 cours Gambetta, 1000 Bruxelles
ORD-20260602-00722;ORD-20260602-00722-3;2026-06-02 15:25:26;C004150;S0592;P001192;3;16,74;7,53;EUR;BE;TRANSFER;Pending;59 cours Gambetta, 1000 Bruxelles
ORD-20260602-00723;ORD-20260602-00723-1;2026-06-02 13:31:28;C003916;S0150;P001447;1;3,78;0,00;EUR;FR;PAYPAL;DELIVERED;1 quai des Chartrons, 59000 Lille
ORD-20260602-00723;ORD-20260602-00723-2;2026-06-02 13:31:28;C003916;S0286;P001009;1;15,46;2,32;EUR;FR;PAYPAL;DELIVERED;1 quai des Chartrons, 59000 Lille
ORD-20260602-00724;ORD-20260602-00724-1;2026-06-02 14:33:34;C002779;S0346;P005357;1;39,33;0,00;EUR;DE;PAYPAL;DELIVERED;9 avenue des Tilleuls, 20095 Hambourg
ORD-20260602-00724;ORD-20260602-00724-2;2026-06-02 14:33:34;C002779;S0163;P003208;1;59,76;8,96;EUR;DE;PAYPAL;DELIVERED;9 avenue des Tilleuls, 20095 Hambourg
ORD-20260602-00725;ORD-20260602-00725-1;2026-06-02 17:00:30;C008976;S0119;P006087;2;63,30;0,00;EUR;FR;CARD;DELIVERED;143 impasse du Moulin, 35000 Rennes
ORD-20260602-00725;ORD-20260602-00725-2;2026-06-02 17:00:30;C008976;S0204;P007035;1;53,63;8,04;EUR;FR;CARD;Delivered;143 impasse du Moulin, 35000 Rennes
ORD-20260602-00726;ORD-20260602-00726-1;2026-06-02 23:38:00;C006481;S0387;P004106;2;35,54;0,00;EUR;ES;PAYPAL;delivered;85 rue Victor Hugo, 08001 Barcelone
ORD-20260602-00726;ORD-20260602-00726-2;2026-06-02 23:38:00;C006481;S0558;P006874;1;163,59;8,18;EUR;ES;PAYPAL;DELIVERED;85 rue Victor Hugo, 08001 Barcelone
ORD-20260602-00727;ORD-20260602-00727-1;2026-06-02 15:43:17;C015343;S0531;P006919;1;36,94;0,00;EUR;BE;PAYPAL;DELIVERED;60 rue Victor Hugo, 2000 Anvers
ORD-20260602-00727;ORD-20260602-00727-2;2026-06-02 15:43:17;C015343;S0488;P005539;1;84,88;0,00;EUR;BE;PAYPAL;DELIVERED;60 rue Victor Hugo, 2000 Anvers
ORD-20260602-00728;ORD-20260602-00728-1;2026-06-02 14:44:50;C014561;S0338;P000357;2;46,77;0,00;EUR;FR;PAYPAL;DELIVERED;154 impasse du Moulin, 44000 Nantes
ORD-20260602-00728;ORD-20260602-00728-2;2026-06-02 14:44:50;C014561;S0573;P002837;1;78,04;0,00;EUR;FR;PAYPAL;delivered;154 impasse du Moulin, 44000 Nantes
ORD-20260602-00729;ORD-20260602-00729-1;2026-06-02 23:38:34;C020275;S0450;P005837;1;38,16;3,82;EUR;FR;CARD;DELIVERED;114 rue de la République, 35000 Rennes
ORD-20260602-00729;ORD-20260602-00729-2;2026-06-02 23:38:34;C020275;S0499;P005965;1;170,45;8,52;EUR;FR;CARD;DELIVERED;114 rue de la République, 35000 Rennes
ORD-20260602-00729;ORD-20260602-00729-3;2026-06-02 23:38:34;C020275;S0592;P000020;4;50,06;10,01;EUR;FR;CARD;DELIVERED;114 rue de la République, 35000 Rennes
ORD-20260602-00729;ORD-20260602-00729-4;2026-06-02 23:38:34;C020275;S0354;P007780;1;177,73;8,89;EUR;FR;CARD;delivered;114 rue de la République, 35000 Rennes
ORD-20260602-00730;ORD-20260602-00730-1;2026-06-02 14:32:44;C022216;S0395;P000999;2;96,29;19,26;EUR;BE;PAYPAL;DELIVERED;91 boulevard Saint-Michel, 2000 Anvers
ORD-20260602-00731;ORD-20260602-00731-1;2026-06-02 16:49:36;C992517;S0100;P003295;3;131,57;0,00;EUR;FR;CARD;DELIVERED;164 place de l'Église, 69003 Lyon
ORD-20260602-00732;ORD-20260602-00732-1;2026-06-02 04:06:40;C005588;S0111;P004459;1;18,99;0,00;EUR;DE;CARD;DELIVERED;117 impasse du Moulin, 20095 Hambourg
ORD-20260602-00733;ORD-20260602-00733-1;2026-06-02 03:09:33;C012932;S0369;P005813;1;43,70;0,00;EUR;BE;CARD;DELIVERED;51 boulevard Saint-Michel, 2000 Anvers
ORD-20260602-00733;ORD-20260602-00733-2;2026-06-02 03:09:33;C012932;S0290;P007566;3;30,48;13,72;EUR;BE;CARD;DELIVERED;51 boulevard Saint-Michel, 2000 Anvers
ORD-20260602-00734;ORD-20260602-00734-1;2026-06-02 14:39:28;C001665;S0566;P002428;1;36,74;0,00;EUR;FR;GIFTCARD;DELIVERED;99 allée des Peupliers, 31000 Toulouse
ORD-20260602-00735;ORD-20260602-00735-1;2026-06-02 13:01:11;C019119;S0066;P001142;1;180,22;9,01;EUR;BE;CARD;DELIVERED;28 avenue des Tilleuls, 1000 Bruxelles
ORD-20260602-00735;ORD-20260602-00735-2;2026-06-02 13:01:11;C019119;S0319;P007136;2;59,86;0,00;EUR;BE;CARD;DELIVERED;28 avenue des Tilleuls, 1000 Bruxelles
ORD-20260602-00736;ORD-20260602-00736-1;2026-06-02 09:39:27;C006657;S0454;P006723;2;31,18;0,00;EUR;ES;PAYPAL;DELIVERED;68 rue du Général Leclerc, 08001 Barcelone
ORD-20260602-00737;ORD-20260602-00737-1;2026-06-02 18:18:16;C013427;S0209;P000197;1;11,20;1,12;EUR;DE;CARD;DELIVERED;116 allée des Peupliers, 20095 Hambourg
ORD-20260602-00737;ORD-20260602-00737-2;2026-06-02 18:18:16;C013427;S0231;P002853;1;15,34;2,30;EUR;DE;CARD; DELIVERED ;116 allée des Peupliers, 20095 Hambourg
ORD-20260602-00737;ORD-20260602-00737-3;2026-06-02 18:18:16;C013427;S0519;P006101;1;137,25;0,00;EUR;DE;CARD;DELIVERED;116 allée des Peupliers, 20095 Hambourg
ORD-20260602-00738;ORD-20260602-00738-1;2026-06-02 13:02:57;C000231;S0164;P006940;1;84,94;12,74;EUR;DE;CARD; CANCELLED ;89 route de Bordeaux, 20095 Hambourg
ORD-20260602-00738;ORD-20260602-00738-2;2026-06-02 13:02:57;C000231;S0567;P005983;1;71,82;3,59;EUR;DE;CARD;cancelled;89 route de Bordeaux, 20095 Hambourg
ORD-20260602-00738;ORD-20260602-00738-3;2026-06-02 13:02:57;C000231;S0050;P003023;1;23,72;2,37;EUR;DE;CARD; CANCELLED ;89 route de Bordeaux, 20095 Hambourg
ORD-20260602-00739;ORD-20260602-00739-1;2026-06-02 17:36:32;C021911;S0046;P004263;1;91,30;9,13;EUR;FR;CARD;DELIVERED;119 rue de la République, 31000 Toulouse
ORD-20260602-00740;ORD-20260602-00740-1;2026-06-02 18:17:47;C020192;S0096;P000510;1;68,51;3,43;EUR;ES;CARD;RETURNED;62 quai des Chartrons, 46001 Valence
ORD-20260602-00741;ORD-20260602-00741-1;2026-06-02 23:25:01;C002966;S0491;P006351;1;72,31;0,00;EUR;FR;CARD;DELIVERED;95 rue du Général Leclerc, 67000 Strasbourg
ORD-20260602-00742;ORD-20260602-00742-1;2026-06-02 14:09:16;C019187;S0272;P003052;1;129,69;6,48;EUR;BE;CARD; DELIVERED ;11 route de Bordeaux, 4000 Liège
ORD-20260602-00742;ORD-20260602-00742-2;2026-06-02 14:09:16;C019187;S0131;P000619;1;53,13;5,31;EUR;BE;CARD;DELIVERED;11 route de Bordeaux, 4000 Liège
ORD-20260602-00743;ORD-20260602-00743-1;2026-06-02 15:23:15;C014655;S0359;P006472;1;264,62;26,46;EUR;FR;PAYPAL;DELIVERED;112 place de l'Église, 59000 Lille
ORD-20260602-00743;ORD-20260602-00743-2;2026-06-02 15:23:15;C014655;S0219;P000822;1;13,79;0,00;EUR;FR;PAYPAL;DELIVERED;112 place de l'Église, 59000 Lille
ORD-20260602-00743;ORD-20260602-00743-3;2026-06-02 15:23:15;C014655;S0399;P007164;2;42,12;12,64;EUR;FR;PAYPAL;DELIVERED;112 place de l'Église, 59000 Lille
ORD-20260601-00530;ORD-20260601-00530-2;2026-06-01 14:39:43;C003404;S0426;P003406;1;37,92;0,00;EUR;NL;CARD;Delivered;106 boulevard Saint-Michel, 1011 Amsterdam
ORD-20260601-00515;ORD-20260601-00515-1;2026-06-01 20:26:00;C016464;S0580;P005750;2;76,21;0,00;EUR;BE;CARD; DELIVERED ;175 quai des Chartrons, 1000 Bruxelles
ORD-20260601-00468;ORD-20260601-00468-5;2026-06-01 14:51:41;C021696;S0423;P007146;1;89,58;4,48;EUR;FR;CARD;SHIPPED;27 chemin des Vignes, 33000 Bordeaux
ORD-20260601-00150;ORD-20260601-00150-1;2026-06-01 13:51:10;C015556;S0573;P000289;1;50,32;0,00;EUR;ES;APPLEPAY;delivered;11 place de l'Église, 28001 Madrid
ORD-20260601-00017;ORD-20260601-00017-2;2026-06-01 19:33:53;C002940;S0247;P007638;2;40,56;0,00;EUR;NL;CARD;delivered;137 avenue des Tilleuls, 1011 Amsterdam
ORD-20260601-00213;ORD-20260601-00213-1;2026-06-01 13:48:59;C010738;S0397;P007065;1;67,98;0,00;EUR;BE;CARD;DELIVERED;93 chemin des Vignes, 1000 Bruxelles
ORD-20260601-00661;ORD-20260601-00661-1;2026-06-01 16:58:25;C002155;S0186;P004902;1;65,72;6,57;EUR;FR;PAYPAL;DELIVERED;136 impasse du Moulin, 69003 Lyon
ORD-20260601-00671;ORD-20260601-00671-2;2026-06-01 23:41:50;C010852;S0075;P004286;1;29,23;1,46;EUR;FR;CARD;PENDING;1 avenue des Tilleuls, 31000 Toulouse
ORD-20260601-00473;ORD-20260601-00473-1;2026-06-01 18:08:11;C024540;S0267;P001243;1;79,90;0,00;EUR;NL;CARD;CANCELLED;3 quai des Chartrons, 1011 Amsterdam
ORD-20260601-00681;ORD-20260601-00681-3;2026-06-01 12:14:39;C018777;S0509;P001799;4;90,59;0,00;EUR;DE;CARD;DELIVERED;142 rue de la République, 20095 Hambourg
ORD-20260601-00175;ORD-20260601-00175-1;2026-06-01 23:15:23;C005185;S0583;P004754;2;15,45;1,54;EUR;FR;CARD;DELIVERED;48 allée des Peupliers, 44000 Nantes
ORD-20260601-00028;ORD-20260601-00028-1;2026-06-01 04:30:03;C002045;S0554;P002511;2;32,96;0,00;EUR;BE;CARD;DELIVERED;50 rue Victor Hugo, 1000 Bruxelles
ORD-20260601-00373;ORD-20260601-00373-1;2026-06-01 20:14:21;C022083;S0286;P003570;1;63,64;0,00;EUR;IT;CARD; DELIVERED ;2 quai des Chartrons, 00184 Rome
ORD-20260601-00437;ORD-20260601-00437-4;2026-06-01 11:34:16;C005844;S0440;P007599;1;63,96;0,00;EUR;DE;CARD;delivered;176 quai des Chartrons, 80331 Munich
ORD-20260601-00125;ORD-20260601-00125-1;2026-06-01 18:15:31;C018499;S0440;P007364;1;38,11;0,00;EUR;FR;CARD;DELIVERED;109 quai des Chartrons, 13008 Marseille
ORD-20260601-00617;ORD-20260601-00617-2;2026-06-01 16:42:01;C020531;S0482;P000812;1;11,87;1,19;EUR;FR;CARD;DELIVERED;115 rue du Général Leclerc, 33000 Bordeaux
ORD-20260601-00204;ORD-20260601-00204-4;2026-06-01 20:22:04;C003448;S0209;P002894;2;62,30;0,00;EUR;DE;CARD;SHIPPED;54 route de Bordeaux, 10115 Berlin
ORD-20260601-00456;ORD-20260601-00456-5;2026-06-01 17:43:06;C013208;S0046;P002855;1;62,93;3,15;EUR;DE;CARD;DELIVERED;33 quai des Chartrons, 10115 Berlin
ORD-20260601-00681;ORD-20260601-00681-4;2026-06-01 12:14:39;C018777;S0316;P007859;3;44,45;0,00;EUR;DE;CARD;delivered;142 rue de la République, 20095 Hambourg
ORD-20260601-00040;ORD-20260601-00040-1;2026-06-01 21:25:41;C004688;S0489;P001303;1;72,50;0,00;EUR;FR;GIFTCARD;DELIVERED;140 rue du Général Leclerc, 13008 Marseille
ORD-20260601-00216;ORD-20260601-00216-2;2026-06-01 20:01:09;C012297;S0410;P004257;1;25,29;0,00;EUR;FR;CARD;DELIVERED;96 boulevard Saint-Michel, 35000 Rennes
ORD-20260601-00314;ORD-20260601-00314-1;2026-06-01 16:10:55;C013537;S0566;P002428;1;35,14;5,27;EUR;DE;APPLEPAY;PENDING;87 rue du Général Leclerc, 80331 Munich
ORD-20260601-00363;ORD-20260601-00363-4;2026-06-01 15:02:54;C015472;S0420;P004444;1;48,42;4,84;EUR;ES;CARD;DELIVERED;63 chemin des Vignes, 28001 Madrid
ORD-20260601-00157;ORD-20260601-00157-1;2026-06-01 12:23:25;C004461;S0254;P007399;2;66,50;0,00;EUR;ES;CARD;Delivered;24 rue du Général Leclerc, 08001 Barcelone
ORD-20260601-00021;ORD-20260601-00021-2;2026-06-01 16:47:11;C012680;S0129;P003113;2;76,10;15,22;EUR;NL;CARD;DELIVERED;142 rue de la République, 1011 Amsterdam
ORD-20260601-00388;ORD-20260601-00388-2;2026-06-01 13:54:24;C023494;S0578;P004025;1;51,12;7,67;EUR;FR;CARD;DELIVERED;100 impasse du Moulin, 35000 Rennes
ORD-20260601-00572;ORD-20260601-00572-2;2026-06-01 11:42:06;C010081;S0506;P000396;4;15,12;9,07;EUR;FR;PAYPAL;DELIVERED;59 quai des Chartrons, 75011 Paris
ORD-20260601-00108;ORD-20260601-00108-1;2026-06-01 15:10:32;C005422;S0191;P006173;2;82,80;0,00;EUR;ES;CARD;SHIPPED;48 avenue des Tilleuls, 28001 Madrid
ORD-20260601-00677;ORD-20260601-00677-4;2026-06-01 19:03:39;C007130;S0451;P000986;3;110,91;49,91;EUR;BE;TRANSFER;DELIVERED;12 impasse du Moulin, 1000 Bruxelles
ORD-20260601-00272;ORD-20260601-00272-1;2026-06-01 15:43:31;C018815;S0063;P001438;1;155,43;7,77;EUR;IT;CARD;DELIVERED;49 place de l'Église, 20121 Milan
ORD-20260601-00138;ORD-20260601-00138-1;2026-06-01 12:57:13;C006118;S0205;P001967;2;54,91;16,47;EUR;NL;CARD;DELIVERED;172 impasse du Moulin, 1011 Amsterdam
ORD-20260601-00460;ORD-20260601-00460-3;2026-06-01 12:12:07;C015102;S0553;P000863;1;37,31;5,60;EUR;ES;CARD;DELIVERED;40 allée des Peupliers, 08001 Barcelone
ORD-20260601-00143;ORD-20260601-00143-1;2026-06-01 07:12:01;C016852;S0460;P001592;1;61,89;0,00;EUR;FR;TRANSFER;PENDING;36 cours Gambetta, 59000 Lille
ORD-20260601-00533;ORD-20260601-00533-3;2026-06-01 17:27:37;C017474;S0077;P002455;1;124,34;0,00;EUR;NL;CARD;DELIVERED;10 boulevard Saint-Michel, 1011 Amsterdam
ORD-20260601-00686;ORD-20260601-00686-2;2026-06-01 12:14:04;C020437;S0580;P005750;1;79,77;0,00;EUR;FR;CARD;PENDING;140 chemin des Vignes, 44000 Nantes
ORD-20260601-00509;ORD-20260601-00509-3;2026-06-01 12:15:57;C003135;S0535;P001375;1;50,38;0,00;EUR;DE;PAYPAL;DELIVERED;19 rue de la République, 80331 Munich
ORD-20260601-00669;ORD-20260601-00669-3;2026-06-01 11:15:18;C024570;S0390;P002519;2;70,44;7,04;EUR;FR;CARD;Delivered;170 rue de la République, 75011 Paris
ORD-20260601-00402;ORD-20260601-00402-1;2026-06-01 20:58:10;C020987;S0582;P006392;2;66,08;0,00;EUR;FR;TRANSFER;DELIVERED;91 rue de la République, 75011 Paris
ORD-20260601-00253;ORD-20260601-00253-1;2026-06-01 17:26:59;C018055;S0142;P003844;1;49,91;7,49;EUR;FR;APPLEPAY;DELIVERED;163 allée des Peupliers, 44000 Nantes
ORD-20260601-00234;ORD-20260601-00234-1;2026-06-01 09:23:02;C016445;S0256;P007141;1;97,61;4,88;EUR;FR;CARD;DELIVERED;165 rue du Général Leclerc, 59000 Lille
ORD-20260601-00542;ORD-20260601-00542-2;2026-06-01 13:55:20;C006650;S0587;P005858;2;128,62;12,86;EUR;DE;CARD;SHIPPED;18 place de l'Église, 80331 Munich
ORD-20260601-00143;ORD-20260601-00143-2;2026-06-01 07:12:01;C016852;S0191;P005522;2;48,03;0,00;EUR;FR;TRANSFER;PENDING;36 cours Gambetta, 59000 Lille
ORD-20260601-00529;ORD-20260601-00529-2;2026-06-01 16:32:40;C000976;S0010;P007409;1;221,80;0,00;EUR;FR;CARD;DELIVERED;153 rue du Général Leclerc, 31000 Toulouse
ORD-20260601-00629;ORD-20260601-00629-1;2026-06-01 12:34:48;C020815;S0008;P003283;4;35,49;0,00;EUR;FR;GIFTCARD; DELIVERED ;170 chemin des Vignes, 59000 Lille
ORD-20260601-00073;ORD-20260601-00073-2;2026-06-01 09:09:14;C006500;S0435;P002183;1;55,35;0,00;EUR;FR;CARD;Delivered;62 rue de la République, 13008 Marseille
ORD-20260601-00561;ORD-20260601-00561-1;2026-06-01 20:08:24;C011880;S0425;P005781;3;65,44;19,63;EUR;FR;PAYPAL;DELIVERED;5 rue de la République, 35000 Rennes
ORD-20260601-00618;ORD-20260601-00618-2;2026-06-01 17:38:36;C003826;S0542;P000740;1;71,13;0,00;EUR;FR;CARD;DELIVERED;99 cours Gambetta, 67000 Strasbourg
ORD-20260601-00360;ORD-20260601-00360-1;2026-06-01 13:35:55;C004621;S0109;P006486;1;52,01;5,20;EUR;FR;CARD;DELIVERED;101 chemin des Vignes, 35000 Rennes
ORD-20260601-00645;ORD-20260601-00645-2;2026-06-01 15:13:07;C020467;S0573;P004233;1;60,13;6,01;EUR;FR;CARD; DELIVERED ;156 allée des Peupliers, 31000 Toulouse
ORD-20260601-00442;ORD-20260601-00442-1;2026-06-01 19:54:32;C003393;S0119;P001481;4;184,31;0,00;EUR;IT;CARD; DELIVERED ;165 rue de la République, 20121 Milan
ORD-20260601-00536;ORD-20260601-00536-1;2026-06-01 23:05:47;C007205;S0218;P002655;1;134,23;0,00;EUR;FR;PAYPAL;DELIVERED;41 quai des Chartrons, 75011 Paris
ORD-20260601-00144;ORD-20260601-00144-3;2026-06-01 14:35:04;C008300;S0033;P005660;1;57,28;0,00;EUR;FR;CARD;DELIVERED;101 chemin des Vignes, 35000 Rennes
ORD-20260601-00201;ORD-20260601-00201-3;2026-06-01 13:19:38;C001478;S0438;P007470;2;55,55;0,00;EUR;IT;PAYPAL;Delivered;38 rue du Général Leclerc, 00184 Rome
ORD-20260601-00100;ORD-20260601-00100-2;2026-06-01 11:36:01;C001614;S0523;P006318;1;73,45;0,00;EUR;IT;CARD;DELIVERED;172 route de Bordeaux, 20121 Milan
ORD-20260601-00641;ORD-20260601-00641-3;2026-06-01 15:56:23;C014658;S0536;P003748;1;123,84;0,00;EUR;DE;PAYPAL;shipped;17 rue Victor Hugo, 80331 Munich
ORD-20260601-00064;ORD-20260601-00064-1;2026-06-01 15:07:05;C021655;S0041;P002364;1;43,54;4,35;EUR;ES;CARD;delivered;108 rue de la République, 28001 Madrid
ORD-20260601-00188;ORD-20260601-00188-1;2026-06-01 11:57:57;C016328;S0364;P003708;1;53,04;5,30;EUR;FR;CARD;DELIVERED;143 boulevard Saint-Michel, 31000 Toulouse
ORD-20260601-00205;ORD-20260601-00205-1;2026-06-01 13:22:25;C024448;S0200;P007918;1;30,32;0,00;EUR;FR;TRANSFER;DELIVERED;3 rue de la République, 75011 Paris
